Nodes
    1107
#     x   y   z    u v w   px  py pz
    1      0.00      0.00      0.00    1    1    1       0.0       0.0       0.0
    2      0.00      0.00      0.50    1    1    1       0.0       0.0       0.0
    3      0.00      0.00      1.00    1    1    1       0.0       0.0       0.0
    4      0.00      0.50      0.00    1    1    1       0.0       0.0       0.0
    5      0.00      0.50      0.50    1    1    1       0.0       0.0       0.0
    6      0.00      0.50      1.00    1    1    1       0.0       0.0       0.0
    7      0.00      1.00      0.00    1    1    1       0.0       0.0       0.0
    8      0.00      1.00      0.50    1    1    1       0.0       0.0       0.0
    9      0.00      1.00      1.00    1    1    1       0.0       0.0       0.0
   10      0.00      1.50      0.00    1    1    1       0.0       0.0       0.0
   11      0.00      1.50      0.50    1    1    1       0.0       0.0       0.0
   12      0.00      1.50      1.00    1    1    1       0.0       0.0       0.0
   13      0.00      2.00      0.00    1    1    1       0.0       0.0       0.0
   14      0.00      2.00      0.50    1    1    1       0.0       0.0       0.0
   15      0.00      2.00      1.00    1    1    1       0.0       0.0       0.0
   16      0.00      2.50      0.00    1    1    1       0.0       0.0       0.0
   17      0.00      2.50      0.50    1    1    1       0.0       0.0       0.0
   18      0.00      2.50      1.00    1    1    1       0.0       0.0       0.0
   19      0.00      3.00      0.00    1    1    1       0.0       0.0       0.0
   20      0.00      3.00      0.50    1    1    1       0.0       0.0       0.0
   21      0.00      3.00      1.00    1    1    1       0.0       0.0       0.0
   22      0.00      3.50      0.00    1    1    1       0.0       0.0       0.0
   23      0.00      3.50      0.50    1    1    1       0.0       0.0       0.0
   24      0.00      3.50      1.00    1    1    1       0.0       0.0       0.0
   25      0.00      4.00      0.00    1    1    1       0.0       0.0       0.0
   26      0.00      4.00      0.50    1    1    1       0.0       0.0       0.0
   27      0.00      4.00      1.00    1    1    1       0.0       0.0       0.0
   28      0.50      0.00      0.00    0    0    0       0.0       0.0       0.0
   29      0.50      0.00      0.50    0    0    0       0.0       0.0       0.0
   30      0.50      0.00      1.00    0    0    0       0.0       0.0       0.0
   31      0.50      0.50      0.00    0    0    0       0.0       0.0       0.0
   32      0.50      0.50      0.50    0    0    0       0.0       0.0       0.0
   33      0.50      0.50      1.00    0    0    0       0.0       0.0       0.0
   34      0.50      1.00      0.00    0    0    0       0.0       0.0       0.0
   35      0.50      1.00      0.50    0    0    0       0.0       0.0       0.0
   36      0.50      1.00      1.00    0    0    0       0.0       0.0       0.0
   37      0.50      1.50      0.00    0    0    0       0.0       0.0       0.0
   38      0.50      1.50      0.50    0    0    0       0.0       0.0       0.0
   39      0.50      1.50      1.00    0    0    0       0.0       0.0       0.0
   40      0.50      2.00      0.00    0    0    0       0.0       0.0       0.0
   41      0.50      2.00      0.50    0    0    0       0.0       0.0       0.0
   42      0.50      2.00      1.00    0    0    0       0.0       0.0       0.0
   43      0.50      2.50      0.00    0    0    0       0.0       0.0       0.0
   44      0.50      2.50      0.50    0    0    0       0.0       0.0       0.0
   45      0.50      2.50      1.00    0    0    0       0.0       0.0       0.0
   46      0.50      3.00      0.00    0    0    0       0.0       0.0       0.0
   47      0.50      3.00      0.50    0    0    0       0.0       0.0       0.0
   48      0.50      3.00      1.00    0    0    0       0.0       0.0       0.0
   49      0.50      3.50      0.00    0    0    0       0.0       0.0       0.0
   50      0.50      3.50      0.50    0    0    0       0.0       0.0       0.0
   51      0.50      3.50      1.00    0    0    0       0.0       0.0       0.0
   52      0.50      4.00      0.00    0    0    0       0.0       0.0       0.0
   53      0.50      4.00      0.50    0    0    0       0.0       0.0       0.0
   54      0.50      4.00      1.00    0    0    0       0.0       0.0       0.0
   55      1.00      0.00      0.00    0    0    0       0.0       0.0       0.0
   56      1.00      0.00      0.50    0    0    0       0.0       0.0       0.0
   57      1.00      0.00      1.00    0    0    0       0.0       0.0       0.0
   58      1.00      0.50      0.00    0    0    0       0.0       0.0       0.0
   59      1.00      0.50      0.50    0    0    0       0.0       0.0       0.0
   60      1.00      0.50      1.00    0    0    0       0.0       0.0       0.0
   61      1.00      1.00      0.00    0    0    0       0.0       0.0       0.0
   62      1.00      1.00      0.50    0    0    0       0.0       0.0       0.0
   63      1.00      1.00      1.00    0    0    0       0.0       0.0       0.0
   64      1.00      1.50      0.00    0    0    0       0.0       0.0       0.0
   65      1.00      1.50      0.50    0    0    0       0.0       0.0       0.0
   66      1.00      1.50      1.00    0    0    0       0.0       0.0       0.0
   67      1.00      2.00      0.00    0    0    0       0.0       0.0       0.0
   68      1.00      2.00      0.50    0    0    0       0.0       0.0       0.0
   69      1.00      2.00      1.00    0    0    0       0.0       0.0       0.0
   70      1.00      2.50      0.00    0    0    0       0.0       0.0       0.0
   71      1.00      2.50      0.50    0    0    0       0.0       0.0       0.0
   72      1.00      2.50      1.00    0    0    0       0.0       0.0       0.0
   73      1.00      3.00      0.00    0    0    0       0.0       0.0       0.0
   74      1.00      3.00      0.50    0    0    0       0.0       0.0       0.0
   75      1.00      3.00      1.00    0    0    0       0.0       0.0       0.0
   76      1.00      3.50      0.00    0    0    0       0.0       0.0       0.0
   77      1.00      3.50      0.50    0    0    0       0.0       0.0       0.0
   78      1.00      3.50      1.00    0    0    0       0.0       0.0       0.0
   79      1.00      4.00      0.00    0    0    0       0.0       0.0       0.0
   80      1.00      4.00      0.50    0    0    0       0.0       0.0       0.0
   81      1.00      4.00      1.00    0    0    0       0.0       0.0       0.0
   82      1.50      0.00      0.00    0    0    0       0.0       0.0       0.0
   83      1.50      0.00      0.50    0    0    0       0.0       0.0       0.0
   84      1.50      0.00      1.00    0    0    0       0.0       0.0       0.0
   85      1.50      0.50      0.00    0    0    0       0.0       0.0       0.0
   86      1.50      0.50      0.50    0    0    0       0.0       0.0       0.0
   87      1.50      0.50      1.00    0    0    0       0.0       0.0       0.0
   88      1.50      1.00      0.00    0    0    0       0.0       0.0       0.0
   89      1.50      1.00      0.50    0    0    0       0.0       0.0       0.0
   90      1.50      1.00      1.00    0    0    0       0.0       0.0       0.0
   91      1.50      1.50      0.00    0    0    0       0.0       0.0       0.0
   92      1.50      1.50      0.50    0    0    0       0.0       0.0       0.0
   93      1.50      1.50      1.00    0    0    0       0.0       0.0       0.0
   94      1.50      2.00      0.00    0    0    0       0.0       0.0       0.0
   95      1.50      2.00      0.50    0    0    0       0.0       0.0       0.0
   96      1.50      2.00      1.00    0    0    0       0.0       0.0       0.0
   97      1.50      2.50      0.00    0    0    0       0.0       0.0       0.0
   98      1.50      2.50      0.50    0    0    0       0.0       0.0       0.0
   99      1.50      2.50      1.00    0    0    0       0.0       0.0       0.0
  100      1.50      3.00      0.00    0    0    0       0.0       0.0       0.0
  101      1.50      3.00      0.50    0    0    0       0.0       0.0       0.0
  102      1.50      3.00      1.00    0    0    0       0.0       0.0       0.0
  103      1.50      3.50      0.00    0    0    0       0.0       0.0       0.0
  104      1.50      3.50      0.50    0    0    0       0.0       0.0       0.0
  105      1.50      3.50      1.00    0    0    0       0.0       0.0       0.0
  106      1.50      4.00      0.00    0    0    0       0.0       0.0       0.0
  107      1.50      4.00      0.50    0    0    0       0.0       0.0       0.0
  108      1.50      4.00      1.00    0    0    0       0.0       0.0       0.0
  109      2.00      0.00      0.00    0    0    0       0.0       0.0       0.0
  110      2.00      0.00      0.50    0    0    0       0.0       0.0       0.0
  111      2.00      0.00      1.00    0    0    0       0.0       0.0       0.0
  112      2.00      0.50      0.00    0    0    0       0.0       0.0       0.0
  113      2.00      0.50      0.50    0    0    0       0.0       0.0       0.0
  114      2.00      0.50      1.00    0    0    0       0.0       0.0       0.0
  115      2.00      1.00      0.00    0    0    0       0.0       0.0       0.0
  116      2.00      1.00      0.50    0    0    0       0.0       0.0       0.0
  117      2.00      1.00      1.00    0    0    0       0.0       0.0       0.0
  118      2.00      1.50      0.00    0    0    0       0.0       0.0       0.0
  119      2.00      1.50      0.50    0    0    0       0.0       0.0       0.0
  120      2.00      1.50      1.00    0    0    0       0.0       0.0       0.0
  121      2.00      2.00      0.00    0    0    0       0.0       0.0       0.0
  122      2.00      2.00      0.50    0    0    0       0.0       0.0       0.0
  123      2.00      2.00      1.00    0    0    0       0.0       0.0       0.0
  124      2.00      2.50      0.00    0    0    0       0.0       0.0       0.0
  125      2.00      2.50      0.50    0    0    0       0.0       0.0       0.0
  126      2.00      2.50      1.00    0    0    0       0.0       0.0       0.0
  127      2.00      3.00      0.00    0    0    0       0.0       0.0       0.0
  128      2.00      3.00      0.50    0    0    0       0.0       0.0       0.0
  129      2.00      3.00      1.00    0    0    0       0.0       0.0       0.0
  130      2.00      3.50      0.00    0    0    0       0.0       0.0       0.0
  131      2.00      3.50      0.50    0    0    0       0.0       0.0       0.0
  132      2.00      3.50      1.00    0    0    0       0.0       0.0       0.0
  133      2.00      4.00      0.00    0    0    0       0.0       0.0       0.0
  134      2.00      4.00      0.50    0    0    0       0.0       0.0       0.0
  135      2.00      4.00      1.00    0    0    0       0.0       0.0       0.0
  136      2.50      0.00      0.00    0    0    0       0.0       0.0       0.0
  137      2.50      0.00      0.50    0    0    0       0.0       0.0       0.0
  138      2.50      0.00      1.00    0    0    0       0.0       0.0       0.0
  139      2.50      0.50      0.00    0    0    0       0.0       0.0       0.0
  140      2.50      0.50      0.50    0    0    0       0.0       0.0       0.0
  141      2.50      0.50      1.00    0    0    0       0.0       0.0       0.0
  142      2.50      1.00      0.00    0    0    0       0.0       0.0       0.0
  143      2.50      1.00      0.50    0    0    0       0.0       0.0       0.0
  144      2.50      1.00      1.00    0    0    0       0.0       0.0       0.0
  145      2.50      1.50      0.00    0    0    0       0.0       0.0       0.0
  146      2.50      1.50      0.50    0    0    0       0.0       0.0       0.0
  147      2.50      1.50      1.00    0    0    0       0.0       0.0       0.0
  148      2.50      2.00      0.00    0    0    0       0.0       0.0       0.0
  149      2.50      2.00      0.50    0    0    0       0.0       0.0       0.0
  150      2.50      2.00      1.00    0    0    0       0.0       0.0       0.0
  151      2.50      2.50      0.00    0    0    0       0.0       0.0       0.0
  152      2.50      2.50      0.50    0    0    0       0.0       0.0       0.0
  153      2.50      2.50      1.00    0    0    0       0.0       0.0       0.0
  154      2.50      3.00      0.00    0    0    0       0.0       0.0       0.0
  155      2.50      3.00      0.50    0    0    0       0.0       0.0       0.0
  156      2.50      3.00      1.00    0    0    0       0.0       0.0       0.0
  157      2.50      3.50      0.00    0    0    0       0.0       0.0       0.0
  158      2.50      3.50      0.50    0    0    0       0.0       0.0       0.0
  159      2.50      3.50      1.00    0    0    0       0.0       0.0       0.0
  160      2.50      4.00      0.00    0    0    0       0.0       0.0       0.0
  161      2.50      4.00      0.50    0    0    0       0.0       0.0       0.0
  162      2.50      4.00      1.00    0    0    0       0.0       0.0       0.0
  163      3.00      0.00      0.00    0    0    0       0.0       0.0       0.0
  164      3.00      0.00      0.50    0    0    0       0.0       0.0       0.0
  165      3.00      0.00      1.00    0    0    0       0.0       0.0       0.0
  166      3.00      0.50      0.00    0    0    0       0.0       0.0       0.0
  167      3.00      0.50      0.50    0    0    0       0.0       0.0       0.0
  168      3.00      0.50      1.00    0    0    0       0.0       0.0       0.0
  169      3.00      1.00      0.00    0    0    0       0.0       0.0       0.0
  170      3.00      1.00      0.50    0    0    0       0.0       0.0       0.0
  171      3.00      1.00      1.00    0    0    0       0.0       0.0       0.0
  172      3.00      1.50      0.00    0    0    0       0.0       0.0       0.0
  173      3.00      1.50      0.50    0    0    0       0.0       0.0       0.0
  174      3.00      1.50      1.00    0    0    0       0.0       0.0       0.0
  175      3.00      2.00      0.00    0    0    0       0.0       0.0       0.0
  176      3.00      2.00      0.50    0    0    0       0.0       0.0       0.0
  177      3.00      2.00      1.00    0    0    0       0.0       0.0       0.0
  178      3.00      2.50      0.00    0    0    0       0.0       0.0       0.0
  179      3.00      2.50      0.50    0    0    0       0.0       0.0       0.0
  180      3.00      2.50      1.00    0    0    0       0.0       0.0       0.0
  181      3.00      3.00      0.00    0    0    0       0.0       0.0       0.0
  182      3.00      3.00      0.50    0    0    0       0.0       0.0       0.0
  183      3.00      3.00      1.00    0    0    0       0.0       0.0       0.0
  184      3.00      3.50      0.00    0    0    0       0.0       0.0       0.0
  185      3.00      3.50      0.50    0    0    0       0.0       0.0       0.0
  186      3.00      3.50      1.00    0    0    0       0.0       0.0       0.0
  187      3.00      4.00      0.00    0    0    0       0.0       0.0       0.0
  188      3.00      4.00      0.50    0    0    0       0.0       0.0       0.0
  189      3.00      4.00      1.00    0    0    0       0.0       0.0       0.0
  190      3.50      0.00      0.00    0    0    0       0.0       0.0       0.0
  191      3.50      0.00      0.50    0    0    0       0.0       0.0       0.0
  192      3.50      0.00      1.00    0    0    0       0.0       0.0       0.0
  193      3.50      0.50      0.00    0    0    0       0.0       0.0       0.0
  194      3.50      0.50      0.50    0    0    0       0.0       0.0       0.0
  195      3.50      0.50      1.00    0    0    0       0.0       0.0       0.0
  196      3.50      1.00      0.00    0    0    0       0.0       0.0       0.0
  197      3.50      1.00      0.50    0    0    0       0.0       0.0       0.0
  198      3.50      1.00      1.00    0    0    0       0.0       0.0       0.0
  199      3.50      1.50      0.00    0    0    0       0.0       0.0       0.0
  200      3.50      1.50      0.50    0    0    0       0.0       0.0       0.0
  201      3.50      1.50      1.00    0    0    0       0.0       0.0       0.0
  202      3.50      2.00      0.00    0    0    0       0.0       0.0       0.0
  203      3.50      2.00      0.50    0    0    0       0.0       0.0       0.0
  204      3.50      2.00      1.00    0    0    0       0.0       0.0       0.0
  205      3.50      2.50      0.00    0    0    0       0.0       0.0       0.0
  206      3.50      2.50      0.50    0    0    0       0.0       0.0       0.0
  207      3.50      2.50      1.00    0    0    0       0.0       0.0       0.0
  208      3.50      3.00      0.00    0    0    0       0.0       0.0       0.0
  209      3.50      3.00      0.50    0    0    0       0.0       0.0       0.0
  210      3.50      3.00      1.00    0    0    0       0.0       0.0       0.0
  211      3.50      3.50      0.00    0    0    0       0.0       0.0       0.0
  212      3.50      3.50      0.50    0    0    0       0.0       0.0       0.0
  213      3.50      3.50      1.00    0    0    0       0.0       0.0       0.0
  214      3.50      4.00      0.00    0    0    0       0.0       0.0       0.0
  215      3.50      4.00      0.50    0    0    0       0.0       0.0       0.0
  216      3.50      4.00      1.00    0    0    0       0.0       0.0       0.0
  217      4.00      0.00      0.00    0    0    0       0.0       0.0       0.0
  218      4.00      0.00      0.50    0    0    0       0.0       0.0       0.0
  219      4.00      0.00      1.00    0    0    0       0.0       0.0       0.0
  220      4.00      0.50      0.00    0    0    0       0.0       0.0       0.0
  221      4.00      0.50      0.50    0    0    0       0.0       0.0       0.0
  222      4.00      0.50      1.00    0    0    0       0.0       0.0       0.0
  223      4.00      1.00      0.00    0    0    0       0.0       0.0       0.0
  224      4.00      1.00      0.50    0    0    0       0.0       0.0       0.0
  225      4.00      1.00      1.00    0    0    0       0.0       0.0       0.0
  226      4.00      1.50      0.00    0    0    0       0.0       0.0       0.0
  227      4.00      1.50      0.50    0    0    0       0.0       0.0       0.0
  228      4.00      1.50      1.00    0    0    0       0.0       0.0       0.0
  229      4.00      2.00      0.00    0    0    0       0.0       0.0       0.0
  230      4.00      2.00      0.50    0    0    0       0.0       0.0       0.0
  231      4.00      2.00      1.00    0    0    0       0.0       0.0       0.0
  232      4.00      2.50      0.00    0    0    0       0.0       0.0       0.0
  233      4.00      2.50      0.50    0    0    0       0.0       0.0       0.0
  234      4.00      2.50      1.00    0    0    0       0.0       0.0       0.0
  235      4.00      3.00      0.00    0    0    0       0.0       0.0       0.0
  236      4.00      3.00      0.50    0    0    0       0.0       0.0       0.0
  237      4.00      3.00      1.00    0    0    0       0.0       0.0       0.0
  238      4.00      3.50      0.00    0    0    0       0.0       0.0       0.0
  239      4.00      3.50      0.50    0    0    0       0.0       0.0       0.0
  240      4.00      3.50      1.00    0    0    0       0.0       0.0       0.0
  241      4.00      4.00      0.00    0    0    0       0.0       0.0       0.0
  242      4.00      4.00      0.50    0    0    0       0.0       0.0       0.0
  243      4.00      4.00      1.00    0    0    0       0.0       0.0       0.0
  244      4.50      0.00      0.00    0    0    0       0.0       0.0       0.0
  245      4.50      0.00      0.50    0    0    0       0.0       0.0       0.0
  246      4.50      0.00      1.00    0    0    0       0.0       0.0       0.0
  247      4.50      0.50      0.00    0    0    0       0.0       0.0       0.0
  248      4.50      0.50      0.50    0    0    0       0.0       0.0       0.0
  249      4.50      0.50      1.00    0    0    0       0.0       0.0       0.0
  250      4.50      1.00      0.00    0    0    0       0.0       0.0       0.0
  251      4.50      1.00      0.50    0    0    0       0.0       0.0       0.0
  252      4.50      1.00      1.00    0    0    0       0.0       0.0       0.0
  253      4.50      1.50      0.00    0    0    0       0.0       0.0       0.0
  254      4.50      1.50      0.50    0    0    0       0.0       0.0       0.0
  255      4.50      1.50      1.00    0    0    0       0.0       0.0       0.0
  256      4.50      2.00      0.00    0    0    0       0.0       0.0       0.0
  257      4.50      2.00      0.50    0    0    0       0.0       0.0       0.0
  258      4.50      2.00      1.00    0    0    0       0.0       0.0       0.0
  259      4.50      2.50      0.00    0    0    0       0.0       0.0       0.0
  260      4.50      2.50      0.50    0    0    0       0.0       0.0       0.0
  261      4.50      2.50      1.00    0    0    0       0.0       0.0       0.0
  262      4.50      3.00      0.00    0    0    0       0.0       0.0       0.0
  263      4.50      3.00      0.50    0    0    0       0.0       0.0       0.0
  264      4.50      3.00      1.00    0    0    0       0.0       0.0       0.0
  265      4.50      3.50      0.00    0    0    0       0.0       0.0       0.0
  266      4.50      3.50      0.50    0    0    0       0.0       0.0       0.0
  267      4.50      3.50      1.00    0    0    0       0.0       0.0       0.0
  268      4.50      4.00      0.00    0    0    0       0.0       0.0       0.0
  269      4.50      4.00      0.50    0    0    0       0.0       0.0       0.0
  270      4.50      4.00      1.00    0    0    0       0.0       0.0       0.0
  271      5.00      0.00      0.00    0    0    0       0.0       0.0       0.0
  272      5.00      0.00      0.50    0    0    0       0.0       0.0       0.0
  273      5.00      0.00      1.00    0    0    0       0.0       0.0       0.0
  274      5.00      0.50      0.00    0    0    0       0.0       0.0       0.0
  275      5.00      0.50      0.50    0    0    0       0.0       0.0       0.0
  276      5.00      0.50      1.00    0    0    0       0.0       0.0       0.0
  277      5.00      1.00      0.00    0    0    0       0.0       0.0       0.0
  278      5.00      1.00      0.50    0    0    0       0.0       0.0       0.0
  279      5.00      1.00      1.00    0    0    0       0.0       0.0       0.0
  280      5.00      1.50      0.00    0    0    0       0.0       0.0       0.0
  281      5.00      1.50      0.50    0    0    0       0.0       0.0       0.0
  282      5.00      1.50      1.00    0    0    0       0.0       0.0       0.0
  283      5.00      2.00      0.00    0    0    0       0.0       0.0       0.0
  284      5.00      2.00      0.50    0    0    0       0.0       0.0       0.0
  285      5.00      2.00      1.00    0    0    0       0.0       0.0       0.0
  286      5.00      2.50      0.00    0    0    0       0.0       0.0       0.0
  287      5.00      2.50      0.50    0    0    0       0.0       0.0       0.0
  288      5.00      2.50      1.00    0    0    0       0.0       0.0       0.0
  289      5.00      3.00      0.00    0    0    0       0.0       0.0       0.0
  290      5.00      3.00      0.50    0    0    0       0.0       0.0       0.0
  291      5.00      3.00      1.00    0    0    0       0.0       0.0       0.0
  292      5.00      3.50      0.00    0    0    0       0.0       0.0       0.0
  293      5.00      3.50      0.50    0    0    0       0.0       0.0       0.0
  294      5.00      3.50      1.00    0    0    0       0.0       0.0       0.0
  295      5.00      4.00      0.00    0    0    0       0.0       0.0       0.0
  296      5.00      4.00      0.50    0    0    0       0.0       0.0       0.0
  297      5.00      4.00      1.00    0    0    0       0.0       0.0       0.0
  298      5.50      0.00      0.00    0    0    0       0.0       0.0       0.0
  299      5.50      0.00      0.50    0    0    0       0.0       0.0       0.0
  300      5.50      0.00      1.00    0    0    0       0.0       0.0       0.0
  301      5.50      0.50      0.00    0    0    0       0.0       0.0       0.0
  302      5.50      0.50      0.50    0    0    0       0.0       0.0       0.0
  303      5.50      0.50      1.00    0    0    0       0.0       0.0       0.0
  304      5.50      1.00      0.00    0    0    0       0.0       0.0       0.0
  305      5.50      1.00      0.50    0    0    0       0.0       0.0       0.0
  306      5.50      1.00      1.00    0    0    0       0.0       0.0       0.0
  307      5.50      1.50      0.00    0    0    0       0.0       0.0       0.0
  308      5.50      1.50      0.50    0    0    0       0.0       0.0       0.0
  309      5.50      1.50      1.00    0    0    0       0.0       0.0       0.0
  310      5.50      2.00      0.00    0    0    0       0.0       0.0       0.0
  311      5.50      2.00      0.50    0    0    0       0.0       0.0       0.0
  312      5.50      2.00      1.00    0    0    0       0.0       0.0       0.0
  313      5.50      2.50      0.00    0    0    0       0.0       0.0       0.0
  314      5.50      2.50      0.50    0    0    0       0.0       0.0       0.0
  315      5.50      2.50      1.00    0    0    0       0.0       0.0       0.0
  316      5.50      3.00      0.00    0    0    0       0.0       0.0       0.0
  317      5.50      3.00      0.50    0    0    0       0.0       0.0       0.0
  318      5.50      3.00      1.00    0    0    0       0.0       0.0       0.0
  319      5.50      3.50      0.00    0    0    0       0.0       0.0       0.0
  320      5.50      3.50      0.50    0    0    0       0.0       0.0       0.0
  321      5.50      3.50      1.00    0    0    0       0.0       0.0       0.0
  322      5.50      4.00      0.00    0    0    0       0.0       0.0       0.0
  323      5.50      4.00      0.50    0    0    0       0.0       0.0       0.0
  324      5.50      4.00      1.00    0    0    0       0.0       0.0       0.0
  325      6.00      0.00      0.00    0    0    0       0.0       0.0       0.0
  326      6.00      0.00      0.50    0    0    0       0.0       0.0       0.0
  327      6.00      0.00      1.00    0    0    0       0.0       0.0       0.0
  328      6.00      0.50      0.00    0    0    0       0.0       0.0       0.0
  329      6.00      0.50      0.50    0    0    0       0.0       0.0       0.0
  330      6.00      0.50      1.00    0    0    0       0.0       0.0       0.0
  331      6.00      1.00      0.00    0    0    0       0.0       0.0       0.0
  332      6.00      1.00      0.50    0    0    0       0.0       0.0       0.0
  333      6.00      1.00      1.00    0    0    0       0.0       0.0       0.0
  334      6.00      1.50      0.00    0    0    0       0.0       0.0       0.0
  335      6.00      1.50      0.50    0    0    0       0.0       0.0       0.0
  336      6.00      1.50      1.00    0    0    0       0.0       0.0       0.0
  337      6.00      2.00      0.00    0    0    0       0.0       0.0       0.0
  338      6.00      2.00      0.50    0    0    0       0.0       0.0       0.0
  339      6.00      2.00      1.00    0    0    0       0.0       0.0       0.0
  340      6.00      2.50      0.00    0    0    0       0.0       0.0       0.0
  341      6.00      2.50      0.50    0    0    0       0.0       0.0       0.0
  342      6.00      2.50      1.00    0    0    0       0.0       0.0       0.0
  343      6.00      3.00      0.00    0    0    0       0.0       0.0       0.0
  344      6.00      3.00      0.50    0    0    0       0.0       0.0       0.0
  345      6.00      3.00      1.00    0    0    0       0.0       0.0       0.0
  346      6.00      3.50      0.00    0    0    0       0.0       0.0       0.0
  347      6.00      3.50      0.50    0    0    0       0.0       0.0       0.0
  348      6.00      3.50      1.00    0    0    0       0.0       0.0       0.0
  349      6.00      4.00      0.00    0    0    0       0.0       0.0       0.0
  350      6.00      4.00      0.50    0    0    0       0.0       0.0       0.0
  351      6.00      4.00      1.00    0    0    0       0.0       0.0       0.0
  352      6.50      0.00      0.00    0    0    0       0.0       0.0       0.0
  353      6.50      0.00      0.50    0    0    0       0.0       0.0       0.0
  354      6.50      0.00      1.00    0    0    0       0.0       0.0       0.0
  355      6.50      0.50      0.00    0    0    0       0.0       0.0       0.0
  356      6.50      0.50      0.50    0    0    0       0.0       0.0       0.0
  357      6.50      0.50      1.00    0    0    0       0.0       0.0       0.0
  358      6.50      1.00      0.00    0    0    0       0.0       0.0       0.0
  359      6.50      1.00      0.50    0    0    0       0.0       0.0       0.0
  360      6.50      1.00      1.00    0    0    0       0.0       0.0       0.0
  361      6.50      1.50      0.00    0    0    0       0.0       0.0       0.0
  362      6.50      1.50      0.50    0    0    0       0.0       0.0       0.0
  363      6.50      1.50      1.00    0    0    0       0.0       0.0       0.0
  364      6.50      2.00      0.00    0    0    0       0.0       0.0       0.0
  365      6.50      2.00      0.50    0    0    0       0.0       0.0       0.0
  366      6.50      2.00      1.00    0    0    0       0.0       0.0       0.0
  367      6.50      2.50      0.00    0    0    0       0.0       0.0       0.0
  368      6.50      2.50      0.50    0    0    0       0.0       0.0       0.0
  369      6.50      2.50      1.00    0    0    0       0.0       0.0       0.0
  370      6.50      3.00      0.00    0    0    0       0.0       0.0       0.0
  371      6.50      3.00      0.50    0    0    0       0.0       0.0       0.0
  372      6.50      3.00      1.00    0    0    0       0.0       0.0       0.0
  373      6.50      3.50      0.00    0    0    0       0.0       0.0       0.0
  374      6.50      3.50      0.50    0    0    0       0.0       0.0       0.0
  375      6.50      3.50      1.00    0    0    0       0.0       0.0       0.0
  376      6.50      4.00      0.00    0    0    0       0.0       0.0       0.0
  377      6.50      4.00      0.50    0    0    0       0.0       0.0       0.0
  378      6.50      4.00      1.00    0    0    0       0.0       0.0       0.0
  379      7.00      0.00      0.00    0    0    0       0.0       0.0       0.0
  380      7.00      0.00      0.50    0    0    0       0.0       0.0       0.0
  381      7.00      0.00      1.00    0    0    0       0.0       0.0       0.0
  382      7.00      0.50      0.00    0    0    0       0.0       0.0       0.0
  383      7.00      0.50      0.50    0    0    0       0.0       0.0       0.0
  384      7.00      0.50      1.00    0    0    0       0.0       0.0       0.0
  385      7.00      1.00      0.00    0    0    0       0.0       0.0       0.0
  386      7.00      1.00      0.50    0    0    0       0.0       0.0       0.0
  387      7.00      1.00      1.00    0    0    0       0.0       0.0       0.0
  388      7.00      1.50      0.00    0    0    0       0.0       0.0       0.0
  389      7.00      1.50      0.50    0    0    0       0.0       0.0       0.0
  390      7.00      1.50      1.00    0    0    0       0.0       0.0       0.0
  391      7.00      2.00      0.00    0    0    0       0.0       0.0       0.0
  392      7.00      2.00      0.50    0    0    0       0.0       0.0       0.0
  393      7.00      2.00      1.00    0    0    0       0.0       0.0       0.0
  394      7.00      2.50      0.00    0    0    0       0.0       0.0       0.0
  395      7.00      2.50      0.50    0    0    0       0.0       0.0       0.0
  396      7.00      2.50      1.00    0    0    0       0.0       0.0       0.0
  397      7.00      3.00      0.00    0    0    0       0.0       0.0       0.0
  398      7.00      3.00      0.50    0    0    0       0.0       0.0       0.0
  399      7.00      3.00      1.00    0    0    0       0.0       0.0       0.0
  400      7.00      3.50      0.00    0    0    0       0.0       0.0       0.0
  401      7.00      3.50      0.50    0    0    0       0.0       0.0       0.0
  402      7.00      3.50      1.00    0    0    0       0.0       0.0       0.0
  403      7.00      4.00      0.00    0    0    0       0.0       0.0       0.0
  404      7.00      4.00      0.50    0    0    0       0.0       0.0       0.0
  405      7.00      4.00      1.00    0    0    0       0.0       0.0       0.0
  406      7.50      0.00      0.00    0    0    0       0.0       0.0       0.0
  407      7.50      0.00      0.50    0    0    0       0.0       0.0       0.0
  408      7.50      0.00      1.00    0    0    0       0.0       0.0       0.0
  409      7.50      0.50      0.00    0    0    0       0.0       0.0       0.0
  410      7.50      0.50      0.50    0    0    0       0.0       0.0       0.0
  411      7.50      0.50      1.00    0    0    0       0.0       0.0       0.0
  412      7.50      1.00      0.00    0    0    0       0.0       0.0       0.0
  413      7.50      1.00      0.50    0    0    0       0.0       0.0       0.0
  414      7.50      1.00      1.00    0    0    0       0.0       0.0       0.0
  415      7.50      1.50      0.00    0    0    0       0.0       0.0       0.0
  416      7.50      1.50      0.50    0    0    0       0.0       0.0       0.0
  417      7.50      1.50      1.00    0    0    0       0.0       0.0       0.0
  418      7.50      2.00      0.00    0    0    0       0.0       0.0       0.0
  419      7.50      2.00      0.50    0    0    0       0.0       0.0       0.0
  420      7.50      2.00      1.00    0    0    0       0.0       0.0       0.0
  421      7.50      2.50      0.00    0    0    0       0.0       0.0       0.0
  422      7.50      2.50      0.50    0    0    0       0.0       0.0       0.0
  423      7.50      2.50      1.00    0    0    0       0.0       0.0       0.0
  424      7.50      3.00      0.00    0    0    0       0.0       0.0       0.0
  425      7.50      3.00      0.50    0    0    0       0.0       0.0       0.0
  426      7.50      3.00      1.00    0    0    0       0.0       0.0       0.0
  427      7.50      3.50      0.00    0    0    0       0.0       0.0       0.0
  428      7.50      3.50      0.50    0    0    0       0.0       0.0       0.0
  429      7.50      3.50      1.00    0    0    0       0.0       0.0       0.0
  430      7.50      4.00      0.00    0    0    0       0.0       0.0       0.0
  431      7.50      4.00      0.50    0    0    0       0.0       0.0       0.0
  432      7.50      4.00      1.00    0    0    0       0.0       0.0       0.0
  433      8.00      0.00      0.00    0    0    0       0.0       0.0       0.0
  434      8.00      0.00      0.50    0    0    0       0.0       0.0       0.0
  435      8.00      0.00      1.00    0    0    0       0.0       0.0       0.0
  436      8.00      0.50      0.00    0    0    0       0.0       0.0       0.0
  437      8.00      0.50      0.50    0    0    0       0.0       0.0       0.0
  438      8.00      0.50      1.00    0    0    0       0.0       0.0       0.0
  439      8.00      1.00      0.00    0    0    0       0.0       0.0       0.0
  440      8.00      1.00      0.50    0    0    0       0.0       0.0       0.0
  441      8.00      1.00      1.00    0    0    0       0.0       0.0       0.0
  442      8.00      1.50      0.00    0    0    0       0.0       0.0       0.0
  443      8.00      1.50      0.50    0    0    0       0.0       0.0       0.0
  444      8.00      1.50      1.00    0    0    0       0.0       0.0       0.0
  445      8.00      2.00      0.00    0    0    0       0.0       0.0       0.0
  446      8.00      2.00      0.50    0    0    0       0.0       0.0       0.0
  447      8.00      2.00      1.00    0    0    0       0.0       0.0       0.0
  448      8.00      2.50      0.00    0    0    0       0.0       0.0       0.0
  449      8.00      2.50      0.50    0    0    0       0.0       0.0       0.0
  450      8.00      2.50      1.00    0    0    0       0.0       0.0       0.0
  451      8.00      3.00      0.00    0    0    0       0.0       0.0       0.0
  452      8.00      3.00      0.50    0    0    0       0.0       0.0       0.0
  453      8.00      3.00      1.00    0    0    0       0.0       0.0       0.0
  454      8.00      3.50      0.00    0    0    0       0.0       0.0       0.0
  455      8.00      3.50      0.50    0    0    0       0.0       0.0       0.0
  456      8.00      3.50      1.00    0    0    0       0.0       0.0       0.0
  457      8.00      4.00      0.00    0    0    0       0.0       0.0       0.0
  458      8.00      4.00      0.50    0    0    0       0.0       0.0       0.0
  459      8.00      4.00      1.00    0    0    0       0.0       0.0       0.0
  460      8.50      0.00      0.00    0    0    0       0.0       0.0       0.0
  461      8.50      0.00      0.50    0    0    0       0.0       0.0       0.0
  462      8.50      0.00      1.00    0    0    0       0.0       0.0       0.0
  463      8.50      0.50      0.00    0    0    0       0.0       0.0       0.0
  464      8.50      0.50      0.50    0    0    0       0.0       0.0       0.0
  465      8.50      0.50      1.00    0    0    0       0.0       0.0       0.0
  466      8.50      1.00      0.00    0    0    0       0.0       0.0       0.0
  467      8.50      1.00      0.50    0    0    0       0.0       0.0       0.0
  468      8.50      1.00      1.00    0    0    0       0.0       0.0       0.0
  469      8.50      1.50      0.00    0    0    0       0.0       0.0       0.0
  470      8.50      1.50      0.50    0    0    0       0.0       0.0       0.0
  471      8.50      1.50      1.00    0    0    0       0.0       0.0       0.0
  472      8.50      2.00      0.00    0    0    0       0.0       0.0       0.0
  473      8.50      2.00      0.50    0    0    0       0.0       0.0       0.0
  474      8.50      2.00      1.00    0    0    0       0.0       0.0       0.0
  475      8.50      2.50      0.00    0    0    0       0.0       0.0       0.0
  476      8.50      2.50      0.50    0    0    0       0.0       0.0       0.0
  477      8.50      2.50      1.00    0    0    0       0.0       0.0       0.0
  478      8.50      3.00      0.00    0    0    0       0.0       0.0       0.0
  479      8.50      3.00      0.50    0    0    0       0.0       0.0       0.0
  480      8.50      3.00      1.00    0    0    0       0.0       0.0       0.0
  481      8.50      3.50      0.00    0    0    0       0.0       0.0       0.0
  482      8.50      3.50      0.50    0    0    0       0.0       0.0       0.0
  483      8.50      3.50      1.00    0    0    0       0.0       0.0       0.0
  484      8.50      4.00      0.00    0    0    0       0.0       0.0       0.0
  485      8.50      4.00      0.50    0    0    0       0.0       0.0       0.0
  486      8.50      4.00      1.00    0    0    0       0.0       0.0       0.0
  487      9.00      0.00      0.00    0    0    0       0.0       0.0       0.0
  488      9.00      0.00      0.50    0    0    0       0.0       0.0       0.0
  489      9.00      0.00      1.00    0    0    0       0.0       0.0       0.0
  490      9.00      0.50      0.00    0    0    0       0.0       0.0       0.0
  491      9.00      0.50      0.50    0    0    0       0.0       0.0       0.0
  492      9.00      0.50      1.00    0    0    0       0.0       0.0       0.0
  493      9.00      1.00      0.00    0    0    0       0.0       0.0       0.0
  494      9.00      1.00      0.50    0    0    0       0.0       0.0       0.0
  495      9.00      1.00      1.00    0    0    0       0.0       0.0       0.0
  496      9.00      1.50      0.00    0    0    0       0.0       0.0       0.0
  497      9.00      1.50      0.50    0    0    0       0.0       0.0       0.0
  498      9.00      1.50      1.00    0    0    0       0.0       0.0       0.0
  499      9.00      2.00      0.00    0    0    0       0.0       0.0       0.0
  500      9.00      2.00      0.50    0    0    0       0.0       0.0       0.0
  501      9.00      2.00      1.00    0    0    0       0.0       0.0       0.0
  502      9.00      2.50      0.00    0    0    0       0.0       0.0       0.0
  503      9.00      2.50      0.50    0    0    0       0.0       0.0       0.0
  504      9.00      2.50      1.00    0    0    0       0.0       0.0       0.0
  505      9.00      3.00      0.00    0    0    0       0.0       0.0       0.0
  506      9.00      3.00      0.50    0    0    0       0.0       0.0       0.0
  507      9.00      3.00      1.00    0    0    0       0.0       0.0       0.0
  508      9.00      3.50      0.00    0    0    0       0.0       0.0       0.0
  509      9.00      3.50      0.50    0    0    0       0.0       0.0       0.0
  510      9.00      3.50      1.00    0    0    0       0.0       0.0       0.0
  511      9.00      4.00      0.00    0    0    0       0.0       0.0       0.0
  512      9.00      4.00      0.50    0    0    0       0.0       0.0       0.0
  513      9.00      4.00      1.00    0    0    0       0.0       0.0       0.0
  514      9.50      0.00      0.00    0    0    0       0.0       0.0       0.0
  515      9.50      0.00      0.50    0    0    0       0.0       0.0       0.0
  516      9.50      0.00      1.00    0    0    0       0.0       0.0       0.0
  517      9.50      0.50      0.00    0    0    0       0.0       0.0       0.0
  518      9.50      0.50      0.50    0    0    0       0.0       0.0       0.0
  519      9.50      0.50      1.00    0    0    0       0.0       0.0       0.0
  520      9.50      1.00      0.00    0    0    0       0.0       0.0       0.0
  521      9.50      1.00      0.50    0    0    0       0.0       0.0       0.0
  522      9.50      1.00      1.00    0    0    0       0.0       0.0       0.0
  523      9.50      1.50      0.00    0    0    0       0.0       0.0       0.0
  524      9.50      1.50      0.50    0    0    0       0.0       0.0       0.0
  525      9.50      1.50      1.00    0    0    0       0.0       0.0       0.0
  526      9.50      2.00      0.00    0    0    0       0.0       0.0       0.0
  527      9.50      2.00      0.50    0    0    0       0.0       0.0       0.0
  528      9.50      2.00      1.00    0    0    0       0.0       0.0       0.0
  529      9.50      2.50      0.00    0    0    0       0.0       0.0       0.0
  530      9.50      2.50      0.50    0    0    0       0.0       0.0       0.0
  531      9.50      2.50      1.00    0    0    0       0.0       0.0       0.0
  532      9.50      3.00      0.00    0    0    0       0.0       0.0       0.0
  533      9.50      3.00      0.50    0    0    0       0.0       0.0       0.0
  534      9.50      3.00      1.00    0    0    0       0.0       0.0       0.0
  535      9.50      3.50      0.00    0    0    0       0.0       0.0       0.0
  536      9.50      3.50      0.50    0    0    0       0.0       0.0       0.0
  537      9.50      3.50      1.00    0    0    0       0.0       0.0       0.0
  538      9.50      4.00      0.00    0    0    0       0.0       0.0       0.0
  539      9.50      4.00      0.50    0    0    0       0.0       0.0       0.0
  540      9.50      4.00      1.00    0    0    0       0.0       0.0       0.0
  541     10.00      0.00      0.00    0    0    0       0.0       0.0       0.0
  542     10.00      0.00      0.50    0    0    0       0.0       0.0       0.0
  543     10.00      0.00      1.00    0    0    0       0.0       0.0       0.0
  544     10.00      0.50      0.00    0    0    0       0.0       0.0       0.0
  545     10.00      0.50      0.50    0    0    0       0.0       0.0       0.0
  546     10.00      0.50      1.00    0    0    0       0.0       0.0       0.0
  547     10.00      1.00      0.00    0    0    0       0.0       0.0       0.0
  548     10.00      1.00      0.50    0    0    0       0.0       0.0       0.0
  549     10.00      1.00      1.00    0    0    0       0.0       0.0       0.0
  550     10.00      1.50      0.00    0    0    0       0.0       0.0       0.0
  551     10.00      1.50      0.50    0    0    0       0.0       0.0       0.0
  552     10.00      1.50      1.00    0    0    0       0.0       0.0       0.0
  553     10.00      2.00      0.00    0    0    0       0.0       0.0       0.0
  554     10.00      2.00      0.50    0    0    0       0.0       0.0       0.0
  555     10.00      2.00      1.00    0    0    0       0.0       0.0       0.0
  556     10.00      2.50      0.00    0    0    0       0.0       0.0       0.0
  557     10.00      2.50      0.50    0    0    0       0.0       0.0       0.0
  558     10.00      2.50      1.00    0    0    0       0.0       0.0       0.0
  559     10.00      3.00      0.00    0    0    0       0.0       0.0       0.0
  560     10.00      3.00      0.50    0    0    0       0.0       0.0       0.0
  561     10.00      3.00      1.00    0    0    0       0.0       0.0       0.0
  562     10.00      3.50      0.00    0    0    0       0.0       0.0       0.0
  563     10.00      3.50      0.50    0    0    0       0.0       0.0       0.0
  564     10.00      3.50      1.00    0    0    0       0.0       0.0       0.0
  565     10.00      4.00      0.00    0    0    0       0.0       0.0       0.0
  566     10.00      4.00      0.50    0    0    0       0.0       0.0       0.0
  567     10.00      4.00      1.00    0    0    0       0.0       0.0       0.0
  568     10.50      0.00      0.00    0    0    0       0.0       0.0       0.0
  569     10.50      0.00      0.50    0    0    0       0.0       0.0       0.0
  570     10.50      0.00      1.00    0    0    0       0.0       0.0       0.0
  571     10.50      0.50      0.00    0    0    0       0.0       0.0       0.0
  572     10.50      0.50      0.50    0    0    0       0.0       0.0       0.0
  573     10.50      0.50      1.00    0    0    0       0.0       0.0       0.0
  574     10.50      1.00      0.00    0    0    0       0.0       0.0       0.0
  575     10.50      1.00      0.50    0    0    0       0.0       0.0       0.0
  576     10.50      1.00      1.00    0    0    0       0.0       0.0       0.0
  577     10.50      1.50      0.00    0    0    0       0.0       0.0       0.0
  578     10.50      1.50      0.50    0    0    0       0.0       0.0       0.0
  579     10.50      1.50      1.00    0    0    0       0.0       0.0       0.0
  580     10.50      2.00      0.00    0    0    0       0.0       0.0       0.0
  581     10.50      2.00      0.50    0    0    0       0.0       0.0       0.0
  582     10.50      2.00      1.00    0    0    0       0.0       0.0       0.0
  583     10.50      2.50      0.00    0    0    0       0.0       0.0       0.0
  584     10.50      2.50      0.50    0    0    0       0.0       0.0       0.0
  585     10.50      2.50      1.00    0    0    0       0.0       0.0       0.0
  586     10.50      3.00      0.00    0    0    0       0.0       0.0       0.0
  587     10.50      3.00      0.50    0    0    0       0.0       0.0       0.0
  588     10.50      3.00      1.00    0    0    0       0.0       0.0       0.0
  589     10.50      3.50      0.00    0    0    0       0.0       0.0       0.0
  590     10.50      3.50      0.50    0    0    0       0.0       0.0       0.0
  591     10.50      3.50      1.00    0    0    0       0.0       0.0       0.0
  592     10.50      4.00      0.00    0    0    0       0.0       0.0       0.0
  593     10.50      4.00      0.50    0    0    0       0.0       0.0       0.0
  594     10.50      4.00      1.00    0    0    0       0.0       0.0       0.0
  595     11.00      0.00      0.00    0    0    0       0.0       0.0       0.0
  596     11.00      0.00      0.50    0    0    0       0.0       0.0       0.0
  597     11.00      0.00      1.00    0    0    0       0.0       0.0       0.0
  598     11.00      0.50      0.00    0    0    0       0.0       0.0       0.0
  599     11.00      0.50      0.50    0    0    0       0.0       0.0       0.0
  600     11.00      0.50      1.00    0    0    0       0.0       0.0       0.0
  601     11.00      1.00      0.00    0    0    0       0.0       0.0       0.0
  602     11.00      1.00      0.50    0    0    0       0.0       0.0       0.0
  603     11.00      1.00      1.00    0    0    0       0.0       0.0       0.0
  604     11.00      1.50      0.00    0    0    0       0.0       0.0       0.0
  605     11.00      1.50      0.50    0    0    0       0.0       0.0       0.0
  606     11.00      1.50      1.00    0    0    0       0.0       0.0       0.0
  607     11.00      2.00      0.00    0    0    0       0.0       0.0       0.0
  608     11.00      2.00      0.50    0    0    0       0.0       0.0       0.0
  609     11.00      2.00      1.00    0    0    0       0.0       0.0       0.0
  610     11.00      2.50      0.00    0    0    0       0.0       0.0       0.0
  611     11.00      2.50      0.50    0    0    0       0.0       0.0       0.0
  612     11.00      2.50      1.00    0    0    0       0.0       0.0       0.0
  613     11.00      3.00      0.00    0    0    0       0.0       0.0       0.0
  614     11.00      3.00      0.50    0    0    0       0.0       0.0       0.0
  615     11.00      3.00      1.00    0    0    0       0.0       0.0       0.0
  616     11.00      3.50      0.00    0    0    0       0.0       0.0       0.0
  617     11.00      3.50      0.50    0    0    0       0.0       0.0       0.0
  618     11.00      3.50      1.00    0    0    0       0.0       0.0       0.0
  619     11.00      4.00      0.00    0    0    0       0.0       0.0       0.0
  620     11.00      4.00      0.50    0    0    0       0.0       0.0       0.0
  621     11.00      4.00      1.00    0    0    0       0.0       0.0       0.0
  622     11.50      0.00      0.00    0    0    0       0.0       0.0       0.0
  623     11.50      0.00      0.50    0    0    0       0.0       0.0       0.0
  624     11.50      0.00      1.00    0    0    0       0.0       0.0       0.0
  625     11.50      0.50      0.00    0    0    0       0.0       0.0       0.0
  626     11.50      0.50      0.50    0    0    0       0.0       0.0       0.0
  627     11.50      0.50      1.00    0    0    0       0.0       0.0       0.0
  628     11.50      1.00      0.00    0    0    0       0.0       0.0       0.0
  629     11.50      1.00      0.50    0    0    0       0.0       0.0       0.0
  630     11.50      1.00      1.00    0    0    0       0.0       0.0       0.0
  631     11.50      1.50      0.00    0    0    0       0.0       0.0       0.0
  632     11.50      1.50      0.50    0    0    0       0.0       0.0       0.0
  633     11.50      1.50      1.00    0    0    0       0.0       0.0       0.0
  634     11.50      2.00      0.00    0    0    0       0.0       0.0       0.0
  635     11.50      2.00      0.50    0    0    0       0.0       0.0       0.0
  636     11.50      2.00      1.00    0    0    0       0.0       0.0       0.0
  637     11.50      2.50      0.00    0    0    0       0.0       0.0       0.0
  638     11.50      2.50      0.50    0    0    0       0.0       0.0       0.0
  639     11.50      2.50      1.00    0    0    0       0.0       0.0       0.0
  640     11.50      3.00      0.00    0    0    0       0.0       0.0       0.0
  641     11.50      3.00      0.50    0    0    0       0.0       0.0       0.0
  642     11.50      3.00      1.00    0    0    0       0.0       0.0       0.0
  643     11.50      3.50      0.00    0    0    0       0.0       0.0       0.0
  644     11.50      3.50      0.50    0    0    0       0.0       0.0       0.0
  645     11.50      3.50      1.00    0    0    0       0.0       0.0       0.0
  646     11.50      4.00      0.00    0    0    0       0.0       0.0       0.0
  647     11.50      4.00      0.50    0    0    0       0.0       0.0       0.0
  648     11.50      4.00      1.00    0    0    0       0.0       0.0       0.0
  649     12.00      0.00      0.00    0    0    0       0.0       0.0       0.0
  650     12.00      0.00      0.50    0    0    0       0.0       0.0       0.0
  651     12.00      0.00      1.00    0    0    0       0.0       0.0       0.0
  652     12.00      0.50      0.00    0    0    0       0.0       0.0       0.0
  653     12.00      0.50      0.50    0    0    0       0.0       0.0       0.0
  654     12.00      0.50      1.00    0    0    0       0.0       0.0       0.0
  655     12.00      1.00      0.00    0    0    0       0.0       0.0       0.0
  656     12.00      1.00      0.50    0    0    0       0.0       0.0       0.0
  657     12.00      1.00      1.00    0    0    0       0.0       0.0       0.0
  658     12.00      1.50      0.00    0    0    0       0.0       0.0       0.0
  659     12.00      1.50      0.50    0    0    0       0.0       0.0       0.0
  660     12.00      1.50      1.00    0    0    0       0.0       0.0       0.0
  661     12.00      2.00      0.00    0    0    0       0.0       0.0       0.0
  662     12.00      2.00      0.50    0    0    0       0.0       0.0       0.0
  663     12.00      2.00      1.00    0    0    0       0.0       0.0       0.0
  664     12.00      2.50      0.00    0    0    0       0.0       0.0       0.0
  665     12.00      2.50      0.50    0    0    0       0.0       0.0       0.0
  666     12.00      2.50      1.00    0    0    0       0.0       0.0       0.0
  667     12.00      3.00      0.00    0    0    0       0.0       0.0       0.0
  668     12.00      3.00      0.50    0    0    0       0.0       0.0       0.0
  669     12.00      3.00      1.00    0    0    0       0.0       0.0       0.0
  670     12.00      3.50      0.00    0    0    0       0.0       0.0       0.0
  671     12.00      3.50      0.50    0    0    0       0.0       0.0       0.0
  672     12.00      3.50      1.00    0    0    0       0.0       0.0       0.0
  673     12.00      4.00      0.00    0    0    0       0.0       0.0       0.0
  674     12.00      4.00      0.50    0    0    0       0.0       0.0       0.0
  675     12.00      4.00      1.00    0    0    0       0.0       0.0       0.0
  676     12.50      0.00      0.00    0    0    0       0.0       0.0       0.0
  677     12.50      0.00      0.50    0    0    0       0.0       0.0       0.0
  678     12.50      0.00      1.00    0    0    0       0.0       0.0       0.0
  679     12.50      0.50      0.00    0    0    0       0.0       0.0       0.0
  680     12.50      0.50      0.50    0    0    0       0.0       0.0       0.0
  681     12.50      0.50      1.00    0    0    0       0.0       0.0       0.0
  682     12.50      1.00      0.00    0    0    0       0.0       0.0       0.0
  683     12.50      1.00      0.50    0    0    0       0.0       0.0       0.0
  684     12.50      1.00      1.00    0    0    0       0.0       0.0       0.0
  685     12.50      1.50      0.00    0    0    0       0.0       0.0       0.0
  686     12.50      1.50      0.50    0    0    0       0.0       0.0       0.0
  687     12.50      1.50      1.00    0    0    0       0.0       0.0       0.0
  688     12.50      2.00      0.00    0    0    0       0.0       0.0       0.0
  689     12.50      2.00      0.50    0    0    0       0.0       0.0       0.0
  690     12.50      2.00      1.00    0    0    0       0.0       0.0       0.0
  691     12.50      2.50      0.00    0    0    0       0.0       0.0       0.0
  692     12.50      2.50      0.50    0    0    0       0.0       0.0       0.0
  693     12.50      2.50      1.00    0    0    0       0.0       0.0       0.0
  694     12.50      3.00      0.00    0    0    0       0.0       0.0       0.0
  695     12.50      3.00      0.50    0    0    0       0.0       0.0       0.0
  696     12.50      3.00      1.00    0    0    0       0.0       0.0       0.0
  697     12.50      3.50      0.00    0    0    0       0.0       0.0       0.0
  698     12.50      3.50      0.50    0    0    0       0.0       0.0       0.0
  699     12.50      3.50      1.00    0    0    0       0.0       0.0       0.0
  700     12.50      4.00      0.00    0    0    0       0.0       0.0       0.0
  701     12.50      4.00      0.50    0    0    0       0.0       0.0       0.0
  702     12.50      4.00      1.00    0    0    0       0.0       0.0       0.0
  703     13.00      0.00      0.00    0    0    0       0.0       0.0       0.0
  704     13.00      0.00      0.50    0    0    0       0.0       0.0       0.0
  705     13.00      0.00      1.00    0    0    0       0.0       0.0       0.0
  706     13.00      0.50      0.00    0    0    0       0.0       0.0       0.0
  707     13.00      0.50      0.50    0    0    0       0.0       0.0       0.0
  708     13.00      0.50      1.00    0    0    0       0.0       0.0       0.0
  709     13.00      1.00      0.00    0    0    0       0.0       0.0       0.0
  710     13.00      1.00      0.50    0    0    0       0.0       0.0       0.0
  711     13.00      1.00      1.00    0    0    0       0.0       0.0       0.0
  712     13.00      1.50      0.00    0    0    0       0.0       0.0       0.0
  713     13.00      1.50      0.50    0    0    0       0.0       0.0       0.0
  714     13.00      1.50      1.00    0    0    0       0.0       0.0       0.0
  715     13.00      2.00      0.00    0    0    0       0.0       0.0       0.0
  716     13.00      2.00      0.50    0    0    0       0.0       0.0       0.0
  717     13.00      2.00      1.00    0    0    0       0.0       0.0       0.0
  718     13.00      2.50      0.00    0    0    0       0.0       0.0       0.0
  719     13.00      2.50      0.50    0    0    0       0.0       0.0       0.0
  720     13.00      2.50      1.00    0    0    0       0.0       0.0       0.0
  721     13.00      3.00      0.00    0    0    0       0.0       0.0       0.0
  722     13.00      3.00      0.50    0    0    0       0.0       0.0       0.0
  723     13.00      3.00      1.00    0    0    0       0.0       0.0       0.0
  724     13.00      3.50      0.00    0    0    0       0.0       0.0       0.0
  725     13.00      3.50      0.50    0    0    0       0.0       0.0       0.0
  726     13.00      3.50      1.00    0    0    0       0.0       0.0       0.0
  727     13.00      4.00      0.00    0    0    0       0.0       0.0       0.0
  728     13.00      4.00      0.50    0    0    0       0.0       0.0       0.0
  729     13.00      4.00      1.00    0    0    0       0.0       0.0       0.0
  730     13.50      0.00      0.00    0    0    0       0.0       0.0       0.0
  731     13.50      0.00      0.50    0    0    0       0.0       0.0       0.0
  732     13.50      0.00      1.00    0    0    0       0.0       0.0       0.0
  733     13.50      0.50      0.00    0    0    0       0.0       0.0       0.0
  734     13.50      0.50      0.50    0    0    0       0.0       0.0       0.0
  735     13.50      0.50      1.00    0    0    0       0.0       0.0       0.0
  736     13.50      1.00      0.00    0    0    0       0.0       0.0       0.0
  737     13.50      1.00      0.50    0    0    0       0.0       0.0       0.0
  738     13.50      1.00      1.00    0    0    0       0.0       0.0       0.0
  739     13.50      1.50      0.00    0    0    0       0.0       0.0       0.0
  740     13.50      1.50      0.50    0    0    0       0.0       0.0       0.0
  741     13.50      1.50      1.00    0    0    0       0.0       0.0       0.0
  742     13.50      2.00      0.00    0    0    0       0.0       0.0       0.0
  743     13.50      2.00      0.50    0    0    0       0.0       0.0       0.0
  744     13.50      2.00      1.00    0    0    0       0.0       0.0       0.0
  745     13.50      2.50      0.00    0    0    0       0.0       0.0       0.0
  746     13.50      2.50      0.50    0    0    0       0.0       0.0       0.0
  747     13.50      2.50      1.00    0    0    0       0.0       0.0       0.0
  748     13.50      3.00      0.00    0    0    0       0.0       0.0       0.0
  749     13.50      3.00      0.50    0    0    0       0.0       0.0       0.0
  750     13.50      3.00      1.00    0    0    0       0.0       0.0       0.0
  751     13.50      3.50      0.00    0    0    0       0.0       0.0       0.0
  752     13.50      3.50      0.50    0    0    0       0.0       0.0       0.0
  753     13.50      3.50      1.00    0    0    0       0.0       0.0       0.0
  754     13.50      4.00      0.00    0    0    0       0.0       0.0       0.0
  755     13.50      4.00      0.50    0    0    0       0.0       0.0       0.0
  756     13.50      4.00      1.00    0    0    0       0.0       0.0       0.0
  757     14.00      0.00      0.00    0    0    0       0.0       0.0       0.0
  758     14.00      0.00      0.50    0    0    0       0.0       0.0       0.0
  759     14.00      0.00      1.00    0    0    0       0.0       0.0       0.0
  760     14.00      0.50      0.00    0    0    0       0.0       0.0       0.0
  761     14.00      0.50      0.50    0    0    0       0.0       0.0       0.0
  762     14.00      0.50      1.00    0    0    0       0.0       0.0       0.0
  763     14.00      1.00      0.00    0    0    0       0.0       0.0       0.0
  764     14.00      1.00      0.50    0    0    0       0.0       0.0       0.0
  765     14.00      1.00      1.00    0    0    0       0.0       0.0       0.0
  766     14.00      1.50      0.00    0    0    0       0.0       0.0       0.0
  767     14.00      1.50      0.50    0    0    0       0.0       0.0       0.0
  768     14.00      1.50      1.00    0    0    0       0.0       0.0       0.0
  769     14.00      2.00      0.00    0    0    0       0.0       0.0       0.0
  770     14.00      2.00      0.50    0    0    0       0.0       0.0       0.0
  771     14.00      2.00      1.00    0    0    0       0.0       0.0       0.0
  772     14.00      2.50      0.00    0    0    0       0.0       0.0       0.0
  773     14.00      2.50      0.50    0    0    0       0.0       0.0       0.0
  774     14.00      2.50      1.00    0    0    0       0.0       0.0       0.0
  775     14.00      3.00      0.00    0    0    0       0.0       0.0       0.0
  776     14.00      3.00      0.50    0    0    0       0.0       0.0       0.0
  777     14.00      3.00      1.00    0    0    0       0.0       0.0       0.0
  778     14.00      3.50      0.00    0    0    0       0.0       0.0       0.0
  779     14.00      3.50      0.50    0    0    0       0.0       0.0       0.0
  780     14.00      3.50      1.00    0    0    0       0.0       0.0       0.0
  781     14.00      4.00      0.00    0    0    0       0.0       0.0       0.0
  782     14.00      4.00      0.50    0    0    0       0.0       0.0       0.0
  783     14.00      4.00      1.00    0    0    0       0.0       0.0       0.0
  784     14.50      0.00      0.00    0    0    0       0.0       0.0       0.0
  785     14.50      0.00      0.50    0    0    0       0.0       0.0       0.0
  786     14.50      0.00      1.00    0    0    0       0.0       0.0       0.0
  787     14.50      0.50      0.00    0    0    0       0.0       0.0       0.0
  788     14.50      0.50      0.50    0    0    0       0.0       0.0       0.0
  789     14.50      0.50      1.00    0    0    0       0.0       0.0       0.0
  790     14.50      1.00      0.00    0    0    0       0.0       0.0       0.0
  791     14.50      1.00      0.50    0    0    0       0.0       0.0       0.0
  792     14.50      1.00      1.00    0    0    0       0.0       0.0       0.0
  793     14.50      1.50      0.00    0    0    0       0.0       0.0       0.0
  794     14.50      1.50      0.50    0    0    0       0.0       0.0       0.0
  795     14.50      1.50      1.00    0    0    0       0.0       0.0       0.0
  796     14.50      2.00      0.00    0    0    0       0.0       0.0       0.0
  797     14.50      2.00      0.50    0    0    0       0.0       0.0       0.0
  798     14.50      2.00      1.00    0    0    0       0.0       0.0       0.0
  799     14.50      2.50      0.00    0    0    0       0.0       0.0       0.0
  800     14.50      2.50      0.50    0    0    0       0.0       0.0       0.0
  801     14.50      2.50      1.00    0    0    0       0.0       0.0       0.0
  802     14.50      3.00      0.00    0    0    0       0.0       0.0       0.0
  803     14.50      3.00      0.50    0    0    0       0.0       0.0       0.0
  804     14.50      3.00      1.00    0    0    0       0.0       0.0       0.0
  805     14.50      3.50      0.00    0    0    0       0.0       0.0       0.0
  806     14.50      3.50      0.50    0    0    0       0.0       0.0       0.0
  807     14.50      3.50      1.00    0    0    0       0.0       0.0       0.0
  808     14.50      4.00      0.00    0    0    0       0.0       0.0       0.0
  809     14.50      4.00      0.50    0    0    0       0.0       0.0       0.0
  810     14.50      4.00      1.00    0    0    0       0.0       0.0       0.0
  811     15.00      0.00      0.00    0    0    0       0.0       0.0       0.0
  812     15.00      0.00      0.50    0    0    0       0.0       0.0       0.0
  813     15.00      0.00      1.00    0    0    0       0.0       0.0       0.0
  814     15.00      0.50      0.00    0    0    0       0.0       0.0       0.0
  815     15.00      0.50      0.50    0    0    0       0.0       0.0       0.0
  816     15.00      0.50      1.00    0    0    0       0.0       0.0       0.0
  817     15.00      1.00      0.00    0    0    0       0.0       0.0       0.0
  818     15.00      1.00      0.50    0    0    0       0.0       0.0       0.0
  819     15.00      1.00      1.00    0    0    0       0.0       0.0       0.0
  820     15.00      1.50      0.00    0    0    0       0.0       0.0       0.0
  821     15.00      1.50      0.50    0    0    0       0.0       0.0       0.0
  822     15.00      1.50      1.00    0    0    0       0.0       0.0       0.0
  823     15.00      2.00      0.00    0    0    0       0.0       0.0       0.0
  824     15.00      2.00      0.50    0    0    0       0.0       0.0       0.0
  825     15.00      2.00      1.00    0    0    0       0.0       0.0       0.0
  826     15.00      2.50      0.00    0    0    0       0.0       0.0       0.0
  827     15.00      2.50      0.50    0    0    0       0.0       0.0       0.0
  828     15.00      2.50      1.00    0    0    0       0.0       0.0       0.0
  829     15.00      3.00      0.00    0    0    0       0.0       0.0       0.0
  830     15.00      3.00      0.50    0    0    0       0.0       0.0       0.0
  831     15.00      3.00      1.00    0    0    0       0.0       0.0       0.0
  832     15.00      3.50      0.00    0    0    0       0.0       0.0       0.0
  833     15.00      3.50      0.50    0    0    0       0.0       0.0       0.0
  834     15.00      3.50      1.00    0    0    0       0.0       0.0       0.0
  835     15.00      4.00      0.00    0    0    0       0.0       0.0       0.0
  836     15.00      4.00      0.50    0    0    0       0.0       0.0       0.0
  837     15.00      4.00      1.00    0    0    0       0.0       0.0       0.0
  838     15.50      0.00      0.00    0    0    0       0.0       0.0       0.0
  839     15.50      0.00      0.50    0    0    0       0.0       0.0       0.0
  840     15.50      0.00      1.00    0    0    0       0.0       0.0       0.0
  841     15.50      0.50      0.00    0    0    0       0.0       0.0       0.0
  842     15.50      0.50      0.50    0    0    0       0.0       0.0       0.0
  843     15.50      0.50      1.00    0    0    0       0.0       0.0       0.0
  844     15.50      1.00      0.00    0    0    0       0.0       0.0       0.0
  845     15.50      1.00      0.50    0    0    0       0.0       0.0       0.0
  846     15.50      1.00      1.00    0    0    0       0.0       0.0       0.0
  847     15.50      1.50      0.00    0    0    0       0.0       0.0       0.0
  848     15.50      1.50      0.50    0    0    0       0.0       0.0       0.0
  849     15.50      1.50      1.00    0    0    0       0.0       0.0       0.0
  850     15.50      2.00      0.00    0    0    0       0.0       0.0       0.0
  851     15.50      2.00      0.50    0    0    0       0.0       0.0       0.0
  852     15.50      2.00      1.00    0    0    0       0.0       0.0       0.0
  853     15.50      2.50      0.00    0    0    0       0.0       0.0       0.0
  854     15.50      2.50      0.50    0    0    0       0.0       0.0       0.0
  855     15.50      2.50      1.00    0    0    0       0.0       0.0       0.0
  856     15.50      3.00      0.00    0    0    0       0.0       0.0       0.0
  857     15.50      3.00      0.50    0    0    0       0.0       0.0       0.0
  858     15.50      3.00      1.00    0    0    0       0.0       0.0       0.0
  859     15.50      3.50      0.00    0    0    0       0.0       0.0       0.0
  860     15.50      3.50      0.50    0    0    0       0.0       0.0       0.0
  861     15.50      3.50      1.00    0    0    0       0.0       0.0       0.0
  862     15.50      4.00      0.00    0    0    0       0.0       0.0       0.0
  863     15.50      4.00      0.50    0    0    0       0.0       0.0       0.0
  864     15.50      4.00      1.00    0    0    0       0.0       0.0       0.0
  865     16.00      0.00      0.00    0    0    0       0.0       0.0       0.0
  866     16.00      0.00      0.50    0    0    0       0.0       0.0       0.0
  867     16.00      0.00      1.00    0    0    0       0.0       0.0       0.0
  868     16.00      0.50      0.00    0    0    0       0.0       0.0       0.0
  869     16.00      0.50      0.50    0    0    0       0.0       0.0       0.0
  870     16.00      0.50      1.00    0    0    0       0.0       0.0       0.0
  871     16.00      1.00      0.00    0    0    0       0.0       0.0       0.0
  872     16.00      1.00      0.50    0    0    0       0.0       0.0       0.0
  873     16.00      1.00      1.00    0    0    0       0.0       0.0       0.0
  874     16.00      1.50      0.00    0    0    0       0.0       0.0       0.0
  875     16.00      1.50      0.50    0    0    0       0.0       0.0       0.0
  876     16.00      1.50      1.00    0    0    0       0.0       0.0       0.0
  877     16.00      2.00      0.00    0    0    0       0.0       0.0       0.0
  878     16.00      2.00      0.50    0    0    0       0.0       0.0       0.0
  879     16.00      2.00      1.00    0    0    0       0.0       0.0       0.0
  880     16.00      2.50      0.00    0    0    0       0.0       0.0       0.0
  881     16.00      2.50      0.50    0    0    0       0.0       0.0       0.0
  882     16.00      2.50      1.00    0    0    0       0.0       0.0       0.0
  883     16.00      3.00      0.00    0    0    0       0.0       0.0       0.0
  884     16.00      3.00      0.50    0    0    0       0.0       0.0       0.0
  885     16.00      3.00      1.00    0    0    0       0.0       0.0       0.0
  886     16.00      3.50      0.00    0    0    0       0.0       0.0       0.0
  887     16.00      3.50      0.50    0    0    0       0.0       0.0       0.0
  888     16.00      3.50      1.00    0    0    0       0.0       0.0       0.0
  889     16.00      4.00      0.00    0    0    0       0.0       0.0       0.0
  890     16.00      4.00      0.50    0    0    0       0.0       0.0       0.0
  891     16.00      4.00      1.00    0    0    0       0.0       0.0       0.0
  892     16.50      0.00      0.00    0    0    0       0.0       0.0       0.0
  893     16.50      0.00      0.50    0    0    0       0.0       0.0       0.0
  894     16.50      0.00      1.00    0    0    0       0.0       0.0       0.0
  895     16.50      0.50      0.00    0    0    0       0.0       0.0       0.0
  896     16.50      0.50      0.50    0    0    0       0.0       0.0       0.0
  897     16.50      0.50      1.00    0    0    0       0.0       0.0       0.0
  898     16.50      1.00      0.00    0    0    0       0.0       0.0       0.0
  899     16.50      1.00      0.50    0    0    0       0.0       0.0       0.0
  900     16.50      1.00      1.00    0    0    0       0.0       0.0       0.0
  901     16.50      1.50      0.00    0    0    0       0.0       0.0       0.0
  902     16.50      1.50      0.50    0    0    0       0.0       0.0       0.0
  903     16.50      1.50      1.00    0    0    0       0.0       0.0       0.0
  904     16.50      2.00      0.00    0    0    0       0.0       0.0       0.0
  905     16.50      2.00      0.50    0    0    0       0.0       0.0       0.0
  906     16.50      2.00      1.00    0    0    0       0.0       0.0       0.0
  907     16.50      2.50      0.00    0    0    0       0.0       0.0       0.0
  908     16.50      2.50      0.50    0    0    0       0.0       0.0       0.0
  909     16.50      2.50      1.00    0    0    0       0.0       0.0       0.0
  910     16.50      3.00      0.00    0    0    0       0.0       0.0       0.0
  911     16.50      3.00      0.50    0    0    0       0.0       0.0       0.0
  912     16.50      3.00      1.00    0    0    0       0.0       0.0       0.0
  913     16.50      3.50      0.00    0    0    0       0.0       0.0       0.0
  914     16.50      3.50      0.50    0    0    0       0.0       0.0       0.0
  915     16.50      3.50      1.00    0    0    0       0.0       0.0       0.0
  916     16.50      4.00      0.00    0    0    0       0.0       0.0       0.0
  917     16.50      4.00      0.50    0    0    0       0.0       0.0       0.0
  918     16.50      4.00      1.00    0    0    0       0.0       0.0       0.0
  919     17.00      0.00      0.00    0    0    0       0.0       0.0       0.0
  920     17.00      0.00      0.50    0    0    0       0.0       0.0       0.0
  921     17.00      0.00      1.00    0    0    0       0.0       0.0       0.0
  922     17.00      0.50      0.00    0    0    0       0.0       0.0       0.0
  923     17.00      0.50      0.50    0    0    0       0.0       0.0       0.0
  924     17.00      0.50      1.00    0    0    0       0.0       0.0       0.0
  925     17.00      1.00      0.00    0    0    0       0.0       0.0       0.0
  926     17.00      1.00      0.50    0    0    0       0.0       0.0       0.0
  927     17.00      1.00      1.00    0    0    0       0.0       0.0       0.0
  928     17.00      1.50      0.00    0    0    0       0.0       0.0       0.0
  929     17.00      1.50      0.50    0    0    0       0.0       0.0       0.0
  930     17.00      1.50      1.00    0    0    0       0.0       0.0       0.0
  931     17.00      2.00      0.00    0    0    0       0.0       0.0       0.0
  932     17.00      2.00      0.50    0    0    0       0.0       0.0       0.0
  933     17.00      2.00      1.00    0    0    0       0.0       0.0       0.0
  934     17.00      2.50      0.00    0    0    0       0.0       0.0       0.0
  935     17.00      2.50      0.50    0    0    0       0.0       0.0       0.0
  936     17.00      2.50      1.00    0    0    0       0.0       0.0       0.0
  937     17.00      3.00      0.00    0    0    0       0.0       0.0       0.0
  938     17.00      3.00      0.50    0    0    0       0.0       0.0       0.0
  939     17.00      3.00      1.00    0    0    0       0.0       0.0       0.0
  940     17.00      3.50      0.00    0    0    0       0.0       0.0       0.0
  941     17.00      3.50      0.50    0    0    0       0.0       0.0       0.0
  942     17.00      3.50      1.00    0    0    0       0.0       0.0       0.0
  943     17.00      4.00      0.00    0    0    0       0.0       0.0       0.0
  944     17.00      4.00      0.50    0    0    0       0.0       0.0       0.0
  945     17.00      4.00      1.00    0    0    0       0.0       0.0       0.0
  946     17.50      0.00      0.00    0    0    0       0.0       0.0       0.0
  947     17.50      0.00      0.50    0    0    0       0.0       0.0       0.0
  948     17.50      0.00      1.00    0    0    0       0.0       0.0       0.0
  949     17.50      0.50      0.00    0    0    0       0.0       0.0       0.0
  950     17.50      0.50      0.50    0    0    0       0.0       0.0       0.0
  951     17.50      0.50      1.00    0    0    0       0.0       0.0       0.0
  952     17.50      1.00      0.00    0    0    0       0.0       0.0       0.0
  953     17.50      1.00      0.50    0    0    0       0.0       0.0       0.0
  954     17.50      1.00      1.00    0    0    0       0.0       0.0       0.0
  955     17.50      1.50      0.00    0    0    0       0.0       0.0       0.0
  956     17.50      1.50      0.50    0    0    0       0.0       0.0       0.0
  957     17.50      1.50      1.00    0    0    0       0.0       0.0       0.0
  958     17.50      2.00      0.00    0    0    0       0.0       0.0       0.0
  959     17.50      2.00      0.50    0    0    0       0.0       0.0       0.0
  960     17.50      2.00      1.00    0    0    0       0.0       0.0       0.0
  961     17.50      2.50      0.00    0    0    0       0.0       0.0       0.0
  962     17.50      2.50      0.50    0    0    0       0.0       0.0       0.0
  963     17.50      2.50      1.00    0    0    0       0.0       0.0       0.0
  964     17.50      3.00      0.00    0    0    0       0.0       0.0       0.0
  965     17.50      3.00      0.50    0    0    0       0.0       0.0       0.0
  966     17.50      3.00      1.00    0    0    0       0.0       0.0       0.0
  967     17.50      3.50      0.00    0    0    0       0.0       0.0       0.0
  968     17.50      3.50      0.50    0    0    0       0.0       0.0       0.0
  969     17.50      3.50      1.00    0    0    0       0.0       0.0       0.0
  970     17.50      4.00      0.00    0    0    0       0.0       0.0       0.0
  971     17.50      4.00      0.50    0    0    0       0.0       0.0       0.0
  972     17.50      4.00      1.00    0    0    0       0.0       0.0       0.0
  973     18.00      0.00      0.00    0    0    0       0.0       0.0       0.0
  974     18.00      0.00      0.50    0    0    0       0.0       0.0       0.0
  975     18.00      0.00      1.00    0    0    0       0.0       0.0       0.0
  976     18.00      0.50      0.00    0    0    0       0.0       0.0       0.0
  977     18.00      0.50      0.50    0    0    0       0.0       0.0       0.0
  978     18.00      0.50      1.00    0    0    0       0.0       0.0       0.0
  979     18.00      1.00      0.00    0    0    0       0.0       0.0       0.0
  980     18.00      1.00      0.50    0    0    0       0.0       0.0       0.0
  981     18.00      1.00      1.00    0    0    0       0.0       0.0       0.0
  982     18.00      1.50      0.00    0    0    0       0.0       0.0       0.0
  983     18.00      1.50      0.50    0    0    0       0.0       0.0       0.0
  984     18.00      1.50      1.00    0    0    0       0.0       0.0       0.0
  985     18.00      2.00      0.00    0    0    0       0.0       0.0       0.0
  986     18.00      2.00      0.50    0    0    0       0.0       0.0       0.0
  987     18.00      2.00      1.00    0    0    0       0.0       0.0       0.0
  988     18.00      2.50      0.00    0    0    0       0.0       0.0       0.0
  989     18.00      2.50      0.50    0    0    0       0.0       0.0       0.0
  990     18.00      2.50      1.00    0    0    0       0.0       0.0       0.0
  991     18.00      3.00      0.00    0    0    0       0.0       0.0       0.0
  992     18.00      3.00      0.50    0    0    0       0.0       0.0       0.0
  993     18.00      3.00      1.00    0    0    0       0.0       0.0       0.0
  994     18.00      3.50      0.00    0    0    0       0.0       0.0       0.0
  995     18.00      3.50      0.50    0    0    0       0.0       0.0       0.0
  996     18.00      3.50      1.00    0    0    0       0.0       0.0       0.0
  997     18.00      4.00      0.00    0    0    0       0.0       0.0       0.0
  998     18.00      4.00      0.50    0    0    0       0.0       0.0       0.0
  999     18.00      4.00      1.00    0    0    0       0.0       0.0       0.0
 1000     18.50      0.00      0.00    0    0    0       0.0       0.0       0.0
 1001     18.50      0.00      0.50    0    0    0       0.0       0.0       0.0
 1002     18.50      0.00      1.00    0    0    0       0.0       0.0       0.0
 1003     18.50      0.50      0.00    0    0    0       0.0       0.0       0.0
 1004     18.50      0.50      0.50    0    0    0       0.0       0.0       0.0
 1005     18.50      0.50      1.00    0    0    0       0.0       0.0       0.0
 1006     18.50      1.00      0.00    0    0    0       0.0       0.0       0.0
 1007     18.50      1.00      0.50    0    0    0       0.0       0.0       0.0
 1008     18.50      1.00      1.00    0    0    0       0.0       0.0       0.0
 1009     18.50      1.50      0.00    0    0    0       0.0       0.0       0.0
 1010     18.50      1.50      0.50    0    0    0       0.0       0.0       0.0
 1011     18.50      1.50      1.00    0    0    0       0.0       0.0       0.0
 1012     18.50      2.00      0.00    0    0    0       0.0       0.0       0.0
 1013     18.50      2.00      0.50    0    0    0       0.0       0.0       0.0
 1014     18.50      2.00      1.00    0    0    0       0.0       0.0       0.0
 1015     18.50      2.50      0.00    0    0    0       0.0       0.0       0.0
 1016     18.50      2.50      0.50    0    0    0       0.0       0.0       0.0
 1017     18.50      2.50      1.00    0    0    0       0.0       0.0       0.0
 1018     18.50      3.00      0.00    0    0    0       0.0       0.0       0.0
 1019     18.50      3.00      0.50    0    0    0       0.0       0.0       0.0
 1020     18.50      3.00      1.00    0    0    0       0.0       0.0       0.0
 1021     18.50      3.50      0.00    0    0    0       0.0       0.0       0.0
 1022     18.50      3.50      0.50    0    0    0       0.0       0.0       0.0
 1023     18.50      3.50      1.00    0    0    0       0.0       0.0       0.0
 1024     18.50      4.00      0.00    0    0    0       0.0       0.0       0.0
 1025     18.50      4.00      0.50    0    0    0       0.0       0.0       0.0
 1026     18.50      4.00      1.00    0    0    0       0.0       0.0       0.0
 1027     19.00      0.00      0.00    0    0    0       0.0       0.0       0.0
 1028     19.00      0.00      0.50    0    0    0       0.0       0.0       0.0
 1029     19.00      0.00      1.00    0    0    0       0.0       0.0       0.0
 1030     19.00      0.50      0.00    0    0    0       0.0       0.0       0.0
 1031     19.00      0.50      0.50    0    0    0       0.0       0.0       0.0
 1032     19.00      0.50      1.00    0    0    0       0.0       0.0       0.0
 1033     19.00      1.00      0.00    0    0    0       0.0       0.0       0.0
 1034     19.00      1.00      0.50    0    0    0       0.0       0.0       0.0
 1035     19.00      1.00      1.00    0    0    0       0.0       0.0       0.0
 1036     19.00      1.50      0.00    0    0    0       0.0       0.0       0.0
 1037     19.00      1.50      0.50    0    0    0       0.0       0.0       0.0
 1038     19.00      1.50      1.00    0    0    0       0.0       0.0       0.0
 1039     19.00      2.00      0.00    0    0    0       0.0       0.0       0.0
 1040     19.00      2.00      0.50    0    0    0       0.0       0.0       0.0
 1041     19.00      2.00      1.00    0    0    0       0.0       0.0       0.0
 1042     19.00      2.50      0.00    0    0    0       0.0       0.0       0.0
 1043     19.00      2.50      0.50    0    0    0       0.0       0.0       0.0
 1044     19.00      2.50      1.00    0    0    0       0.0       0.0       0.0
 1045     19.00      3.00      0.00    0    0    0       0.0       0.0       0.0
 1046     19.00      3.00      0.50    0    0    0       0.0       0.0       0.0
 1047     19.00      3.00      1.00    0    0    0       0.0       0.0       0.0
 1048     19.00      3.50      0.00    0    0    0       0.0       0.0       0.0
 1049     19.00      3.50      0.50    0    0    0       0.0       0.0       0.0
 1050     19.00      3.50      1.00    0    0    0       0.0       0.0       0.0
 1051     19.00      4.00      0.00    0    0    0       0.0       0.0       0.0
 1052     19.00      4.00      0.50    0    0    0       0.0       0.0       0.0
 1053     19.00      4.00      1.00    0    0    0       0.0       0.0       0.0
 1054     19.50      0.00      0.00    0    0    0       0.0       0.0       0.0
 1055     19.50      0.00      0.50    0    0    0       0.0       0.0       0.0
 1056     19.50      0.00      1.00    0    0    0       0.0       0.0       0.0
 1057     19.50      0.50      0.00    0    0    0       0.0       0.0       0.0
 1058     19.50      0.50      0.50    0    0    0       0.0       0.0       0.0
 1059     19.50      0.50      1.00    0    0    0       0.0       0.0       0.0
 1060     19.50      1.00      0.00    0    0    0       0.0       0.0       0.0
 1061     19.50      1.00      0.50    0    0    0       0.0       0.0       0.0
 1062     19.50      1.00      1.00    0    0    0       0.0       0.0       0.0
 1063     19.50      1.50      0.00    0    0    0       0.0       0.0       0.0
 1064     19.50      1.50      0.50    0    0    0       0.0       0.0       0.0
 1065     19.50      1.50      1.00    0    0    0       0.0       0.0       0.0
 1066     19.50      2.00      0.00    0    0    0       0.0       0.0       0.0
 1067     19.50      2.00      0.50    0    0    0       0.0       0.0       0.0
 1068     19.50      2.00      1.00    0    0    0       0.0       0.0       0.0
 1069     19.50      2.50      0.00    0    0    0       0.0       0.0       0.0
 1070     19.50      2.50      0.50    0    0    0       0.0       0.0       0.0
 1071     19.50      2.50      1.00    0    0    0       0.0       0.0       0.0
 1072     19.50      3.00      0.00    0    0    0       0.0       0.0       0.0
 1073     19.50      3.00      0.50    0    0    0       0.0       0.0       0.0
 1074     19.50      3.00      1.00    0    0    0       0.0       0.0       0.0
 1075     19.50      3.50      0.00    0    0    0       0.0       0.0       0.0
 1076     19.50      3.50      0.50    0    0    0       0.0       0.0       0.0
 1077     19.50      3.50      1.00    0    0    0       0.0       0.0       0.0
 1078     19.50      4.00      0.00    0    0    0       0.0       0.0       0.0
 1079     19.50      4.00      0.50    0    0    0       0.0       0.0       0.0
 1080     19.50      4.00      1.00    0    0    0       0.0       0.0       0.0
 1081     20.00      0.00      0.00    0    0    0       0.0   -1111.1       0.0
 1082     20.00      0.00      0.50    0    0    0       0.0   -1111.1       0.0
 1083     20.00      0.00      1.00    0    0    0       0.0   -1111.1       0.0
 1084     20.00      0.50      0.00    0    0    0       0.0   -1111.1       0.0
 1085     20.00      0.50      0.50    0    0    0       0.0   -1111.1       0.0
 1086     20.00      0.50      1.00    0    0    0       0.0   -1111.1       0.0
 1087     20.00      1.00      0.00    0    0    0       0.0   -1111.1       0.0
 1088     20.00      1.00      0.50    0    0    0       0.0   -1111.1       0.0
 1089     20.00      1.00      1.00    0    0    0       0.0   -1111.1       0.0
 1090     20.00      1.50      0.00    0    0    0       0.0   -1111.1       0.0
 1091     20.00      1.50      0.50    0    0    0       0.0   -1111.1       0.0
 1092     20.00      1.50      1.00    0    0    0       0.0   -1111.1       0.0
 1093     20.00      2.00      0.00    0    0    0       0.0   -1111.1       0.0
 1094     20.00      2.00      0.50    0    0    0       0.0   -1111.1       0.0
 1095     20.00      2.00      1.00    0    0    0       0.0   -1111.1       0.0
 1096     20.00      2.50      0.00    0    0    0       0.0   -1111.1       0.0
 1097     20.00      2.50      0.50    0    0    0       0.0   -1111.1       0.0
 1098     20.00      2.50      1.00    0    0    0       0.0   -1111.1       0.0
 1099     20.00      3.00      0.00    0    0    0       0.0   -1111.1       0.0
 1100     20.00      3.00      0.50    0    0    0       0.0   -1111.1       0.0
 1101     20.00      3.00      1.00    0    0    0       0.0   -1111.1       0.0
 1102     20.00      3.50      0.00    0    0    0       0.0   -1111.1       0.0
 1103     20.00      3.50      0.50    0    0    0       0.0   -1111.1       0.0
 1104     20.00      3.50      1.00    0    0    0       0.0   -1111.1       0.0
 1105     20.00      4.00      0.00    0    0    0       0.0   -1111.1       0.0
 1106     20.00      4.00      0.50    0    0    0       0.0   -1111.1       0.0
 1107     20.00      4.00      1.00    0    0    0       0.0   -1111.1       0.0
 
Elements
  640
#     connectivity   fx  fy  fz
    1    5    4    1    2   32   31   28   29    0.0    0.0    0.0
    2    6    5    2    3   33   32   29   30    0.0    0.0    0.0
    3    8    7    4    5   35   34   31   32    0.0    0.0    0.0
    4    9    8    5    6   36   35   32   33    0.0    0.0    0.0
    5   11   10    7    8   38   37   34   35    0.0    0.0    0.0
    6   12   11    8    9   39   38   35   36    0.0    0.0    0.0
    7   14   13   10   11   41   40   37   38    0.0    0.0    0.0
    8   15   14   11   12   42   41   38   39    0.0    0.0    0.0
    9   17   16   13   14   44   43   40   41    0.0    0.0    0.0
   10   18   17   14   15   45   44   41   42    0.0    0.0    0.0
   11   20   19   16   17   47   46   43   44    0.0    0.0    0.0
   12   21   20   17   18   48   47   44   45    0.0    0.0    0.0
   13   23   22   19   20   50   49   46   47    0.0    0.0    0.0
   14   24   23   20   21   51   50   47   48    0.0    0.0    0.0
   15   26   25   22   23   53   52   49   50    0.0    0.0    0.0
   16   27   26   23   24   54   53   50   51    0.0    0.0    0.0
   17   32   31   28   29   59   58   55   56    0.0    0.0    0.0
   18   33   32   29   30   60   59   56   57    0.0    0.0    0.0
   19   35   34   31   32   62   61   58   59    0.0    0.0    0.0
   20   36   35   32   33   63   62   59   60    0.0    0.0    0.0
   21   38   37   34   35   65   64   61   62    0.0    0.0    0.0
   22   39   38   35   36   66   65   62   63    0.0    0.0    0.0
   23   41   40   37   38   68   67   64   65    0.0    0.0    0.0
   24   42   41   38   39   69   68   65   66    0.0    0.0    0.0
   25   44   43   40   41   71   70   67   68    0.0    0.0    0.0
   26   45   44   41   42   72   71   68   69    0.0    0.0    0.0
   27   47   46   43   44   74   73   70   71    0.0    0.0    0.0
   28   48   47   44   45   75   74   71   72    0.0    0.0    0.0
   29   50   49   46   47   77   76   73   74    0.0    0.0    0.0
   30   51   50   47   48   78   77   74   75    0.0    0.0    0.0
   31   53   52   49   50   80   79   76   77    0.0    0.0    0.0
   32   54   53   50   51   81   80   77   78    0.0    0.0    0.0
   33   59   58   55   56   86   85   82   83    0.0    0.0    0.0
   34   60   59   56   57   87   86   83   84    0.0    0.0    0.0
   35   62   61   58   59   89   88   85   86    0.0    0.0    0.0
   36   63   62   59   60   90   89   86   87    0.0    0.0    0.0
   37   65   64   61   62   92   91   88   89    0.0    0.0    0.0
   38   66   65   62   63   93   92   89   90    0.0    0.0    0.0
   39   68   67   64   65   95   94   91   92    0.0    0.0    0.0
   40   69   68   65   66   96   95   92   93    0.0    0.0    0.0
   41   71   70   67   68   98   97   94   95    0.0    0.0    0.0
   42   72   71   68   69   99   98   95   96    0.0    0.0    0.0
   43   74   73   70   71  101  100   97   98    0.0    0.0    0.0
   44   75   74   71   72  102  101   98   99    0.0    0.0    0.0
   45   77   76   73   74  104  103  100  101    0.0    0.0    0.0
   46   78   77   74   75  105  104  101  102    0.0    0.0    0.0
   47   80   79   76   77  107  106  103  104    0.0    0.0    0.0
   48   81   80   77   78  108  107  104  105    0.0    0.0    0.0
   49   86   85   82   83  113  112  109  110    0.0    0.0    0.0
   50   87   86   83   84  114  113  110  111    0.0    0.0    0.0
   51   89   88   85   86  116  115  112  113    0.0    0.0    0.0
   52   90   89   86   87  117  116  113  114    0.0    0.0    0.0
   53   92   91   88   89  119  118  115  116    0.0    0.0    0.0
   54   93   92   89   90  120  119  116  117    0.0    0.0    0.0
   55   95   94   91   92  122  121  118  119    0.0    0.0    0.0
   56   96   95   92   93  123  122  119  120    0.0    0.0    0.0
   57   98   97   94   95  125  124  121  122    0.0    0.0    0.0
   58   99   98   95   96  126  125  122  123    0.0    0.0    0.0
   59  101  100   97   98  128  127  124  125    0.0    0.0    0.0
   60  102  101   98   99  129  128  125  126    0.0    0.0    0.0
   61  104  103  100  101  131  130  127  128    0.0    0.0    0.0
   62  105  104  101  102  132  131  128  129    0.0    0.0    0.0
   63  107  106  103  104  134  133  130  131    0.0    0.0    0.0
   64  108  107  104  105  135  134  131  132    0.0    0.0    0.0
   65  113  112  109  110  140  139  136  137    0.0    0.0    0.0
   66  114  113  110  111  141  140  137  138    0.0    0.0    0.0
   67  116  115  112  113  143  142  139  140    0.0    0.0    0.0
   68  117  116  113  114  144  143  140  141    0.0    0.0    0.0
   69  119  118  115  116  146  145  142  143    0.0    0.0    0.0
   70  120  119  116  117  147  146  143  144    0.0    0.0    0.0
   71  122  121  118  119  149  148  145  146    0.0    0.0    0.0
   72  123  122  119  120  150  149  146  147    0.0    0.0    0.0
   73  125  124  121  122  152  151  148  149    0.0    0.0    0.0
   74  126  125  122  123  153  152  149  150    0.0    0.0    0.0
   75  128  127  124  125  155  154  151  152    0.0    0.0    0.0
   76  129  128  125  126  156  155  152  153    0.0    0.0    0.0
   77  131  130  127  128  158  157  154  155    0.0    0.0    0.0
   78  132  131  128  129  159  158  155  156    0.0    0.0    0.0
   79  134  133  130  131  161  160  157  158    0.0    0.0    0.0
   80  135  134  131  132  162  161  158  159    0.0    0.0    0.0
   81  140  139  136  137  167  166  163  164    0.0    0.0    0.0
   82  141  140  137  138  168  167  164  165    0.0    0.0    0.0
   83  143  142  139  140  170  169  166  167    0.0    0.0    0.0
   84  144  143  140  141  171  170  167  168    0.0    0.0    0.0
   85  146  145  142  143  173  172  169  170    0.0    0.0    0.0
   86  147  146  143  144  174  173  170  171    0.0    0.0    0.0
   87  149  148  145  146  176  175  172  173    0.0    0.0    0.0
   88  150  149  146  147  177  176  173  174    0.0    0.0    0.0
   89  152  151  148  149  179  178  175  176    0.0    0.0    0.0
   90  153  152  149  150  180  179  176  177    0.0    0.0    0.0
   91  155  154  151  152  182  181  178  179    0.0    0.0    0.0
   92  156  155  152  153  183  182  179  180    0.0    0.0    0.0
   93  158  157  154  155  185  184  181  182    0.0    0.0    0.0
   94  159  158  155  156  186  185  182  183    0.0    0.0    0.0
   95  161  160  157  158  188  187  184  185    0.0    0.0    0.0
   96  162  161  158  159  189  188  185  186    0.0    0.0    0.0
   97  167  166  163  164  194  193  190  191    0.0    0.0    0.0
   98  168  167  164  165  195  194  191  192    0.0    0.0    0.0
   99  170  169  166  167  197  196  193  194    0.0    0.0    0.0
  100  171  170  167  168  198  197  194  195    0.0    0.0    0.0
  101  173  172  169  170  200  199  196  197    0.0    0.0    0.0
  102  174  173  170  171  201  200  197  198    0.0    0.0    0.0
  103  176  175  172  173  203  202  199  200    0.0    0.0    0.0
  104  177  176  173  174  204  203  200  201    0.0    0.0    0.0
  105  179  178  175  176  206  205  202  203    0.0    0.0    0.0
  106  180  179  176  177  207  206  203  204    0.0    0.0    0.0
  107  182  181  178  179  209  208  205  206    0.0    0.0    0.0
  108  183  182  179  180  210  209  206  207    0.0    0.0    0.0
  109  185  184  181  182  212  211  208  209    0.0    0.0    0.0
  110  186  185  182  183  213  212  209  210    0.0    0.0    0.0
  111  188  187  184  185  215  214  211  212    0.0    0.0    0.0
  112  189  188  185  186  216  215  212  213    0.0    0.0    0.0
  113  194  193  190  191  221  220  217  218    0.0    0.0    0.0
  114  195  194  191  192  222  221  218  219    0.0    0.0    0.0
  115  197  196  193  194  224  223  220  221    0.0    0.0    0.0
  116  198  197  194  195  225  224  221  222    0.0    0.0    0.0
  117  200  199  196  197  227  226  223  224    0.0    0.0    0.0
  118  201  200  197  198  228  227  224  225    0.0    0.0    0.0
  119  203  202  199  200  230  229  226  227    0.0    0.0    0.0
  120  204  203  200  201  231  230  227  228    0.0    0.0    0.0
  121  206  205  202  203  233  232  229  230    0.0    0.0    0.0
  122  207  206  203  204  234  233  230  231    0.0    0.0    0.0
  123  209  208  205  206  236  235  232  233    0.0    0.0    0.0
  124  210  209  206  207  237  236  233  234    0.0    0.0    0.0
  125  212  211  208  209  239  238  235  236    0.0    0.0    0.0
  126  213  212  209  210  240  239  236  237    0.0    0.0    0.0
  127  215  214  211  212  242  241  238  239    0.0    0.0    0.0
  128  216  215  212  213  243  242  239  240    0.0    0.0    0.0
  129  221  220  217  218  248  247  244  245    0.0    0.0    0.0
  130  222  221  218  219  249  248  245  246    0.0    0.0    0.0
  131  224  223  220  221  251  250  247  248    0.0    0.0    0.0
  132  225  224  221  222  252  251  248  249    0.0    0.0    0.0
  133  227  226  223  224  254  253  250  251    0.0    0.0    0.0
  134  228  227  224  225  255  254  251  252    0.0    0.0    0.0
  135  230  229  226  227  257  256  253  254    0.0    0.0    0.0
  136  231  230  227  228  258  257  254  255    0.0    0.0    0.0
  137  233  232  229  230  260  259  256  257    0.0    0.0    0.0
  138  234  233  230  231  261  260  257  258    0.0    0.0    0.0
  139  236  235  232  233  263  262  259  260    0.0    0.0    0.0
  140  237  236  233  234  264  263  260  261    0.0    0.0    0.0
  141  239  238  235  236  266  265  262  263    0.0    0.0    0.0
  142  240  239  236  237  267  266  263  264    0.0    0.0    0.0
  143  242  241  238  239  269  268  265  266    0.0    0.0    0.0
  144  243  242  239  240  270  269  266  267    0.0    0.0    0.0
  145  248  247  244  245  275  274  271  272    0.0    0.0    0.0
  146  249  248  245  246  276  275  272  273    0.0    0.0    0.0
  147  251  250  247  248  278  277  274  275    0.0    0.0    0.0
  148  252  251  248  249  279  278  275  276    0.0    0.0    0.0
  149  254  253  250  251  281  280  277  278    0.0    0.0    0.0
  150  255  254  251  252  282  281  278  279    0.0    0.0    0.0
  151  257  256  253  254  284  283  280  281    0.0    0.0    0.0
  152  258  257  254  255  285  284  281  282    0.0    0.0    0.0
  153  260  259  256  257  287  286  283  284    0.0    0.0    0.0
  154  261  260  257  258  288  287  284  285    0.0    0.0    0.0
  155  263  262  259  260  290  289  286  287    0.0    0.0    0.0
  156  264  263  260  261  291  290  287  288    0.0    0.0    0.0
  157  266  265  262  263  293  292  289  290    0.0    0.0    0.0
  158  267  266  263  264  294  293  290  291    0.0    0.0    0.0
  159  269  268  265  266  296  295  292  293    0.0    0.0    0.0
  160  270  269  266  267  297  296  293  294    0.0    0.0    0.0
  161  275  274  271  272  302  301  298  299    0.0    0.0    0.0
  162  276  275  272  273  303  302  299  300    0.0    0.0    0.0
  163  278  277  274  275  305  304  301  302    0.0    0.0    0.0
  164  279  278  275  276  306  305  302  303    0.0    0.0    0.0
  165  281  280  277  278  308  307  304  305    0.0    0.0    0.0
  166  282  281  278  279  309  308  305  306    0.0    0.0    0.0
  167  284  283  280  281  311  310  307  308    0.0    0.0    0.0
  168  285  284  281  282  312  311  308  309    0.0    0.0    0.0
  169  287  286  283  284  314  313  310  311    0.0    0.0    0.0
  170  288  287  284  285  315  314  311  312    0.0    0.0    0.0
  171  290  289  286  287  317  316  313  314    0.0    0.0    0.0
  172  291  290  287  288  318  317  314  315    0.0    0.0    0.0
  173  293  292  289  290  320  319  316  317    0.0    0.0    0.0
  174  294  293  290  291  321  320  317  318    0.0    0.0    0.0
  175  296  295  292  293  323  322  319  320    0.0    0.0    0.0
  176  297  296  293  294  324  323  320  321    0.0    0.0    0.0
  177  302  301  298  299  329  328  325  326    0.0    0.0    0.0
  178  303  302  299  300  330  329  326  327    0.0    0.0    0.0
  179  305  304  301  302  332  331  328  329    0.0    0.0    0.0
  180  306  305  302  303  333  332  329  330    0.0    0.0    0.0
  181  308  307  304  305  335  334  331  332    0.0    0.0    0.0
  182  309  308  305  306  336  335  332  333    0.0    0.0    0.0
  183  311  310  307  308  338  337  334  335    0.0    0.0    0.0
  184  312  311  308  309  339  338  335  336    0.0    0.0    0.0
  185  314  313  310  311  341  340  337  338    0.0    0.0    0.0
  186  315  314  311  312  342  341  338  339    0.0    0.0    0.0
  187  317  316  313  314  344  343  340  341    0.0    0.0    0.0
  188  318  317  314  315  345  344  341  342    0.0    0.0    0.0
  189  320  319  316  317  347  346  343  344    0.0    0.0    0.0
  190  321  320  317  318  348  347  344  345    0.0    0.0    0.0
  191  323  322  319  320  350  349  346  347    0.0    0.0    0.0
  192  324  323  320  321  351  350  347  348    0.0    0.0    0.0
  193  329  328  325  326  356  355  352  353    0.0    0.0    0.0
  194  330  329  326  327  357  356  353  354    0.0    0.0    0.0
  195  332  331  328  329  359  358  355  356    0.0    0.0    0.0
  196  333  332  329  330  360  359  356  357    0.0    0.0    0.0
  197  335  334  331  332  362  361  358  359    0.0    0.0    0.0
  198  336  335  332  333  363  362  359  360    0.0    0.0    0.0
  199  338  337  334  335  365  364  361  362    0.0    0.0    0.0
  200  339  338  335  336  366  365  362  363    0.0    0.0    0.0
  201  341  340  337  338  368  367  364  365    0.0    0.0    0.0
  202  342  341  338  339  369  368  365  366    0.0    0.0    0.0
  203  344  343  340  341  371  370  367  368    0.0    0.0    0.0
  204  345  344  341  342  372  371  368  369    0.0    0.0    0.0
  205  347  346  343  344  374  373  370  371    0.0    0.0    0.0
  206  348  347  344  345  375  374  371  372    0.0    0.0    0.0
  207  350  349  346  347  377  376  373  374    0.0    0.0    0.0
  208  351  350  347  348  378  377  374  375    0.0    0.0    0.0
  209  356  355  352  353  383  382  379  380    0.0    0.0    0.0
  210  357  356  353  354  384  383  380  381    0.0    0.0    0.0
  211  359  358  355  356  386  385  382  383    0.0    0.0    0.0
  212  360  359  356  357  387  386  383  384    0.0    0.0    0.0
  213  362  361  358  359  389  388  385  386    0.0    0.0    0.0
  214  363  362  359  360  390  389  386  387    0.0    0.0    0.0
  215  365  364  361  362  392  391  388  389    0.0    0.0    0.0
  216  366  365  362  363  393  392  389  390    0.0    0.0    0.0
  217  368  367  364  365  395  394  391  392    0.0    0.0    0.0
  218  369  368  365  366  396  395  392  393    0.0    0.0    0.0
  219  371  370  367  368  398  397  394  395    0.0    0.0    0.0
  220  372  371  368  369  399  398  395  396    0.0    0.0    0.0
  221  374  373  370  371  401  400  397  398    0.0    0.0    0.0
  222  375  374  371  372  402  401  398  399    0.0    0.0    0.0
  223  377  376  373  374  404  403  400  401    0.0    0.0    0.0
  224  378  377  374  375  405  404  401  402    0.0    0.0    0.0
  225  383  382  379  380  410  409  406  407    0.0    0.0    0.0
  226  384  383  380  381  411  410  407  408    0.0    0.0    0.0
  227  386  385  382  383  413  412  409  410    0.0    0.0    0.0
  228  387  386  383  384  414  413  410  411    0.0    0.0    0.0
  229  389  388  385  386  416  415  412  413    0.0    0.0    0.0
  230  390  389  386  387  417  416  413  414    0.0    0.0    0.0
  231  392  391  388  389  419  418  415  416    0.0    0.0    0.0
  232  393  392  389  390  420  419  416  417    0.0    0.0    0.0
  233  395  394  391  392  422  421  418  419    0.0    0.0    0.0
  234  396  395  392  393  423  422  419  420    0.0    0.0    0.0
  235  398  397  394  395  425  424  421  422    0.0    0.0    0.0
  236  399  398  395  396  426  425  422  423    0.0    0.0    0.0
  237  401  400  397  398  428  427  424  425    0.0    0.0    0.0
  238  402  401  398  399  429  428  425  426    0.0    0.0    0.0
  239  404  403  400  401  431  430  427  428    0.0    0.0    0.0
  240  405  404  401  402  432  431  428  429    0.0    0.0    0.0
  241  410  409  406  407  437  436  433  434    0.0    0.0    0.0
  242  411  410  407  408  438  437  434  435    0.0    0.0    0.0
  243  413  412  409  410  440  439  436  437    0.0    0.0    0.0
  244  414  413  410  411  441  440  437  438    0.0    0.0    0.0
  245  416  415  412  413  443  442  439  440    0.0    0.0    0.0
  246  417  416  413  414  444  443  440  441    0.0    0.0    0.0
  247  419  418  415  416  446  445  442  443    0.0    0.0    0.0
  248  420  419  416  417  447  446  443  444    0.0    0.0    0.0
  249  422  421  418  419  449  448  445  446    0.0    0.0    0.0
  250  423  422  419  420  450  449  446  447    0.0    0.0    0.0
  251  425  424  421  422  452  451  448  449    0.0    0.0    0.0
  252  426  425  422  423  453  452  449  450    0.0    0.0    0.0
  253  428  427  424  425  455  454  451  452    0.0    0.0    0.0
  254  429  428  425  426  456  455  452  453    0.0    0.0    0.0
  255  431  430  427  428  458  457  454  455    0.0    0.0    0.0
  256  432  431  428  429  459  458  455  456    0.0    0.0    0.0
  257  437  436  433  434  464  463  460  461    0.0    0.0    0.0
  258  438  437  434  435  465  464  461  462    0.0    0.0    0.0
  259  440  439  436  437  467  466  463  464    0.0    0.0    0.0
  260  441  440  437  438  468  467  464  465    0.0    0.0    0.0
  261  443  442  439  440  470  469  466  467    0.0    0.0    0.0
  262  444  443  440  441  471  470  467  468    0.0    0.0    0.0
  263  446  445  442  443  473  472  469  470    0.0    0.0    0.0
  264  447  446  443  444  474  473  470  471    0.0    0.0    0.0
  265  449  448  445  446  476  475  472  473    0.0    0.0    0.0
  266  450  449  446  447  477  476  473  474    0.0    0.0    0.0
  267  452  451  448  449  479  478  475  476    0.0    0.0    0.0
  268  453  452  449  450  480  479  476  477    0.0    0.0    0.0
  269  455  454  451  452  482  481  478  479    0.0    0.0    0.0
  270  456  455  452  453  483  482  479  480    0.0    0.0    0.0
  271  458  457  454  455  485  484  481  482    0.0    0.0    0.0
  272  459  458  455  456  486  485  482  483    0.0    0.0    0.0
  273  464  463  460  461  491  490  487  488    0.0    0.0    0.0
  274  465  464  461  462  492  491  488  489    0.0    0.0    0.0
  275  467  466  463  464  494  493  490  491    0.0    0.0    0.0
  276  468  467  464  465  495  494  491  492    0.0    0.0    0.0
  277  470  469  466  467  497  496  493  494    0.0    0.0    0.0
  278  471  470  467  468  498  497  494  495    0.0    0.0    0.0
  279  473  472  469  470  500  499  496  497    0.0    0.0    0.0
  280  474  473  470  471  501  500  497  498    0.0    0.0    0.0
  281  476  475  472  473  503  502  499  500    0.0    0.0    0.0
  282  477  476  473  474  504  503  500  501    0.0    0.0    0.0
  283  479  478  475  476  506  505  502  503    0.0    0.0    0.0
  284  480  479  476  477  507  506  503  504    0.0    0.0    0.0
  285  482  481  478  479  509  508  505  506    0.0    0.0    0.0
  286  483  482  479  480  510  509  506  507    0.0    0.0    0.0
  287  485  484  481  482  512  511  508  509    0.0    0.0    0.0
  288  486  485  482  483  513  512  509  510    0.0    0.0    0.0
  289  491  490  487  488  518  517  514  515    0.0    0.0    0.0
  290  492  491  488  489  519  518  515  516    0.0    0.0    0.0
  291  494  493  490  491  521  520  517  518    0.0    0.0    0.0
  292  495  494  491  492  522  521  518  519    0.0    0.0    0.0
  293  497  496  493  494  524  523  520  521    0.0    0.0    0.0
  294  498  497  494  495  525  524  521  522    0.0    0.0    0.0
  295  500  499  496  497  527  526  523  524    0.0    0.0    0.0
  296  501  500  497  498  528  527  524  525    0.0    0.0    0.0
  297  503  502  499  500  530  529  526  527    0.0    0.0    0.0
  298  504  503  500  501  531  530  527  528    0.0    0.0    0.0
  299  506  505  502  503  533  532  529  530    0.0    0.0    0.0
  300  507  506  503  504  534  533  530  531    0.0    0.0    0.0
  301  509  508  505  506  536  535  532  533    0.0    0.0    0.0
  302  510  509  506  507  537  536  533  534    0.0    0.0    0.0
  303  512  511  508  509  539  538  535  536    0.0    0.0    0.0
  304  513  512  509  510  540  539  536  537    0.0    0.0    0.0
  305  518  517  514  515  545  544  541  542    0.0    0.0    0.0
  306  519  518  515  516  546  545  542  543    0.0    0.0    0.0
  307  521  520  517  518  548  547  544  545    0.0    0.0    0.0
  308  522  521  518  519  549  548  545  546    0.0    0.0    0.0
  309  524  523  520  521  551  550  547  548    0.0    0.0    0.0
  310  525  524  521  522  552  551  548  549    0.0    0.0    0.0
  311  527  526  523  524  554  553  550  551    0.0    0.0    0.0
  312  528  527  524  525  555  554  551  552    0.0    0.0    0.0
  313  530  529  526  527  557  556  553  554    0.0    0.0    0.0
  314  531  530  527  528  558  557  554  555    0.0    0.0    0.0
  315  533  532  529  530  560  559  556  557    0.0    0.0    0.0
  316  534  533  530  531  561  560  557  558    0.0    0.0    0.0
  317  536  535  532  533  563  562  559  560    0.0    0.0    0.0
  318  537  536  533  534  564  563  560  561    0.0    0.0    0.0
  319  539  538  535  536  566  565  562  563    0.0    0.0    0.0
  320  540  539  536  537  567  566  563  564    0.0    0.0    0.0
  321  545  544  541  542  572  571  568  569    0.0    0.0    0.0
  322  546  545  542  543  573  572  569  570    0.0    0.0    0.0
  323  548  547  544  545  575  574  571  572    0.0    0.0    0.0
  324  549  548  545  546  576  575  572  573    0.0    0.0    0.0
  325  551  550  547  548  578  577  574  575    0.0    0.0    0.0
  326  552  551  548  549  579  578  575  576    0.0    0.0    0.0
  327  554  553  550  551  581  580  577  578    0.0    0.0    0.0
  328  555  554  551  552  582  581  578  579    0.0    0.0    0.0
  329  557  556  553  554  584  583  580  581    0.0    0.0    0.0
  330  558  557  554  555  585  584  581  582    0.0    0.0    0.0
  331  560  559  556  557  587  586  583  584    0.0    0.0    0.0
  332  561  560  557  558  588  587  584  585    0.0    0.0    0.0
  333  563  562  559  560  590  589  586  587    0.0    0.0    0.0
  334  564  563  560  561  591  590  587  588    0.0    0.0    0.0
  335  566  565  562  563  593  592  589  590    0.0    0.0    0.0
  336  567  566  563  564  594  593  590  591    0.0    0.0    0.0
  337  572  571  568  569  599  598  595  596    0.0    0.0    0.0
  338  573  572  569  570  600  599  596  597    0.0    0.0    0.0
  339  575  574  571  572  602  601  598  599    0.0    0.0    0.0
  340  576  575  572  573  603  602  599  600    0.0    0.0    0.0
  341  578  577  574  575  605  604  601  602    0.0    0.0    0.0
  342  579  578  575  576  606  605  602  603    0.0    0.0    0.0
  343  581  580  577  578  608  607  604  605    0.0    0.0    0.0
  344  582  581  578  579  609  608  605  606    0.0    0.0    0.0
  345  584  583  580  581  611  610  607  608    0.0    0.0    0.0
  346  585  584  581  582  612  611  608  609    0.0    0.0    0.0
  347  587  586  583  584  614  613  610  611    0.0    0.0    0.0
  348  588  587  584  585  615  614  611  612    0.0    0.0    0.0
  349  590  589  586  587  617  616  613  614    0.0    0.0    0.0
  350  591  590  587  588  618  617  614  615    0.0    0.0    0.0
  351  593  592  589  590  620  619  616  617    0.0    0.0    0.0
  352  594  593  590  591  621  620  617  618    0.0    0.0    0.0
  353  599  598  595  596  626  625  622  623    0.0    0.0    0.0
  354  600  599  596  597  627  626  623  624    0.0    0.0    0.0
  355  602  601  598  599  629  628  625  626    0.0    0.0    0.0
  356  603  602  599  600  630  629  626  627    0.0    0.0    0.0
  357  605  604  601  602  632  631  628  629    0.0    0.0    0.0
  358  606  605  602  603  633  632  629  630    0.0    0.0    0.0
  359  608  607  604  605  635  634  631  632    0.0    0.0    0.0
  360  609  608  605  606  636  635  632  633    0.0    0.0    0.0
  361  611  610  607  608  638  637  634  635    0.0    0.0    0.0
  362  612  611  608  609  639  638  635  636    0.0    0.0    0.0
  363  614  613  610  611  641  640  637  638    0.0    0.0    0.0
  364  615  614  611  612  642  641  638  639    0.0    0.0    0.0
  365  617  616  613  614  644  643  640  641    0.0    0.0    0.0
  366  618  617  614  615  645  644  641  642    0.0    0.0    0.0
  367  620  619  616  617  647  646  643  644    0.0    0.0    0.0
  368  621  620  617  618  648  647  644  645    0.0    0.0    0.0
  369  626  625  622  623  653  652  649  650    0.0    0.0    0.0
  370  627  626  623  624  654  653  650  651    0.0    0.0    0.0
  371  629  628  625  626  656  655  652  653    0.0    0.0    0.0
  372  630  629  626  627  657  656  653  654    0.0    0.0    0.0
  373  632  631  628  629  659  658  655  656    0.0    0.0    0.0
  374  633  632  629  630  660  659  656  657    0.0    0.0    0.0
  375  635  634  631  632  662  661  658  659    0.0    0.0    0.0
  376  636  635  632  633  663  662  659  660    0.0    0.0    0.0
  377  638  637  634  635  665  664  661  662    0.0    0.0    0.0
  378  639  638  635  636  666  665  662  663    0.0    0.0    0.0
  379  641  640  637  638  668  667  664  665    0.0    0.0    0.0
  380  642  641  638  639  669  668  665  666    0.0    0.0    0.0
  381  644  643  640  641  671  670  667  668    0.0    0.0    0.0
  382  645  644  641  642  672  671  668  669    0.0    0.0    0.0
  383  647  646  643  644  674  673  670  671    0.0    0.0    0.0
  384  648  647  644  645  675  674  671  672    0.0    0.0    0.0
  385  653  652  649  650  680  679  676  677    0.0    0.0    0.0
  386  654  653  650  651  681  680  677  678    0.0    0.0    0.0
  387  656  655  652  653  683  682  679  680    0.0    0.0    0.0
  388  657  656  653  654  684  683  680  681    0.0    0.0    0.0
  389  659  658  655  656  686  685  682  683    0.0    0.0    0.0
  390  660  659  656  657  687  686  683  684    0.0    0.0    0.0
  391  662  661  658  659  689  688  685  686    0.0    0.0    0.0
  392  663  662  659  660  690  689  686  687    0.0    0.0    0.0
  393  665  664  661  662  692  691  688  689    0.0    0.0    0.0
  394  666  665  662  663  693  692  689  690    0.0    0.0    0.0
  395  668  667  664  665  695  694  691  692    0.0    0.0    0.0
  396  669  668  665  666  696  695  692  693    0.0    0.0    0.0
  397  671  670  667  668  698  697  694  695    0.0    0.0    0.0
  398  672  671  668  669  699  698  695  696    0.0    0.0    0.0
  399  674  673  670  671  701  700  697  698    0.0    0.0    0.0
  400  675  674  671  672  702  701  698  699    0.0    0.0    0.0
  401  680  679  676  677  707  706  703  704    0.0    0.0    0.0
  402  681  680  677  678  708  707  704  705    0.0    0.0    0.0
  403  683  682  679  680  710  709  706  707    0.0    0.0    0.0
  404  684  683  680  681  711  710  707  708    0.0    0.0    0.0
  405  686  685  682  683  713  712  709  710    0.0    0.0    0.0
  406  687  686  683  684  714  713  710  711    0.0    0.0    0.0
  407  689  688  685  686  716  715  712  713    0.0    0.0    0.0
  408  690  689  686  687  717  716  713  714    0.0    0.0    0.0
  409  692  691  688  689  719  718  715  716    0.0    0.0    0.0
  410  693  692  689  690  720  719  716  717    0.0    0.0    0.0
  411  695  694  691  692  722  721  718  719    0.0    0.0    0.0
  412  696  695  692  693  723  722  719  720    0.0    0.0    0.0
  413  698  697  694  695  725  724  721  722    0.0    0.0    0.0
  414  699  698  695  696  726  725  722  723    0.0    0.0    0.0
  415  701  700  697  698  728  727  724  725    0.0    0.0    0.0
  416  702  701  698  699  729  728  725  726    0.0    0.0    0.0
  417  707  706  703  704  734  733  730  731    0.0    0.0    0.0
  418  708  707  704  705  735  734  731  732    0.0    0.0    0.0
  419  710  709  706  707  737  736  733  734    0.0    0.0    0.0
  420  711  710  707  708  738  737  734  735    0.0    0.0    0.0
  421  713  712  709  710  740  739  736  737    0.0    0.0    0.0
  422  714  713  710  711  741  740  737  738    0.0    0.0    0.0
  423  716  715  712  713  743  742  739  740    0.0    0.0    0.0
  424  717  716  713  714  744  743  740  741    0.0    0.0    0.0
  425  719  718  715  716  746  745  742  743    0.0    0.0    0.0
  426  720  719  716  717  747  746  743  744    0.0    0.0    0.0
  427  722  721  718  719  749  748  745  746    0.0    0.0    0.0
  428  723  722  719  720  750  749  746  747    0.0    0.0    0.0
  429  725  724  721  722  752  751  748  749    0.0    0.0    0.0
  430  726  725  722  723  753  752  749  750    0.0    0.0    0.0
  431  728  727  724  725  755  754  751  752    0.0    0.0    0.0
  432  729  728  725  726  756  755  752  753    0.0    0.0    0.0
  433  734  733  730  731  761  760  757  758    0.0    0.0    0.0
  434  735  734  731  732  762  761  758  759    0.0    0.0    0.0
  435  737  736  733  734  764  763  760  761    0.0    0.0    0.0
  436  738  737  734  735  765  764  761  762    0.0    0.0    0.0
  437  740  739  736  737  767  766  763  764    0.0    0.0    0.0
  438  741  740  737  738  768  767  764  765    0.0    0.0    0.0
  439  743  742  739  740  770  769  766  767    0.0    0.0    0.0
  440  744  743  740  741  771  770  767  768    0.0    0.0    0.0
  441  746  745  742  743  773  772  769  770    0.0    0.0    0.0
  442  747  746  743  744  774  773  770  771    0.0    0.0    0.0
  443  749  748  745  746  776  775  772  773    0.0    0.0    0.0
  444  750  749  746  747  777  776  773  774    0.0    0.0    0.0
  445  752  751  748  749  779  778  775  776    0.0    0.0    0.0
  446  753  752  749  750  780  779  776  777    0.0    0.0    0.0
  447  755  754  751  752  782  781  778  779    0.0    0.0    0.0
  448  756  755  752  753  783  782  779  780    0.0    0.0    0.0
  449  761  760  757  758  788  787  784  785    0.0    0.0    0.0
  450  762  761  758  759  789  788  785  786    0.0    0.0    0.0
  451  764  763  760  761  791  790  787  788    0.0    0.0    0.0
  452  765  764  761  762  792  791  788  789    0.0    0.0    0.0
  453  767  766  763  764  794  793  790  791    0.0    0.0    0.0
  454  768  767  764  765  795  794  791  792    0.0    0.0    0.0
  455  770  769  766  767  797  796  793  794    0.0    0.0    0.0
  456  771  770  767  768  798  797  794  795    0.0    0.0    0.0
  457  773  772  769  770  800  799  796  797    0.0    0.0    0.0
  458  774  773  770  771  801  800  797  798    0.0    0.0    0.0
  459  776  775  772  773  803  802  799  800    0.0    0.0    0.0
  460  777  776  773  774  804  803  800  801    0.0    0.0    0.0
  461  779  778  775  776  806  805  802  803    0.0    0.0    0.0
  462  780  779  776  777  807  806  803  804    0.0    0.0    0.0
  463  782  781  778  779  809  808  805  806    0.0    0.0    0.0
  464  783  782  779  780  810  809  806  807    0.0    0.0    0.0
  465  788  787  784  785  815  814  811  812    0.0    0.0    0.0
  466  789  788  785  786  816  815  812  813    0.0    0.0    0.0
  467  791  790  787  788  818  817  814  815    0.0    0.0    0.0
  468  792  791  788  789  819  818  815  816    0.0    0.0    0.0
  469  794  793  790  791  821  820  817  818    0.0    0.0    0.0
  470  795  794  791  792  822  821  818  819    0.0    0.0    0.0
  471  797  796  793  794  824  823  820  821    0.0    0.0    0.0
  472  798  797  794  795  825  824  821  822    0.0    0.0    0.0
  473  800  799  796  797  827  826  823  824    0.0    0.0    0.0
  474  801  800  797  798  828  827  824  825    0.0    0.0    0.0
  475  803  802  799  800  830  829  826  827    0.0    0.0    0.0
  476  804  803  800  801  831  830  827  828    0.0    0.0    0.0
  477  806  805  802  803  833  832  829  830    0.0    0.0    0.0
  478  807  806  803  804  834  833  830  831    0.0    0.0    0.0
  479  809  808  805  806  836  835  832  833    0.0    0.0    0.0
  480  810  809  806  807  837  836  833  834    0.0    0.0    0.0
  481  815  814  811  812  842  841  838  839    0.0    0.0    0.0
  482  816  815  812  813  843  842  839  840    0.0    0.0    0.0
  483  818  817  814  815  845  844  841  842    0.0    0.0    0.0
  484  819  818  815  816  846  845  842  843    0.0    0.0    0.0
  485  821  820  817  818  848  847  844  845    0.0    0.0    0.0
  486  822  821  818  819  849  848  845  846    0.0    0.0    0.0
  487  824  823  820  821  851  850  847  848    0.0    0.0    0.0
  488  825  824  821  822  852  851  848  849    0.0    0.0    0.0
  489  827  826  823  824  854  853  850  851    0.0    0.0    0.0
  490  828  827  824  825  855  854  851  852    0.0    0.0    0.0
  491  830  829  826  827  857  856  853  854    0.0    0.0    0.0
  492  831  830  827  828  858  857  854  855    0.0    0.0    0.0
  493  833  832  829  830  860  859  856  857    0.0    0.0    0.0
  494  834  833  830  831  861  860  857  858    0.0    0.0    0.0
  495  836  835  832  833  863  862  859  860    0.0    0.0    0.0
  496  837  836  833  834  864  863  860  861    0.0    0.0    0.0
  497  842  841  838  839  869  868  865  866    0.0    0.0    0.0
  498  843  842  839  840  870  869  866  867    0.0    0.0    0.0
  499  845  844  841  842  872  871  868  869    0.0    0.0    0.0
  500  846  845  842  843  873  872  869  870    0.0    0.0    0.0
  501  848  847  844  845  875  874  871  872    0.0    0.0    0.0
  502  849  848  845  846  876  875  872  873    0.0    0.0    0.0
  503  851  850  847  848  878  877  874  875    0.0    0.0    0.0
  504  852  851  848  849  879  878  875  876    0.0    0.0    0.0
  505  854  853  850  851  881  880  877  878    0.0    0.0    0.0
  506  855  854  851  852  882  881  878  879    0.0    0.0    0.0
  507  857  856  853  854  884  883  880  881    0.0    0.0    0.0
  508  858  857  854  855  885  884  881  882    0.0    0.0    0.0
  509  860  859  856  857  887  886  883  884    0.0    0.0    0.0
  510  861  860  857  858  888  887  884  885    0.0    0.0    0.0
  511  863  862  859  860  890  889  886  887    0.0    0.0    0.0
  512  864  863  860  861  891  890  887  888    0.0    0.0    0.0
  513  869  868  865  866  896  895  892  893    0.0    0.0    0.0
  514  870  869  866  867  897  896  893  894    0.0    0.0    0.0
  515  872  871  868  869  899  898  895  896    0.0    0.0    0.0
  516  873  872  869  870  900  899  896  897    0.0    0.0    0.0
  517  875  874  871  872  902  901  898  899    0.0    0.0    0.0
  518  876  875  872  873  903  902  899  900    0.0    0.0    0.0
  519  878  877  874  875  905  904  901  902    0.0    0.0    0.0
  520  879  878  875  876  906  905  902  903    0.0    0.0    0.0
  521  881  880  877  878  908  907  904  905    0.0    0.0    0.0
  522  882  881  878  879  909  908  905  906    0.0    0.0    0.0
  523  884  883  880  881  911  910  907  908    0.0    0.0    0.0
  524  885  884  881  882  912  911  908  909    0.0    0.0    0.0
  525  887  886  883  884  914  913  910  911    0.0    0.0    0.0
  526  888  887  884  885  915  914  911  912    0.0    0.0    0.0
  527  890  889  886  887  917  916  913  914    0.0    0.0    0.0
  528  891  890  887  888  918  917  914  915    0.0    0.0    0.0
  529  896  895  892  893  923  922  919  920    0.0    0.0    0.0
  530  897  896  893  894  924  923  920  921    0.0    0.0    0.0
  531  899  898  895  896  926  925  922  923    0.0    0.0    0.0
  532  900  899  896  897  927  926  923  924    0.0    0.0    0.0
  533  902  901  898  899  929  928  925  926    0.0    0.0    0.0
  534  903  902  899  900  930  929  926  927    0.0    0.0    0.0
  535  905  904  901  902  932  931  928  929    0.0    0.0    0.0
  536  906  905  902  903  933  932  929  930    0.0    0.0    0.0
  537  908  907  904  905  935  934  931  932    0.0    0.0    0.0
  538  909  908  905  906  936  935  932  933    0.0    0.0    0.0
  539  911  910  907  908  938  937  934  935    0.0    0.0    0.0
  540  912  911  908  909  939  938  935  936    0.0    0.0    0.0
  541  914  913  910  911  941  940  937  938    0.0    0.0    0.0
  542  915  914  911  912  942  941  938  939    0.0    0.0    0.0
  543  917  916  913  914  944  943  940  941    0.0    0.0    0.0
  544  918  917  914  915  945  944  941  942    0.0    0.0    0.0
  545  923  922  919  920  950  949  946  947    0.0    0.0    0.0
  546  924  923  920  921  951  950  947  948    0.0    0.0    0.0
  547  926  925  922  923  953  952  949  950    0.0    0.0    0.0
  548  927  926  923  924  954  953  950  951    0.0    0.0    0.0
  549  929  928  925  926  956  955  952  953    0.0    0.0    0.0
  550  930  929  926  927  957  956  953  954    0.0    0.0    0.0
  551  932  931  928  929  959  958  955  956    0.0    0.0    0.0
  552  933  932  929  930  960  959  956  957    0.0    0.0    0.0
  553  935  934  931  932  962  961  958  959    0.0    0.0    0.0
  554  936  935  932  933  963  962  959  960    0.0    0.0    0.0
  555  938  937  934  935  965  964  961  962    0.0    0.0    0.0
  556  939  938  935  936  966  965  962  963    0.0    0.0    0.0
  557  941  940  937  938  968  967  964  965    0.0    0.0    0.0
  558  942  941  938  939  969  968  965  966    0.0    0.0    0.0
  559  944  943  940  941  971  970  967  968    0.0    0.0    0.0
  560  945  944  941  942  972  971  968  969    0.0    0.0    0.0
  561  950  949  946  947  977  976  973  974    0.0    0.0    0.0
  562  951  950  947  948  978  977  974  975    0.0    0.0    0.0
  563  953  952  949  950  980  979  976  977    0.0    0.0    0.0
  564  954  953  950  951  981  980  977  978    0.0    0.0    0.0
  565  956  955  952  953  983  982  979  980    0.0    0.0    0.0
  566  957  956  953  954  984  983  980  981    0.0    0.0    0.0
  567  959  958  955  956  986  985  982  983    0.0    0.0    0.0
  568  960  959  956  957  987  986  983  984    0.0    0.0    0.0
  569  962  961  958  959  989  988  985  986    0.0    0.0    0.0
  570  963  962  959  960  990  989  986  987    0.0    0.0    0.0
  571  965  964  961  962  992  991  988  989    0.0    0.0    0.0
  572  966  965  962  963  993  992  989  990    0.0    0.0    0.0
  573  968  967  964  965  995  994  991  992    0.0    0.0    0.0
  574  969  968  965  966  996  995  992  993    0.0    0.0    0.0
  575  971  970  967  968  998  997  994  995    0.0    0.0    0.0
  576  972  971  968  969  999  998  995  996    0.0    0.0    0.0
  577  977  976  973  974 1004 1003 1000 1001    0.0    0.0    0.0
  578  978  977  974  975 1005 1004 1001 1002    0.0    0.0    0.0
  579  980  979  976  977 1007 1006 1003 1004    0.0    0.0    0.0
  580  981  980  977  978 1008 1007 1004 1005    0.0    0.0    0.0
  581  983  982  979  980 1010 1009 1006 1007    0.0    0.0    0.0
  582  984  983  980  981 1011 1010 1007 1008    0.0    0.0    0.0
  583  986  985  982  983 1013 1012 1009 1010    0.0    0.0    0.0
  584  987  986  983  984 1014 1013 1010 1011    0.0    0.0    0.0
  585  989  988  985  986 1016 1015 1012 1013    0.0    0.0    0.0
  586  990  989  986  987 1017 1016 1013 1014    0.0    0.0    0.0
  587  992  991  988  989 1019 1018 1015 1016    0.0    0.0    0.0
  588  993  992  989  990 1020 1019 1016 1017    0.0    0.0    0.0
  589  995  994  991  992 1022 1021 1018 1019    0.0    0.0    0.0
  590  996  995  992  993 1023 1022 1019 1020    0.0    0.0    0.0
  591  998  997  994  995 1025 1024 1021 1022    0.0    0.0    0.0
  592  999  998  995  996 1026 1025 1022 1023    0.0    0.0    0.0
  593 1004 1003 1000 1001 1031 1030 1027 1028    0.0    0.0    0.0
  594 1005 1004 1001 1002 1032 1031 1028 1029    0.0    0.0    0.0
  595 1007 1006 1003 1004 1034 1033 1030 1031    0.0    0.0    0.0
  596 1008 1007 1004 1005 1035 1034 1031 1032    0.0    0.0    0.0
  597 1010 1009 1006 1007 1037 1036 1033 1034    0.0    0.0    0.0
  598 1011 1010 1007 1008 1038 1037 1034 1035    0.0    0.0    0.0
  599 1013 1012 1009 1010 1040 1039 1036 1037    0.0    0.0    0.0
  600 1014 1013 1010 1011 1041 1040 1037 1038    0.0    0.0    0.0
  601 1016 1015 1012 1013 1043 1042 1039 1040    0.0    0.0    0.0
  602 1017 1016 1013 1014 1044 1043 1040 1041    0.0    0.0    0.0
  603 1019 1018 1015 1016 1046 1045 1042 1043    0.0    0.0    0.0
  604 1020 1019 1016 1017 1047 1046 1043 1044    0.0    0.0    0.0
  605 1022 1021 1018 1019 1049 1048 1045 1046    0.0    0.0    0.0
  606 1023 1022 1019 1020 1050 1049 1046 1047    0.0    0.0    0.0
  607 1025 1024 1021 1022 1052 1051 1048 1049    0.0    0.0    0.0
  608 1026 1025 1022 1023 1053 1052 1049 1050    0.0    0.0    0.0
  609 1031 1030 1027 1028 1058 1057 1054 1055    0.0    0.0    0.0
  610 1032 1031 1028 1029 1059 1058 1055 1056    0.0    0.0    0.0
  611 1034 1033 1030 1031 1061 1060 1057 1058    0.0    0.0    0.0
  612 1035 1034 1031 1032 1062 1061 1058 1059    0.0    0.0    0.0
  613 1037 1036 1033 1034 1064 1063 1060 1061    0.0    0.0    0.0
  614 1038 1037 1034 1035 1065 1064 1061 1062    0.0    0.0    0.0
  615 1040 1039 1036 1037 1067 1066 1063 1064    0.0    0.0    0.0
  616 1041 1040 1037 1038 1068 1067 1064 1065    0.0    0.0    0.0
  617 1043 1042 1039 1040 1070 1069 1066 1067    0.0    0.0    0.0
  618 1044 1043 1040 1041 1071 1070 1067 1068    0.0    0.0    0.0
  619 1046 1045 1042 1043 1073 1072 1069 1070    0.0    0.0    0.0
  620 1047 1046 1043 1044 1074 1073 1070 1071    0.0    0.0    0.0
  621 1049 1048 1045 1046 1076 1075 1072 1073    0.0    0.0    0.0
  622 1050 1049 1046 1047 1077 1076 1073 1074    0.0    0.0    0.0
  623 1052 1051 1048 1049 1079 1078 1075 1076    0.0    0.0    0.0
  624 1053 1052 1049 1050 1080 1079 1076 1077    0.0    0.0    0.0
  625 1058 1057 1054 1055 1085 1084 1081 1082    0.0    0.0    0.0
  626 1059 1058 1055 1056 1086 1085 1082 1083    0.0    0.0    0.0
  627 1061 1060 1057 1058 1088 1087 1084 1085    0.0    0.0    0.0
  628 1062 1061 1058 1059 1089 1088 1085 1086    0.0    0.0    0.0
  629 1064 1063 1060 1061 1091 1090 1087 1088    0.0    0.0    0.0
  630 1065 1064 1061 1062 1092 1091 1088 1089    0.0    0.0    0.0
  631 1067 1066 1063 1064 1094 1093 1090 1091    0.0    0.0    0.0
  632 1068 1067 1064 1065 1095 1094 1091 1092    0.0    0.0    0.0
  633 1070 1069 1066 1067 1097 1096 1093 1094    0.0    0.0    0.0
  634 1071 1070 1067 1068 1098 1097 1094 1095    0.0    0.0    0.0
  635 1073 1072 1069 1070 1100 1099 1096 1097    0.0    0.0    0.0
  636 1074 1073 1070 1071 1101 1100 1097 1098    0.0    0.0    0.0
  637 1076 1075 1072 1073 1103 1102 1099 1100    0.0    0.0    0.0
  638 1077 1076 1073 1074 1104 1103 1100 1101    0.0    0.0    0.0
  639 1079 1078 1075 1076 1106 1105 1102 1103    0.0    0.0    0.0
  640 1080 1079 1076 1077 1107 1106 1103 1104    0.0    0.0    0.0
 
Young
    2.00E+11
Poisson
3.0000E-01
