         640
  0.526361E+05
   0.00000E+00  5.00000E-01  5.00000E-01  0.00000E+00  0.00000E+00  0.00000E+00 -2.54222E+05 -9.05903E+04 -8.90048E+04 -3.40514E+04  5.58061E+02 -1.98018E+04  0.00000E+00  5.00000E-01  0.00000E+00  0.00000E+00  0.00000E+00  0.00000E+00 -2.45380E+05 -8.67844E+04 -8.52104E+04 -3.58997E+04 -3.25766E+02 -4.62961E+03  0.00000E+00  0.00000E+00  0.00000E+00  0.00000E+00  0.00000E+00  0.00000E+00 -1.95684E+05 -6.62603E+04 -6.64424E+04 -2.10451E+04  5.63836E+02 -1.65777E+04  0.00000E+00  0.00000E+00  5.00000E-01  0.00000E+00  0.00000E+00  0.00000E+00 -1.87553E+05 -6.27592E+04 -6.29530E+04 -2.28776E+04 -3.19991E+02 -3.82019E+03  5.00000E-01  5.00000E-01  5.00000E-01 -3.29046E-07 -1.62101E-07  2.08540E-19 -2.11954E+05 -2.23099E+04 -1.63928E+04 -1.69476E+04  2.08271E+03 -1.72779E+04  5.00000E-01  5.00000E-01  0.00000E+00 -3.54334E-07 -1.42373E-07 -1.33678E-07 -2.03088E+05 -1.84488E+04 -1.25748E+04 -1.89991E+04 -1.21578E+03 -2.10580E+03  5.00000E-01  0.00000E+00  0.00000E+00 -5.47733E-07 -2.88737E-07 -1.80763E-07 -1.57038E+05 -1.60190E+03 -2.28176E+03 -3.94127E+03  2.10426E+03 -1.42571E+04  5.00000E-01  0.00000E+00  5.00000E-01 -5.18481E-07 -3.08773E-07  2.68687E-20 -1.48884E+05  1.95433E+03  1.23137E+03 -5.97701E+03 -1.19422E+03 -1.49965E+03
   0.00000E+00  5.00000E-01  1.00000E+00  0.00000E+00  0.00000E+00  0.00000E+00 -2.45380E+05 -8.67844E+04 -8.52104E+04 -3.58997E+04  3.25766E+02  4.62961E+03  0.00000E+00  5.00000E-01  5.00000E-01  0.00000E+00  0.00000E+00  0.00000E+00 -2.54222E+05 -9.05903E+04 -8.90048E+04 -3.40514E+04 -5.58061E+02  1.98018E+04  0.00000E+00  0.00000E+00  5.00000E-01  0.00000E+00  0.00000E+00  0.00000E+00 -1.87553E+05 -6.27592E+04 -6.29530E+04 -2.28776E+04  3.19991E+02  3.82019E+03  0.00000E+00  0.00000E+00  1.00000E+00  0.00000E+00  0.00000E+00  0.00000E+00 -1.95684E+05 -6.62603E+04 -6.64424E+04 -2.10451E+04 -5.63836E+02  1.65777E+04  5.00000E-01  5.00000E-01  1.00000E+00 -3.54334E-07 -1.42373E-07  1.33678E-07 -2.03088E+05 -1.84488E+04 -1.25748E+04 -1.89991E+04  1.21578E+03  2.10580E+03  5.00000E-01  5.00000E-01  5.00000E-01 -3.29046E-07 -1.62101E-07  2.08540E-19 -2.11954E+05 -2.23099E+04 -1.63928E+04 -1.69476E+04 -2.08271E+03  1.72779E+04  5.00000E-01  0.00000E+00  5.00000E-01 -5.18481E-07 -3.08773E-07  2.68687E-20 -1.48884E+05  1.95433E+03  1.23137E+03 -5.97701E+03  1.19422E+03  1.49965E+03  5.00000E-01  0.00000E+00  1.00000E+00 -5.47733E-07 -2.88737E-07  1.80763E-07 -1.57038E+05 -1.60190E+03 -2.28176E+03 -3.94127E+03 -2.10426E+03  1.42571E+04
   0.00000E+00  1.00000E+00  5.00000E-01  0.00000E+00  0.00000E+00  0.00000E+00 -1.64458E+05 -6.07296E+04 -5.69963E+04 -1.63286E+04  4.21227E+02 -1.43960E+04  0.00000E+00  1.00000E+00  0.00000E+00  0.00000E+00  0.00000E+00  0.00000E+00 -1.57169E+05 -5.75989E+04 -5.38703E+04 -1.82430E+04 -3.56042E+02 -3.29959E+03  0.00000E+00  5.00000E-01  0.00000E+00  0.00000E+00  0.00000E+00  0.00000E+00 -1.27171E+05 -4.54157E+04 -4.32370E+04 -1.03319E+04  4.23517E+02 -1.16596E+04  0.00000E+00  5.00000E-01  5.00000E-01  0.00000E+00  0.00000E+00  0.00000E+00 -1.21454E+05 -4.29588E+04 -4.07847E+04 -1.22401E+04 -3.53752E+02 -2.68672E+03  5.00000E-01  1.00000E+00  5.00000E-01 -2.12264E-07 -9.44918E-08  2.65298E-19 -1.38819E+05 -2.30965E+04 -9.16393E+03 -5.34213E+03  1.57204E+03 -1.23142E+04  5.00000E-01  1.00000E+00  0.00000E+00 -2.28794E-07 -7.48860E-08 -9.22685E-08 -1.31520E+05 -1.99440E+04 -6.02851E+03 -7.70566E+03 -1.32877E+03 -1.21786E+03  5.00000E-01  5.00000E-01  0.00000E+00 -3.54334E-07 -1.42373E-07 -1.33678E-07 -1.04717E+05 -1.09680E+04 -2.83700E+03  6.54564E+02  1.58059E+03 -1.00270E+04  5.00000E-01  5.00000E-01  5.00000E-01 -3.29046E-07 -1.62101E-07  2.08540E-19 -9.89903E+04 -8.48920E+03 -3.75292E+02 -1.70271E+03 -1.32022E+03 -1.05413E+03
   0.00000E+00  1.00000E+00  1.00000E+00  0.00000E+00  0.00000E+00  0.00000E+00 -1.57169E+05 -5.75989E+04 -5.38703E+04 -1.82430E+04  3.56042E+02  3.29959E+03  0.00000E+00  1.00000E+00  5.00000E-01  0.00000E+00  0.00000E+00  0.00000E+00 -1.64458E+05 -6.07296E+04 -5.69963E+04 -1.63286E+04 -4.21227E+02  1.43960E+04  0.00000E+00  5.00000E-01  5.00000E-01  0.00000E+00  0.00000E+00  0.00000E+00 -1.21454E+05 -4.29588E+04 -4.07847E+04 -1.22401E+04  3.53752E+02  2.68672E+03  0.00000E+00  5.00000E-01  1.00000E+00  0.00000E+00  0.00000E+00  0.00000E+00 -1.27171E+05 -4.54157E+04 -4.32370E+04 -1.03319E+04 -4.23517E+02  1.16596E+04  5.00000E-01  1.00000E+00  1.00000E+00 -2.28794E-07 -7.48860E-08  9.22685E-08 -1.31520E+05 -1.99440E+04 -6.02851E+03 -7.70566E+03  1.32877E+03  1.21786E+03  5.00000E-01  1.00000E+00  5.00000E-01 -2.12264E-07 -9.44918E-08  2.65298E-19 -1.38819E+05 -2.30965E+04 -9.16393E+03 -5.34213E+03 -1.57204E+03  1.23142E+04  5.00000E-01  5.00000E-01  5.00000E-01 -3.29046E-07 -1.62101E-07  2.08540E-19 -9.89903E+04 -8.48920E+03 -3.75292E+02 -1.70271E+03  1.32022E+03  1.05413E+03  5.00000E-01  5.00000E-01  1.00000E+00 -3.54334E-07 -1.42373E-07  1.33678E-07 -1.04717E+05 -1.09680E+04 -2.83700E+03  6.54564E+02 -1.58059E+03  1.00270E+04
   0.00000E+00  1.50000E+00  5.00000E-01  0.00000E+00  0.00000E+00  0.00000E+00 -1.02688E+05 -3.87695E+04 -3.54573E+04 -7.39901E+03  5.32693E+02 -9.53736E+03  0.00000E+00  1.50000E+00  0.00000E+00  0.00000E+00  0.00000E+00  0.00000E+00 -9.81073E+04 -3.68546E+04 -3.35086E+04 -9.30951E+03 -3.28418E+02 -2.20289E+03  0.00000E+00  1.00000E+00  0.00000E+00  0.00000E+00  0.00000E+00  0.00000E+00 -6.83052E+04 -2.47720E+04 -2.31821E+04 -4.58903E+03  5.15775E+02 -6.47578E+03  0.00000E+00  1.00000E+00  5.00000E-01  0.00000E+00  0.00000E+00  0.00000E+00 -6.51790E+04 -2.34806E+04 -2.18568E+04 -6.54575E+03 -3.45335E+02 -1.49391E+03  5.00000E-01  1.50000E+00  5.00000E-01 -1.03903E-07 -6.35670E-08  2.82332E-19 -8.74715E+04 -1.79328E+04 -5.57172E+03  2.79374E+03  1.98804E+03 -8.22129E+03  5.00000E-01  1.50000E+00  0.00000E+00 -1.12327E-07 -4.30599E-08 -4.63928E-08 -8.29599E+04 -1.61797E+04 -3.69233E+03  4.67620E+02 -1.22567E+03 -8.86826E+02  5.00000E-01  1.00000E+00  0.00000E+00 -2.28794E-07 -7.48860E-08 -9.22685E-08 -5.66174E+04 -7.46428E+03 -1.53057E+03  5.60372E+03  1.92490E+03 -5.57534E+03  5.00000E-01  1.00000E+00  5.00000E-01 -2.12264E-07 -9.44918E-08  2.65298E-19 -5.35606E+04 -6.33461E+03 -2.74624E+02  3.23138E+03 -1.28881E+03 -5.93472E+02
   0.00000E+00  1.50000E+00  1.00000E+00  0.00000E+00  0.00000E+00  0.00000E+00 -9.81073E+04 -3.68546E+04 -3.35086E+04 -9.30951E+03  3.28418E+02  2.20289E+03  0.00000E+00  1.50000E+00  5.00000E-01  0.00000E+00  0.00000E+00  0.00000E+00 -1.02688E+05 -3.87695E+04 -3.54573E+04 -7.39901E+03 -5.32693E+02  9.53736E+03  0.00000E+00  1.00000E+00  5.00000E-01  0.00000E+00  0.00000E+00  0.00000E+00 -6.51790E+04 -2.34806E+04 -2.18568E+04 -6.54575E+03  3.45335E+02  1.49391E+03  0.00000E+00  1.00000E+00  1.00000E+00  0.00000E+00  0.00000E+00  0.00000E+00 -6.83052E+04 -2.47720E+04 -2.31821E+04 -4.58903E+03 -5.15775E+02  6.47578E+03  5.00000E-01  1.50000E+00  1.00000E+00 -1.12327E-07 -4.30599E-08  4.63928E-08 -8.29599E+04 -1.61797E+04 -3.69233E+03  4.67620E+02  1.22567E+03  8.86826E+02  5.00000E-01  1.50000E+00  5.00000E-01 -1.03903E-07 -6.35670E-08  2.82332E-19 -8.74715E+04 -1.79328E+04 -5.57172E+03  2.79374E+03 -1.98804E+03  8.22129E+03  5.00000E-01  1.00000E+00  5.00000E-01 -2.12264E-07 -9.44918E-08  2.65298E-19 -5.35606E+04 -6.33461E+03 -2.74624E+02  3.23138E+03  1.28881E+03  5.93472E+02  5.00000E-01  1.00000E+00  1.00000E+00 -2.28794E-07 -7.48860E-08  9.22685E-08 -5.66174E+04 -7.46428E+03 -1.53057E+03  5.60372E+03 -1.92490E+03  5.57534E+03
   0.00000E+00  2.00000E+00  5.00000E-01  0.00000E+00  0.00000E+00  0.00000E+00 -4.46990E+04 -1.72556E+04 -1.54935E+04 -3.38874E+03  5.21763E+02 -4.22348E+03  0.00000E+00  2.00000E+00  0.00000E+00  0.00000E+00  0.00000E+00  0.00000E+00 -4.26379E+04 -1.63807E+04 -1.46127E+04 -5.37133E+03 -3.49055E+02 -9.73543E+02  0.00000E+00  1.50000E+00  0.00000E+00  0.00000E+00  0.00000E+00  0.00000E+00 -1.16383E+04 -3.83314E+03 -3.81270E+03 -2.54584E+03  5.18810E+02 -1.13168E+03  0.00000E+00  1.50000E+00  5.00000E-01  0.00000E+00  0.00000E+00  0.00000E+00 -1.10892E+04 -3.60627E+03 -3.57993E+03 -4.53650E+03 -3.52008E+02 -2.60860E+02  5.00000E-01  2.00000E+00  5.00000E-01  9.09233E-22 -5.42014E-08  2.81015E-19 -3.85598E+04 -9.43055E+03 -2.85440E+03  6.43040E+03  1.94725E+03 -3.63331E+03  5.00000E-01  2.00000E+00  0.00000E+00  5.35429E-19 -3.35370E-08  4.12655E-19 -3.65107E+04 -8.58387E+03 -1.98568E+03  4.01577E+03 -1.30269E+03 -3.83372E+02  5.00000E-01  1.50000E+00  0.00000E+00 -1.12327E-07 -4.30599E-08 -4.63928E-08 -9.06771E+03  4.23244E+02  4.99516E+02  7.27330E+03  1.93623E+03 -9.73543E+02  5.00000E-01  1.50000E+00  5.00000E-01 -1.03903E-07 -6.35670E-08  2.82332E-19 -8.53077E+03  6.21877E+02  7.20189E+02  4.85061E+03 -1.31371E+03 -1.02724E+02
   0.00000E+00  2.00000E+00  1.00000E+00  0.00000E+00  0.00000E+00  0.00000E+00 -4.26379E+04 -1.63807E+04 -1.46127E+04 -5.37133E+03  3.49055E+02  9.73543E+02  0.00000E+00  2.00000E+00  5.00000E-01  0.00000E+00  0.00000E+00  0.00000E+00 -4.46990E+04 -1.72556E+04 -1.54935E+04 -3.38874E+03 -5.21763E+02  4.22348E+03  0.00000E+00  1.50000E+00  5.00000E-01  0.00000E+00  0.00000E+00  0.00000E+00 -1.10892E+04 -3.60627E+03 -3.57993E+03 -4.53650E+03  3.52008E+02  2.60860E+02  0.00000E+00  1.50000E+00  1.00000E+00  0.00000E+00  0.00000E+00  0.00000E+00 -1.16383E+04 -3.83314E+03 -3.81270E+03 -2.54584E+03 -5.18810E+02  1.13168E+03  5.00000E-01  2.00000E+00  1.00000E+00 -5.33522E-19 -3.35370E-08  4.11812E-19 -3.65107E+04 -8.58387E+03 -1.98568E+03  4.01577E+03  1.30269E+03  3.83372E+02  5.00000E-01  2.00000E+00  5.00000E-01  9.09233E-22 -5.42014E-08  2.81015E-19 -3.85598E+04 -9.43055E+03 -2.85440E+03  6.43040E+03 -1.94725E+03  3.63331E+03  5.00000E-01  1.50000E+00  5.00000E-01 -1.03903E-07 -6.35670E-08  2.82332E-19 -8.53077E+03  6.21877E+02  7.20189E+02  4.85061E+03  1.31371E+03  1.02724E+02  5.00000E-01  1.50000E+00  1.00000E+00 -1.12327E-07 -4.30599E-08  4.63928E-08 -9.06771E+03  4.23244E+02  4.99516E+02  7.27330E+03 -1.93623E+03  9.73543E+02
   0.00000E+00  2.50000E+00  5.00000E-01  0.00000E+00  0.00000E+00  0.00000E+00  1.16383E+04  3.83314E+03  3.81270E+03 -2.54584E+03  5.18810E+02  1.13168E+03  0.00000E+00  2.50000E+00  0.00000E+00  0.00000E+00  0.00000E+00  0.00000E+00  1.10892E+04  3.60627E+03  3.57993E+03 -4.53650E+03 -3.52008E+02  2.60860E+02  0.00000E+00  2.00000E+00  0.00000E+00  0.00000E+00  0.00000E+00  0.00000E+00  4.46990E+04  1.72556E+04  1.54935E+04 -3.38874E+03  5.21763E+02  4.22348E+03  0.00000E+00  2.00000E+00  5.00000E-01  0.00000E+00  0.00000E+00  0.00000E+00  4.26379E+04  1.63807E+04  1.46127E+04 -5.37133E+03 -3.49055E+02  9.73543E+02  5.00000E-01  2.50000E+00  5.00000E-01  1.03903E-07 -6.35670E-08  2.66584E-19  9.06771E+03 -4.23244E+02 -4.99516E+02  7.27330E+03  1.93623E+03  9.73543E+02  5.00000E-01  2.50000E+00  0.00000E+00  1.12327E-07 -4.30599E-08  4.63928E-08  8.53077E+03 -6.21877E+02 -7.20189E+02  4.85061E+03 -1.31371E+03  1.02724E+02  5.00000E-01  2.00000E+00  0.00000E+00  5.35429E-19 -3.35370E-08  4.12655E-19  3.85598E+04  9.43055E+03  2.85440E+03  6.43040E+03  1.94725E+03  3.63331E+03  5.00000E-01  2.00000E+00  5.00000E-01  9.09233E-22 -5.42014E-08  2.81015E-19  3.65107E+04  8.58387E+03  1.98568E+03  4.01577E+03 -1.30269E+03  3.83372E+02
   0.00000E+00  2.50000E+00  1.00000E+00  0.00000E+00  0.00000E+00  0.00000E+00  1.10892E+04  3.60627E+03  3.57993E+03 -4.53650E+03  3.52008E+02 -2.60860E+02  0.00000E+00  2.50000E+00  5.00000E-01  0.00000E+00  0.00000E+00  0.00000E+00  1.16383E+04  3.83314E+03  3.81270E+03 -2.54584E+03 -5.18810E+02 -1.13168E+03  0.00000E+00  2.00000E+00  5.00000E-01  0.00000E+00  0.00000E+00  0.00000E+00  4.26379E+04  1.63807E+04  1.46127E+04 -5.37133E+03  3.49055E+02 -9.73543E+02  0.00000E+00  2.00000E+00  1.00000E+00  0.00000E+00  0.00000E+00  0.00000E+00  4.46990E+04  1.72556E+04  1.54935E+04 -3.38874E+03 -5.21763E+02 -4.22348E+03  5.00000E-01  2.50000E+00  1.00000E+00  1.12327E-07 -4.30599E-08 -4.63928E-08  8.53077E+03 -6.21877E+02 -7.20189E+02  4.85061E+03  1.31371E+03 -1.02724E+02  5.00000E-01  2.50000E+00  5.00000E-01  1.03903E-07 -6.35670E-08  2.66584E-19  9.06771E+03 -4.23244E+02 -4.99516E+02  7.27330E+03 -1.93623E+03 -9.73543E+02  5.00000E-01  2.00000E+00  5.00000E-01  9.09233E-22 -5.42014E-08  2.81015E-19  3.65107E+04  8.58387E+03  1.98568E+03  4.01577E+03  1.30269E+03 -3.83372E+02  5.00000E-01  2.00000E+00  1.00000E+00 -5.33522E-19 -3.35370E-08  4.11812E-19  3.85598E+04  9.43055E+03  2.85440E+03  6.43040E+03 -1.94725E+03 -3.63331E+03
   0.00000E+00  3.00000E+00  5.00000E-01  0.00000E+00  0.00000E+00  0.00000E+00  6.83052E+04  2.47720E+04  2.31821E+04 -4.58903E+03  5.15775E+02  6.47578E+03  0.00000E+00  3.00000E+00  0.00000E+00  0.00000E+00  0.00000E+00  0.00000E+00  6.51790E+04  2.34806E+04  2.18568E+04 -6.54575E+03 -3.45335E+02  1.49391E+03  0.00000E+00  2.50000E+00  0.00000E+00  0.00000E+00  0.00000E+00  0.00000E+00  1.02688E+05  3.87695E+04  3.54573E+04 -7.39901E+03  5.32693E+02  9.53736E+03  0.00000E+00  2.50000E+00  5.00000E-01  0.00000E+00  0.00000E+00  0.00000E+00  9.81073E+04  3.68546E+04  3.35086E+04 -9.30951E+03 -3.28418E+02  2.20289E+03  5.00000E-01  3.00000E+00  5.00000E-01  2.12264E-07 -9.44918E-08  2.32076E-19  5.66174E+04  7.46428E+03  1.53057E+03  5.60372E+03  1.92490E+03  5.57534E+03  5.00000E-01  3.00000E+00  0.00000E+00  2.28794E-07 -7.48860E-08  9.22685E-08  5.35606E+04  6.33461E+03  2.74624E+02  3.23138E+03 -1.28881E+03  5.93472E+02  5.00000E-01  2.50000E+00  0.00000E+00  1.12327E-07 -4.30599E-08  4.63928E-08  8.74715E+04  1.79328E+04  5.57172E+03  2.79374E+03  1.98804E+03  8.22129E+03  5.00000E-01  2.50000E+00  5.00000E-01  1.03903E-07 -6.35670E-08  2.66584E-19  8.29599E+04  1.61797E+04  3.69233E+03  4.67620E+02 -1.22567E+03  8.86826E+02
   0.00000E+00  3.00000E+00  1.00000E+00  0.00000E+00  0.00000E+00  0.00000E+00  6.51790E+04  2.34806E+04  2.18568E+04 -6.54575E+03  3.45335E+02 -1.49391E+03  0.00000E+00  3.00000E+00  5.00000E-01  0.00000E+00  0.00000E+00  0.00000E+00  6.83052E+04  2.47720E+04  2.31821E+04 -4.58903E+03 -5.15775E+02 -6.47578E+03  0.00000E+00  2.50000E+00  5.00000E-01  0.00000E+00  0.00000E+00  0.00000E+00  9.81073E+04  3.68546E+04  3.35086E+04 -9.30951E+03  3.28418E+02 -2.20289E+03  0.00000E+00  2.50000E+00  1.00000E+00  0.00000E+00  0.00000E+00  0.00000E+00  1.02688E+05  3.87695E+04  3.54573E+04 -7.39901E+03 -5.32693E+02 -9.53736E+03  5.00000E-01  3.00000E+00  1.00000E+00  2.28794E-07 -7.48860E-08 -9.22685E-08  5.35606E+04  6.33461E+03  2.74624E+02  3.23138E+03  1.28881E+03 -5.93472E+02  5.00000E-01  3.00000E+00  5.00000E-01  2.12264E-07 -9.44918E-08  2.32076E-19  5.66174E+04  7.46428E+03  1.53057E+03  5.60372E+03 -1.92490E+03 -5.57534E+03  5.00000E-01  2.50000E+00  5.00000E-01  1.03903E-07 -6.35670E-08  2.66584E-19  8.29599E+04  1.61797E+04  3.69233E+03  4.67620E+02  1.22567E+03 -8.86826E+02  5.00000E-01  2.50000E+00  1.00000E+00  1.12327E-07 -4.30599E-08 -4.63928E-08  8.74715E+04  1.79328E+04  5.57172E+03  2.79374E+03 -1.98804E+03 -8.22129E+03
   0.00000E+00  3.50000E+00  5.00000E-01  0.00000E+00  0.00000E+00  0.00000E+00  1.27171E+05  4.54157E+04  4.32370E+04 -1.03319E+04  4.23517E+02  1.16596E+04  0.00000E+00  3.50000E+00  0.00000E+00  0.00000E+00  0.00000E+00  0.00000E+00  1.21454E+05  4.29588E+04  4.07847E+04 -1.22401E+04 -3.53752E+02  2.68672E+03  0.00000E+00  3.00000E+00  0.00000E+00  0.00000E+00  0.00000E+00  0.00000E+00  1.64458E+05  6.07296E+04  5.69963E+04 -1.63286E+04  4.21227E+02  1.43960E+04  0.00000E+00  3.00000E+00  5.00000E-01  0.00000E+00  0.00000E+00  0.00000E+00  1.57169E+05  5.75989E+04  5.38703E+04 -1.82430E+04 -3.56042E+02  3.29959E+03  5.00000E-01  3.50000E+00  5.00000E-01  3.29046E-07 -1.62101E-07  1.55122E-19  1.04717E+05  1.09680E+04  2.83700E+03  6.54564E+02  1.58059E+03  1.00270E+04  5.00000E-01  3.50000E+00  0.00000E+00  3.54334E-07 -1.42373E-07  1.33678E-07  9.89903E+04  8.48920E+03  3.75292E+02 -1.70271E+03 -1.32022E+03  1.05413E+03  5.00000E-01  3.00000E+00  0.00000E+00  2.28794E-07 -7.48860E-08  9.22685E-08  1.38819E+05  2.30965E+04  9.16393E+03 -5.34213E+03  1.57204E+03  1.23142E+04  5.00000E-01  3.00000E+00  5.00000E-01  2.12264E-07 -9.44918E-08  2.32076E-19  1.31520E+05  1.99440E+04  6.02851E+03 -7.70566E+03 -1.32877E+03  1.21786E+03
   0.00000E+00  3.50000E+00  1.00000E+00  0.00000E+00  0.00000E+00  0.00000E+00  1.21454E+05  4.29588E+04  4.07847E+04 -1.22401E+04  3.53752E+02 -2.68672E+03  0.00000E+00  3.50000E+00  5.00000E-01  0.00000E+00  0.00000E+00  0.00000E+00  1.27171E+05  4.54157E+04  4.32370E+04 -1.03319E+04 -4.23517E+02 -1.16596E+04  0.00000E+00  3.00000E+00  5.00000E-01  0.00000E+00  0.00000E+00  0.00000E+00  1.57169E+05  5.75989E+04  5.38703E+04 -1.82430E+04  3.56042E+02 -3.29959E+03  0.00000E+00  3.00000E+00  1.00000E+00  0.00000E+00  0.00000E+00  0.00000E+00  1.64458E+05  6.07296E+04  5.69963E+04 -1.63286E+04 -4.21227E+02 -1.43960E+04  5.00000E-01  3.50000E+00  1.00000E+00  3.54334E-07 -1.42373E-07 -1.33678E-07  9.89903E+04  8.48920E+03  3.75292E+02 -1.70271E+03  1.32022E+03 -1.05413E+03  5.00000E-01  3.50000E+00  5.00000E-01  3.29046E-07 -1.62101E-07  1.55122E-19  1.04717E+05  1.09680E+04  2.83700E+03  6.54564E+02 -1.58059E+03 -1.00270E+04  5.00000E-01  3.00000E+00  5.00000E-01  2.12264E-07 -9.44918E-08  2.32076E-19  1.31520E+05  1.99440E+04  6.02851E+03 -7.70566E+03  1.32877E+03 -1.21786E+03  5.00000E-01  3.00000E+00  1.00000E+00  2.28794E-07 -7.48860E-08 -9.22685E-08  1.38819E+05  2.30965E+04  9.16393E+03 -5.34213E+03 -1.57204E+03 -1.23142E+04
   0.00000E+00  4.00000E+00  5.00000E-01  0.00000E+00  0.00000E+00  0.00000E+00  1.95684E+05  6.62603E+04  6.64424E+04 -2.10451E+04  5.63836E+02  1.65777E+04  0.00000E+00  4.00000E+00  0.00000E+00  0.00000E+00  0.00000E+00  0.00000E+00  1.87553E+05  6.27592E+04  6.29530E+04 -2.28776E+04 -3.19991E+02  3.82019E+03  0.00000E+00  3.50000E+00  0.00000E+00  0.00000E+00  0.00000E+00  0.00000E+00  2.54222E+05  9.05903E+04  8.90048E+04 -3.40514E+04  5.58061E+02  1.98018E+04  0.00000E+00  3.50000E+00  5.00000E-01  0.00000E+00  0.00000E+00  0.00000E+00  2.45380E+05  8.67844E+04  8.52104E+04 -3.58997E+04 -3.25766E+02  4.62961E+03  5.00000E-01  4.00000E+00  5.00000E-01  5.18481E-07 -3.08773E-07 -4.45320E-20  1.57038E+05  1.60190E+03  2.28176E+03 -3.94127E+03  2.10426E+03  1.42571E+04  5.00000E-01  4.00000E+00  0.00000E+00  5.47733E-07 -2.88737E-07  1.80763E-07  1.48884E+05 -1.95433E+03 -1.23137E+03 -5.97701E+03 -1.19422E+03  1.49965E+03  5.00000E-01  3.50000E+00  0.00000E+00  3.54334E-07 -1.42373E-07  1.33678E-07  2.11954E+05  2.23099E+04  1.63928E+04 -1.69476E+04  2.08271E+03  1.72779E+04  5.00000E-01  3.50000E+00  5.00000E-01  3.29046E-07 -1.62101E-07  1.55122E-19  2.03088E+05  1.84488E+04  1.25748E+04 -1.89991E+04 -1.21578E+03  2.10580E+03
   0.00000E+00  4.00000E+00  1.00000E+00  0.00000E+00  0.00000E+00  0.00000E+00  1.87553E+05  6.27592E+04  6.29530E+04 -2.28776E+04  3.19991E+02 -3.82019E+03  0.00000E+00  4.00000E+00  5.00000E-01  0.00000E+00  0.00000E+00  0.00000E+00  1.95684E+05  6.62603E+04  6.64424E+04 -2.10451E+04 -5.63836E+02 -1.65777E+04  0.00000E+00  3.50000E+00  5.00000E-01  0.00000E+00  0.00000E+00  0.00000E+00  2.45380E+05  8.67844E+04  8.52104E+04 -3.58997E+04  3.25766E+02 -4.62961E+03  0.00000E+00  3.50000E+00  1.00000E+00  0.00000E+00  0.00000E+00  0.00000E+00  2.54222E+05  9.05903E+04  8.90048E+04 -3.40514E+04 -5.58061E+02 -1.98018E+04  5.00000E-01  4.00000E+00  1.00000E+00  5.47733E-07 -2.88737E-07 -1.80763E-07  1.48884E+05 -1.95433E+03 -1.23137E+03 -5.97701E+03  1.19422E+03 -1.49965E+03  5.00000E-01  4.00000E+00  5.00000E-01  5.18481E-07 -3.08773E-07 -4.45320E-20  1.57038E+05  1.60190E+03  2.28176E+03 -3.94127E+03 -2.10426E+03 -1.42571E+04  5.00000E-01  3.50000E+00  5.00000E-01  3.29046E-07 -1.62101E-07  1.55122E-19  2.03088E+05  1.84488E+04  1.25748E+04 -1.89991E+04  1.21578E+03 -2.10580E+03  5.00000E-01  3.50000E+00  1.00000E+00  3.54334E-07 -1.42373E-07 -1.33678E-07  2.11954E+05  2.23099E+04  1.63928E+04 -1.69476E+04 -2.08271E+03 -1.72779E+04
   5.00000E-01  5.00000E-01  5.00000E-01 -3.29046E-07 -1.62101E-07  2.08540E-19 -1.95522E+05  1.29322E+03  8.53560E+03 -7.49695E+03  2.28881E+03  5.55573E+03  5.00000E-01  5.00000E-01  0.00000E+00 -3.54334E-07 -1.42373E-07 -1.33678E-07 -2.04931E+05 -2.46871E+03  4.58433E+03 -7.94633E+03 -1.68690E+03  3.95753E+03  5.00000E-01  0.00000E+00  0.00000E+00 -5.47733E-07 -2.88737E-07 -1.80763E-07 -1.64881E+05  1.10175E+04  1.03085E+04 -8.73967E+03  2.38347E+03  4.52580E+03  5.00000E-01  0.00000E+00  5.00000E-01 -5.18481E-07 -3.08773E-07  2.68687E-20 -1.73398E+05  7.63766E+03  6.73928E+03 -9.00507E+03 -1.59223E+03  3.49206E+03  1.00000E+00  5.00000E-01  5.00000E-01 -7.53500E-07 -4.38769E-07  9.85989E-19 -1.99783E+05 -5.45357E+03  1.07782E+03  2.96163E+03  1.32722E+03  2.82688E+03  1.00000E+00  5.00000E-01  0.00000E+00 -7.51983E-07 -4.19726E-07 -1.24365E-07 -2.08916E+05 -8.57160E+03 -2.59749E+03  2.76695E+03 -2.08403E+03  1.22868E+03  1.00000E+00  0.00000E+00  0.00000E+00 -1.06208E-06 -5.51341E-07 -1.60444E-07 -1.68295E+05  5.11744E+03  4.82634E+03  1.71892E+03  1.60586E+03  2.05165E+03  1.00000E+00  0.00000E+00  5.00000E-01 -1.06460E-06 -5.74280E-07  7.10237E-19 -1.76537E+05  2.38147E+03  1.53309E+03  1.70822E+03 -1.80539E+03  1.01791E+03
   5.00000E-01  5.00000E-01  1.00000E+00 -3.54334E-07 -1.42373E-07  1.33678E-07 -2.04931E+05 -2.46871E+03  4.58433E+03 -7.94633E+03  1.68690E+03 -3.95753E+03  5.00000E-01  5.00000E-01  5.00000E-01 -3.29046E-07 -1.62101E-07  2.08540E-19 -1.95522E+05  1.29322E+03  8.53560E+03 -7.49695E+03 -2.28881E+03 -5.55573E+03  5.00000E-01  0.00000E+00  5.00000E-01 -5.18481E-07 -3.08773E-07  2.68687E-20 -1.73398E+05  7.63766E+03  6.73928E+03 -9.00507E+03  1.59223E+03 -3.49206E+03  5.00000E-01  0.00000E+00  1.00000E+00 -5.47733E-07 -2.88737E-07  1.80763E-07 -1.64881E+05  1.10175E+04  1.03085E+04 -8.73967E+03 -2.38347E+03 -4.52580E+03  1.00000E+00  5.00000E-01  1.00000E+00 -7.51983E-07 -4.19726E-07  1.24365E-07 -2.08916E+05 -8.57160E+03 -2.59749E+03  2.76695E+03  2.08403E+03 -1.22868E+03  1.00000E+00  5.00000E-01  5.00000E-01 -7.53500E-07 -4.38769E-07  9.85989E-19 -1.99783E+05 -5.45357E+03  1.07782E+03  2.96163E+03 -1.32722E+03 -2.82688E+03  1.00000E+00  0.00000E+00  5.00000E-01 -1.06460E-06 -5.74280E-07  7.10237E-19 -1.76537E+05  2.38147E+03  1.53309E+03  1.70822E+03  1.80539E+03 -1.01791E+03  1.00000E+00  0.00000E+00  1.00000E+00 -1.06208E-06 -5.51341E-07  1.60444E-07 -1.68295E+05  5.11744E+03  4.82634E+03  1.71892E+03 -1.60586E+03 -2.05165E+03
   5.00000E-01  1.00000E+00  5.00000E-01 -2.12264E-07 -9.44918E-08  2.65298E-19 -1.54938E+05 -1.77406E+04 -2.60161E+03 -1.78467E+04  1.98459E+03  3.90004E+03  5.00000E-01  1.00000E+00  0.00000E+00 -2.28794E-07 -7.48860E-08 -9.22685E-08 -1.62674E+05 -2.10585E+04 -5.91770E+03 -1.84045E+04 -1.67398E+03  3.09241E+03  5.00000E-01  5.00000E-01  0.00000E+00 -3.54334E-07 -1.42373E-07 -1.33678E-07 -1.14493E+05 -3.54275E+03  4.27914E+03 -1.52027E+04  1.98372E+03  3.22038E+03  5.00000E-01  5.00000E-01  5.00000E-01 -3.29046E-07 -1.62101E-07  2.08540E-19 -1.20593E+05 -6.15955E+03  1.66408E+03 -1.57924E+04 -1.67485E+03  2.46604E+03  1.00000E+00  1.00000E+00  5.00000E-01 -4.81778E-07 -3.41884E-07  1.11952E-18 -1.52184E+05 -9.69785E+03 -1.46220E+03 -4.72290E+03  1.96089E+03  1.69019E+03  1.00000E+00  1.00000E+00  0.00000E+00 -4.80616E-07 -3.22339E-07 -8.39955E-08 -1.59968E+05 -1.31277E+04 -4.82628E+03 -4.81333E+03 -1.64440E+03  8.82560E+02  1.00000E+00  5.00000E-01  0.00000E+00 -7.51983E-07 -4.19726E-07 -1.24365E-07 -1.11658E+05  4.57998E+03  5.60505E+03 -2.07883E+03  1.92802E+03  1.47788E+03  1.00000E+00  5.00000E-01  5.00000E-01 -7.53500E-07 -4.38769E-07  9.85989E-19 -1.17806E+05  1.85120E+03  2.94200E+03 -2.20126E+03 -1.67726E+03  7.23538E+02
   5.00000E-01  1.00000E+00  1.00000E+00 -2.28794E-07 -7.48860E-08  9.22685E-08 -1.62674E+05 -2.10585E+04 -5.91770E+03 -1.84045E+04  1.67398E+03 -3.09241E+03  5.00000E-01  1.00000E+00  5.00000E-01 -2.12264E-07 -9.44918E-08  2.65298E-19 -1.54938E+05 -1.77406E+04 -2.60161E+03 -1.78467E+04 -1.98459E+03 -3.90004E+03  5.00000E-01  5.00000E-01  5.00000E-01 -3.29046E-07 -1.62101E-07  2.08540E-19 -1.20593E+05 -6.15955E+03  1.66408E+03 -1.57924E+04  1.67485E+03 -2.46604E+03  5.00000E-01  5.00000E-01  1.00000E+00 -3.54334E-07 -1.42373E-07  1.33678E-07 -1.14493E+05 -3.54275E+03  4.27914E+03 -1.52027E+04 -1.98372E+03 -3.22038E+03  1.00000E+00  1.00000E+00  1.00000E+00 -4.80616E-07 -3.22339E-07  8.39955E-08 -1.59968E+05 -1.31277E+04 -4.82628E+03 -4.81333E+03  1.64440E+03 -8.82560E+02  1.00000E+00  1.00000E+00  5.00000E-01 -4.81778E-07 -3.41884E-07  1.11952E-18 -1.52184E+05 -9.69785E+03 -1.46220E+03 -4.72290E+03 -1.96089E+03 -1.69019E+03  1.00000E+00  5.00000E-01  5.00000E-01 -7.53500E-07 -4.38769E-07  9.85989E-19 -1.17806E+05  1.85120E+03  2.94200E+03 -2.20126E+03  1.67726E+03 -7.23538E+02  1.00000E+00  5.00000E-01  1.00000E+00 -7.51983E-07 -4.19726E-07  1.24365E-07 -1.11658E+05  4.57998E+03  5.60505E+03 -2.07883E+03 -1.92802E+03 -1.47788E+03
   5.00000E-01  1.50000E+00  5.00000E-01 -1.03903E-07 -6.35670E-08  2.82332E-19 -9.58155E+04 -1.45664E+04 -7.04527E+02 -1.55190E+04  2.41044E+03  2.65291E+03  5.00000E-01  1.50000E+00  0.00000E+00 -1.12327E-07 -4.30599E-08 -4.63928E-08 -1.00858E+05 -1.69379E+04 -2.92870E+03 -1.60648E+04 -1.58048E+03  2.00197E+03  5.00000E-01  1.00000E+00  0.00000E+00 -2.28794E-07 -7.48860E-08 -9.22685E-08 -6.13833E+04 -3.23053E+03  2.64953E+03 -1.36955E+04  2.33679E+03  1.78220E+03  5.00000E-01  1.00000E+00  5.00000E-01 -2.12264E-07 -9.44918E-08  2.65298E-19 -6.48737E+04 -4.93687E+03  1.09049E+03 -1.42238E+04 -1.65413E+03  1.36048E+03  1.00000E+00  1.50000E+00  5.00000E-01 -2.36584E-07 -2.90161E-07  1.16678E-18 -9.40567E+04 -9.16069E+03 -2.47605E+02 -3.97080E+03  2.10911E+03  1.24377E+03  1.00000E+00  1.50000E+00  0.00000E+00 -2.35963E-07 -2.70056E-07 -4.25896E-08 -9.90729E+04 -1.14709E+04 -2.44553E+03 -4.07318E+03 -1.65259E+03  5.92835E+02  1.00000E+00  1.00000E+00  0.00000E+00 -4.80616E-07 -3.22339E-07 -8.39955E-08 -5.92806E+04  2.51904E+03  3.90873E+03 -2.14734E+03  2.05296E+03  8.16490E+02  1.00000E+00  1.00000E+00  5.00000E-01 -4.81778E-07 -3.41884E-07  1.11952E-18 -6.27449E+04  8.73955E+02  2.37594E+03 -2.23221E+03 -1.70874E+03  3.94773E+02
   5.00000E-01  1.50000E+00  1.00000E+00 -1.12327E-07 -4.30599E-08  4.63928E-08 -1.00858E+05 -1.69379E+04 -2.92870E+03 -1.60648E+04  1.58048E+03 -2.00197E+03  5.00000E-01  1.50000E+00  5.00000E-01 -1.03903E-07 -6.35670E-08  2.82332E-19 -9.58155E+04 -1.45664E+04 -7.04527E+02 -1.55190E+04 -2.41044E+03 -2.65291E+03  5.00000E-01  1.00000E+00  5.00000E-01 -2.12264E-07 -9.44918E-08  2.65298E-19 -6.48737E+04 -4.93687E+03  1.09049E+03 -1.42238E+04  1.65413E+03 -1.36048E+03  5.00000E-01  1.00000E+00  1.00000E+00 -2.28794E-07 -7.48860E-08  9.22685E-08 -6.13833E+04 -3.23053E+03  2.64953E+03 -1.36955E+04 -2.33679E+03 -1.78220E+03  1.00000E+00  1.50000E+00  1.00000E+00 -2.35963E-07 -2.70056E-07  4.25896E-08 -9.90729E+04 -1.14709E+04 -2.44553E+03 -4.07318E+03  1.65259E+03 -5.92835E+02  1.00000E+00  1.50000E+00  5.00000E-01 -2.36584E-07 -2.90161E-07  1.16678E-18 -9.40567E+04 -9.16069E+03 -2.47605E+02 -3.97080E+03 -2.10911E+03 -1.24377E+03  1.00000E+00  1.00000E+00  5.00000E-01 -4.81778E-07 -3.41884E-07  1.11952E-18 -6.27449E+04  8.73955E+02  2.37594E+03 -2.23221E+03  1.70874E+03 -3.94773E+02  1.00000E+00  1.00000E+00  1.00000E+00 -4.80616E-07 -3.22339E-07  8.39955E-08 -5.92806E+04  2.51904E+03  3.90873E+03 -2.14734E+03 -2.05296E+03 -8.16490E+02
   5.00000E-01  2.00000E+00  5.00000E-01  9.09233E-22 -5.42014E-08  2.81015E-19 -4.24933E+04 -8.65907E+03 -9.63701E+02 -1.35965E+04  2.38404E+03  1.15423E+03  5.00000E-01  2.00000E+00  0.00000E+00  5.35429E-19 -3.35370E-08  4.12655E-19 -4.47341E+04 -9.66337E+03 -1.93723E+03 -1.41407E+04 -1.66533E+03  8.87800E+02  5.00000E-01  1.50000E+00  0.00000E+00 -1.12327E-07 -4.30599E-08 -4.63928E-08 -9.53704E+03  1.99415E+03  1.59078E+03 -1.29848E+04  2.36865E+03  3.09274E+02  5.00000E-01  1.50000E+00  5.00000E-01 -1.03903E-07 -6.35670E-08  2.82332E-19 -1.01544E+04  1.68562E+03  1.31303E+03 -1.35329E+04 -1.68072E+03  2.37885E+02  1.00000E+00  2.00000E+00  5.00000E-01  2.02163E-21 -2.73968E-07  1.16286E-18 -4.19753E+04 -6.91765E+03 -9.78601E+02 -2.44498E+03  2.15189E+03  5.20599E+02  1.00000E+00  2.00000E+00  0.00000E+00  1.06479E-18 -2.53630E-07  1.25513E-18 -4.42219E+04 -7.93550E+03 -1.95793E+03 -2.52537E+03 -1.70244E+03  2.54172E+02  1.00000E+00  1.50000E+00  0.00000E+00 -2.35963E-07 -2.70056E-07 -4.25896E-08 -8.72653E+03  4.02812E+03  2.25851E+03 -1.83325E+03  2.13263E+03  1.39494E+02  1.00000E+00  1.50000E+00  5.00000E-01 -2.36584E-07 -2.90161E-07  1.16678E-18 -9.34964E+03  3.70604E+03  1.97496E+03 -1.91751E+03 -1.72170E+03  6.81052E+01
   5.00000E-01  2.00000E+00  1.00000E+00 -5.33522E-19 -3.35370E-08  4.11812E-19 -4.47341E+04 -9.66337E+03 -1.93723E+03 -1.41407E+04  1.66533E+03 -8.87800E+02  5.00000E-01  2.00000E+00  5.00000E-01  9.09233E-22 -5.42014E-08  2.81015E-19 -4.24933E+04 -8.65907E+03 -9.63701E+02 -1.35965E+04 -2.38404E+03 -1.15423E+03  5.00000E-01  1.50000E+00  5.00000E-01 -1.03903E-07 -6.35670E-08  2.82332E-19 -1.01544E+04  1.68562E+03  1.31303E+03 -1.35329E+04  1.68072E+03 -2.37885E+02  5.00000E-01  1.50000E+00  1.00000E+00 -1.12327E-07 -4.30599E-08  4.63928E-08 -9.53704E+03  1.99415E+03  1.59078E+03 -1.29848E+04 -2.36865E+03 -3.09274E+02  1.00000E+00  2.00000E+00  1.00000E+00 -1.06065E-18 -2.53630E-07  1.25437E-18 -4.42219E+04 -7.93550E+03 -1.95793E+03 -2.52537E+03  1.70244E+03 -2.54172E+02  1.00000E+00  2.00000E+00  5.00000E-01  2.02163E-21 -2.73968E-07  1.16286E-18 -4.19753E+04 -6.91765E+03 -9.78601E+02 -2.44498E+03 -2.15189E+03 -5.20599E+02  1.00000E+00  1.50000E+00  5.00000E-01 -2.36584E-07 -2.90161E-07  1.16678E-18 -9.34964E+03  3.70604E+03  1.97496E+03 -1.91751E+03  1.72170E+03 -6.81052E+01  1.00000E+00  1.50000E+00  1.00000E+00 -2.35963E-07 -2.70056E-07  4.25896E-08 -8.72653E+03  4.02812E+03  2.25851E+03 -1.83325E+03 -2.13263E+03 -1.39494E+02
   5.00000E-01  2.50000E+00  5.00000E-01  1.03903E-07 -6.35670E-08  2.66584E-19  9.53704E+03 -1.99415E+03 -1.59078E+03 -1.29848E+04  2.36865E+03 -3.09274E+02  5.00000E-01  2.50000E+00  0.00000E+00  1.12327E-07 -4.30599E-08  4.63928E-08  1.01544E+04 -1.68562E+03 -1.31303E+03 -1.35329E+04 -1.68072E+03 -2.37885E+02  5.00000E-01  2.00000E+00  0.00000E+00  5.35429E-19 -3.35370E-08  4.12655E-19  4.24933E+04  8.65907E+03  9.63701E+02 -1.35965E+04  2.38404E+03 -1.15423E+03  5.00000E-01  2.00000E+00  5.00000E-01  9.09233E-22 -5.42014E-08  2.81015E-19  4.47341E+04  9.66337E+03  1.93723E+03 -1.41407E+04 -1.66533E+03 -8.87800E+02  1.00000E+00  2.50000E+00  5.00000E-01  2.36584E-07 -2.90161E-07  1.11633E-18  8.72653E+03 -4.02812E+03 -2.25851E+03 -1.83325E+03  2.13263E+03 -1.39494E+02  1.00000E+00  2.50000E+00  0.00000E+00  2.35963E-07 -2.70056E-07  4.25896E-08  9.34964E+03 -3.70604E+03 -1.97496E+03 -1.91751E+03 -1.72170E+03 -6.81052E+01  1.00000E+00  2.00000E+00  0.00000E+00  1.06479E-18 -2.53630E-07  1.25513E-18  4.19753E+04  6.91765E+03  9.78601E+02 -2.44498E+03  2.15189E+03 -5.20599E+02  1.00000E+00  2.00000E+00  5.00000E-01  2.02163E-21 -2.73968E-07  1.16286E-18  4.42219E+04  7.93550E+03  1.95793E+03 -2.52537E+03 -1.70244E+03 -2.54172E+02
   5.00000E-01  2.50000E+00  1.00000E+00  1.12327E-07 -4.30599E-08 -4.63928E-08  1.01544E+04 -1.68562E+03 -1.31303E+03 -1.35329E+04  1.68072E+03  2.37885E+02  5.00000E-01  2.50000E+00  5.00000E-01  1.03903E-07 -6.35670E-08  2.66584E-19  9.53704E+03 -1.99415E+03 -1.59078E+03 -1.29848E+04 -2.36865E+03  3.09274E+02  5.00000E-01  2.00000E+00  5.00000E-01  9.09233E-22 -5.42014E-08  2.81015E-19  4.47341E+04  9.66337E+03  1.93723E+03 -1.41407E+04  1.66533E+03  8.87800E+02  5.00000E-01  2.00000E+00  1.00000E+00 -5.33522E-19 -3.35370E-08  4.11812E-19  4.24933E+04  8.65907E+03  9.63701E+02 -1.35965E+04 -2.38404E+03  1.15423E+03  1.00000E+00  2.50000E+00  1.00000E+00  2.35963E-07 -2.70056E-07 -4.25896E-08  9.34964E+03 -3.70604E+03 -1.97496E+03 -1.91751E+03  1.72170E+03  6.81052E+01  1.00000E+00  2.50000E+00  5.00000E-01  2.36584E-07 -2.90161E-07  1.11633E-18  8.72653E+03 -4.02812E+03 -2.25851E+03 -1.83325E+03 -2.13263E+03  1.39494E+02  1.00000E+00  2.00000E+00  5.00000E-01  2.02163E-21 -2.73968E-07  1.16286E-18  4.42219E+04  7.93550E+03  1.95793E+03 -2.52537E+03  1.70244E+03  2.54172E+02  1.00000E+00  2.00000E+00  1.00000E+00 -1.06065E-18 -2.53630E-07  1.25437E-18  4.19753E+04  6.91765E+03  9.78601E+02 -2.44498E+03 -2.15189E+03  5.20599E+02
   5.00000E-01  3.00000E+00  5.00000E-01  2.12264E-07 -9.44918E-08  2.32076E-19  6.13833E+04  3.23053E+03 -2.64953E+03 -1.36955E+04  2.33679E+03 -1.78220E+03  5.00000E-01  3.00000E+00  0.00000E+00  2.28794E-07 -7.48860E-08  9.22685E-08  6.48737E+04  4.93687E+03 -1.09049E+03 -1.42238E+04 -1.65413E+03 -1.36048E+03  5.00000E-01  2.50000E+00  0.00000E+00  1.12327E-07 -4.30599E-08  4.63928E-08  9.58155E+04  1.45664E+04  7.04527E+02 -1.55190E+04  2.41044E+03 -2.65291E+03  5.00000E-01  2.50000E+00  5.00000E-01  1.03903E-07 -6.35670E-08  2.66584E-19  1.00858E+05  1.69379E+04  2.92870E+03 -1.60648E+04 -1.58048E+03 -2.00197E+03  1.00000E+00  3.00000E+00  5.00000E-01  4.81778E-07 -3.41884E-07  1.01685E-18  5.92806E+04 -2.51904E+03 -3.90873E+03 -2.14734E+03  2.05296E+03 -8.16490E+02  1.00000E+00  3.00000E+00  0.00000E+00  4.80616E-07 -3.22339E-07  8.39955E-08  6.27449E+04 -8.73955E+02 -2.37594E+03 -2.23221E+03 -1.70874E+03 -3.94773E+02  1.00000E+00  2.50000E+00  0.00000E+00  2.35963E-07 -2.70056E-07  4.25896E-08  9.40567E+04  9.16069E+03  2.47605E+02 -3.97080E+03  2.10911E+03 -1.24377E+03  1.00000E+00  2.50000E+00  5.00000E-01  2.36584E-07 -2.90161E-07  1.11633E-18  9.90729E+04  1.14709E+04  2.44553E+03 -4.07318E+03 -1.65259E+03 -5.92835E+02
   5.00000E-01  3.00000E+00  1.00000E+00  2.28794E-07 -7.48860E-08 -9.22685E-08  6.48737E+04  4.93687E+03 -1.09049E+03 -1.42238E+04  1.65413E+03  1.36048E+03  5.00000E-01  3.00000E+00  5.00000E-01  2.12264E-07 -9.44918E-08  2.32076E-19  6.13833E+04  3.23053E+03 -2.64953E+03 -1.36955E+04 -2.33679E+03  1.78220E+03  5.00000E-01  2.50000E+00  5.00000E-01  1.03903E-07 -6.35670E-08  2.66584E-19  1.00858E+05  1.69379E+04  2.92870E+03 -1.60648E+04  1.58048E+03  2.00197E+03  5.00000E-01  2.50000E+00  1.00000E+00  1.12327E-07 -4.30599E-08 -4.63928E-08  9.58155E+04  1.45664E+04  7.04527E+02 -1.55190E+04 -2.41044E+03  2.65291E+03  1.00000E+00  3.00000E+00  1.00000E+00  4.80616E-07 -3.22339E-07 -8.39955E-08  6.27449E+04 -8.73955E+02 -2.37594E+03 -2.23221E+03  1.70874E+03  3.94773E+02  1.00000E+00  3.00000E+00  5.00000E-01  4.81778E-07 -3.41884E-07  1.01685E-18  5.92806E+04 -2.51904E+03 -3.90873E+03 -2.14734E+03 -2.05296E+03  8.16490E+02  1.00000E+00  2.50000E+00  5.00000E-01  2.36584E-07 -2.90161E-07  1.11633E-18  9.90729E+04  1.14709E+04  2.44553E+03 -4.07318E+03  1.65259E+03  5.92835E+02  1.00000E+00  2.50000E+00  1.00000E+00  2.35963E-07 -2.70056E-07 -4.25896E-08  9.40567E+04  9.16069E+03  2.47605E+02 -3.97080E+03 -2.10911E+03  1.24377E+03
   5.00000E-01  3.50000E+00  5.00000E-01  3.29046E-07 -1.62101E-07  1.55122E-19  1.14493E+05  3.54275E+03 -4.27914E+03 -1.52027E+04  1.98372E+03 -3.22038E+03  5.00000E-01  3.50000E+00  0.00000E+00  3.54334E-07 -1.42373E-07  1.33678E-07  1.20593E+05  6.15955E+03 -1.66408E+03 -1.57924E+04 -1.67485E+03 -2.46604E+03  5.00000E-01  3.00000E+00  0.00000E+00  2.28794E-07 -7.48860E-08  9.22685E-08  1.54938E+05  1.77406E+04  2.60161E+03 -1.78467E+04  1.98459E+03 -3.90004E+03  5.00000E-01  3.00000E+00  5.00000E-01  2.12264E-07 -9.44918E-08  2.32076E-19  1.62674E+05  2.10585E+04  5.91770E+03 -1.84045E+04 -1.67398E+03 -3.09241E+03  1.00000E+00  3.50000E+00  5.00000E-01  7.53500E-07 -4.38769E-07  8.29272E-19  1.11658E+05 -4.57998E+03 -5.60505E+03 -2.07883E+03  1.92802E+03 -1.47788E+03  1.00000E+00  3.50000E+00  0.00000E+00  7.51983E-07 -4.19726E-07  1.24365E-07  1.17806E+05 -1.85120E+03 -2.94200E+03 -2.20126E+03 -1.67726E+03 -7.23538E+02  1.00000E+00  3.00000E+00  0.00000E+00  4.80616E-07 -3.22339E-07  8.39955E-08  1.52184E+05  9.69785E+03  1.46220E+03 -4.72290E+03  1.96089E+03 -1.69019E+03  1.00000E+00  3.00000E+00  5.00000E-01  4.81778E-07 -3.41884E-07  1.01685E-18  1.59968E+05  1.31277E+04  4.82628E+03 -4.81333E+03 -1.64440E+03 -8.82560E+02
   5.00000E-01  3.50000E+00  1.00000E+00  3.54334E-07 -1.42373E-07 -1.33678E-07  1.20593E+05  6.15955E+03 -1.66408E+03 -1.57924E+04  1.67485E+03  2.46604E+03  5.00000E-01  3.50000E+00  5.00000E-01  3.29046E-07 -1.62101E-07  1.55122E-19  1.14493E+05  3.54275E+03 -4.27914E+03 -1.52027E+04 -1.98372E+03  3.22038E+03  5.00000E-01  3.00000E+00  5.00000E-01  2.12264E-07 -9.44918E-08  2.32076E-19  1.62674E+05  2.10585E+04  5.91770E+03 -1.84045E+04  1.67398E+03  3.09241E+03  5.00000E-01  3.00000E+00  1.00000E+00  2.28794E-07 -7.48860E-08 -9.22685E-08  1.54938E+05  1.77406E+04  2.60161E+03 -1.78467E+04 -1.98459E+03  3.90004E+03  1.00000E+00  3.50000E+00  1.00000E+00  7.51983E-07 -4.19726E-07 -1.24365E-07  1.17806E+05 -1.85120E+03 -2.94200E+03 -2.20126E+03  1.67726E+03  7.23538E+02  1.00000E+00  3.50000E+00  5.00000E-01  7.53500E-07 -4.38769E-07  8.29272E-19  1.11658E+05 -4.57998E+03 -5.60505E+03 -2.07883E+03 -1.92802E+03  1.47788E+03  1.00000E+00  3.00000E+00  5.00000E-01  4.81778E-07 -3.41884E-07  1.01685E-18  1.59968E+05  1.31277E+04  4.82628E+03 -4.81333E+03  1.64440E+03  8.82560E+02  1.00000E+00  3.00000E+00  1.00000E+00  4.80616E-07 -3.22339E-07 -8.39955E-08  1.52184E+05  9.69785E+03  1.46220E+03 -4.72290E+03 -1.96089E+03  1.69019E+03
   5.00000E-01  4.00000E+00  5.00000E-01  5.18481E-07 -3.08773E-07 -4.45320E-20  1.64881E+05 -1.10175E+04 -1.03085E+04 -8.73967E+03  2.38347E+03 -4.52580E+03  5.00000E-01  4.00000E+00  0.00000E+00  5.47733E-07 -2.88737E-07  1.80763E-07  1.73398E+05 -7.63766E+03 -6.73928E+03 -9.00507E+03 -1.59223E+03 -3.49206E+03  5.00000E-01  3.50000E+00  0.00000E+00  3.54334E-07 -1.42373E-07  1.33678E-07  1.95522E+05 -1.29322E+03 -8.53560E+03 -7.49695E+03  2.28881E+03 -5.55573E+03  5.00000E-01  3.50000E+00  5.00000E-01  3.29046E-07 -1.62101E-07  1.55122E-19  2.04931E+05  2.46871E+03 -4.58433E+03 -7.94633E+03 -1.68690E+03 -3.95753E+03  1.00000E+00  4.00000E+00  5.00000E-01  1.06460E-06 -5.74280E-07  5.02181E-19  1.68295E+05 -5.11744E+03 -4.82634E+03  1.71892E+03  1.60586E+03 -2.05165E+03  1.00000E+00  4.00000E+00  0.00000E+00  1.06208E-06 -5.51341E-07  1.60444E-07  1.76537E+05 -2.38147E+03 -1.53309E+03  1.70822E+03 -1.80539E+03 -1.01791E+03  1.00000E+00  3.50000E+00  0.00000E+00  7.51983E-07 -4.19726E-07  1.24365E-07  1.99783E+05  5.45357E+03 -1.07782E+03  2.96163E+03  1.32722E+03 -2.82688E+03  1.00000E+00  3.50000E+00  5.00000E-01  7.53500E-07 -4.38769E-07  8.29272E-19  2.08916E+05  8.57160E+03  2.59749E+03  2.76695E+03 -2.08403E+03 -1.22868E+03
   5.00000E-01  4.00000E+00  1.00000E+00  5.47733E-07 -2.88737E-07 -1.80763E-07  1.73398E+05 -7.63766E+03 -6.73928E+03 -9.00507E+03  1.59223E+03  3.49206E+03  5.00000E-01  4.00000E+00  5.00000E-01  5.18481E-07 -3.08773E-07 -4.45320E-20  1.64881E+05 -1.10175E+04 -1.03085E+04 -8.73967E+03 -2.38347E+03  4.52580E+03  5.00000E-01  3.50000E+00  5.00000E-01  3.29046E-07 -1.62101E-07  1.55122E-19  2.04931E+05  2.46871E+03 -4.58433E+03 -7.94633E+03  1.68690E+03  3.95753E+03  5.00000E-01  3.50000E+00  1.00000E+00  3.54334E-07 -1.42373E-07 -1.33678E-07  1.95522E+05 -1.29322E+03 -8.53560E+03 -7.49695E+03 -2.28881E+03  5.55573E+03  1.00000E+00  4.00000E+00  1.00000E+00  1.06208E-06 -5.51341E-07 -1.60444E-07  1.76537E+05 -2.38147E+03 -1.53309E+03  1.70822E+03  1.80539E+03  1.01791E+03  1.00000E+00  4.00000E+00  5.00000E-01  1.06460E-06 -5.74280E-07  5.02181E-19  1.68295E+05 -5.11744E+03 -4.82634E+03  1.71892E+03 -1.60586E+03  2.05165E+03  1.00000E+00  3.50000E+00  5.00000E-01  7.53500E-07 -4.38769E-07  8.29272E-19  2.08916E+05  8.57160E+03  2.59749E+03  2.76695E+03  2.08403E+03  1.22868E+03  1.00000E+00  3.50000E+00  1.00000E+00  7.51983E-07 -4.19726E-07 -1.24365E-07  1.99783E+05  5.45357E+03 -1.07782E+03  2.96163E+03 -1.32722E+03  2.82688E+03
   1.00000E+00  5.00000E-01  5.00000E-01 -7.53500E-07 -4.38769E-07  9.85989E-19 -1.97235E+05 -6.09517E+03 -4.50347E+02 -7.44878E+03  1.14246E+03  4.71092E+02  1.00000E+00  5.00000E-01  0.00000E+00 -7.51983E-07 -4.19726E-07 -1.24365E-07 -1.96902E+05 -5.22383E+03 -8.90323E+01 -7.04903E+03 -2.09422E+03 -1.37535E+02  1.00000E+00  0.00000E+00  0.00000E+00 -1.06208E-06 -5.51341E-07 -1.60444E-07 -1.65234E+05  4.84522E+03  4.01669E+03 -7.20182E+03  1.39747E+03  6.53181E+02  1.00000E+00  0.00000E+00  5.00000E-01 -1.06460E-06 -5.74280E-07  7.10237E-19 -1.65155E+05  5.60771E+03  4.26915E+03 -7.05059E+03 -1.83920E+03 -4.29855E+01  1.50000E+00  5.00000E-01  5.00000E-01 -1.14918E-06 -8.20373E-07  2.28895E-18 -1.97778E+05 -6.14377E+03 -2.21011E+03  3.08149E+03  1.59928E+03  4.56953E+02  1.50000E+00  5.00000E-01  0.00000E+00 -1.14639E-06 -8.01305E-07 -1.16167E-07 -1.97817E+05 -6.14225E+03 -2.22158E+03  3.40867E+03 -1.72493E+03 -1.51674E+02  1.50000E+00  0.00000E+00  0.00000E+00 -1.57534E-06 -9.36725E-07 -1.53953E-07 -1.65908E+05  4.66531E+03  1.95054E+03  3.32845E+03  1.60578E+03  5.66473E+02  1.50000E+00  0.00000E+00  5.00000E-01 -1.57772E-06 -9.54842E-07  1.96840E-18 -1.66202E+05  4.55798E+03  1.83022E+03  3.40711E+03 -1.71844E+03 -1.29693E+02
   1.00000E+00  5.00000E-01  1.00000E+00 -7.51983E-07 -4.19726E-07  1.24365E-07 -1.96902E+05 -5.22383E+03 -8.90323E+01 -7.04903E+03  2.09422E+03  1.37535E+02  1.00000E+00  5.00000E-01  5.00000E-01 -7.53500E-07 -4.38769E-07  9.85989E-19 -1.97235E+05 -6.09517E+03 -4.50347E+02 -7.44878E+03 -1.14246E+03 -4.71092E+02  1.00000E+00  0.00000E+00  5.00000E-01 -1.06460E-06 -5.74280E-07  7.10237E-19 -1.65155E+05  5.60771E+03  4.26915E+03 -7.05059E+03  1.83920E+03  4.29855E+01  1.00000E+00  0.00000E+00  1.00000E+00 -1.06208E-06 -5.51341E-07  1.60444E-07 -1.65234E+05  4.84522E+03  4.01669E+03 -7.20182E+03 -1.39747E+03 -6.53181E+02  1.50000E+00  5.00000E-01  1.00000E+00 -1.14639E-06 -8.01305E-07  1.16167E-07 -1.97817E+05 -6.14225E+03 -2.22158E+03  3.40867E+03  1.72493E+03  1.51674E+02  1.50000E+00  5.00000E-01  5.00000E-01 -1.14918E-06 -8.20373E-07  2.28895E-18 -1.97778E+05 -6.14377E+03 -2.21011E+03  3.08149E+03 -1.59928E+03 -4.56953E+02  1.50000E+00  0.00000E+00  5.00000E-01 -1.57772E-06 -9.54842E-07  1.96840E-18 -1.66202E+05  4.55798E+03  1.83022E+03  3.40711E+03  1.71844E+03  1.29693E+02  1.50000E+00  0.00000E+00  1.00000E+00 -1.57534E-06 -9.36725E-07  1.53953E-07 -1.65908E+05  4.66531E+03  1.95054E+03  3.32845E+03 -1.60578E+03 -5.66473E+02
   1.00000E+00  1.00000E+00  5.00000E-01 -4.81778E-07 -3.41884E-07  1.11952E-18 -1.48939E+05 -5.98458E+03 -7.84988E+02 -1.27204E+04  1.87935E+03  6.61799E+02  1.00000E+00  1.00000E+00  0.00000E+00 -4.80616E-07 -3.22339E-07 -8.39955E-08 -1.49357E+05 -6.27884E+03 -9.98720E+02 -1.26757E+04 -1.65254E+03 -1.25165E+01  1.00000E+00  5.00000E-01  0.00000E+00 -7.51983E-07 -4.19726E-07 -1.24365E-07 -1.13914E+05  5.99846E+03  4.13428E+03 -1.26990E+04  1.83909E+03  5.03256E+02  1.00000E+00  5.00000E-01  5.00000E-01 -7.53500E-07 -4.38769E-07  9.85989E-19 -1.14227E+05  5.74946E+03  3.96579E+03 -1.26426E+04 -1.69280E+03 -2.38227E+01  1.50000E+00  1.00000E+00  5.00000E-01 -7.47296E-07 -7.23068E-07  2.46407E-18 -1.49918E+05 -6.92149E+03 -3.11314E+03 -1.19976E+03  1.68029E+03  5.59571E+02  1.50000E+00  1.00000E+00  0.00000E+00 -7.45446E-07 -7.03727E-07 -7.86682E-08 -1.50319E+05 -7.17449E+03 -3.30919E+03 -1.12494E+03 -1.70436E+03 -1.14745E+02  1.50000E+00  5.00000E-01  0.00000E+00 -1.14639E-06 -8.01305E-07 -1.16167E-07 -1.14673E+05  5.28241E+03  2.32146E+03 -1.17846E+03  1.65182E+03  4.31193E+02  1.50000E+00  5.00000E-01  5.00000E-01 -1.14918E-06 -8.20373E-07  2.28895E-18 -1.14968E+05  5.07466E+03  2.17065E+03 -1.09185E+03 -1.73284E+03 -9.58856E+01
   1.00000E+00  1.00000E+00  1.00000E+00 -4.80616E-07 -3.22339E-07  8.39955E-08 -1.49357E+05 -6.27884E+03 -9.98720E+02 -1.26757E+04  1.65254E+03  1.25165E+01  1.00000E+00  1.00000E+00  5.00000E-01 -4.81778E-07 -3.41884E-07  1.11952E-18 -1.48939E+05 -5.98458E+03 -7.84988E+02 -1.27204E+04 -1.87935E+03 -6.61799E+02  1.00000E+00  5.00000E-01  5.00000E-01 -7.53500E-07 -4.38769E-07  9.85989E-19 -1.14227E+05  5.74946E+03  3.96579E+03 -1.26426E+04  1.69280E+03  2.38227E+01  1.00000E+00  5.00000E-01  1.00000E+00 -7.51983E-07 -4.19726E-07  1.24365E-07 -1.13914E+05  5.99846E+03  4.13428E+03 -1.26990E+04 -1.83909E+03 -5.03256E+02  1.50000E+00  1.00000E+00  1.00000E+00 -7.45446E-07 -7.03727E-07  7.86682E-08 -1.50319E+05 -7.17449E+03 -3.30919E+03 -1.12494E+03  1.70436E+03  1.14745E+02  1.50000E+00  1.00000E+00  5.00000E-01 -7.47296E-07 -7.23068E-07  2.46407E-18 -1.49918E+05 -6.92149E+03 -3.11314E+03 -1.19976E+03 -1.68029E+03 -5.59571E+02  1.50000E+00  5.00000E-01  5.00000E-01 -1.14918E-06 -8.20373E-07  2.28895E-18 -1.14968E+05  5.07466E+03  2.17065E+03 -1.09185E+03  1.73284E+03  9.58856E+01  1.50000E+00  5.00000E-01  1.00000E+00 -1.14639E-06 -8.01305E-07  1.16167E-07 -1.14673E+05  5.28241E+03  2.32146E+03 -1.17846E+03 -1.65182E+03 -4.31193E+02
   1.00000E+00  1.50000E+00  5.00000E-01 -2.36584E-07 -2.90161E-07  1.16678E-18 -9.79497E+04 -8.65073E+03 -2.29187E+03 -1.64430E+04  1.94841E+03  4.06765E+02  1.00000E+00  1.50000E+00  0.00000E+00 -2.35963E-07 -2.70056E-07 -4.25896E-08 -9.82154E+04 -8.89921E+03 -2.44614E+03 -1.63688E+04 -1.68692E+03 -2.39517E+01  1.00000E+00  1.00000E+00  0.00000E+00 -4.80616E-07 -3.22339E-07 -8.39955E-08 -6.17573E+04  3.74428E+03  2.83248E+03 -1.58590E+04  1.90131E+03  3.01691E+02  1.00000E+00  1.00000E+00  5.00000E-01 -4.81778E-07 -3.41884E-07  1.11952E-18 -6.19726E+04  3.51744E+03  2.69985E+03 -1.57776E+04 -1.73402E+03 -1.29982E+01  1.50000E+00  1.50000E+00  5.00000E-01 -3.67921E-07 -6.64659E-07  2.53243E-18 -9.77197E+04 -7.25276E+03 -2.92336E+03 -4.54437E+03  1.81072E+03  3.51025E+02  1.50000E+00  1.50000E+00  0.00000E+00 -3.66895E-07 -6.44898E-07 -3.95249E-08 -9.79747E+04 -7.47604E+03 -3.06683E+03 -4.45571E+03 -1.70858E+03 -7.96924E+01  1.50000E+00  1.00000E+00  0.00000E+00 -7.45446E-07 -7.03727E-07 -7.86682E-08 -6.13533E+04  5.31629E+03  2.60709E+03 -3.96035E+03  1.77082E+03  2.60378E+02  1.50000E+00  1.00000E+00  5.00000E-01 -7.47296E-07 -7.23068E-07  2.46407E-18 -6.15578E+04  5.11465E+03  2.48526E+03 -3.86450E+03 -1.74849E+03 -5.43107E+01
   1.00000E+00  1.50000E+00  1.00000E+00 -2.35963E-07 -2.70056E-07  4.25896E-08 -9.82154E+04 -8.89921E+03 -2.44614E+03 -1.63688E+04  1.68692E+03  2.39517E+01  1.00000E+00  1.50000E+00  5.00000E-01 -2.36584E-07 -2.90161E-07  1.16678E-18 -9.79497E+04 -8.65073E+03 -2.29187E+03 -1.64430E+04 -1.94841E+03 -4.06765E+02  1.00000E+00  1.00000E+00  5.00000E-01 -4.81778E-07 -3.41884E-07  1.11952E-18 -6.19726E+04  3.51744E+03  2.69985E+03 -1.57776E+04  1.73402E+03  1.29982E+01  1.00000E+00  1.00000E+00  1.00000E+00 -4.80616E-07 -3.22339E-07  8.39955E-08 -6.17573E+04  3.74428E+03  2.83248E+03 -1.58590E+04 -1.90131E+03 -3.01691E+02  1.50000E+00  1.50000E+00  1.00000E+00 -3.66895E-07 -6.44898E-07  3.95249E-08 -9.79747E+04 -7.47604E+03 -3.06683E+03 -4.45571E+03  1.70858E+03  7.96924E+01  1.50000E+00  1.50000E+00  5.00000E-01 -3.67921E-07 -6.64659E-07  2.53243E-18 -9.77197E+04 -7.25276E+03 -2.92336E+03 -4.54437E+03 -1.81072E+03 -3.51025E+02  1.50000E+00  1.00000E+00  5.00000E-01 -7.47296E-07 -7.23068E-07  2.46407E-18 -6.15578E+04  5.11465E+03  2.48526E+03 -3.86450E+03  1.74849E+03  5.43107E+01  1.50000E+00  1.00000E+00  1.00000E+00 -7.45446E-07 -7.03727E-07  7.86682E-08 -6.13533E+04  5.31629E+03  2.60709E+03 -3.96035E+03 -1.77082E+03 -2.60378E+02
   1.00000E+00  2.00000E+00  5.00000E-01  2.02163E-21 -2.73968E-07  1.16286E-18 -4.40878E+04 -7.07020E+03 -2.11597E+03 -1.69827E+04  2.00034E+03  2.07603E+02  1.00000E+00  2.00000E+00  0.00000E+00  1.06479E-18 -2.53630E-07  1.25513E-18 -4.42151E+04 -7.17769E+03 -2.18639E+03 -1.68872E+04 -1.72507E+03 -7.08932E+00  1.00000E+00  1.50000E+00  0.00000E+00 -2.35963E-07 -2.70056E-07 -4.25896E-08 -8.94523E+03  4.79769E+03  2.30109E+03 -1.67302E+04  1.98181E+03  5.56272E+01  1.00000E+00  1.50000E+00  5.00000E-01 -2.36584E-07 -2.90161E-07  1.16678E-18 -8.99968E+03  4.72140E+03  2.26187E+03 -1.66289E+04 -1.74361E+03 -1.89958E+00  1.50000E+00  2.00000E+00  5.00000E-01  3.27233E-21 -6.45533E-07  2.52106E-18 -4.40312E+04 -6.50869E+03 -2.48873E+03 -5.34534E+03  1.81843E+03  1.79186E+02  1.50000E+00  2.00000E+00  0.00000E+00  1.55791E-18 -6.25655E-07  2.60814E-18 -4.41496E+04 -6.59568E+03 -2.55037E+03 -5.22904E+03 -1.74981E+03 -3.55064E+01  1.50000E+00  1.50000E+00  0.00000E+00 -3.66895E-07 -6.44898E-07 -3.95249E-08 -8.65286E+03  5.59495E+03  2.47841E+03 -5.09290E+03  1.80576E+03  4.80128E+01  1.50000E+00  1.50000E+00  5.00000E-01 -3.67921E-07 -6.64659E-07  2.53243E-18 -8.69852E+03  5.53916E+03  2.44798E+03 -4.97074E+03 -1.76249E+03 -9.51392E+00
   1.00000E+00  2.00000E+00  1.00000E+00 -1.06065E-18 -2.53630E-07  1.25437E-18 -4.42151E+04 -7.17769E+03 -2.18639E+03 -1.68872E+04  1.72507E+03  7.08932E+00  1.00000E+00  2.00000E+00  5.00000E-01  2.02163E-21 -2.73968E-07  1.16286E-18 -4.40878E+04 -7.07020E+03 -2.11597E+03 -1.69827E+04 -2.00034E+03 -2.07603E+02  1.00000E+00  1.50000E+00  5.00000E-01 -2.36584E-07 -2.90161E-07  1.16678E-18 -8.99968E+03  4.72140E+03  2.26187E+03 -1.66289E+04  1.74361E+03  1.89958E+00  1.00000E+00  1.50000E+00  1.00000E+00 -2.35963E-07 -2.70056E-07  4.25896E-08 -8.94523E+03  4.79769E+03  2.30109E+03 -1.67302E+04 -1.98181E+03 -5.56272E+01  1.50000E+00  2.00000E+00  1.00000E+00 -1.55132E-18 -6.25655E-07  2.60743E-18 -4.41496E+04 -6.59568E+03 -2.55037E+03 -5.22904E+03  1.74981E+03  3.55064E+01  1.50000E+00  2.00000E+00  5.00000E-01  3.27233E-21 -6.45533E-07  2.52106E-18 -4.40312E+04 -6.50869E+03 -2.48873E+03 -5.34534E+03 -1.81843E+03 -1.79186E+02  1.50000E+00  1.50000E+00  5.00000E-01 -3.67921E-07 -6.64659E-07  2.53243E-18 -8.69852E+03  5.53916E+03  2.44798E+03 -4.97074E+03  1.76249E+03  9.51392E+00  1.50000E+00  1.50000E+00  1.00000E+00 -3.66895E-07 -6.44898E-07  3.95249E-08 -8.65286E+03  5.59495E+03  2.47841E+03 -5.09290E+03 -1.80576E+03 -4.80128E+01
   1.00000E+00  2.50000E+00  5.00000E-01  2.36584E-07 -2.90161E-07  1.11633E-18  8.94523E+03 -4.79769E+03 -2.30109E+03 -1.67302E+04  1.98181E+03 -5.56272E+01  1.00000E+00  2.50000E+00  0.00000E+00  2.35963E-07 -2.70056E-07  4.25896E-08  8.99968E+03 -4.72140E+03 -2.26187E+03 -1.66289E+04 -1.74361E+03  1.89958E+00  1.00000E+00  2.00000E+00  0.00000E+00  1.06479E-18 -2.53630E-07  1.25513E-18  4.40878E+04  7.07020E+03  2.11597E+03 -1.69827E+04  2.00034E+03 -2.07603E+02  1.00000E+00  2.00000E+00  5.00000E-01  2.02163E-21 -2.73968E-07  1.16286E-18  4.42151E+04  7.17769E+03  2.18639E+03 -1.68872E+04 -1.72507E+03  7.08932E+00  1.50000E+00  2.50000E+00  5.00000E-01  3.67921E-07 -6.64659E-07  2.43871E-18  8.65286E+03 -5.59495E+03 -2.47841E+03 -5.09290E+03  1.80576E+03 -4.80128E+01  1.50000E+00  2.50000E+00  0.00000E+00  3.66895E-07 -6.44898E-07  3.95249E-08  8.69852E+03 -5.53916E+03 -2.44798E+03 -4.97074E+03 -1.76249E+03  9.51392E+00  1.50000E+00  2.00000E+00  0.00000E+00  1.55791E-18 -6.25655E-07  2.60814E-18  4.40312E+04  6.50869E+03  2.48873E+03 -5.34534E+03  1.81843E+03 -1.79186E+02  1.50000E+00  2.00000E+00  5.00000E-01  3.27233E-21 -6.45533E-07  2.52106E-18  4.41496E+04  6.59568E+03  2.55037E+03 -5.22904E+03 -1.74981E+03  3.55064E+01
   1.00000E+00  2.50000E+00  1.00000E+00  2.35963E-07 -2.70056E-07 -4.25896E-08  8.99968E+03 -4.72140E+03 -2.26187E+03 -1.66289E+04  1.74361E+03 -1.89958E+00  1.00000E+00  2.50000E+00  5.00000E-01  2.36584E-07 -2.90161E-07  1.11633E-18  8.94523E+03 -4.79769E+03 -2.30109E+03 -1.67302E+04 -1.98181E+03  5.56272E+01  1.00000E+00  2.00000E+00  5.00000E-01  2.02163E-21 -2.73968E-07  1.16286E-18  4.42151E+04  7.17769E+03  2.18639E+03 -1.68872E+04  1.72507E+03 -7.08932E+00  1.00000E+00  2.00000E+00  1.00000E+00 -1.06065E-18 -2.53630E-07  1.25437E-18  4.40878E+04  7.07020E+03  2.11597E+03 -1.69827E+04 -2.00034E+03  2.07603E+02  1.50000E+00  2.50000E+00  1.00000E+00  3.66895E-07 -6.44898E-07 -3.95249E-08  8.69852E+03 -5.53916E+03 -2.44798E+03 -4.97074E+03  1.76249E+03 -9.51392E+00  1.50000E+00  2.50000E+00  5.00000E-01  3.67921E-07 -6.64659E-07  2.43871E-18  8.65286E+03 -5.59495E+03 -2.47841E+03 -5.09290E+03 -1.80576E+03  4.80128E+01  1.50000E+00  2.00000E+00  5.00000E-01  3.27233E-21 -6.45533E-07  2.52106E-18  4.41496E+04  6.59568E+03  2.55037E+03 -5.22904E+03  1.74981E+03 -3.55064E+01  1.50000E+00  2.00000E+00  1.00000E+00 -1.55132E-18 -6.25655E-07  2.60743E-18  4.40312E+04  6.50869E+03  2.48873E+03 -5.34534E+03 -1.81843E+03  1.79186E+02
   1.00000E+00  3.00000E+00  5.00000E-01  4.81778E-07 -3.41884E-07  1.01685E-18  6.17573E+04 -3.74428E+03 -2.83248E+03 -1.58590E+04  1.90131E+03 -3.01691E+02  1.00000E+00  3.00000E+00  0.00000E+00  4.80616E-07 -3.22339E-07  8.39955E-08  6.19726E+04 -3.51744E+03 -2.69985E+03 -1.57776E+04 -1.73402E+03  1.29982E+01  1.00000E+00  2.50000E+00  0.00000E+00  2.35963E-07 -2.70056E-07  4.25896E-08  9.79497E+04  8.65073E+03  2.29187E+03 -1.64430E+04  1.94841E+03 -4.06765E+02  1.00000E+00  2.50000E+00  5.00000E-01  2.36584E-07 -2.90161E-07  1.11633E-18  9.82154E+04  8.89921E+03  2.44614E+03 -1.63688E+04 -1.68692E+03  2.39517E+01  1.50000E+00  3.00000E+00  5.00000E-01  7.47296E-07 -7.23068E-07  2.27503E-18  6.13533E+04 -5.31629E+03 -2.60709E+03 -3.96035E+03  1.77082E+03 -2.60378E+02  1.50000E+00  3.00000E+00  0.00000E+00  7.45446E-07 -7.03727E-07  7.86682E-08  6.15578E+04 -5.11465E+03 -2.48526E+03 -3.86450E+03 -1.74849E+03  5.43107E+01  1.50000E+00  2.50000E+00  0.00000E+00  3.66895E-07 -6.44898E-07  3.95249E-08  9.77197E+04  7.25276E+03  2.92336E+03 -4.54437E+03  1.81072E+03 -3.51025E+02  1.50000E+00  2.50000E+00  5.00000E-01  3.67921E-07 -6.64659E-07  2.43871E-18  9.79747E+04  7.47604E+03  3.06683E+03 -4.45571E+03 -1.70858E+03  7.96924E+01
   1.00000E+00  3.00000E+00  1.00000E+00  4.80616E-07 -3.22339E-07 -8.39955E-08  6.19726E+04 -3.51744E+03 -2.69985E+03 -1.57776E+04  1.73402E+03 -1.29982E+01  1.00000E+00  3.00000E+00  5.00000E-01  4.81778E-07 -3.41884E-07  1.01685E-18  6.17573E+04 -3.74428E+03 -2.83248E+03 -1.58590E+04 -1.90131E+03  3.01691E+02  1.00000E+00  2.50000E+00  5.00000E-01  2.36584E-07 -2.90161E-07  1.11633E-18  9.82154E+04  8.89921E+03  2.44614E+03 -1.63688E+04  1.68692E+03 -2.39517E+01  1.00000E+00  2.50000E+00  1.00000E+00  2.35963E-07 -2.70056E-07 -4.25896E-08  9.79497E+04  8.65073E+03  2.29187E+03 -1.64430E+04 -1.94841E+03  4.06765E+02  1.50000E+00  3.00000E+00  1.00000E+00  7.45446E-07 -7.03727E-07 -7.86682E-08  6.15578E+04 -5.11465E+03 -2.48526E+03 -3.86450E+03  1.74849E+03 -5.43107E+01  1.50000E+00  3.00000E+00  5.00000E-01  7.47296E-07 -7.23068E-07  2.27503E-18  6.13533E+04 -5.31629E+03 -2.60709E+03 -3.96035E+03 -1.77082E+03  2.60378E+02  1.50000E+00  2.50000E+00  5.00000E-01  3.67921E-07 -6.64659E-07  2.43871E-18  9.79747E+04  7.47604E+03  3.06683E+03 -4.45571E+03  1.70858E+03 -7.96924E+01  1.50000E+00  2.50000E+00  1.00000E+00  3.66895E-07 -6.44898E-07 -3.95249E-08  9.77197E+04  7.25276E+03  2.92336E+03 -4.54437E+03 -1.81072E+03  3.51025E+02
   1.00000E+00  3.50000E+00  5.00000E-01  7.53500E-07 -4.38769E-07  8.29272E-19  1.13914E+05 -5.99846E+03 -4.13428E+03 -1.26990E+04  1.83909E+03 -5.03256E+02  1.00000E+00  3.50000E+00  0.00000E+00  7.51983E-07 -4.19726E-07  1.24365E-07  1.14227E+05 -5.74946E+03 -3.96579E+03 -1.26426E+04 -1.69280E+03  2.38227E+01  1.00000E+00  3.00000E+00  0.00000E+00  4.80616E-07 -3.22339E-07  8.39955E-08  1.48939E+05  5.98458E+03  7.84988E+02 -1.27204E+04  1.87935E+03 -6.61799E+02  1.00000E+00  3.00000E+00  5.00000E-01  4.81778E-07 -3.41884E-07  1.01685E-18  1.49357E+05  6.27884E+03  9.98720E+02 -1.26757E+04 -1.65254E+03  1.25165E+01  1.50000E+00  3.50000E+00  5.00000E-01  1.14918E-06 -8.20373E-07  2.00380E-18  1.14673E+05 -5.28241E+03 -2.32146E+03 -1.17846E+03  1.65182E+03 -4.31193E+02  1.50000E+00  3.50000E+00  0.00000E+00  1.14639E-06 -8.01305E-07  1.16167E-07  1.14968E+05 -5.07466E+03 -2.17065E+03 -1.09185E+03 -1.73284E+03  9.58856E+01  1.50000E+00  3.00000E+00  0.00000E+00  7.45446E-07 -7.03727E-07  7.86682E-08  1.49918E+05  6.92149E+03  3.11314E+03 -1.19976E+03  1.68029E+03 -5.59571E+02  1.50000E+00  3.00000E+00  5.00000E-01  7.47296E-07 -7.23068E-07  2.27503E-18  1.50319E+05  7.17449E+03  3.30919E+03 -1.12494E+03 -1.70436E+03  1.14745E+02
   1.00000E+00  3.50000E+00  1.00000E+00  7.51983E-07 -4.19726E-07 -1.24365E-07  1.14227E+05 -5.74946E+03 -3.96579E+03 -1.26426E+04  1.69280E+03 -2.38227E+01  1.00000E+00  3.50000E+00  5.00000E-01  7.53500E-07 -4.38769E-07  8.29272E-19  1.13914E+05 -5.99846E+03 -4.13428E+03 -1.26990E+04 -1.83909E+03  5.03256E+02  1.00000E+00  3.00000E+00  5.00000E-01  4.81778E-07 -3.41884E-07  1.01685E-18  1.49357E+05  6.27884E+03  9.98720E+02 -1.26757E+04  1.65254E+03 -1.25165E+01  1.00000E+00  3.00000E+00  1.00000E+00  4.80616E-07 -3.22339E-07 -8.39955E-08  1.48939E+05  5.98458E+03  7.84988E+02 -1.27204E+04 -1.87935E+03  6.61799E+02  1.50000E+00  3.50000E+00  1.00000E+00  1.14639E-06 -8.01305E-07 -1.16167E-07  1.14968E+05 -5.07466E+03 -2.17065E+03 -1.09185E+03  1.73284E+03 -9.58856E+01  1.50000E+00  3.50000E+00  5.00000E-01  1.14918E-06 -8.20373E-07  2.00380E-18  1.14673E+05 -5.28241E+03 -2.32146E+03 -1.17846E+03 -1.65182E+03  4.31193E+02  1.50000E+00  3.00000E+00  5.00000E-01  7.47296E-07 -7.23068E-07  2.27503E-18  1.50319E+05  7.17449E+03  3.30919E+03 -1.12494E+03  1.70436E+03 -1.14745E+02  1.50000E+00  3.00000E+00  1.00000E+00  7.45446E-07 -7.03727E-07 -7.86682E-08  1.49918E+05  6.92149E+03  3.11314E+03 -1.19976E+03 -1.68029E+03  5.59571E+02
   1.00000E+00  4.00000E+00  5.00000E-01  1.06460E-06 -5.74280E-07  5.02181E-19  1.65234E+05 -4.84522E+03 -4.01669E+03 -7.20182E+03  1.39747E+03 -6.53181E+02  1.00000E+00  4.00000E+00  0.00000E+00  1.06208E-06 -5.51341E-07  1.60444E-07  1.65155E+05 -5.60771E+03 -4.26915E+03 -7.05059E+03 -1.83920E+03  4.29855E+01  1.00000E+00  3.50000E+00  0.00000E+00  7.51983E-07 -4.19726E-07  1.24365E-07  1.97235E+05  6.09517E+03  4.50347E+02 -7.44878E+03  1.14246E+03 -4.71092E+02  1.00000E+00  3.50000E+00  5.00000E-01  7.53500E-07 -4.38769E-07  8.29272E-19  1.96902E+05  5.22383E+03  8.90323E+01 -7.04903E+03 -2.09422E+03  1.37535E+02  1.50000E+00  4.00000E+00  5.00000E-01  1.57772E-06 -9.54842E-07  1.58839E-18  1.65908E+05 -4.66531E+03 -1.95054E+03  3.32845E+03  1.60578E+03 -5.66473E+02  1.50000E+00  4.00000E+00  0.00000E+00  1.57534E-06 -9.36725E-07  1.53953E-07  1.66202E+05 -4.55798E+03 -1.83022E+03  3.40711E+03 -1.71844E+03  1.29693E+02  1.50000E+00  3.50000E+00  0.00000E+00  1.14639E-06 -8.01305E-07  1.16167E-07  1.97778E+05  6.14377E+03  2.21011E+03  3.08149E+03  1.59928E+03 -4.56953E+02  1.50000E+00  3.50000E+00  5.00000E-01  1.14918E-06 -8.20373E-07  2.00380E-18  1.97817E+05  6.14225E+03  2.22158E+03  3.40867E+03 -1.72493E+03  1.51674E+02
   1.00000E+00  4.00000E+00  1.00000E+00  1.06208E-06 -5.51341E-07 -1.60444E-07  1.65155E+05 -5.60771E+03 -4.26915E+03 -7.05059E+03  1.83920E+03 -4.29855E+01  1.00000E+00  4.00000E+00  5.00000E-01  1.06460E-06 -5.74280E-07  5.02181E-19  1.65234E+05 -4.84522E+03 -4.01669E+03 -7.20182E+03 -1.39747E+03  6.53181E+02  1.00000E+00  3.50000E+00  5.00000E-01  7.53500E-07 -4.38769E-07  8.29272E-19  1.96902E+05  5.22383E+03  8.90323E+01 -7.04903E+03  2.09422E+03 -1.37535E+02  1.00000E+00  3.50000E+00  1.00000E+00  7.51983E-07 -4.19726E-07 -1.24365E-07  1.97235E+05  6.09517E+03  4.50347E+02 -7.44878E+03 -1.14246E+03  4.71092E+02  1.50000E+00  4.00000E+00  1.00000E+00  1.57534E-06 -9.36725E-07 -1.53953E-07  1.66202E+05 -4.55798E+03 -1.83022E+03  3.40711E+03  1.71844E+03 -1.29693E+02  1.50000E+00  4.00000E+00  5.00000E-01  1.57772E-06 -9.54842E-07  1.58839E-18  1.65908E+05 -4.66531E+03 -1.95054E+03  3.32845E+03 -1.60578E+03  5.66473E+02  1.50000E+00  3.50000E+00  5.00000E-01  1.14918E-06 -8.20373E-07  2.00380E-18  1.97817E+05  6.14225E+03  2.22158E+03  3.40867E+03  1.72493E+03 -1.51674E+02  1.50000E+00  3.50000E+00  1.00000E+00  1.14639E-06 -8.01305E-07 -1.16167E-07  1.97778E+05  6.14377E+03  2.21011E+03  3.08149E+03 -1.59928E+03  4.56953E+02
   1.50000E+00  5.00000E-01  5.00000E-01 -1.14918E-06 -8.20373E-07  2.28895E-18 -1.93158E+05 -4.55165E+03 -1.20467E+03 -7.27106E+03  1.75510E+03  4.58784E+01  1.50000E+00  5.00000E-01  0.00000E+00 -1.14639E-06 -8.01305E-07 -1.16167E-07 -1.93011E+05 -4.66706E+03 -1.19537E+03 -7.34954E+03 -1.60657E+03 -2.47239E+02  1.50000E+00  0.00000E+00  0.00000E+00 -1.57534E-06 -9.36725E-07 -1.53953E-07 -1.60414E+05  6.60000E+03  3.22362E+03 -7.61834E+03  1.69275E+03  3.89695E+01  1.50000E+00  0.00000E+00  5.00000E-01 -1.57772E-06 -9.54842E-07  1.96840E-18 -1.60177E+05  6.52348E+03  3.27181E+03 -7.63639E+03 -1.66893E+03 -2.68954E+02  2.00000E+00  5.00000E-01  5.00000E-01 -1.53098E-06 -1.32499E-06  4.11276E-18 -1.94118E+05 -6.20681E+03 -2.75151E+03  3.52505E+03  1.72399E+03  1.14436E+02  2.00000E+00  5.00000E-01  0.00000E+00 -1.52936E-06 -1.30627E-06 -1.12639E-07 -1.93881E+05 -6.11071E+03 -2.65156E+03  3.47250E+03 -1.65249E+03 -1.78682E+02  2.00000E+00  0.00000E+00  0.00000E+00 -2.07974E-06 -1.43753E-06 -1.50714E-07 -1.61397E+05  4.92263E+03  1.62497E+03  3.17777E+03  1.72206E+03  1.33452E+02  2.00000E+00  0.00000E+00  5.00000E-01 -2.08146E-06 -1.45648E-06  3.77902E-18 -1.61069E+05  5.05761E+03  1.76380E+03  3.18565E+03 -1.65442E+03 -1.74471E+02
   1.50000E+00  5.00000E-01  1.00000E+00 -1.14639E-06 -8.01305E-07  1.16167E-07 -1.93011E+05 -4.66706E+03 -1.19537E+03 -7.34954E+03  1.60657E+03  2.47239E+02  1.50000E+00  5.00000E-01  5.00000E-01 -1.14918E-06 -8.20373E-07  2.28895E-18 -1.93158E+05 -4.55165E+03 -1.20467E+03 -7.27106E+03 -1.75510E+03 -4.58784E+01  1.50000E+00  0.00000E+00  5.00000E-01 -1.57772E-06 -9.54842E-07  1.96840E-18 -1.60177E+05  6.52348E+03  3.27181E+03 -7.63639E+03  1.66893E+03  2.68954E+02  1.50000E+00  0.00000E+00  1.00000E+00 -1.57534E-06 -9.36725E-07  1.53953E-07 -1.60414E+05  6.60000E+03  3.22362E+03 -7.61834E+03 -1.69275E+03 -3.89695E+01  2.00000E+00  5.00000E-01  1.00000E+00 -1.52936E-06 -1.30627E-06  1.12639E-07 -1.93881E+05 -6.11071E+03 -2.65156E+03  3.47250E+03  1.65249E+03  1.78682E+02  2.00000E+00  5.00000E-01  5.00000E-01 -1.53098E-06 -1.32499E-06  4.11276E-18 -1.94118E+05 -6.20681E+03 -2.75151E+03  3.52505E+03 -1.72399E+03 -1.14436E+02  2.00000E+00  0.00000E+00  5.00000E-01 -2.08146E-06 -1.45648E-06  3.77902E-18 -1.61069E+05  5.05761E+03  1.76380E+03  3.18565E+03  1.65442E+03  1.74471E+02  2.00000E+00  0.00000E+00  1.00000E+00 -2.07974E-06 -1.43753E-06  1.50714E-07 -1.61397E+05  4.92263E+03  1.62497E+03  3.17777E+03 -1.72206E+03 -1.33452E+02
   1.50000E+00  1.00000E+00  5.00000E-01 -7.47296E-07 -7.23068E-07  2.46407E-18 -1.44637E+05 -5.14058E+03 -1.92625E+03 -1.19648E+04  1.60893E+03  5.08792E+01  1.50000E+00  1.00000E+00  0.00000E+00 -7.45446E-07 -7.03727E-07 -7.86682E-08 -1.44345E+05 -5.07088E+03 -1.81789E+03 -1.18574E+04 -1.71327E+03 -2.53906E+02  1.50000E+00  5.00000E-01  0.00000E+00 -1.14639E-06 -8.01305E-07 -1.16167E-07 -1.10746E+05  6.53628E+03  3.10620E+03 -1.21538E+04  1.58960E+03  9.03261E+01  1.50000E+00  5.00000E-01  5.00000E-01 -1.14918E-06 -8.20373E-07  2.28895E-18 -1.10574E+05  6.55512E+03  3.16370E+03 -1.20332E+04 -1.73260E+03 -1.91080E+02  2.00000E+00  1.00000E+00  5.00000E-01 -1.00457E-06 -1.22961E-06  4.30305E-18 -1.45377E+05 -6.25909E+03 -3.27642E+03 -8.58057E+02  1.61303E+03  1.42442E+02  2.00000E+00  1.00000E+00  0.00000E+00 -1.00323E-06 -1.21087E-06 -7.55964E-08 -1.45066E+05 -6.14319E+03 -3.14827E+03 -7.84538E+02 -1.68579E+03 -1.62344E+02  2.00000E+00  5.00000E-01  0.00000E+00 -1.52936E-06 -1.30627E-06 -1.12639E-07 -1.11452E+05  5.45283E+03  1.83785E+03 -1.04701E+03  1.60691E+03  1.47985E+02  2.00000E+00  5.00000E-01  5.00000E-01 -1.53098E-06 -1.32499E-06  4.11276E-18 -1.11259E+05  5.51788E+03  1.91515E+03 -9.60289E+02 -1.69192E+03 -1.33422E+02
   1.50000E+00  1.00000E+00  1.00000E+00 -7.45446E-07 -7.03727E-07  7.86682E-08 -1.44345E+05 -5.07088E+03 -1.81789E+03 -1.18574E+04  1.71327E+03  2.53906E+02  1.50000E+00  1.00000E+00  5.00000E-01 -7.47296E-07 -7.23068E-07  2.46407E-18 -1.44637E+05 -5.14058E+03 -1.92625E+03 -1.19648E+04 -1.60893E+03 -5.08792E+01  1.50000E+00  5.00000E-01  5.00000E-01 -1.14918E-06 -8.20373E-07  2.28895E-18 -1.10574E+05  6.55512E+03  3.16370E+03 -1.20332E+04  1.73260E+03  1.91080E+02  1.50000E+00  5.00000E-01  1.00000E+00 -1.14639E-06 -8.01305E-07  1.16167E-07 -1.10746E+05  6.53628E+03  3.10620E+03 -1.21538E+04 -1.58960E+03 -9.03261E+01  2.00000E+00  1.00000E+00  1.00000E+00 -1.00323E-06 -1.21087E-06  7.55964E-08 -1.45066E+05 -6.14319E+03 -3.14827E+03 -7.84538E+02  1.68579E+03  1.62344E+02  2.00000E+00  1.00000E+00  5.00000E-01 -1.00457E-06 -1.22961E-06  4.30305E-18 -1.45377E+05 -6.25909E+03 -3.27642E+03 -8.58057E+02 -1.61303E+03 -1.42442E+02  2.00000E+00  5.00000E-01  5.00000E-01 -1.53098E-06 -1.32499E-06  4.11276E-18 -1.11259E+05  5.51788E+03  1.91515E+03 -9.60289E+02  1.69192E+03  1.33422E+02  2.00000E+00  5.00000E-01  1.00000E+00 -1.52936E-06 -1.30627E-06  1.12639E-07 -1.11452E+05  5.45283E+03  1.83785E+03 -1.04701E+03 -1.60691E+03 -1.47985E+02
   1.50000E+00  1.50000E+00  5.00000E-01 -3.67921E-07 -6.64659E-07  2.53243E-18 -9.45298E+04 -5.56519E+03 -2.10231E+03 -1.55958E+04  1.74236E+03  9.10238E+01  1.50000E+00  1.50000E+00  0.00000E+00 -3.66895E-07 -6.44898E-07 -3.95249E-08 -9.44331E+04 -5.61845E+03 -2.08928E+03 -1.54679E+04 -1.70573E+03 -1.53086E+02  1.50000E+00  1.00000E+00  0.00000E+00 -7.45446E-07 -7.03727E-07 -7.86682E-08 -5.98361E+04  6.34801E+03  2.91471E+03 -1.56709E+04  1.70922E+03  5.34832E+01  1.50000E+00  1.00000E+00  5.00000E-01 -7.47296E-07 -7.23068E-07  2.46407E-18 -5.97721E+04  6.28075E+03  2.91374E+03 -1.55318E+04 -1.73887E+03 -1.12111E+02  2.00000E+00  1.50000E+00  5.00000E-01 -4.97101E-07 -1.17187E-06  4.37658E-18 -9.50087E+04 -6.19438E+03 -3.06942E+03 -4.20555E+03  1.69331E+03  1.32855E+02  2.00000E+00  1.50000E+00  0.00000E+00 -4.96402E-07 -1.15294E-06 -3.79841E-08 -9.48951E+04 -6.20821E+03 -3.03949E+03 -4.08697E+03 -1.67627E+03 -1.11255E+02  2.00000E+00  1.00000E+00  0.00000E+00 -1.00323E-06 -1.21087E-06 -7.55964E-08 -6.01972E+04  5.83660E+03  2.22241E+03 -4.28070E+03  1.67143E+03  8.59774E+01  2.00000E+00  1.00000E+00  5.00000E-01 -1.00457E-06 -1.22961E-06  4.30305E-18 -6.01163E+04  5.80877E+03  2.23833E+03 -4.15086E+03 -1.69815E+03 -7.96167E+01
   1.50000E+00  1.50000E+00  1.00000E+00 -3.66895E-07 -6.44898E-07  3.95249E-08 -9.44331E+04 -5.61845E+03 -2.08928E+03 -1.54679E+04  1.70573E+03  1.53086E+02  1.50000E+00  1.50000E+00  5.00000E-01 -3.67921E-07 -6.64659E-07  2.53243E-18 -9.45298E+04 -5.56519E+03 -2.10231E+03 -1.55958E+04 -1.74236E+03 -9.10238E+01  1.50000E+00  1.00000E+00  5.00000E-01 -7.47296E-07 -7.23068E-07  2.46407E-18 -5.97721E+04  6.28075E+03  2.91374E+03 -1.55318E+04  1.73887E+03  1.12111E+02  1.50000E+00  1.00000E+00  1.00000E+00 -7.45446E-07 -7.03727E-07  7.86682E-08 -5.98361E+04  6.34801E+03  2.91471E+03 -1.56709E+04 -1.70922E+03 -5.34832E+01  2.00000E+00  1.50000E+00  1.00000E+00 -4.96402E-07 -1.15294E-06  3.79841E-08 -9.48951E+04 -6.20821E+03 -3.03949E+03 -4.08697E+03  1.67627E+03  1.11255E+02  2.00000E+00  1.50000E+00  5.00000E-01 -4.97101E-07 -1.17187E-06  4.37658E-18 -9.50087E+04 -6.19438E+03 -3.06942E+03 -4.20555E+03 -1.69331E+03 -1.32855E+02  2.00000E+00  1.00000E+00  5.00000E-01 -1.00457E-06 -1.22961E-06  4.30305E-18 -6.01163E+04  5.80877E+03  2.23833E+03 -4.15086E+03  1.69815E+03  7.96167E+01  2.00000E+00  1.00000E+00  1.00000E+00 -1.00323E-06 -1.21087E-06  7.55964E-08 -6.01972E+04  5.83660E+03  2.22241E+03 -4.28070E+03 -1.67143E+03 -8.59774E+01
   1.50000E+00  2.00000E+00  5.00000E-01  3.27233E-21 -6.45533E-07  2.52106E-18 -4.33880E+04 -6.04894E+03 -2.46488E+03 -1.74387E+04  1.73947E+03  3.13439E+01  1.50000E+00  2.00000E+00  0.00000E+00  1.55791E-18 -6.25655E-07  2.60814E-18 -4.33227E+04 -6.04957E+03 -2.44550E+03 -1.72796E+04 -1.74233E+03 -7.65904E+01  1.50000E+00  1.50000E+00  0.00000E+00 -3.66895E-07 -6.44898E-07 -3.95249E-08 -8.37086E+03  5.97399E+03  2.59445E+03 -1.74183E+04  1.72947E+03  8.39857E+00  1.50000E+00  1.50000E+00  5.00000E-01 -3.67921E-07 -6.64659E-07  2.53243E-18 -8.36436E+03  5.94819E+03  2.58866E+03 -1.72578E+04 -1.75234E+03 -2.05223E+01  2.00000E+00  2.00000E+00  5.00000E-01  4.63883E-21 -1.15249E-06  4.35154E-18 -4.35193E+04 -6.13952E+03 -2.81209E+03 -5.94157E+03  1.70565E+03  5.42758E+01  2.00000E+00  2.00000E+00  0.00000E+00  2.03264E-18 -1.13347E-06  4.43036E-18 -4.34519E+04 -6.13514E+03 -2.79055E+03 -5.79926E+03 -1.69714E+03 -5.36585E+01  2.00000E+00  1.50000E+00  0.00000E+00 -4.96402E-07 -1.15294E-06 -3.79841E-08 -8.38367E+03  6.00194E+03  2.52380E+03 -5.92120E+03  1.69707E+03  1.45432E+01  2.00000E+00  1.50000E+00  5.00000E-01 -4.97101E-07 -1.17187E-06  4.37658E-18 -8.37503E+03  5.98114E+03  2.52015E+03 -5.77745E+03 -1.70572E+03 -1.43778E+01
   1.50000E+00  2.00000E+00  1.00000E+00 -1.55132E-18 -6.25655E-07  2.60743E-18 -4.33227E+04 -6.04957E+03 -2.44550E+03 -1.72796E+04  1.74233E+03  7.65904E+01  1.50000E+00  2.00000E+00  5.00000E-01  3.27233E-21 -6.45533E-07  2.52106E-18 -4.33880E+04 -6.04894E+03 -2.46488E+03 -1.74387E+04 -1.73947E+03 -3.13439E+01  1.50000E+00  1.50000E+00  5.00000E-01 -3.67921E-07 -6.64659E-07  2.53243E-18 -8.36436E+03  5.94819E+03  2.58866E+03 -1.72578E+04  1.75234E+03  2.05223E+01  1.50000E+00  1.50000E+00  1.00000E+00 -3.66895E-07 -6.44898E-07  3.95249E-08 -8.37086E+03  5.97399E+03  2.59445E+03 -1.74183E+04 -1.72947E+03 -8.39857E+00  2.00000E+00  2.00000E+00  1.00000E+00 -2.02311E-18 -1.13347E-06  4.42994E-18 -4.34519E+04 -6.13514E+03 -2.79055E+03 -5.79926E+03  1.69714E+03  5.36585E+01  2.00000E+00  2.00000E+00  5.00000E-01  4.63883E-21 -1.15249E-06  4.35154E-18 -4.35193E+04 -6.13952E+03 -2.81209E+03 -5.94157E+03 -1.70565E+03 -5.42758E+01  2.00000E+00  1.50000E+00  5.00000E-01 -4.97101E-07 -1.17187E-06  4.37658E-18 -8.37503E+03  5.98114E+03  2.52015E+03 -5.77745E+03  1.70572E+03  1.43778E+01  2.00000E+00  1.50000E+00  1.00000E+00 -4.96402E-07 -1.15294E-06  3.79841E-08 -8.38367E+03  6.00194E+03  2.52380E+03 -5.92120E+03 -1.69707E+03 -1.45432E+01
   1.50000E+00  2.50000E+00  5.00000E-01  3.67921E-07 -6.64659E-07  2.43871E-18  8.37086E+03 -5.97399E+03 -2.59445E+03 -1.74183E+04  1.72947E+03 -8.39857E+00  1.50000E+00  2.50000E+00  0.00000E+00  3.66895E-07 -6.44898E-07  3.95249E-08  8.36436E+03 -5.94819E+03 -2.58866E+03 -1.72578E+04 -1.75234E+03  2.05223E+01  1.50000E+00  2.00000E+00  0.00000E+00  1.55791E-18 -6.25655E-07  2.60814E-18  4.33880E+04  6.04894E+03  2.46488E+03 -1.74387E+04  1.73947E+03 -3.13439E+01  1.50000E+00  2.00000E+00  5.00000E-01  3.27233E-21 -6.45533E-07  2.52106E-18  4.33227E+04  6.04957E+03  2.44550E+03 -1.72796E+04 -1.74233E+03  7.65904E+01  2.00000E+00  2.50000E+00  5.00000E-01  4.97101E-07 -1.17187E-06  4.23401E-18  8.38367E+03 -6.00194E+03 -2.52380E+03 -5.92120E+03  1.69707E+03 -1.45432E+01  2.00000E+00  2.50000E+00  0.00000E+00  4.96402E-07 -1.15294E-06  3.79841E-08  8.37503E+03 -5.98114E+03 -2.52015E+03 -5.77745E+03 -1.70572E+03  1.43778E+01  2.00000E+00  2.00000E+00  0.00000E+00  2.03264E-18 -1.13347E-06  4.43036E-18  4.35193E+04  6.13952E+03  2.81209E+03 -5.94157E+03  1.70565E+03 -5.42758E+01  2.00000E+00  2.00000E+00  5.00000E-01  4.63883E-21 -1.15249E-06  4.35154E-18  4.34519E+04  6.13514E+03  2.79055E+03 -5.79926E+03 -1.69714E+03  5.36585E+01
   1.50000E+00  2.50000E+00  1.00000E+00  3.66895E-07 -6.44898E-07 -3.95249E-08  8.36436E+03 -5.94819E+03 -2.58866E+03 -1.72578E+04  1.75234E+03 -2.05223E+01  1.50000E+00  2.50000E+00  5.00000E-01  3.67921E-07 -6.64659E-07  2.43871E-18  8.37086E+03 -5.97399E+03 -2.59445E+03 -1.74183E+04 -1.72947E+03  8.39857E+00  1.50000E+00  2.00000E+00  5.00000E-01  3.27233E-21 -6.45533E-07  2.52106E-18  4.33227E+04  6.04957E+03  2.44550E+03 -1.72796E+04  1.74233E+03 -7.65904E+01  1.50000E+00  2.00000E+00  1.00000E+00 -1.55132E-18 -6.25655E-07  2.60743E-18  4.33880E+04  6.04894E+03  2.46488E+03 -1.74387E+04 -1.73947E+03  3.13439E+01  2.00000E+00  2.50000E+00  1.00000E+00  4.96402E-07 -1.15294E-06 -3.79841E-08  8.37503E+03 -5.98114E+03 -2.52015E+03 -5.77745E+03  1.70572E+03 -1.43778E+01  2.00000E+00  2.50000E+00  5.00000E-01  4.97101E-07 -1.17187E-06  4.23401E-18  8.38367E+03 -6.00194E+03 -2.52380E+03 -5.92120E+03 -1.69707E+03  1.45432E+01  2.00000E+00  2.00000E+00  5.00000E-01  4.63883E-21 -1.15249E-06  4.35154E-18  4.34519E+04  6.13514E+03  2.79055E+03 -5.79926E+03  1.69714E+03 -5.36585E+01  2.00000E+00  2.00000E+00  1.00000E+00 -2.02311E-18 -1.13347E-06  4.42994E-18  4.35193E+04  6.13952E+03  2.81209E+03 -5.94157E+03 -1.70565E+03  5.42758E+01
   1.50000E+00  3.00000E+00  5.00000E-01  7.47296E-07 -7.23068E-07  2.27503E-18  5.98361E+04 -6.34801E+03 -2.91471E+03 -1.56709E+04  1.70922E+03 -5.34832E+01  1.50000E+00  3.00000E+00  0.00000E+00  7.45446E-07 -7.03727E-07  7.86682E-08  5.97721E+04 -6.28075E+03 -2.91374E+03 -1.55318E+04 -1.73887E+03  1.12111E+02  1.50000E+00  2.50000E+00  0.00000E+00  3.66895E-07 -6.44898E-07  3.95249E-08  9.45298E+04  5.56519E+03  2.10231E+03 -1.55958E+04  1.74236E+03 -9.10238E+01  1.50000E+00  2.50000E+00  5.00000E-01  3.67921E-07 -6.64659E-07  2.43871E-18  9.44331E+04  5.61845E+03  2.08928E+03 -1.54679E+04 -1.70573E+03  1.53086E+02  2.00000E+00  3.00000E+00  5.00000E-01  1.00457E-06 -1.22961E-06  4.01695E-18  6.01972E+04 -5.83660E+03 -2.22241E+03 -4.28070E+03  1.67143E+03 -8.59774E+01  2.00000E+00  3.00000E+00  0.00000E+00  1.00323E-06 -1.21087E-06  7.55964E-08  6.01163E+04 -5.80877E+03 -2.23833E+03 -4.15086E+03 -1.69815E+03  7.96167E+01  2.00000E+00  2.50000E+00  0.00000E+00  4.96402E-07 -1.15294E-06  3.79841E-08  9.50087E+04  6.19438E+03  3.06942E+03 -4.20555E+03  1.69331E+03 -1.32855E+02  2.00000E+00  2.50000E+00  5.00000E-01  4.97101E-07 -1.17187E-06  4.23401E-18  9.48951E+04  6.20821E+03  3.03949E+03 -4.08697E+03 -1.67627E+03  1.11255E+02
   1.50000E+00  3.00000E+00  1.00000E+00  7.45446E-07 -7.03727E-07 -7.86682E-08  5.97721E+04 -6.28075E+03 -2.91374E+03 -1.55318E+04  1.73887E+03 -1.12111E+02  1.50000E+00  3.00000E+00  5.00000E-01  7.47296E-07 -7.23068E-07  2.27503E-18  5.98361E+04 -6.34801E+03 -2.91471E+03 -1.56709E+04 -1.70922E+03  5.34832E+01  1.50000E+00  2.50000E+00  5.00000E-01  3.67921E-07 -6.64659E-07  2.43871E-18  9.44331E+04  5.61845E+03  2.08928E+03 -1.54679E+04  1.70573E+03 -1.53086E+02  1.50000E+00  2.50000E+00  1.00000E+00  3.66895E-07 -6.44898E-07 -3.95249E-08  9.45298E+04  5.56519E+03  2.10231E+03 -1.55958E+04 -1.74236E+03  9.10238E+01  2.00000E+00  3.00000E+00  1.00000E+00  1.00323E-06 -1.21087E-06 -7.55964E-08  6.01163E+04 -5.80877E+03 -2.23833E+03 -4.15086E+03  1.69815E+03 -7.96167E+01  2.00000E+00  3.00000E+00  5.00000E-01  1.00457E-06 -1.22961E-06  4.01695E-18  6.01972E+04 -5.83660E+03 -2.22241E+03 -4.28070E+03 -1.67143E+03  8.59774E+01  2.00000E+00  2.50000E+00  5.00000E-01  4.97101E-07 -1.17187E-06  4.23401E-18  9.48951E+04  6.20821E+03  3.03949E+03 -4.08697E+03  1.67627E+03 -1.11255E+02  2.00000E+00  2.50000E+00  1.00000E+00  4.96402E-07 -1.15294E-06 -3.79841E-08  9.50087E+04  6.19438E+03  3.06942E+03 -4.20555E+03 -1.69331E+03  1.32855E+02
   1.50000E+00  3.50000E+00  5.00000E-01  1.14918E-06 -8.20373E-07  2.00380E-18  1.10746E+05 -6.53628E+03 -3.10620E+03 -1.21538E+04  1.58960E+03 -9.03261E+01  1.50000E+00  3.50000E+00  0.00000E+00  1.14639E-06 -8.01305E-07  1.16167E-07  1.10574E+05 -6.55512E+03 -3.16370E+03 -1.20332E+04 -1.73260E+03  1.91080E+02  1.50000E+00  3.00000E+00  0.00000E+00  7.45446E-07 -7.03727E-07  7.86682E-08  1.44637E+05  5.14058E+03  1.92625E+03 -1.19648E+04  1.60893E+03 -5.08792E+01  1.50000E+00  3.00000E+00  5.00000E-01  7.47296E-07 -7.23068E-07  2.27503E-18  1.44345E+05  5.07088E+03  1.81789E+03 -1.18574E+04 -1.71327E+03  2.53906E+02  2.00000E+00  3.50000E+00  5.00000E-01  1.53098E-06 -1.32499E-06  3.68229E-18  1.11452E+05 -5.45283E+03 -1.83785E+03 -1.04701E+03  1.60691E+03 -1.47985E+02  2.00000E+00  3.50000E+00  0.00000E+00  1.52936E-06 -1.30627E-06  1.12639E-07  1.11259E+05 -5.51788E+03 -1.91515E+03 -9.60289E+02 -1.69192E+03  1.33422E+02  2.00000E+00  3.00000E+00  0.00000E+00  1.00323E-06 -1.21087E-06  7.55964E-08  1.45377E+05  6.25909E+03  3.27642E+03 -8.58057E+02  1.61303E+03 -1.42442E+02  2.00000E+00  3.00000E+00  5.00000E-01  1.00457E-06 -1.22961E-06  4.01695E-18  1.45066E+05  6.14319E+03  3.14827E+03 -7.84538E+02 -1.68579E+03  1.62344E+02
   1.50000E+00  3.50000E+00  1.00000E+00  1.14639E-06 -8.01305E-07 -1.16167E-07  1.10574E+05 -6.55512E+03 -3.16370E+03 -1.20332E+04  1.73260E+03 -1.91080E+02  1.50000E+00  3.50000E+00  5.00000E-01  1.14918E-06 -8.20373E-07  2.00380E-18  1.10746E+05 -6.53628E+03 -3.10620E+03 -1.21538E+04 -1.58960E+03  9.03261E+01  1.50000E+00  3.00000E+00  5.00000E-01  7.47296E-07 -7.23068E-07  2.27503E-18  1.44345E+05  5.07088E+03  1.81789E+03 -1.18574E+04  1.71327E+03 -2.53906E+02  1.50000E+00  3.00000E+00  1.00000E+00  7.45446E-07 -7.03727E-07 -7.86682E-08  1.44637E+05  5.14058E+03  1.92625E+03 -1.19648E+04 -1.60893E+03  5.08792E+01  2.00000E+00  3.50000E+00  1.00000E+00  1.52936E-06 -1.30627E-06 -1.12639E-07  1.11259E+05 -5.51788E+03 -1.91515E+03 -9.60289E+02  1.69192E+03 -1.33422E+02  2.00000E+00  3.50000E+00  5.00000E-01  1.53098E-06 -1.32499E-06  3.68229E-18  1.11452E+05 -5.45283E+03 -1.83785E+03 -1.04701E+03 -1.60691E+03  1.47985E+02  2.00000E+00  3.00000E+00  5.00000E-01  1.00457E-06 -1.22961E-06  4.01695E-18  1.45066E+05  6.14319E+03  3.14827E+03 -7.84538E+02  1.68579E+03 -1.62344E+02  2.00000E+00  3.00000E+00  1.00000E+00  1.00323E-06 -1.21087E-06 -7.55964E-08  1.45377E+05  6.25909E+03  3.27642E+03 -8.58057E+02 -1.61303E+03  1.42442E+02
   1.50000E+00  4.00000E+00  5.00000E-01  1.57772E-06 -9.54842E-07  1.58839E-18  1.60414E+05 -6.60000E+03 -3.22362E+03 -7.61834E+03  1.69275E+03 -3.89695E+01  1.50000E+00  4.00000E+00  0.00000E+00  1.57534E-06 -9.36725E-07  1.53953E-07  1.60177E+05 -6.52348E+03 -3.27181E+03 -7.63639E+03 -1.66893E+03  2.68954E+02  1.50000E+00  3.50000E+00  0.00000E+00  1.14639E-06 -8.01305E-07  1.16167E-07  1.93158E+05  4.55165E+03  1.20467E+03 -7.27106E+03  1.75510E+03 -4.58784E+01  1.50000E+00  3.50000E+00  5.00000E-01  1.14918E-06 -8.20373E-07  2.00380E-18  1.93011E+05  4.66706E+03  1.19537E+03 -7.34954E+03 -1.60657E+03  2.47239E+02  2.00000E+00  4.00000E+00  5.00000E-01  2.08146E-06 -1.45648E-06  3.20568E-18  1.61397E+05 -4.92263E+03 -1.62497E+03  3.17777E+03  1.72206E+03 -1.33452E+02  2.00000E+00  4.00000E+00  0.00000E+00  2.07974E-06 -1.43753E-06  1.50714E-07  1.61069E+05 -5.05761E+03 -1.76380E+03  3.18565E+03 -1.65442E+03  1.74471E+02  2.00000E+00  3.50000E+00  0.00000E+00  1.52936E-06 -1.30627E-06  1.12639E-07  1.94118E+05  6.20681E+03  2.75151E+03  3.52505E+03  1.72399E+03 -1.14436E+02  2.00000E+00  3.50000E+00  5.00000E-01  1.53098E-06 -1.32499E-06  3.68229E-18  1.93881E+05  6.11071E+03  2.65156E+03  3.47250E+03 -1.65249E+03  1.78682E+02
   1.50000E+00  4.00000E+00  1.00000E+00  1.57534E-06 -9.36725E-07 -1.53953E-07  1.60177E+05 -6.52348E+03 -3.27181E+03 -7.63639E+03  1.66893E+03 -2.68954E+02  1.50000E+00  4.00000E+00  5.00000E-01  1.57772E-06 -9.54842E-07  1.58839E-18  1.60414E+05 -6.60000E+03 -3.22362E+03 -7.61834E+03 -1.69275E+03  3.89695E+01  1.50000E+00  3.50000E+00  5.00000E-01  1.14918E-06 -8.20373E-07  2.00380E-18  1.93011E+05  4.66706E+03  1.19537E+03 -7.34954E+03  1.60657E+03 -2.47239E+02  1.50000E+00  3.50000E+00  1.00000E+00  1.14639E-06 -8.01305E-07 -1.16167E-07  1.93158E+05  4.55165E+03  1.20467E+03 -7.27106E+03 -1.75510E+03  4.58784E+01  2.00000E+00  4.00000E+00  1.00000E+00  2.07974E-06 -1.43753E-06 -1.50714E-07  1.61069E+05 -5.05761E+03 -1.76380E+03  3.18565E+03  1.65442E+03 -1.74471E+02  2.00000E+00  4.00000E+00  5.00000E-01  2.08146E-06 -1.45648E-06  3.20568E-18  1.61397E+05 -4.92263E+03 -1.62497E+03  3.17777E+03 -1.72206E+03  1.33452E+02  2.00000E+00  3.50000E+00  5.00000E-01  1.53098E-06 -1.32499E-06  3.68229E-18  1.93881E+05  6.11071E+03  2.65156E+03  3.47250E+03  1.65249E+03 -1.78682E+02  2.00000E+00  3.50000E+00  1.00000E+00  1.52936E-06 -1.30627E-06 -1.12639E-07  1.94118E+05  6.20681E+03  2.75151E+03  3.52505E+03 -1.72399E+03  1.14436E+02
   2.00000E+00  5.00000E-01  5.00000E-01 -1.53098E-06 -1.32499E-06  4.11276E-18 -1.88704E+05 -4.76089E+03 -1.25581E+03 -7.59143E+03  1.70996E+03  1.46362E+02  2.00000E+00  5.00000E-01  0.00000E+00 -1.52936E-06 -1.30627E-06 -1.12639E-07 -1.88668E+05 -4.68480E+03 -1.22215E+03 -7.56476E+03 -1.66557E+03 -1.51429E+02  2.00000E+00  0.00000E+00  0.00000E+00 -2.07974E-06 -1.43753E-06 -1.50714E-07 -1.55973E+05  6.37332E+03  3.12735E+03 -7.90306E+03  1.73117E+03  1.32653E+02  2.00000E+00  0.00000E+00  5.00000E-01 -2.08146E-06 -1.45648E-06  3.77902E-18 -1.55920E+05  6.45685E+03  3.16845E+03 -7.87359E+03 -1.64435E+03 -1.47712E+02  2.50000E+00  5.00000E-01  5.00000E-01 -1.90227E-06 -1.95302E-06  6.43123E-18 -1.89618E+05 -6.29826E+03 -2.76551E+03  3.20690E+03  1.70273E+03  1.47586E+02  2.50000E+00  5.00000E-01  0.00000E+00 -1.90074E-06 -1.93453E-06 -1.09555E-07 -1.89578E+05 -6.21241E+03 -2.72767E+03  3.23853E+03 -1.65537E+03 -1.50205E+02  2.50000E+00  0.00000E+00  0.00000E+00 -2.57268E-06 -2.06227E-06 -1.47289E-07 -1.56861E+05  4.86208E+03  1.67864E+03  2.89528E+03  1.72673E+03  1.38835E+02  2.50000E+00  0.00000E+00  5.00000E-01 -2.57440E-06 -2.08104E-06  6.10637E-18 -1.56804E+05  4.95538E+03  1.72392E+03  2.92970E+03 -1.63136E+03 -1.41529E+02
   2.00000E+00  5.00000E-01  1.00000E+00 -1.52936E-06 -1.30627E-06  1.12639E-07 -1.88668E+05 -4.68480E+03 -1.22215E+03 -7.56476E+03  1.66557E+03  1.51429E+02  2.00000E+00  5.00000E-01  5.00000E-01 -1.53098E-06 -1.32499E-06  4.11276E-18 -1.88704E+05 -4.76089E+03 -1.25581E+03 -7.59143E+03 -1.70996E+03 -1.46362E+02  2.00000E+00  0.00000E+00  5.00000E-01 -2.08146E-06 -1.45648E-06  3.77902E-18 -1.55920E+05  6.45685E+03  3.16845E+03 -7.87359E+03  1.64435E+03  1.47712E+02  2.00000E+00  0.00000E+00  1.00000E+00 -2.07974E-06 -1.43753E-06  1.50714E-07 -1.55973E+05  6.37332E+03  3.12735E+03 -7.90306E+03 -1.73117E+03 -1.32653E+02  2.50000E+00  5.00000E-01  1.00000E+00 -1.90074E-06 -1.93453E-06  1.09555E-07 -1.89578E+05 -6.21241E+03 -2.72767E+03  3.23853E+03  1.65537E+03  1.50205E+02  2.50000E+00  5.00000E-01  5.00000E-01 -1.90227E-06 -1.95302E-06  6.43123E-18 -1.89618E+05 -6.29826E+03 -2.76551E+03  3.20690E+03 -1.70273E+03 -1.47586E+02  2.50000E+00  0.00000E+00  5.00000E-01 -2.57440E-06 -2.08104E-06  6.10637E-18 -1.56804E+05  4.95538E+03  1.72392E+03  2.92970E+03  1.63136E+03  1.41529E+02  2.50000E+00  0.00000E+00  1.00000E+00 -2.57268E-06 -2.06227E-06  1.47289E-07 -1.56861E+05  4.86208E+03  1.67864E+03  2.89528E+03 -1.72673E+03 -1.38835E+02
   2.00000E+00  1.00000E+00  5.00000E-01 -1.00457E-06 -1.22961E-06  4.30305E-18 -1.40175E+05 -4.70560E+03 -1.78717E+03 -1.18317E+04  1.60470E+03  1.18671E+02  2.00000E+00  1.00000E+00  0.00000E+00 -1.00323E-06 -1.21087E-06 -7.55964E-08 -1.40132E+05 -4.67645E+03 -1.76548E+03 -1.17785E+04 -1.67156E+03 -1.41304E+02  2.00000E+00  5.00000E-01  0.00000E+00 -1.52936E-06 -1.30627E-06 -1.12639E-07 -1.07136E+05  6.64579E+03  3.01171E+03 -1.21198E+04  1.60842E+03  9.41802E+01  2.00000E+00  5.00000E-01  5.00000E-01 -1.53098E-06 -1.32499E-06  4.11276E-18 -1.07067E+05  6.68614E+03  3.04460E+03 -1.20529E+04 -1.66783E+03 -1.27512E+02  2.50000E+00  1.00000E+00  5.00000E-01 -1.25367E-06 -1.86067E-06  6.61786E-18 -1.40997E+05 -6.10377E+03 -3.12917E+03 -9.87891E+02  1.57781E+03  1.29402E+02  2.50000E+00  1.00000E+00  0.00000E+00 -1.25256E-06 -1.84243E-06 -7.32582E-08 -1.40933E+05 -6.02660E+03 -3.08690E+03 -9.27205E+02 -1.66016E+03 -1.30572E+02  2.50000E+00  5.00000E-01  0.00000E+00 -1.90074E-06 -1.93453E-06 -1.09555E-07 -1.07901E+05  5.30504E+03  1.80370E+03 -1.27595E+03  1.59526E+03  1.12381E+02  2.50000E+00  5.00000E-01  5.00000E-01 -1.90227E-06 -1.95302E-06  6.43123E-18 -1.07811E+05  5.39341E+03  1.85717E+03 -1.20155E+03 -1.64271E+03 -1.09311E+02
   2.00000E+00  1.00000E+00  1.00000E+00 -1.00323E-06 -1.21087E-06  7.55964E-08 -1.40132E+05 -4.67645E+03 -1.76548E+03 -1.17785E+04  1.67156E+03  1.41304E+02  2.00000E+00  1.00000E+00  5.00000E-01 -1.00457E-06 -1.22961E-06  4.30305E-18 -1.40175E+05 -4.70560E+03 -1.78717E+03 -1.18317E+04 -1.60470E+03 -1.18671E+02  2.00000E+00  5.00000E-01  5.00000E-01 -1.53098E-06 -1.32499E-06  4.11276E-18 -1.07067E+05  6.68614E+03  3.04460E+03 -1.20529E+04  1.66783E+03  1.27512E+02  2.00000E+00  5.00000E-01  1.00000E+00 -1.52936E-06 -1.30627E-06  1.12639E-07 -1.07136E+05  6.64579E+03  3.01171E+03 -1.21198E+04 -1.60842E+03 -9.41802E+01  2.50000E+00  1.00000E+00  1.00000E+00 -1.25256E-06 -1.84243E-06  7.32582E-08 -1.40933E+05 -6.02660E+03 -3.08690E+03 -9.27205E+02  1.66016E+03  1.30572E+02  2.50000E+00  1.00000E+00  5.00000E-01 -1.25367E-06 -1.86067E-06  6.61786E-18 -1.40997E+05 -6.10377E+03 -3.12917E+03 -9.87891E+02 -1.57781E+03 -1.29402E+02  2.50000E+00  5.00000E-01  5.00000E-01 -1.90227E-06 -1.95302E-06  6.43123E-18 -1.07811E+05  5.39341E+03  1.85717E+03 -1.20155E+03  1.64271E+03  1.09311E+02  2.50000E+00  5.00000E-01  1.00000E+00 -1.90074E-06 -1.93453E-06  1.09555E-07 -1.07901E+05  5.30504E+03  1.80370E+03 -1.27595E+03 -1.59526E+03 -1.12381E+02
   2.00000E+00  1.50000E+00  5.00000E-01 -4.97101E-07 -1.17187E-06  4.37658E-18 -9.13452E+04 -5.02558E+03 -2.03056E+03 -1.51852E+04  1.66480E+03  7.77280E+01  2.00000E+00  1.50000E+00  0.00000E+00 -4.96402E-07 -1.15294E-06 -3.79841E-08 -9.13038E+04 -5.05272E+03 -2.02629E+03 -1.50844E+04 -1.65594E+03 -1.09847E+02  2.00000E+00  1.00000E+00  0.00000E+00 -1.00323E-06 -1.21087E-06 -7.55964E-08 -5.77639E+04  6.52005E+03  2.87361E+03 -1.53642E+04  1.64909E+03  5.72703E+01  2.00000E+00  1.00000E+00  5.00000E-01 -1.00457E-06 -1.22961E-06  4.30305E-18 -5.77453E+04  6.48315E+03  2.86811E+03 -1.52579E+04 -1.67164E+03 -7.53754E+01  2.50000E+00  1.50000E+00  5.00000E-01 -6.22257E-07 -1.80486E-06  6.68312E-18 -9.18951E+04 -5.93356E+03 -2.95562E+03 -4.16739E+03  1.63597E+03  9.62799E+01  2.50000E+00  1.50000E+00  0.00000E+00 -6.21667E-07 -1.78653E-06 -3.67171E-08 -9.18453E+04 -5.94110E+03 -2.94295E+03 -4.07312E+03 -1.62984E+03 -9.12948E+01  2.50000E+00  1.00000E+00  0.00000E+00 -1.25256E-06 -1.84243E-06 -7.32582E-08 -5.82314E+04  5.69446E+03  2.14079E+03 -4.34642E+03  1.62586E+03  6.93121E+01  2.50000E+00  1.00000E+00  5.00000E-01 -1.25367E-06 -1.86067E-06  6.61786E-18 -5.82045E+04  5.67715E+03  2.14370E+03 -4.24656E+03 -1.63994E+03 -6.33336E+01
   2.00000E+00  1.50000E+00  1.00000E+00 -4.96402E-07 -1.15294E-06  3.79841E-08 -9.13038E+04 -5.05272E+03 -2.02629E+03 -1.50844E+04  1.65594E+03  1.09847E+02  2.00000E+00  1.50000E+00  5.00000E-01 -4.97101E-07 -1.17187E-06  4.37658E-18 -9.13452E+04 -5.02558E+03 -2.03056E+03 -1.51852E+04 -1.66480E+03 -7.77280E+01  2.00000E+00  1.00000E+00  5.00000E-01 -1.00457E-06 -1.22961E-06  4.30305E-18 -5.77453E+04  6.48315E+03  2.86811E+03 -1.52579E+04  1.67164E+03  7.53754E+01  2.00000E+00  1.00000E+00  1.00000E+00 -1.00323E-06 -1.21087E-06  7.55964E-08 -5.77639E+04  6.52005E+03  2.87361E+03 -1.53642E+04 -1.64909E+03 -5.72703E+01  2.50000E+00  1.50000E+00  1.00000E+00 -6.21667E-07 -1.78653E-06  3.67171E-08 -9.18453E+04 -5.94110E+03 -2.94295E+03 -4.07312E+03  1.62984E+03  9.12948E+01  2.50000E+00  1.50000E+00  5.00000E-01 -6.22257E-07 -1.80486E-06  6.68312E-18 -9.18951E+04 -5.93356E+03 -2.95562E+03 -4.16739E+03 -1.63597E+03 -9.62799E+01  2.50000E+00  1.00000E+00  5.00000E-01 -1.25367E-06 -1.86067E-06  6.61786E-18 -5.82045E+04  5.67715E+03  2.14370E+03 -4.24656E+03  1.63994E+03  6.33336E+01  2.50000E+00  1.00000E+00  1.00000E+00 -1.25256E-06 -1.84243E-06  7.32582E-08 -5.82314E+04  5.69446E+03  2.14079E+03 -4.34642E+03 -1.62586E+03 -6.93121E+01
   2.00000E+00  2.00000E+00  5.00000E-01  4.63883E-21 -1.15249E-06  4.35154E-18 -4.18694E+04 -5.53999E+03 -2.32443E+03 -1.70160E+04  1.68083E+03  3.92621E+01  2.00000E+00  2.00000E+00  0.00000E+00  2.03264E-18 -1.13347E-06  4.43036E-18 -4.18534E+04 -5.55351E+03 -2.32370E+03 -1.69012E+04 -1.66925E+03 -4.94957E+01  2.00000E+00  1.50000E+00  0.00000E+00 -4.96402E-07 -1.15294E-06 -3.79841E-08 -7.95920E+03  6.12144E+03  2.63683E+03 -1.70802E+04  1.67370E+03  1.05202E+01  2.00000E+00  1.50000E+00  5.00000E-01 -4.97101E-07 -1.17187E-06  4.37658E-18 -7.96275E+03  6.09956E+03  2.62920E+03 -1.69629E+04 -1.67638E+03 -1.32623E+01  2.50000E+00  2.00000E+00  5.00000E-01  6.02187E-21 -1.78617E-06  6.63853E-18 -4.20989E+04 -5.89799E+03 -2.73145E+03 -5.89163E+03  1.64685E+03  4.68798E+01  2.50000E+00  2.00000E+00  0.00000E+00  2.49098E-18 -1.76780E-06  6.71209E-18 -4.20791E+04 -5.90266E+03 -2.72692E+03 -5.78241E+03 -1.63826E+03 -4.18780E+01  2.50000E+00  1.50000E+00  0.00000E+00 -6.21667E-07 -1.78653E-06 -3.67171E-08 -8.09125E+03  5.86090E+03  2.45722E+03 -5.95588E+03  1.64225E+03  1.25614E+01  2.50000E+00  1.50000E+00  5.00000E-01 -6.22257E-07 -1.80486E-06  6.68312E-18 -8.09100E+03  5.84787E+03  2.45339E+03 -5.84413E+03 -1.64286E+03 -1.12212E+01
   2.00000E+00  2.00000E+00  1.00000E+00 -2.02311E-18 -1.13347E-06  4.42994E-18 -4.18534E+04 -5.55351E+03 -2.32370E+03 -1.69012E+04  1.66925E+03  4.94957E+01  2.00000E+00  2.00000E+00  5.00000E-01  4.63883E-21 -1.15249E-06  4.35154E-18 -4.18694E+04 -5.53999E+03 -2.32443E+03 -1.70160E+04 -1.68083E+03 -3.92621E+01  2.00000E+00  1.50000E+00  5.00000E-01 -4.97101E-07 -1.17187E-06  4.37658E-18 -7.96275E+03  6.09956E+03  2.62920E+03 -1.69629E+04  1.67638E+03  1.32623E+01  2.00000E+00  1.50000E+00  1.00000E+00 -4.96402E-07 -1.15294E-06  3.79841E-08 -7.95920E+03  6.12144E+03  2.63683E+03 -1.70802E+04 -1.67370E+03 -1.05202E+01  2.50000E+00  2.00000E+00  1.00000E+00 -2.47864E-18 -1.76780E-06  6.71140E-18 -4.20791E+04 -5.90266E+03 -2.72692E+03 -5.78241E+03  1.63826E+03  4.18780E+01  2.50000E+00  2.00000E+00  5.00000E-01  6.02187E-21 -1.78617E-06  6.63853E-18 -4.20989E+04 -5.89799E+03 -2.73145E+03 -5.89163E+03 -1.64685E+03 -4.68798E+01  2.50000E+00  1.50000E+00  5.00000E-01 -6.22257E-07 -1.80486E-06  6.68312E-18 -8.09100E+03  5.84787E+03  2.45339E+03 -5.84413E+03  1.64286E+03  1.12212E+01  2.50000E+00  1.50000E+00  1.00000E+00 -6.21667E-07 -1.78653E-06  3.67171E-08 -8.09125E+03  5.86090E+03  2.45722E+03 -5.95588E+03 -1.64225E+03 -1.25614E+01
   2.00000E+00  2.50000E+00  5.00000E-01  4.97101E-07 -1.17187E-06  4.23401E-18  7.95920E+03 -6.12144E+03 -2.63683E+03 -1.70802E+04  1.67370E+03 -1.05202E+01  2.00000E+00  2.50000E+00  0.00000E+00  4.96402E-07 -1.15294E-06  3.79841E-08  7.96275E+03 -6.09956E+03 -2.62920E+03 -1.69629E+04 -1.67638E+03  1.32623E+01  2.00000E+00  2.00000E+00  0.00000E+00  2.03264E-18 -1.13347E-06  4.43036E-18  4.18694E+04  5.53999E+03  2.32443E+03 -1.70160E+04  1.68083E+03 -3.92621E+01  2.00000E+00  2.00000E+00  5.00000E-01  4.63883E-21 -1.15249E-06  4.35154E-18  4.18534E+04  5.55351E+03  2.32370E+03 -1.69012E+04 -1.66925E+03  4.94957E+01  2.50000E+00  2.50000E+00  5.00000E-01  6.22257E-07 -1.80486E-06  6.48850E-18  8.09125E+03 -5.86090E+03 -2.45722E+03 -5.95588E+03  1.64225E+03 -1.25614E+01  2.50000E+00  2.50000E+00  0.00000E+00  6.21667E-07 -1.78653E-06  3.67171E-08  8.09100E+03 -5.84787E+03 -2.45339E+03 -5.84413E+03 -1.64286E+03  1.12212E+01  2.50000E+00  2.00000E+00  0.00000E+00  2.49098E-18 -1.76780E-06  6.71209E-18  4.20989E+04  5.89799E+03  2.73145E+03 -5.89163E+03  1.64685E+03 -4.68798E+01  2.50000E+00  2.00000E+00  5.00000E-01  6.02187E-21 -1.78617E-06  6.63853E-18  4.20791E+04  5.90266E+03  2.72692E+03 -5.78241E+03 -1.63826E+03  4.18780E+01
   2.00000E+00  2.50000E+00  1.00000E+00  4.96402E-07 -1.15294E-06 -3.79841E-08  7.96275E+03 -6.09956E+03 -2.62920E+03 -1.69629E+04  1.67638E+03 -1.32623E+01  2.00000E+00  2.50000E+00  5.00000E-01  4.97101E-07 -1.17187E-06  4.23401E-18  7.95920E+03 -6.12144E+03 -2.63683E+03 -1.70802E+04 -1.67370E+03  1.05202E+01  2.00000E+00  2.00000E+00  5.00000E-01  4.63883E-21 -1.15249E-06  4.35154E-18  4.18534E+04  5.55351E+03  2.32370E+03 -1.69012E+04  1.66925E+03 -4.94957E+01  2.00000E+00  2.00000E+00  1.00000E+00 -2.02311E-18 -1.13347E-06  4.42994E-18  4.18694E+04  5.53999E+03  2.32443E+03 -1.70160E+04 -1.68083E+03  3.92621E+01  2.50000E+00  2.50000E+00  1.00000E+00  6.21667E-07 -1.78653E-06 -3.67171E-08  8.09100E+03 -5.84787E+03 -2.45339E+03 -5.84413E+03  1.64286E+03 -1.12212E+01  2.50000E+00  2.50000E+00  5.00000E-01  6.22257E-07 -1.80486E-06  6.48850E-18  8.09125E+03 -5.86090E+03 -2.45722E+03 -5.95588E+03 -1.64225E+03  1.25614E+01  2.50000E+00  2.00000E+00  5.00000E-01  6.02187E-21 -1.78617E-06  6.63853E-18  4.20791E+04  5.90266E+03  2.72692E+03 -5.78241E+03  1.63826E+03 -4.18780E+01  2.50000E+00  2.00000E+00  1.00000E+00 -2.47864E-18 -1.76780E-06  6.71140E-18  4.20989E+04  5.89799E+03  2.73145E+03 -5.89163E+03 -1.64685E+03  4.68798E+01
   2.00000E+00  3.00000E+00  5.00000E-01  1.00457E-06 -1.22961E-06  4.01695E-18  5.77639E+04 -6.52005E+03 -2.87361E+03 -1.53642E+04  1.64909E+03 -5.72703E+01  2.00000E+00  3.00000E+00  0.00000E+00  1.00323E-06 -1.21087E-06  7.55964E-08  5.77453E+04 -6.48315E+03 -2.86811E+03 -1.52579E+04 -1.67164E+03  7.53754E+01  2.00000E+00  2.50000E+00  0.00000E+00  4.96402E-07 -1.15294E-06  3.79841E-08  9.13452E+04  5.02558E+03  2.03056E+03 -1.51852E+04  1.66480E+03 -7.77280E+01  2.00000E+00  2.50000E+00  5.00000E-01  4.97101E-07 -1.17187E-06  4.23401E-18  9.13038E+04  5.05272E+03  2.02629E+03 -1.50844E+04 -1.65594E+03  1.09847E+02  2.50000E+00  3.00000E+00  5.00000E-01  1.25367E-06 -1.86067E-06  6.22846E-18  5.82314E+04 -5.69446E+03 -2.14079E+03 -4.34642E+03  1.62586E+03 -6.93121E+01  2.50000E+00  3.00000E+00  0.00000E+00  1.25256E-06 -1.84243E-06  7.32582E-08  5.82045E+04 -5.67715E+03 -2.14370E+03 -4.24656E+03 -1.63994E+03  6.33336E+01  2.50000E+00  2.50000E+00  0.00000E+00  6.21667E-07 -1.78653E-06  3.67171E-08  9.18951E+04  5.93356E+03  2.95562E+03 -4.16739E+03  1.63597E+03 -9.62799E+01  2.50000E+00  2.50000E+00  5.00000E-01  6.22257E-07 -1.80486E-06  6.48850E-18  9.18453E+04  5.94110E+03  2.94295E+03 -4.07312E+03 -1.62984E+03  9.12948E+01
   2.00000E+00  3.00000E+00  1.00000E+00  1.00323E-06 -1.21087E-06 -7.55964E-08  5.77453E+04 -6.48315E+03 -2.86811E+03 -1.52579E+04  1.67164E+03 -7.53754E+01  2.00000E+00  3.00000E+00  5.00000E-01  1.00457E-06 -1.22961E-06  4.01695E-18  5.77639E+04 -6.52005E+03 -2.87361E+03 -1.53642E+04 -1.64909E+03  5.72703E+01  2.00000E+00  2.50000E+00  5.00000E-01  4.97101E-07 -1.17187E-06  4.23401E-18  9.13038E+04  5.05272E+03  2.02629E+03 -1.50844E+04  1.65594E+03 -1.09847E+02  2.00000E+00  2.50000E+00  1.00000E+00  4.96402E-07 -1.15294E-06 -3.79841E-08  9.13452E+04  5.02558E+03  2.03056E+03 -1.51852E+04 -1.66480E+03  7.77280E+01  2.50000E+00  3.00000E+00  1.00000E+00  1.25256E-06 -1.84243E-06 -7.32582E-08  5.82045E+04 -5.67715E+03 -2.14370E+03 -4.24656E+03  1.63994E+03 -6.33336E+01  2.50000E+00  3.00000E+00  5.00000E-01  1.25367E-06 -1.86067E-06  6.22846E-18  5.82314E+04 -5.69446E+03 -2.14079E+03 -4.34642E+03 -1.62586E+03  6.93121E+01  2.50000E+00  2.50000E+00  5.00000E-01  6.22257E-07 -1.80486E-06  6.48850E-18  9.18453E+04  5.94110E+03  2.94295E+03 -4.07312E+03  1.62984E+03 -9.12948E+01  2.50000E+00  2.50000E+00  1.00000E+00  6.21667E-07 -1.78653E-06 -3.67171E-08  9.18951E+04  5.93356E+03  2.95562E+03 -4.16739E+03 -1.63597E+03  9.62799E+01
   2.00000E+00  3.50000E+00  5.00000E-01  1.53098E-06 -1.32499E-06  3.68229E-18  1.07136E+05 -6.64579E+03 -3.01171E+03 -1.21198E+04  1.60842E+03 -9.41802E+01  2.00000E+00  3.50000E+00  0.00000E+00  1.52936E-06 -1.30627E-06  1.12639E-07  1.07067E+05 -6.68614E+03 -3.04460E+03 -1.20529E+04 -1.66783E+03  1.27512E+02  2.00000E+00  3.00000E+00  0.00000E+00  1.00323E-06 -1.21087E-06  7.55964E-08  1.40175E+05  4.70560E+03  1.78717E+03 -1.18317E+04  1.60470E+03 -1.18671E+02  2.00000E+00  3.00000E+00  5.00000E-01  1.00457E-06 -1.22961E-06  4.01695E-18  1.40132E+05  4.67645E+03  1.76548E+03 -1.17785E+04 -1.67156E+03  1.41304E+02  2.50000E+00  3.50000E+00  5.00000E-01  1.90227E-06 -1.95302E-06  5.84655E-18  1.07901E+05 -5.30504E+03 -1.80370E+03 -1.27595E+03  1.59526E+03 -1.12381E+02  2.50000E+00  3.50000E+00  0.00000E+00  1.90074E-06 -1.93453E-06  1.09555E-07  1.07811E+05 -5.39341E+03 -1.85717E+03 -1.20155E+03 -1.64271E+03  1.09311E+02  2.50000E+00  3.00000E+00  0.00000E+00  1.25256E-06 -1.84243E-06  7.32582E-08  1.40997E+05  6.10377E+03  3.12917E+03 -9.87891E+02  1.57781E+03 -1.29402E+02  2.50000E+00  3.00000E+00  5.00000E-01  1.25367E-06 -1.86067E-06  6.22846E-18  1.40933E+05  6.02660E+03  3.08690E+03 -9.27205E+02 -1.66016E+03  1.30572E+02
   2.00000E+00  3.50000E+00  1.00000E+00  1.52936E-06 -1.30627E-06 -1.12639E-07  1.07067E+05 -6.68614E+03 -3.04460E+03 -1.20529E+04  1.66783E+03 -1.27512E+02  2.00000E+00  3.50000E+00  5.00000E-01  1.53098E-06 -1.32499E-06  3.68229E-18  1.07136E+05 -6.64579E+03 -3.01171E+03 -1.21198E+04 -1.60842E+03  9.41802E+01  2.00000E+00  3.00000E+00  5.00000E-01  1.00457E-06 -1.22961E-06  4.01695E-18  1.40132E+05  4.67645E+03  1.76548E+03 -1.17785E+04  1.67156E+03 -1.41304E+02  2.00000E+00  3.00000E+00  1.00000E+00  1.00323E-06 -1.21087E-06 -7.55964E-08  1.40175E+05  4.70560E+03  1.78717E+03 -1.18317E+04 -1.60470E+03  1.18671E+02  2.50000E+00  3.50000E+00  1.00000E+00  1.90074E-06 -1.93453E-06 -1.09555E-07  1.07811E+05 -5.39341E+03 -1.85717E+03 -1.20155E+03  1.64271E+03 -1.09311E+02  2.50000E+00  3.50000E+00  5.00000E-01  1.90227E-06 -1.95302E-06  5.84655E-18  1.07901E+05 -5.30504E+03 -1.80370E+03 -1.27595E+03 -1.59526E+03  1.12381E+02  2.50000E+00  3.00000E+00  5.00000E-01  1.25367E-06 -1.86067E-06  6.22846E-18  1.40933E+05  6.02660E+03  3.08690E+03 -9.27205E+02  1.66016E+03 -1.30572E+02  2.50000E+00  3.00000E+00  1.00000E+00  1.25256E-06 -1.84243E-06 -7.32582E-08  1.40997E+05  6.10377E+03  3.12917E+03 -9.87891E+02 -1.57781E+03  1.29402E+02
   2.00000E+00  4.00000E+00  5.00000E-01  2.08146E-06 -1.45648E-06  3.20568E-18  1.55973E+05 -6.37332E+03 -3.12735E+03 -7.90306E+03  1.73117E+03 -1.32653E+02  2.00000E+00  4.00000E+00  0.00000E+00  2.07974E-06 -1.43753E-06  1.50714E-07  1.55920E+05 -6.45685E+03 -3.16845E+03 -7.87359E+03 -1.64435E+03  1.47712E+02  2.00000E+00  3.50000E+00  0.00000E+00  1.52936E-06 -1.30627E-06  1.12639E-07  1.88704E+05  4.76089E+03  1.25581E+03 -7.59143E+03  1.70996E+03 -1.46362E+02  2.00000E+00  3.50000E+00  5.00000E-01  1.53098E-06 -1.32499E-06  3.68229E-18  1.88668E+05  4.68480E+03  1.22215E+03 -7.56476E+03 -1.66557E+03  1.51429E+02  2.50000E+00  4.00000E+00  5.00000E-01  2.57440E-06 -2.08104E-06  5.32620E-18  1.56861E+05 -4.86208E+03 -1.67864E+03  2.89528E+03  1.72673E+03 -1.38835E+02  2.50000E+00  4.00000E+00  0.00000E+00  2.57268E-06 -2.06227E-06  1.47289E-07  1.56804E+05 -4.95538E+03 -1.72392E+03  2.92970E+03 -1.63136E+03  1.41529E+02  2.50000E+00  3.50000E+00  0.00000E+00  1.90074E-06 -1.93453E-06  1.09555E-07  1.89618E+05  6.29826E+03  2.76551E+03  3.20690E+03  1.70273E+03 -1.47586E+02  2.50000E+00  3.50000E+00  5.00000E-01  1.90227E-06 -1.95302E-06  5.84655E-18  1.89578E+05  6.21241E+03  2.72767E+03  3.23853E+03 -1.65537E+03  1.50205E+02
   2.00000E+00  4.00000E+00  1.00000E+00  2.07974E-06 -1.43753E-06 -1.50714E-07  1.55920E+05 -6.45685E+03 -3.16845E+03 -7.87359E+03  1.64435E+03 -1.47712E+02  2.00000E+00  4.00000E+00  5.00000E-01  2.08146E-06 -1.45648E-06  3.20568E-18  1.55973E+05 -6.37332E+03 -3.12735E+03 -7.90306E+03 -1.73117E+03  1.32653E+02  2.00000E+00  3.50000E+00  5.00000E-01  1.53098E-06 -1.32499E-06  3.68229E-18  1.88668E+05  4.68480E+03  1.22215E+03 -7.56476E+03  1.66557E+03 -1.51429E+02  2.00000E+00  3.50000E+00  1.00000E+00  1.52936E-06 -1.30627E-06 -1.12639E-07  1.88704E+05  4.76089E+03  1.25581E+03 -7.59143E+03 -1.70996E+03  1.46362E+02  2.50000E+00  4.00000E+00  1.00000E+00  2.57268E-06 -2.06227E-06 -1.47289E-07  1.56804E+05 -4.95538E+03 -1.72392E+03  2.92970E+03  1.63136E+03 -1.41529E+02  2.50000E+00  4.00000E+00  5.00000E-01  2.57440E-06 -2.08104E-06  5.32620E-18  1.56861E+05 -4.86208E+03 -1.67864E+03  2.89528E+03 -1.72673E+03  1.38835E+02  2.50000E+00  3.50000E+00  5.00000E-01  1.90227E-06 -1.95302E-06  5.84655E-18  1.89578E+05  6.21241E+03  2.72767E+03  3.23853E+03  1.65537E+03 -1.50205E+02  2.50000E+00  3.50000E+00  1.00000E+00  1.90074E-06 -1.93453E-06 -1.09555E-07  1.89618E+05  6.29826E+03  2.76551E+03  3.20690E+03 -1.70273E+03  1.47586E+02
   2.50000E+00  5.00000E-01  5.00000E-01 -1.90227E-06 -1.95302E-06  6.43123E-18 -1.83761E+05 -4.65220E+03 -1.11353E+03 -7.67612E+03  1.69145E+03  1.91627E+02  2.50000E+00  5.00000E-01  0.00000E+00 -1.90074E-06 -1.93453E-06 -1.09555E-07 -1.83747E+05 -4.57281E+03 -1.08532E+03 -7.62171E+03 -1.64425E+03 -1.39894E+02  2.50000E+00  0.00000E+00  0.00000E+00 -2.57268E-06 -2.06227E-06 -1.47289E-07 -1.51589E+05  6.27678E+03  3.14407E+03 -8.00189E+03  1.71704E+03  1.50011E+02  2.50000E+00  0.00000E+00  5.00000E-01 -2.57440E-06 -2.08104E-06  6.10637E-18 -1.51562E+05  6.36161E+03  3.17771E+03 -7.94594E+03 -1.61866E+03 -1.37725E+02  3.00000E+00  5.00000E-01  5.00000E-01 -2.26306E-06 -2.70271E-06  9.22187E-18 -1.84747E+05 -6.28969E+03 -2.76251E+03  2.94556E+03  1.66785E+03  1.84841E+02  3.00000E+00  5.00000E-01  0.00000E+00 -2.26151E-06 -2.68465E-06 -1.06496E-07 -1.84730E+05 -6.20491E+03 -2.73199E+03  3.00360E+03 -1.62406E+03 -1.46680E+02  3.00000E+00  0.00000E+00  0.00000E+00 -3.05301E-06 -2.80872E-06 -1.43377E-07 -1.52509E+05  4.70497E+03  1.64833E+03  2.61979E+03  1.69498E+03  1.46852E+02  3.00000E+00  0.00000E+00  5.00000E-01 -3.05482E-06 -2.82709E-06  8.91841E-18 -1.52480E+05  4.79519E+03  1.68429E+03  2.67936E+03 -1.59693E+03 -1.40883E+02
   2.50000E+00  5.00000E-01  1.00000E+00 -1.90074E-06 -1.93453E-06  1.09555E-07 -1.83747E+05 -4.57281E+03 -1.08532E+03 -7.62171E+03  1.64425E+03  1.39894E+02  2.50000E+00  5.00000E-01  5.00000E-01 -1.90227E-06 -1.95302E-06  6.43123E-18 -1.83761E+05 -4.65220E+03 -1.11353E+03 -7.67612E+03 -1.69145E+03 -1.91627E+02  2.50000E+00  0.00000E+00  5.00000E-01 -2.57440E-06 -2.08104E-06  6.10637E-18 -1.51562E+05  6.36161E+03  3.17771E+03 -7.94594E+03  1.61866E+03  1.37725E+02  2.50000E+00  0.00000E+00  1.00000E+00 -2.57268E-06 -2.06227E-06  1.47289E-07 -1.51589E+05  6.27678E+03  3.14407E+03 -8.00189E+03 -1.71704E+03 -1.50011E+02  3.00000E+00  5.00000E-01  1.00000E+00 -2.26151E-06 -2.68465E-06  1.06496E-07 -1.84730E+05 -6.20491E+03 -2.73199E+03  3.00360E+03  1.62406E+03  1.46680E+02  3.00000E+00  5.00000E-01  5.00000E-01 -2.26306E-06 -2.70271E-06  9.22187E-18 -1.84747E+05 -6.28969E+03 -2.76251E+03  2.94556E+03 -1.66785E+03 -1.84841E+02  3.00000E+00  0.00000E+00  5.00000E-01 -3.05482E-06 -2.82709E-06  8.91841E-18 -1.52480E+05  4.79519E+03  1.68429E+03  2.67936E+03  1.59693E+03  1.40883E+02  3.00000E+00  0.00000E+00  1.00000E+00 -3.05301E-06 -2.80872E-06  1.43377E-07 -1.52509E+05  4.70497E+03  1.64833E+03  2.61979E+03 -1.69498E+03 -1.46852E+02
   2.50000E+00  1.00000E+00  5.00000E-01 -1.25367E-06 -1.86067E-06  6.61786E-18 -1.36175E+05 -4.77826E+03 -1.77483E+03 -1.18695E+04  1.55939E+03  1.26254E+02  2.50000E+00  1.00000E+00  0.00000E+00 -1.25256E-06 -1.84243E-06 -7.32582E-08 -1.36142E+05 -4.69756E+03 -1.74071E+03 -1.17911E+04 -1.64780E+03 -1.28684E+02  2.50000E+00  5.00000E-01  0.00000E+00 -1.90074E-06 -1.93453E-06 -1.09555E-07 -1.03847E+05  6.32738E+03  2.91643E+03 -1.21358E+04  1.58268E+03  1.02966E+02  2.50000E+00  5.00000E-01  5.00000E-01 -1.90227E-06 -1.95302E-06  6.43123E-18 -1.03802E+05  6.41338E+03  2.95586E+03 -1.20551E+04 -1.62451E+03 -1.06154E+02  3.00000E+00  1.00000E+00  5.00000E-01 -1.49493E-06 -2.61332E-06  9.39127E-18 -1.36957E+05 -6.09250E+03 -3.06647E+03 -1.25857E+03  1.53594E+03  1.25717E+02  3.00000E+00  1.00000E+00  0.00000E+00 -1.49388E-06 -2.59556E-06 -7.10927E-08 -1.36920E+05 -6.00398E+03 -3.02899E+03 -1.17660E+03 -1.62544E+03 -1.29221E+02  3.00000E+00  5.00000E-01  0.00000E+00 -2.26151E-06 -2.68465E-06 -1.06496E-07 -1.04560E+05  5.08187E+03  1.78515E+03 -1.52480E+03  1.56146E+03  1.05964E+02  3.00000E+00  5.00000E-01  5.00000E-01 -2.26306E-06 -2.70271E-06  9.22187E-18 -1.04512E+05  5.17569E+03  1.82793E+03 -1.44060E+03 -1.59992E+03 -1.03156E+02
   2.50000E+00  1.00000E+00  1.00000E+00 -1.25256E-06 -1.84243E-06  7.32582E-08 -1.36142E+05 -4.69756E+03 -1.74071E+03 -1.17911E+04  1.64780E+03  1.28684E+02  2.50000E+00  1.00000E+00  5.00000E-01 -1.25367E-06 -1.86067E-06  6.61786E-18 -1.36175E+05 -4.77826E+03 -1.77483E+03 -1.18695E+04 -1.55939E+03 -1.26254E+02  2.50000E+00  5.00000E-01  5.00000E-01 -1.90227E-06 -1.95302E-06  6.43123E-18 -1.03802E+05  6.41338E+03  2.95586E+03 -1.20551E+04  1.62451E+03  1.06154E+02  2.50000E+00  5.00000E-01  1.00000E+00 -1.90074E-06 -1.93453E-06  1.09555E-07 -1.03847E+05  6.32738E+03  2.91643E+03 -1.21358E+04 -1.58268E+03 -1.02966E+02  3.00000E+00  1.00000E+00  1.00000E+00 -1.49388E-06 -2.59556E-06  7.10927E-08 -1.36920E+05 -6.00398E+03 -3.02899E+03 -1.17660E+03  1.62544E+03  1.29221E+02  3.00000E+00  1.00000E+00  5.00000E-01 -1.49493E-06 -2.61332E-06  9.39127E-18 -1.36957E+05 -6.09250E+03 -3.06647E+03 -1.25857E+03 -1.53594E+03 -1.25717E+02  3.00000E+00  5.00000E-01  5.00000E-01 -2.26306E-06 -2.70271E-06  9.22187E-18 -1.04512E+05  5.17569E+03  1.82793E+03 -1.44060E+03  1.59992E+03  1.03156E+02  3.00000E+00  5.00000E-01  1.00000E+00 -2.26151E-06 -2.68465E-06  1.06496E-07 -1.04560E+05  5.08187E+03  1.78515E+03 -1.52480E+03 -1.56146E+03 -1.05964E+02
   2.50000E+00  1.50000E+00  5.00000E-01 -6.22257E-07 -1.80486E-06  6.68312E-18 -8.84231E+04 -4.93921E+03 -1.95875E+03 -1.49305E+04  1.61476E+03  8.45510E+01  2.50000E+00  1.50000E+00  0.00000E+00 -6.21667E-07 -1.78653E-06 -3.67171E-08 -8.84182E+04 -4.95612E+03 -1.96235E+03 -1.48413E+04 -1.61146E+03 -8.83253E+01  2.50000E+00  1.00000E+00  0.00000E+00 -1.25256E-06 -1.84243E-06 -7.32582E-08 -5.58646E+04  6.24910E+03  2.77710E+03 -1.51154E+04  1.60811E+03  5.75287E+01  2.50000E+00  1.00000E+00  5.00000E-01 -1.25367E-06 -1.86067E-06  6.61786E-18 -5.58600E+04  6.23205E+03  2.77337E+03 -1.50223E+04 -1.61812E+03 -6.21471E+01  3.00000E+00  1.50000E+00  5.00000E-01 -7.43230E-07 -2.55954E-06  9.43780E-18 -8.89597E+04 -5.84549E+03 -2.84109E+03 -4.24542E+03  1.58567E+03  8.88103E+01  3.00000E+00  1.50000E+00  0.00000E+00 -7.42686E-07 -2.54176E-06 -3.55890E-08 -8.89491E+04 -5.84904E+03 -2.83896E+03 -4.15628E+03 -1.58735E+03 -8.40660E+01  3.00000E+00  1.00000E+00  0.00000E+00 -1.49388E-06 -2.59556E-06 -7.10927E-08 -5.63214E+04  5.42262E+03  2.08096E+03 -4.43027E+03  1.58283E+03  6.16984E+01  3.00000E+00  1.00000E+00  5.00000E-01 -1.49493E-06 -2.61332E-06  9.39127E-18 -5.63111E+04  5.41892E+03  2.08296E+03 -4.33731E+03 -1.59019E+03 -5.79774E+01
   2.50000E+00  1.50000E+00  1.00000E+00 -6.21667E-07 -1.78653E-06  3.67171E-08 -8.84182E+04 -4.95612E+03 -1.96235E+03 -1.48413E+04  1.61146E+03  8.83253E+01  2.50000E+00  1.50000E+00  5.00000E-01 -6.22257E-07 -1.80486E-06  6.68312E-18 -8.84231E+04 -4.93921E+03 -1.95875E+03 -1.49305E+04 -1.61476E+03 -8.45510E+01  2.50000E+00  1.00000E+00  5.00000E-01 -1.25367E-06 -1.86067E-06  6.61786E-18 -5.58600E+04  6.23205E+03  2.77337E+03 -1.50223E+04  1.61812E+03  6.21471E+01  2.50000E+00  1.00000E+00  1.00000E+00 -1.25256E-06 -1.84243E-06  7.32582E-08 -5.58646E+04  6.24910E+03  2.77710E+03 -1.51154E+04 -1.60811E+03 -5.75287E+01  3.00000E+00  1.50000E+00  1.00000E+00 -7.42686E-07 -2.54176E-06  3.55890E-08 -8.89491E+04 -5.84904E+03 -2.83896E+03 -4.15628E+03  1.58735E+03  8.40660E+01  3.00000E+00  1.50000E+00  5.00000E-01 -7.43230E-07 -2.55954E-06  9.43780E-18 -8.89597E+04 -5.84549E+03 -2.84109E+03 -4.24542E+03 -1.58567E+03 -8.88103E+01  3.00000E+00  1.00000E+00  5.00000E-01 -1.49493E-06 -2.61332E-06  9.39127E-18 -5.63111E+04  5.41892E+03  2.08296E+03 -4.33731E+03  1.59019E+03  5.79774E+01  3.00000E+00  1.00000E+00  1.00000E+00 -1.49388E-06 -2.59556E-06  7.10927E-08 -5.63214E+04  5.42262E+03  2.08096E+03 -4.43027E+03 -1.58283E+03 -6.16984E+01
   2.50000E+00  2.00000E+00  5.00000E-01  6.02187E-21 -1.78617E-06  6.63853E-18 -4.04644E+04 -5.38489E+03 -2.24687E+03 -1.66006E+04  1.62349E+03  3.75708E+01  2.50000E+00  2.00000E+00  0.00000E+00  2.49098E-18 -1.76780E-06  6.71209E-18 -4.04580E+04 -5.39152E+03 -2.24691E+03 -1.64999E+04 -1.61666E+03 -4.14569E+01  2.50000E+00  1.50000E+00  0.00000E+00 -6.21667E-07 -1.78653E-06 -3.67171E-08 -7.70508E+03  5.87756E+03  2.53529E+03 -1.66652E+04  1.62019E+03  1.00671E+01  2.50000E+00  1.50000E+00  5.00000E-01 -6.22257E-07 -1.80486E-06  6.68312E-18 -7.70696E+03  5.86735E+03  2.53166E+03 -1.65635E+04 -1.61996E+03 -1.11083E+01  3.00000E+00  2.00000E+00  5.00000E-01  6.94170E-21 -2.54156E-06  9.36961E-18 -4.06799E+04 -5.72947E+03 -2.62034E+03 -5.85218E+03  1.59363E+03  4.08335E+01  3.00000E+00  2.00000E+00  0.00000E+00  2.93298E-18 -2.52376E-06  9.43848E-18 -4.06718E+04 -5.73248E+03 -2.61883E+03 -5.75387E+03 -1.58866E+03 -3.81942E+01  3.00000E+00  1.50000E+00  0.00000E+00 -7.42686E-07 -2.54176E-06 -3.55890E-08 -7.83372E+03  5.61976E+03  2.36430E+03 -5.91676E+03  1.59138E+03  1.09413E+01  3.00000E+00  1.50000E+00  5.00000E-01 -7.43230E-07 -2.55954E-06  9.43780E-18 -7.83405E+03  5.61317E+03  2.36222E+03 -5.81741E+03 -1.59092E+03 -1.02341E+01
   2.50000E+00  2.00000E+00  1.00000E+00 -2.47864E-18 -1.76780E-06  6.71140E-18 -4.04580E+04 -5.39152E+03 -2.24691E+03 -1.64999E+04  1.61666E+03  4.14569E+01  2.50000E+00  2.00000E+00  5.00000E-01  6.02187E-21 -1.78617E-06  6.63853E-18 -4.04644E+04 -5.38489E+03 -2.24687E+03 -1.66006E+04 -1.62349E+03 -3.75708E+01  2.50000E+00  1.50000E+00  5.00000E-01 -6.22257E-07 -1.80486E-06  6.68312E-18 -7.70696E+03  5.86735E+03  2.53166E+03 -1.65635E+04  1.61996E+03  1.11083E+01  2.50000E+00  1.50000E+00  1.00000E+00 -6.21667E-07 -1.78653E-06  3.67171E-08 -7.70508E+03  5.87756E+03  2.53529E+03 -1.66652E+04 -1.62019E+03 -1.00671E+01  3.00000E+00  2.00000E+00  1.00000E+00 -2.91857E-18 -2.52376E-06  9.43763E-18 -4.06718E+04 -5.73248E+03 -2.61883E+03 -5.75387E+03  1.58866E+03  3.81942E+01  3.00000E+00  2.00000E+00  5.00000E-01  6.94170E-21 -2.54156E-06  9.36961E-18 -4.06799E+04 -5.72947E+03 -2.62034E+03 -5.85218E+03 -1.59363E+03 -4.08335E+01  3.00000E+00  1.50000E+00  5.00000E-01 -7.43230E-07 -2.55954E-06  9.43780E-18 -7.83405E+03  5.61317E+03  2.36222E+03 -5.81741E+03  1.59092E+03  1.02341E+01  3.00000E+00  1.50000E+00  1.00000E+00 -7.42686E-07 -2.54176E-06  3.55890E-08 -7.83372E+03  5.61976E+03  2.36430E+03 -5.91676E+03 -1.59138E+03 -1.09413E+01
   2.50000E+00  2.50000E+00  5.00000E-01  6.22257E-07 -1.80486E-06  6.48850E-18  7.70508E+03 -5.87756E+03 -2.53529E+03 -1.66652E+04  1.62019E+03 -1.00671E+01  2.50000E+00  2.50000E+00  0.00000E+00  6.21667E-07 -1.78653E-06  3.67171E-08  7.70696E+03 -5.86735E+03 -2.53166E+03 -1.65635E+04 -1.61996E+03  1.11083E+01  2.50000E+00  2.00000E+00  0.00000E+00  2.49098E-18 -1.76780E-06  6.71209E-18  4.04644E+04  5.38489E+03  2.24687E+03 -1.66006E+04  1.62349E+03 -3.75708E+01  2.50000E+00  2.00000E+00  5.00000E-01  6.02187E-21 -1.78617E-06  6.63853E-18  4.04580E+04  5.39152E+03  2.24691E+03 -1.64999E+04 -1.61666E+03  4.14569E+01  3.00000E+00  2.50000E+00  5.00000E-01  7.43230E-07 -2.55954E-06  9.18996E-18  7.83372E+03 -5.61976E+03 -2.36430E+03 -5.91676E+03  1.59138E+03 -1.09413E+01  3.00000E+00  2.50000E+00  0.00000E+00  7.42686E-07 -2.54176E-06  3.55890E-08  7.83405E+03 -5.61317E+03 -2.36222E+03 -5.81741E+03 -1.59092E+03  1.02341E+01  3.00000E+00  2.00000E+00  0.00000E+00  2.93298E-18 -2.52376E-06  9.43848E-18  4.06799E+04  5.72947E+03  2.62034E+03 -5.85218E+03  1.59363E+03 -4.08335E+01  3.00000E+00  2.00000E+00  5.00000E-01  6.94170E-21 -2.54156E-06  9.36961E-18  4.06718E+04  5.73248E+03  2.61883E+03 -5.75387E+03 -1.58866E+03  3.81942E+01
   2.50000E+00  2.50000E+00  1.00000E+00  6.21667E-07 -1.78653E-06 -3.67171E-08  7.70696E+03 -5.86735E+03 -2.53166E+03 -1.65635E+04  1.61996E+03 -1.11083E+01  2.50000E+00  2.50000E+00  5.00000E-01  6.22257E-07 -1.80486E-06  6.48850E-18  7.70508E+03 -5.87756E+03 -2.53529E+03 -1.66652E+04 -1.62019E+03  1.00671E+01  2.50000E+00  2.00000E+00  5.00000E-01  6.02187E-21 -1.78617E-06  6.63853E-18  4.04580E+04  5.39152E+03  2.24691E+03 -1.64999E+04  1.61666E+03 -4.14569E+01  2.50000E+00  2.00000E+00  1.00000E+00 -2.47864E-18 -1.76780E-06  6.71140E-18  4.04644E+04  5.38489E+03  2.24687E+03 -1.66006E+04 -1.62349E+03  3.75708E+01  3.00000E+00  2.50000E+00  1.00000E+00  7.42686E-07 -2.54176E-06 -3.55890E-08  7.83405E+03 -5.61317E+03 -2.36222E+03 -5.81741E+03  1.59092E+03 -1.02341E+01  3.00000E+00  2.50000E+00  5.00000E-01  7.43230E-07 -2.55954E-06  9.18996E-18  7.83372E+03 -5.61976E+03 -2.36430E+03 -5.91676E+03 -1.59138E+03  1.09413E+01  3.00000E+00  2.00000E+00  5.00000E-01  6.94170E-21 -2.54156E-06  9.36961E-18  4.06718E+04  5.73248E+03  2.61883E+03 -5.75387E+03  1.58866E+03 -3.81942E+01  3.00000E+00  2.00000E+00  1.00000E+00 -2.91857E-18 -2.52376E-06  9.43763E-18  4.06799E+04  5.72947E+03  2.62034E+03 -5.85218E+03 -1.59363E+03  4.08335E+01
   2.50000E+00  3.00000E+00  5.00000E-01  1.25367E-06 -1.86067E-06  6.22846E-18  5.58646E+04 -6.24910E+03 -2.77710E+03 -1.51154E+04  1.60811E+03 -5.75287E+01  2.50000E+00  3.00000E+00  0.00000E+00  1.25256E-06 -1.84243E-06  7.32582E-08  5.58600E+04 -6.23205E+03 -2.77337E+03 -1.50223E+04 -1.61812E+03  6.21471E+01  2.50000E+00  2.50000E+00  0.00000E+00  6.21667E-07 -1.78653E-06  3.67171E-08  8.84231E+04  4.93921E+03  1.95875E+03 -1.49305E+04  1.61476E+03 -8.45510E+01  2.50000E+00  2.50000E+00  5.00000E-01  6.22257E-07 -1.80486E-06  6.48850E-18  8.84182E+04  4.95612E+03  1.96235E+03 -1.48413E+04 -1.61146E+03  8.83253E+01  3.00000E+00  3.00000E+00  5.00000E-01  1.49493E-06 -2.61332E-06  8.89527E-18  5.63214E+04 -5.42262E+03 -2.08096E+03 -4.43027E+03  1.58283E+03 -6.16984E+01  3.00000E+00  3.00000E+00  0.00000E+00  1.49388E-06 -2.59556E-06  7.10927E-08  5.63111E+04 -5.41892E+03 -2.08296E+03 -4.33731E+03 -1.59019E+03  5.79774E+01  3.00000E+00  2.50000E+00  0.00000E+00  7.42686E-07 -2.54176E-06  3.55890E-08  8.89597E+04  5.84549E+03  2.84109E+03 -4.24542E+03  1.58567E+03 -8.88103E+01  3.00000E+00  2.50000E+00  5.00000E-01  7.43230E-07 -2.55954E-06  9.18996E-18  8.89491E+04  5.84904E+03  2.83896E+03 -4.15628E+03 -1.58735E+03  8.40660E+01
   2.50000E+00  3.00000E+00  1.00000E+00  1.25256E-06 -1.84243E-06 -7.32582E-08  5.58600E+04 -6.23205E+03 -2.77337E+03 -1.50223E+04  1.61812E+03 -6.21471E+01  2.50000E+00  3.00000E+00  5.00000E-01  1.25367E-06 -1.86067E-06  6.22846E-18  5.58646E+04 -6.24910E+03 -2.77710E+03 -1.51154E+04 -1.60811E+03  5.75287E+01  2.50000E+00  2.50000E+00  5.00000E-01  6.22257E-07 -1.80486E-06  6.48850E-18  8.84182E+04  4.95612E+03  1.96235E+03 -1.48413E+04  1.61146E+03 -8.83253E+01  2.50000E+00  2.50000E+00  1.00000E+00  6.21667E-07 -1.78653E-06 -3.67171E-08  8.84231E+04  4.93921E+03  1.95875E+03 -1.49305E+04 -1.61476E+03  8.45510E+01  3.00000E+00  3.00000E+00  1.00000E+00  1.49388E-06 -2.59556E-06 -7.10927E-08  5.63111E+04 -5.41892E+03 -2.08296E+03 -4.33731E+03  1.59019E+03 -5.79774E+01  3.00000E+00  3.00000E+00  5.00000E-01  1.49493E-06 -2.61332E-06  8.89527E-18  5.63214E+04 -5.42262E+03 -2.08096E+03 -4.43027E+03 -1.58283E+03  6.16984E+01  3.00000E+00  2.50000E+00  5.00000E-01  7.43230E-07 -2.55954E-06  9.18996E-18  8.89491E+04  5.84904E+03  2.83896E+03 -4.15628E+03  1.58735E+03 -8.40660E+01  3.00000E+00  2.50000E+00  1.00000E+00  7.42686E-07 -2.54176E-06 -3.55890E-08  8.89597E+04  5.84549E+03  2.84109E+03 -4.24542E+03 -1.58567E+03  8.88103E+01
   2.50000E+00  3.50000E+00  5.00000E-01  1.90227E-06 -1.95302E-06  5.84655E-18  1.03847E+05 -6.32738E+03 -2.91643E+03 -1.21358E+04  1.58268E+03 -1.02966E+02  2.50000E+00  3.50000E+00  0.00000E+00  1.90074E-06 -1.93453E-06  1.09555E-07  1.03802E+05 -6.41338E+03 -2.95586E+03 -1.20551E+04 -1.62451E+03  1.06154E+02  2.50000E+00  3.00000E+00  0.00000E+00  1.25256E-06 -1.84243E-06  7.32582E-08  1.36175E+05  4.77826E+03  1.77483E+03 -1.18695E+04  1.55939E+03 -1.26254E+02  2.50000E+00  3.00000E+00  5.00000E-01  1.25367E-06 -1.86067E-06  6.22846E-18  1.36142E+05  4.69756E+03  1.74071E+03 -1.17911E+04 -1.64780E+03  1.28684E+02  3.00000E+00  3.50000E+00  5.00000E-01  2.26306E-06 -2.70271E-06  8.47628E-18  1.04560E+05 -5.08187E+03 -1.78515E+03 -1.52480E+03  1.56146E+03 -1.05964E+02  3.00000E+00  3.50000E+00  0.00000E+00  2.26151E-06 -2.68465E-06  1.06496E-07  1.04512E+05 -5.17569E+03 -1.82793E+03 -1.44060E+03 -1.59992E+03  1.03156E+02  3.00000E+00  3.00000E+00  0.00000E+00  1.49388E-06 -2.59556E-06  7.10927E-08  1.36957E+05  6.09250E+03  3.06647E+03 -1.25857E+03  1.53594E+03 -1.25717E+02  3.00000E+00  3.00000E+00  5.00000E-01  1.49493E-06 -2.61332E-06  8.89527E-18  1.36920E+05  6.00398E+03  3.02899E+03 -1.17660E+03 -1.62544E+03  1.29221E+02
   2.50000E+00  3.50000E+00  1.00000E+00  1.90074E-06 -1.93453E-06 -1.09555E-07  1.03802E+05 -6.41338E+03 -2.95586E+03 -1.20551E+04  1.62451E+03 -1.06154E+02  2.50000E+00  3.50000E+00  5.00000E-01  1.90227E-06 -1.95302E-06  5.84655E-18  1.03847E+05 -6.32738E+03 -2.91643E+03 -1.21358E+04 -1.58268E+03  1.02966E+02  2.50000E+00  3.00000E+00  5.00000E-01  1.25367E-06 -1.86067E-06  6.22846E-18  1.36142E+05  4.69756E+03  1.74071E+03 -1.17911E+04  1.64780E+03 -1.28684E+02  2.50000E+00  3.00000E+00  1.00000E+00  1.25256E-06 -1.84243E-06 -7.32582E-08  1.36175E+05  4.77826E+03  1.77483E+03 -1.18695E+04 -1.55939E+03  1.26254E+02  3.00000E+00  3.50000E+00  1.00000E+00  2.26151E-06 -2.68465E-06 -1.06496E-07  1.04512E+05 -5.17569E+03 -1.82793E+03 -1.44060E+03  1.59992E+03 -1.03156E+02  3.00000E+00  3.50000E+00  5.00000E-01  2.26306E-06 -2.70271E-06  8.47628E-18  1.04560E+05 -5.08187E+03 -1.78515E+03 -1.52480E+03 -1.56146E+03  1.05964E+02  3.00000E+00  3.00000E+00  5.00000E-01  1.49493E-06 -2.61332E-06  8.89527E-18  1.36920E+05  6.00398E+03  3.02899E+03 -1.17660E+03  1.62544E+03 -1.29221E+02  3.00000E+00  3.00000E+00  1.00000E+00  1.49388E-06 -2.59556E-06 -7.10927E-08  1.36957E+05  6.09250E+03  3.06647E+03 -1.25857E+03 -1.53594E+03  1.25717E+02
   2.50000E+00  4.00000E+00  5.00000E-01  2.57440E-06 -2.08104E-06  5.32620E-18  1.51589E+05 -6.27678E+03 -3.14407E+03 -8.00189E+03  1.71704E+03 -1.50011E+02  2.50000E+00  4.00000E+00  0.00000E+00  2.57268E-06 -2.06227E-06  1.47289E-07  1.51562E+05 -6.36161E+03 -3.17771E+03 -7.94594E+03 -1.61866E+03  1.37725E+02  2.50000E+00  3.50000E+00  0.00000E+00  1.90074E-06 -1.93453E-06  1.09555E-07  1.83761E+05  4.65220E+03  1.11353E+03 -7.67612E+03  1.69145E+03 -1.91627E+02  2.50000E+00  3.50000E+00  5.00000E-01  1.90227E-06 -1.95302E-06  5.84655E-18  1.83747E+05  4.57281E+03  1.08532E+03 -7.62171E+03 -1.64425E+03  1.39894E+02  3.00000E+00  4.00000E+00  5.00000E-01  3.05482E-06 -2.82709E-06  7.92517E-18  1.52509E+05 -4.70497E+03 -1.64833E+03  2.61979E+03  1.69498E+03 -1.46852E+02  3.00000E+00  4.00000E+00  0.00000E+00  3.05301E-06 -2.80872E-06  1.43377E-07  1.52480E+05 -4.79519E+03 -1.68429E+03  2.67936E+03 -1.59693E+03  1.40883E+02  3.00000E+00  3.50000E+00  0.00000E+00  2.26151E-06 -2.68465E-06  1.06496E-07  1.84747E+05  6.28969E+03  2.76251E+03  2.94556E+03  1.66785E+03 -1.84841E+02  3.00000E+00  3.50000E+00  5.00000E-01  2.26306E-06 -2.70271E-06  8.47628E-18  1.84730E+05  6.20491E+03  2.73199E+03  3.00360E+03 -1.62406E+03  1.46680E+02
   2.50000E+00  4.00000E+00  1.00000E+00  2.57268E-06 -2.06227E-06 -1.47289E-07  1.51562E+05 -6.36161E+03 -3.17771E+03 -7.94594E+03  1.61866E+03 -1.37725E+02  2.50000E+00  4.00000E+00  5.00000E-01  2.57440E-06 -2.08104E-06  5.32620E-18  1.51589E+05 -6.27678E+03 -3.14407E+03 -8.00189E+03 -1.71704E+03  1.50011E+02  2.50000E+00  3.50000E+00  5.00000E-01  1.90227E-06 -1.95302E-06  5.84655E-18  1.83747E+05  4.57281E+03  1.08532E+03 -7.62171E+03  1.64425E+03 -1.39894E+02  2.50000E+00  3.50000E+00  1.00000E+00  1.90074E-06 -1.93453E-06 -1.09555E-07  1.83761E+05  4.65220E+03  1.11353E+03 -7.67612E+03 -1.69145E+03  1.91627E+02  3.00000E+00  4.00000E+00  1.00000E+00  3.05301E-06 -2.80872E-06 -1.43377E-07  1.52480E+05 -4.79519E+03 -1.68429E+03  2.67936E+03  1.59693E+03 -1.40883E+02  3.00000E+00  4.00000E+00  5.00000E-01  3.05482E-06 -2.82709E-06  7.92517E-18  1.52509E+05 -4.70497E+03 -1.64833E+03  2.61979E+03 -1.69498E+03  1.46852E+02  3.00000E+00  3.50000E+00  5.00000E-01  2.26306E-06 -2.70271E-06  8.47628E-18  1.84730E+05  6.20491E+03  2.73199E+03  3.00360E+03  1.62406E+03 -1.46680E+02  3.00000E+00  3.50000E+00  1.00000E+00  2.26151E-06 -2.68465E-06 -1.06496E-07  1.84747E+05  6.28969E+03  2.76251E+03  2.94556E+03 -1.66785E+03  1.84841E+02
   3.00000E+00  5.00000E-01  5.00000E-01 -2.26306E-06 -2.70271E-06  9.22187E-18 -1.78587E+05 -4.54249E+03 -1.03516E+03 -7.62823E+03  1.64946E+03  2.00737E+02  3.00000E+00  5.00000E-01  0.00000E+00 -2.26151E-06 -2.68465E-06 -1.06496E-07 -1.78560E+05 -4.45235E+03 -9.99760E+02 -7.55953E+03 -1.60721E+03 -1.45249E+02  3.00000E+00  0.00000E+00  0.00000E+00 -3.05301E-06 -2.80872E-06 -1.43377E-07 -1.47219E+05  6.10971E+03  3.10371E+03 -7.95285E+03  1.67683E+03  1.52672E+02  3.00000E+00  0.00000E+00  5.00000E-01 -3.05482E-06 -2.82709E-06  8.91841E-18 -1.47186E+05  6.20187E+03  3.14113E+03 -7.88504E+03 -1.57984E+03 -1.40819E+02  3.50000E+00  5.00000E-01  5.00000E-01 -2.61339E-06 -3.57099E-06  1.24611E-17 -1.79593E+05 -6.19766E+03 -2.73305E+03  2.72990E+03  1.62280E+03  1.96965E+02  3.50000E+00  5.00000E-01  0.00000E+00 -2.61182E-06 -3.55343E-06 -1.03408E-07 -1.79567E+05 -6.11060E+03 -2.69897E+03  2.79995E+03 -1.58137E+03 -1.49021E+02  3.50000E+00  0.00000E+00  0.00000E+00 -3.51993E-06 -3.67384E-06 -1.39265E-07 -1.48146E+05  4.53328E+03  1.58955E+03  2.40528E+03  1.64929E+03  1.50248E+02  3.50000E+00  0.00000E+00  5.00000E-01 -3.52179E-06 -3.69170E-06  1.21891E-17 -1.48115E+05  4.62237E+03  1.62565E+03  2.47444E+03 -1.55488E+03 -1.43244E+02
   3.00000E+00  5.00000E-01  1.00000E+00 -2.26151E-06 -2.68465E-06  1.06496E-07 -1.78560E+05 -4.45235E+03 -9.99760E+02 -7.55953E+03  1.60721E+03  1.45249E+02  3.00000E+00  5.00000E-01  5.00000E-01 -2.26306E-06 -2.70271E-06  9.22187E-18 -1.78587E+05 -4.54249E+03 -1.03516E+03 -7.62823E+03 -1.64946E+03 -2.00737E+02  3.00000E+00  0.00000E+00  5.00000E-01 -3.05482E-06 -2.82709E-06  8.91841E-18 -1.47186E+05  6.20187E+03  3.14113E+03 -7.88504E+03  1.57984E+03  1.40819E+02  3.00000E+00  0.00000E+00  1.00000E+00 -3.05301E-06 -2.80872E-06  1.43377E-07 -1.47219E+05  6.10971E+03  3.10371E+03 -7.95285E+03 -1.67683E+03 -1.52672E+02  3.50000E+00  5.00000E-01  1.00000E+00 -2.61182E-06 -3.55343E-06  1.03408E-07 -1.79567E+05 -6.11060E+03 -2.69897E+03  2.79995E+03  1.58137E+03  1.49021E+02  3.50000E+00  5.00000E-01  5.00000E-01 -2.61339E-06 -3.57099E-06  1.24611E-17 -1.79593E+05 -6.19766E+03 -2.73305E+03  2.72990E+03 -1.62280E+03 -1.96965E+02  3.50000E+00  0.00000E+00  5.00000E-01 -3.52179E-06 -3.69170E-06  1.21891E-17 -1.48115E+05  4.62237E+03  1.62565E+03  2.47444E+03  1.55488E+03  1.43244E+02  3.50000E+00  0.00000E+00  1.00000E+00 -3.51993E-06 -3.67384E-06  1.39265E-07 -1.48146E+05  4.53328E+03  1.58955E+03  2.40528E+03 -1.64929E+03 -1.50248E+02
   3.00000E+00  1.00000E+00  5.00000E-01 -1.49493E-06 -2.61332E-06  9.39127E-18 -1.32233E+05 -4.76805E+03 -1.73804E+03 -1.18337E+04  1.51823E+03  1.26235E+02  3.00000E+00  1.00000E+00  0.00000E+00 -1.49388E-06 -2.59556E-06 -7.10927E-08 -1.32198E+05 -4.67716E+03 -1.70019E+03 -1.17449E+04 -1.60789E+03 -1.29569E+02  3.00000E+00  5.00000E-01  0.00000E+00 -2.26151E-06 -2.68465E-06 -1.06496E-07 -1.00716E+05  6.05963E+03  2.83739E+03 -1.20837E+04  1.54475E+03  1.02070E+02  3.00000E+00  5.00000E-01  5.00000E-01 -2.26306E-06 -2.70271E-06  9.22187E-18 -1.00674E+05  6.15319E+03  2.87791E+03 -1.19943E+04 -1.58138E+03 -1.03263E+02  3.50000E+00  1.00000E+00  5.00000E-01 -1.72877E-06 -3.48441E-06  1.26036E-17 -1.32991E+05 -6.02656E+03 -3.00827E+03 -1.48912E+03  1.49332E+03  1.24953E+02  3.50000E+00  1.00000E+00  0.00000E+00 -1.72773E-06 -3.46715E-06 -6.89890E-08 -1.32955E+05 -5.93392E+03 -2.96967E+03 -1.39853E+03 -1.58233E+03 -1.30850E+02  3.50000E+00  5.00000E-01  0.00000E+00 -2.61182E-06 -3.55343E-06 -1.03408E-07 -1.01399E+05  4.87683E+03  1.74381E+03 -1.73907E+03  1.52034E+03  1.02565E+02  3.50000E+00  5.00000E-01  5.00000E-01 -2.61339E-06 -3.57099E-06  1.24611E-17 -1.01357E+05  4.97214E+03  1.78507E+03 -1.64798E+03 -1.55532E+03 -1.02768E+02
   3.00000E+00  1.00000E+00  1.00000E+00 -1.49388E-06 -2.59556E-06  7.10927E-08 -1.32198E+05 -4.67716E+03 -1.70019E+03 -1.17449E+04  1.60789E+03  1.29569E+02  3.00000E+00  1.00000E+00  5.00000E-01 -1.49493E-06 -2.61332E-06  9.39127E-18 -1.32233E+05 -4.76805E+03 -1.73804E+03 -1.18337E+04 -1.51823E+03 -1.26235E+02  3.00000E+00  5.00000E-01  5.00000E-01 -2.26306E-06 -2.70271E-06  9.22187E-18 -1.00674E+05  6.15319E+03  2.87791E+03 -1.19943E+04  1.58138E+03  1.03263E+02  3.00000E+00  5.00000E-01  1.00000E+00 -2.26151E-06 -2.68465E-06  1.06496E-07 -1.00716E+05  6.05963E+03  2.83739E+03 -1.20837E+04 -1.54475E+03 -1.02070E+02  3.50000E+00  1.00000E+00  1.00000E+00 -1.72773E-06 -3.46715E-06  6.89890E-08 -1.32955E+05 -5.93392E+03 -2.96967E+03 -1.39853E+03  1.58233E+03  1.30850E+02  3.50000E+00  1.00000E+00  5.00000E-01 -1.72877E-06 -3.48441E-06  1.26036E-17 -1.32991E+05 -6.02656E+03 -3.00827E+03 -1.48912E+03 -1.49332E+03 -1.24953E+02  3.50000E+00  5.00000E-01  5.00000E-01 -2.61339E-06 -3.57099E-06  1.24611E-17 -1.01357E+05  4.97214E+03  1.78507E+03 -1.64798E+03  1.55532E+03  1.02768E+02  3.50000E+00  5.00000E-01  1.00000E+00 -2.61182E-06 -3.55343E-06  1.03408E-07 -1.01399E+05  4.87683E+03  1.74381E+03 -1.73907E+03 -1.52034E+03 -1.02565E+02
   3.00000E+00  1.50000E+00  5.00000E-01 -7.43230E-07 -2.55954E-06  9.43780E-18 -8.57255E+04 -4.93080E+03 -1.92035E+03 -1.47536E+04  1.56509E+03  8.34494E+01  3.00000E+00  1.50000E+00  0.00000E+00 -7.42686E-07 -2.54176E-06 -3.55890E-08 -8.57229E+04 -4.93259E+03 -1.92010E+03 -1.46629E+04 -1.56909E+03 -8.40434E+01  3.00000E+00  1.00000E+00  0.00000E+00 -1.49388E-06 -2.59556E-06 -7.10927E-08 -5.41264E+04  5.92526E+03  2.66734E+03 -1.49174E+04  1.56407E+03  5.67414E+01  3.00000E+00  1.00000E+00  5.00000E-01 -1.49493E-06 -2.61332E-06  9.39127E-18 -5.41233E+04  5.92364E+03  2.66776E+03 -1.48255E+04 -1.57011E+03 -5.78403E+01  3.50000E+00  1.50000E+00  5.00000E-01 -8.60302E-07 -3.43245E-06  1.26245E-17 -8.62225E+04 -5.75531E+03 -2.75226E+03 -4.38203E+03  1.53795E+03  8.46355E+01  3.50000E+00  1.50000E+00  0.00000E+00 -8.59774E-07 -3.41520E-06 -3.45170E-08 -8.62181E+04 -5.75303E+03 -2.75027E+03 -4.29121E+03 -1.54332E+03 -8.28572E+01  3.50000E+00  1.00000E+00  0.00000E+00 -1.72773E-06 -3.46715E-06 -6.89890E-08 -5.45439E+04  5.18012E+03  2.02062E+03 -4.54582E+03  1.53810E+03  5.80404E+01  3.50000E+00  1.00000E+00  5.00000E-01 -1.72877E-06 -3.48441E-06  1.26036E-17 -5.45392E+04  5.18257E+03  2.02278E+03 -4.45383E+03 -1.54318E+03 -5.65414E+01
   3.00000E+00  1.50000E+00  1.00000E+00 -7.42686E-07 -2.54176E-06  3.55890E-08 -8.57229E+04 -4.93259E+03 -1.92010E+03 -1.46629E+04  1.56909E+03  8.40434E+01  3.00000E+00  1.50000E+00  5.00000E-01 -7.43230E-07 -2.55954E-06  9.43780E-18 -8.57255E+04 -4.93080E+03 -1.92035E+03 -1.47536E+04 -1.56509E+03 -8.34494E+01  3.00000E+00  1.00000E+00  5.00000E-01 -1.49493E-06 -2.61332E-06  9.39127E-18 -5.41233E+04  5.92364E+03  2.66776E+03 -1.48255E+04  1.57011E+03  5.78403E+01  3.00000E+00  1.00000E+00  1.00000E+00 -1.49388E-06 -2.59556E-06  7.10927E-08 -5.41264E+04  5.92526E+03  2.66734E+03 -1.49174E+04 -1.56407E+03 -5.67414E+01  3.50000E+00  1.50000E+00  1.00000E+00 -8.59774E-07 -3.41520E-06  3.45170E-08 -8.62181E+04 -5.75303E+03 -2.75027E+03 -4.29121E+03  1.54332E+03  8.28572E+01  3.50000E+00  1.50000E+00  5.00000E-01 -8.60302E-07 -3.43245E-06  1.26245E-17 -8.62225E+04 -5.75531E+03 -2.75226E+03 -4.38203E+03 -1.53795E+03 -8.46355E+01  3.50000E+00  1.00000E+00  5.00000E-01 -1.72877E-06 -3.48441E-06  1.26036E-17 -5.45392E+04  5.18257E+03  2.02278E+03 -4.45383E+03  1.54318E+03  5.65414E+01  3.50000E+00  1.00000E+00  1.00000E+00 -1.72773E-06 -3.46715E-06  6.89890E-08 -5.45439E+04  5.18012E+03  2.02062E+03 -4.54582E+03 -1.53810E+03 -5.80404E+01
   3.00000E+00  2.00000E+00  5.00000E-01  6.94170E-21 -2.54156E-06  9.36961E-18 -3.91650E+04 -5.25675E+03 -2.17072E+03 -1.62956E+04  1.57241E+03  3.70406E+01  3.00000E+00  2.00000E+00  0.00000E+00  2.93298E-18 -2.52376E-06  9.43848E-18 -3.91637E+04 -5.26090E+03 -2.17160E+03 -1.62007E+04 -1.56859E+03 -3.80531E+01  3.00000E+00  1.50000E+00  0.00000E+00 -7.42686E-07 -2.54176E-06 -3.55890E-08 -7.47706E+03  5.63149E+03  2.43551E+03 -1.63536E+04  1.57077E+03  9.92500E+00  3.00000E+00  1.50000E+00  5.00000E-01 -7.43230E-07 -2.55954E-06  9.43780E-18 -7.47853E+03  5.62618E+03  2.43348E+03 -1.62580E+04 -1.57023E+03 -1.01963E+01  3.50000E+00  2.00000E+00  5.00000E-01  8.06005E-21 -3.41511E-06  1.25303E-17 -3.93646E+04 -5.57230E+03 -2.52051E+03 -5.89579E+03  1.54428E+03  3.80976E+01  3.50000E+00  2.00000E+00  0.00000E+00  3.35743E-18 -3.39786E-06  1.25947E-17 -3.93623E+04 -5.57418E+03 -2.52041E+03 -5.80162E+03 -1.54175E+03 -3.69960E+01  3.50000E+00  1.50000E+00  0.00000E+00 -8.59774E-07 -3.41520E-06 -3.45170E-08 -7.59420E+03  5.39840E+03  2.27813E+03 -5.95376E+03  1.54329E+03  1.02082E+01  3.50000E+00  1.50000E+00  5.00000E-01 -8.60302E-07 -3.43245E-06  1.26245E-17 -7.59470E+03  5.39536E+03  2.27707E+03 -5.85894E+03 -1.54274E+03 -9.91305E+00
   3.00000E+00  2.00000E+00  1.00000E+00 -2.91857E-18 -2.52376E-06  9.43763E-18 -3.91637E+04 -5.26090E+03 -2.17160E+03 -1.62007E+04  1.56859E+03  3.80531E+01  3.00000E+00  2.00000E+00  5.00000E-01  6.94170E-21 -2.54156E-06  9.36961E-18 -3.91650E+04 -5.25675E+03 -2.17072E+03 -1.62956E+04 -1.57241E+03 -3.70406E+01  3.00000E+00  1.50000E+00  5.00000E-01 -7.43230E-07 -2.55954E-06  9.43780E-18 -7.47853E+03  5.62618E+03  2.43348E+03 -1.62580E+04  1.57023E+03  1.01963E+01  3.00000E+00  1.50000E+00  1.00000E+00 -7.42686E-07 -2.54176E-06  3.55890E-08 -7.47706E+03  5.63149E+03  2.43551E+03 -1.63536E+04 -1.57077E+03 -9.92500E+00  3.50000E+00  2.00000E+00  1.00000E+00 -3.34124E-18 -3.39786E-06  1.25938E-17 -3.93623E+04 -5.57418E+03 -2.52041E+03 -5.80162E+03  1.54175E+03  3.69960E+01  3.50000E+00  2.00000E+00  5.00000E-01  8.06005E-21 -3.41511E-06  1.25303E-17 -3.93646E+04 -5.57230E+03 -2.52051E+03 -5.89579E+03 -1.54428E+03 -3.80976E+01  3.50000E+00  1.50000E+00  5.00000E-01 -8.60302E-07 -3.43245E-06  1.26245E-17 -7.59470E+03  5.39536E+03  2.27707E+03 -5.85894E+03  1.54274E+03  9.91305E+00  3.50000E+00  1.50000E+00  1.00000E+00 -8.59774E-07 -3.41520E-06  3.45170E-08 -7.59420E+03  5.39840E+03  2.27813E+03 -5.95376E+03 -1.54329E+03 -1.02082E+01
   3.00000E+00  2.50000E+00  5.00000E-01  7.43230E-07 -2.55954E-06  9.18996E-18  7.47706E+03 -5.63149E+03 -2.43551E+03 -1.63536E+04  1.57077E+03 -9.92500E+00  3.00000E+00  2.50000E+00  0.00000E+00  7.42686E-07 -2.54176E-06  3.55890E-08  7.47853E+03 -5.62618E+03 -2.43348E+03 -1.62580E+04 -1.57023E+03  1.01963E+01  3.00000E+00  2.00000E+00  0.00000E+00  2.93298E-18 -2.52376E-06  9.43848E-18  3.91650E+04  5.25675E+03  2.17072E+03 -1.62956E+04  1.57241E+03 -3.70406E+01  3.00000E+00  2.00000E+00  5.00000E-01  6.94170E-21 -2.54156E-06  9.36961E-18  3.91637E+04  5.26090E+03  2.17160E+03 -1.62007E+04 -1.56859E+03  3.80531E+01  3.50000E+00  2.50000E+00  5.00000E-01  8.60302E-07 -3.43245E-06  1.23222E-17  7.59420E+03 -5.39840E+03 -2.27813E+03 -5.95376E+03  1.54329E+03 -1.02082E+01  3.50000E+00  2.50000E+00  0.00000E+00  8.59774E-07 -3.41520E-06  3.45170E-08  7.59470E+03 -5.39536E+03 -2.27707E+03 -5.85894E+03 -1.54274E+03  9.91305E+00  3.50000E+00  2.00000E+00  0.00000E+00  3.35743E-18 -3.39786E-06  1.25947E-17  3.93646E+04  5.57230E+03  2.52051E+03 -5.89579E+03  1.54428E+03 -3.80976E+01  3.50000E+00  2.00000E+00  5.00000E-01  8.06005E-21 -3.41511E-06  1.25303E-17  3.93623E+04  5.57418E+03  2.52041E+03 -5.80162E+03 -1.54175E+03  3.69960E+01
   3.00000E+00  2.50000E+00  1.00000E+00  7.42686E-07 -2.54176E-06 -3.55890E-08  7.47853E+03 -5.62618E+03 -2.43348E+03 -1.62580E+04  1.57023E+03 -1.01963E+01  3.00000E+00  2.50000E+00  5.00000E-01  7.43230E-07 -2.55954E-06  9.18996E-18  7.47706E+03 -5.63149E+03 -2.43551E+03 -1.63536E+04 -1.57077E+03  9.92500E+00  3.00000E+00  2.00000E+00  5.00000E-01  6.94170E-21 -2.54156E-06  9.36961E-18  3.91637E+04  5.26090E+03  2.17160E+03 -1.62007E+04  1.56859E+03 -3.80531E+01  3.00000E+00  2.00000E+00  1.00000E+00 -2.91857E-18 -2.52376E-06  9.43763E-18  3.91650E+04  5.25675E+03  2.17072E+03 -1.62956E+04 -1.57241E+03  3.70406E+01  3.50000E+00  2.50000E+00  1.00000E+00  8.59774E-07 -3.41520E-06 -3.45170E-08  7.59470E+03 -5.39536E+03 -2.27707E+03 -5.85894E+03  1.54274E+03 -9.91305E+00  3.50000E+00  2.50000E+00  5.00000E-01  8.60302E-07 -3.43245E-06  1.23222E-17  7.59420E+03 -5.39840E+03 -2.27813E+03 -5.95376E+03 -1.54329E+03  1.02082E+01  3.50000E+00  2.00000E+00  5.00000E-01  8.06005E-21 -3.41511E-06  1.25303E-17  3.93623E+04  5.57418E+03  2.52041E+03 -5.80162E+03  1.54175E+03 -3.69960E+01  3.50000E+00  2.00000E+00  1.00000E+00 -3.34124E-18 -3.39786E-06  1.25938E-17  3.93646E+04  5.57230E+03  2.52051E+03 -5.89579E+03 -1.54428E+03  3.80976E+01
   3.00000E+00  3.00000E+00  5.00000E-01  1.49493E-06 -2.61332E-06  8.89527E-18  5.41264E+04 -5.92526E+03 -2.66734E+03 -1.49174E+04  1.56407E+03 -5.67414E+01  3.00000E+00  3.00000E+00  0.00000E+00  1.49388E-06 -2.59556E-06  7.10927E-08  5.41233E+04 -5.92364E+03 -2.66776E+03 -1.48255E+04 -1.57011E+03  5.78403E+01  3.00000E+00  2.50000E+00  0.00000E+00  7.42686E-07 -2.54176E-06  3.55890E-08  8.57255E+04  4.93080E+03  1.92035E+03 -1.47536E+04  1.56509E+03 -8.34494E+01  3.00000E+00  2.50000E+00  5.00000E-01  7.43230E-07 -2.55954E-06  9.18996E-18  8.57229E+04  4.93259E+03  1.92010E+03 -1.46629E+04 -1.56909E+03  8.40434E+01  3.50000E+00  3.00000E+00  5.00000E-01  1.72877E-06 -3.48441E-06  1.19972E-17  5.45439E+04 -5.18012E+03 -2.02062E+03 -4.54582E+03  1.53810E+03 -5.80404E+01  3.50000E+00  3.00000E+00  0.00000E+00  1.72773E-06 -3.46715E-06  6.89890E-08  5.45392E+04 -5.18257E+03 -2.02278E+03 -4.45383E+03 -1.54318E+03  5.65414E+01  3.50000E+00  2.50000E+00  0.00000E+00  8.59774E-07 -3.41520E-06  3.45170E-08  8.62225E+04  5.75531E+03  2.75226E+03 -4.38203E+03  1.53795E+03 -8.46355E+01  3.50000E+00  2.50000E+00  5.00000E-01  8.60302E-07 -3.43245E-06  1.23222E-17  8.62181E+04  5.75303E+03  2.75027E+03 -4.29121E+03 -1.54332E+03  8.28572E+01
   3.00000E+00  3.00000E+00  1.00000E+00  1.49388E-06 -2.59556E-06 -7.10927E-08  5.41233E+04 -5.92364E+03 -2.66776E+03 -1.48255E+04  1.57011E+03 -5.78403E+01  3.00000E+00  3.00000E+00  5.00000E-01  1.49493E-06 -2.61332E-06  8.89527E-18  5.41264E+04 -5.92526E+03 -2.66734E+03 -1.49174E+04 -1.56407E+03  5.67414E+01  3.00000E+00  2.50000E+00  5.00000E-01  7.43230E-07 -2.55954E-06  9.18996E-18  8.57229E+04  4.93259E+03  1.92010E+03 -1.46629E+04  1.56909E+03 -8.40434E+01  3.00000E+00  2.50000E+00  1.00000E+00  7.42686E-07 -2.54176E-06 -3.55890E-08  8.57255E+04  4.93080E+03  1.92035E+03 -1.47536E+04 -1.56509E+03  8.34494E+01  3.50000E+00  3.00000E+00  1.00000E+00  1.72773E-06 -3.46715E-06 -6.89890E-08  5.45392E+04 -5.18257E+03 -2.02278E+03 -4.45383E+03  1.54318E+03 -5.65414E+01  3.50000E+00  3.00000E+00  5.00000E-01  1.72877E-06 -3.48441E-06  1.19972E-17  5.45439E+04 -5.18012E+03 -2.02062E+03 -4.54582E+03 -1.53810E+03  5.80404E+01  3.50000E+00  2.50000E+00  5.00000E-01  8.60302E-07 -3.43245E-06  1.23222E-17  8.62181E+04  5.75303E+03  2.75027E+03 -4.29121E+03  1.54332E+03 -8.28572E+01  3.50000E+00  2.50000E+00  1.00000E+00  8.59774E-07 -3.41520E-06 -3.45170E-08  8.62225E+04  5.75531E+03  2.75226E+03 -4.38203E+03 -1.53795E+03  8.46355E+01
   3.00000E+00  3.50000E+00  5.00000E-01  2.26306E-06 -2.70271E-06  8.47628E-18  1.00716E+05 -6.05963E+03 -2.83739E+03 -1.20837E+04  1.54475E+03 -1.02070E+02  3.00000E+00  3.50000E+00  0.00000E+00  2.26151E-06 -2.68465E-06  1.06496E-07  1.00674E+05 -6.15319E+03 -2.87791E+03 -1.19943E+04 -1.58138E+03  1.03263E+02  3.00000E+00  3.00000E+00  0.00000E+00  1.49388E-06 -2.59556E-06  7.10927E-08  1.32233E+05  4.76805E+03  1.73804E+03 -1.18337E+04  1.51823E+03 -1.26235E+02  3.00000E+00  3.00000E+00  5.00000E-01  1.49493E-06 -2.61332E-06  8.89527E-18  1.32198E+05  4.67716E+03  1.70019E+03 -1.17449E+04 -1.60789E+03  1.29569E+02  3.50000E+00  3.50000E+00  5.00000E-01  2.61339E-06 -3.57099E-06  1.15511E-17  1.01399E+05 -4.87683E+03 -1.74381E+03 -1.73907E+03  1.52034E+03 -1.02565E+02  3.50000E+00  3.50000E+00  0.00000E+00  2.61182E-06 -3.55343E-06  1.03408E-07  1.01357E+05 -4.97214E+03 -1.78507E+03 -1.64798E+03 -1.55532E+03  1.02768E+02  3.50000E+00  3.00000E+00  0.00000E+00  1.72773E-06 -3.46715E-06  6.89890E-08  1.32991E+05  6.02656E+03  3.00827E+03 -1.48912E+03  1.49332E+03 -1.24953E+02  3.50000E+00  3.00000E+00  5.00000E-01  1.72877E-06 -3.48441E-06  1.19972E-17  1.32955E+05  5.93392E+03  2.96967E+03 -1.39853E+03 -1.58233E+03  1.30850E+02
   3.00000E+00  3.50000E+00  1.00000E+00  2.26151E-06 -2.68465E-06 -1.06496E-07  1.00674E+05 -6.15319E+03 -2.87791E+03 -1.19943E+04  1.58138E+03 -1.03263E+02  3.00000E+00  3.50000E+00  5.00000E-01  2.26306E-06 -2.70271E-06  8.47628E-18  1.00716E+05 -6.05963E+03 -2.83739E+03 -1.20837E+04 -1.54475E+03  1.02070E+02  3.00000E+00  3.00000E+00  5.00000E-01  1.49493E-06 -2.61332E-06  8.89527E-18  1.32198E+05  4.67716E+03  1.70019E+03 -1.17449E+04  1.60789E+03 -1.29569E+02  3.00000E+00  3.00000E+00  1.00000E+00  1.49388E-06 -2.59556E-06 -7.10927E-08  1.32233E+05  4.76805E+03  1.73804E+03 -1.18337E+04 -1.51823E+03  1.26235E+02  3.50000E+00  3.50000E+00  1.00000E+00  2.61182E-06 -3.55343E-06 -1.03408E-07  1.01357E+05 -4.97214E+03 -1.78507E+03 -1.64798E+03  1.55532E+03 -1.02768E+02  3.50000E+00  3.50000E+00  5.00000E-01  2.61339E-06 -3.57099E-06  1.15511E-17  1.01399E+05 -4.87683E+03 -1.74381E+03 -1.73907E+03 -1.52034E+03  1.02565E+02  3.50000E+00  3.00000E+00  5.00000E-01  1.72877E-06 -3.48441E-06  1.19972E-17  1.32955E+05  5.93392E+03  2.96967E+03 -1.39853E+03  1.58233E+03 -1.30850E+02  3.50000E+00  3.00000E+00  1.00000E+00  1.72773E-06 -3.46715E-06 -6.89890E-08  1.32991E+05  6.02656E+03  3.00827E+03 -1.48912E+03 -1.49332E+03  1.24953E+02
   3.00000E+00  4.00000E+00  5.00000E-01  3.05482E-06 -2.82709E-06  7.92517E-18  1.47219E+05 -6.10971E+03 -3.10371E+03 -7.95285E+03  1.67683E+03 -1.52672E+02  3.00000E+00  4.00000E+00  0.00000E+00  3.05301E-06 -2.80872E-06  1.43377E-07  1.47186E+05 -6.20187E+03 -3.14113E+03 -7.88504E+03 -1.57984E+03  1.40819E+02  3.00000E+00  3.50000E+00  0.00000E+00  2.26151E-06 -2.68465E-06  1.06496E-07  1.78587E+05  4.54249E+03  1.03516E+03 -7.62823E+03  1.64946E+03 -2.00737E+02  3.00000E+00  3.50000E+00  5.00000E-01  2.26306E-06 -2.70271E-06  8.47628E-18  1.78560E+05  4.45235E+03  9.99760E+02 -7.55953E+03 -1.60721E+03  1.45249E+02  3.50000E+00  4.00000E+00  5.00000E-01  3.52179E-06 -3.69170E-06  1.09770E-17  1.48146E+05 -4.53328E+03 -1.58955E+03  2.40528E+03  1.64929E+03 -1.50248E+02  3.50000E+00  4.00000E+00  0.00000E+00  3.51993E-06 -3.67384E-06  1.39265E-07  1.48115E+05 -4.62237E+03 -1.62565E+03  2.47444E+03 -1.55488E+03  1.43244E+02  3.50000E+00  3.50000E+00  0.00000E+00  2.61182E-06 -3.55343E-06  1.03408E-07  1.79593E+05  6.19766E+03  2.73305E+03  2.72990E+03  1.62280E+03 -1.96965E+02  3.50000E+00  3.50000E+00  5.00000E-01  2.61339E-06 -3.57099E-06  1.15511E-17  1.79567E+05  6.11060E+03  2.69897E+03  2.79995E+03 -1.58137E+03  1.49021E+02
   3.00000E+00  4.00000E+00  1.00000E+00  3.05301E-06 -2.80872E-06 -1.43377E-07  1.47186E+05 -6.20187E+03 -3.14113E+03 -7.88504E+03  1.57984E+03 -1.40819E+02  3.00000E+00  4.00000E+00  5.00000E-01  3.05482E-06 -2.82709E-06  7.92517E-18  1.47219E+05 -6.10971E+03 -3.10371E+03 -7.95285E+03 -1.67683E+03  1.52672E+02  3.00000E+00  3.50000E+00  5.00000E-01  2.26306E-06 -2.70271E-06  8.47628E-18  1.78560E+05  4.45235E+03  9.99760E+02 -7.55953E+03  1.60721E+03 -1.45249E+02  3.00000E+00  3.50000E+00  1.00000E+00  2.26151E-06 -2.68465E-06 -1.06496E-07  1.78587E+05  4.54249E+03  1.03516E+03 -7.62823E+03 -1.64946E+03  2.00737E+02  3.50000E+00  4.00000E+00  1.00000E+00  3.51993E-06 -3.67384E-06 -1.39265E-07  1.48115E+05 -4.62237E+03 -1.62565E+03  2.47444E+03  1.55488E+03 -1.43244E+02  3.50000E+00  4.00000E+00  5.00000E-01  3.52179E-06 -3.69170E-06  1.09770E-17  1.48146E+05 -4.53328E+03 -1.58955E+03  2.40528E+03 -1.64929E+03  1.50248E+02  3.50000E+00  3.50000E+00  5.00000E-01  2.61339E-06 -3.57099E-06  1.15511E-17  1.79567E+05  6.11060E+03  2.69897E+03  2.79995E+03  1.58137E+03 -1.49021E+02  3.50000E+00  3.50000E+00  1.00000E+00  2.61182E-06 -3.55343E-06 -1.03408E-07  1.79593E+05  6.19766E+03  2.73305E+03  2.72990E+03 -1.62280E+03  1.96965E+02
   3.50000E+00  5.00000E-01  5.00000E-01 -2.61339E-06 -3.57099E-06  1.24611E-17 -1.73297E+05 -4.39757E+03 -9.68291E+02 -7.51210E+03  1.60277E+03  2.02940E+02  3.50000E+00  5.00000E-01  0.00000E+00 -2.61182E-06 -3.55343E-06 -1.03408E-07 -1.73264E+05 -4.30919E+03 -9.31774E+02 -7.43917E+03 -1.56199E+03 -1.48855E+02  3.50000E+00  0.00000E+00  0.00000E+00 -3.51993E-06 -3.67384E-06 -1.39265E-07 -1.42827E+05  5.94836E+03  3.04811E+03 -7.83699E+03  1.62870E+03  1.53205E+02  3.50000E+00  0.00000E+00  5.00000E-01 -3.52179E-06 -3.69170E-06  1.21891E-17 -1.42793E+05  6.03736E+03  3.08525E+03 -7.76471E+03 -1.53607E+03 -1.43415E+02  4.00000E+00  5.00000E-01  5.00000E-01 -2.95328E-06 -4.55441E-06  1.61246E-17 -1.74312E+05 -6.06235E+03 -2.68690E+03  2.54994E+03  1.57470E+03  2.01356E+02  4.00000E+00  5.00000E-01  0.00000E+00 -2.95169E-06 -4.53737E-06 -1.00296E-07 -1.74280E+05 -5.97628E+03 -2.65137E+03  2.62329E+03 -1.53489E+03 -1.50439E+02  4.00000E+00  0.00000E+00  0.00000E+00 -3.97308E-06 -4.65413E-06 -1.35077E-07 -1.43760E+05  4.36634E+03  1.52262E+03  2.22506E+03  1.59997E+03  1.52034E+02  4.00000E+00  0.00000E+00  5.00000E-01 -3.97497E-06 -4.67145E-06  1.58915E-17 -1.43726E+05  4.45303E+03  1.55877E+03  2.29775E+03 -1.50962E+03 -1.44586E+02
   3.50000E+00  5.00000E-01  1.00000E+00 -2.61182E-06 -3.55343E-06  1.03408E-07 -1.73264E+05 -4.30919E+03 -9.31774E+02 -7.43917E+03  1.56199E+03  1.48855E+02  3.50000E+00  5.00000E-01  5.00000E-01 -2.61339E-06 -3.57099E-06  1.24611E-17 -1.73297E+05 -4.39757E+03 -9.68291E+02 -7.51210E+03 -1.60277E+03 -2.02940E+02  3.50000E+00  0.00000E+00  5.00000E-01 -3.52179E-06 -3.69170E-06  1.21891E-17 -1.42793E+05  6.03736E+03  3.08525E+03 -7.76471E+03  1.53607E+03  1.43415E+02  3.50000E+00  0.00000E+00  1.00000E+00 -3.51993E-06 -3.67384E-06  1.39265E-07 -1.42827E+05  5.94836E+03  3.04811E+03 -7.83699E+03 -1.62870E+03 -1.53205E+02  4.00000E+00  5.00000E-01  1.00000E+00 -2.95169E-06 -4.53737E-06  1.00296E-07 -1.74280E+05 -5.97628E+03 -2.65137E+03  2.62329E+03  1.53489E+03  1.50439E+02  4.00000E+00  5.00000E-01  5.00000E-01 -2.95328E-06 -4.55441E-06  1.61246E-17 -1.74312E+05 -6.06235E+03 -2.68690E+03  2.54994E+03 -1.57470E+03 -2.01356E+02  4.00000E+00  0.00000E+00  5.00000E-01 -3.97497E-06 -4.67145E-06  1.58915E-17 -1.43726E+05  4.45303E+03  1.55877E+03  2.29775E+03  1.50962E+03  1.44586E+02  4.00000E+00  0.00000E+00  1.00000E+00 -3.97308E-06 -4.65413E-06  1.35077E-07 -1.43760E+05  4.36634E+03  1.52262E+03  2.22506E+03 -1.59997E+03 -1.52034E+02
   3.50000E+00  1.00000E+00  5.00000E-01 -1.72877E-06 -3.48441E-06  1.26036E-17 -1.28294E+05 -4.68583E+03 -1.68497E+03 -1.17354E+04  1.47488E+03  1.26117E+02  3.50000E+00  1.00000E+00  0.00000E+00 -1.72773E-06 -3.46715E-06 -6.89890E-08 -1.28256E+05 -4.59231E+03 -1.64555E+03 -1.16417E+04 -1.56308E+03 -1.31090E+02  3.50000E+00  5.00000E-01  0.00000E+00 -2.61182E-06 -3.55343E-06 -1.03408E-07 -9.76613E+04  5.83839E+03  2.76332E+03 -1.19747E+04  1.50194E+03  1.01844E+02  3.50000E+00  5.00000E-01  5.00000E-01 -2.61339E-06 -3.57099E-06  1.24611E-17 -9.76211E+04  5.93292E+03  2.80374E+03 -1.18814E+04 -1.53603E+03 -1.02857E+02  4.00000E+00  1.00000E+00  5.00000E-01 -1.95546E-06 -4.47053E-06  1.62348E-17 -1.29038E+05 -5.90909E+03 -2.94410E+03 -1.68133E+03  1.44941E+03  1.25341E+02  4.00000E+00  1.00000E+00  0.00000E+00 -1.95442E-06 -4.45379E-06 -6.69007E-08 -1.29001E+05 -5.81696E+03 -2.90528E+03 -1.58696E+03 -1.53605E+03 -1.31865E+02  4.00000E+00  5.00000E-01  0.00000E+00 -2.95169E-06 -4.53737E-06 -1.00296E-07 -9.83273E+04  4.69389E+03  1.68796E+03 -1.92060E+03  1.47607E+03  1.01737E+02  4.00000E+00  5.00000E-01  5.00000E-01 -2.95328E-06 -4.55441E-06  1.61246E-17 -9.82876E+04  4.78702E+03  1.72779E+03 -1.82663E+03 -1.50939E+03 -1.02964E+02
   3.50000E+00  1.00000E+00  1.00000E+00 -1.72773E-06 -3.46715E-06  6.89890E-08 -1.28256E+05 -4.59231E+03 -1.64555E+03 -1.16417E+04  1.56308E+03  1.31090E+02  3.50000E+00  1.00000E+00  5.00000E-01 -1.72877E-06 -3.48441E-06  1.26036E-17 -1.28294E+05 -4.68583E+03 -1.68497E+03 -1.17354E+04 -1.47488E+03 -1.26117E+02  3.50000E+00  5.00000E-01  5.00000E-01 -2.61339E-06 -3.57099E-06  1.24611E-17 -9.76211E+04  5.93292E+03  2.80374E+03 -1.18814E+04  1.53603E+03  1.02857E+02  3.50000E+00  5.00000E-01  1.00000E+00 -2.61182E-06 -3.55343E-06  1.03408E-07 -9.76613E+04  5.83839E+03  2.76332E+03 -1.19747E+04 -1.50194E+03 -1.01844E+02  4.00000E+00  1.00000E+00  1.00000E+00 -1.95442E-06 -4.45379E-06  6.69007E-08 -1.29001E+05 -5.81696E+03 -2.90528E+03 -1.58696E+03  1.53605E+03  1.31865E+02  4.00000E+00  1.00000E+00  5.00000E-01 -1.95546E-06 -4.47053E-06  1.62348E-17 -1.29038E+05 -5.90909E+03 -2.94410E+03 -1.68133E+03 -1.44941E+03 -1.25341E+02  4.00000E+00  5.00000E-01  5.00000E-01 -2.95328E-06 -4.55441E-06  1.61246E-17 -9.82876E+04  4.78702E+03  1.72779E+03 -1.82663E+03  1.50939E+03  1.02964E+02  4.00000E+00  5.00000E-01  1.00000E+00 -2.95169E-06 -4.53737E-06  1.00296E-07 -9.83273E+04  4.69389E+03  1.68796E+03 -1.92060E+03 -1.47607E+03 -1.01737E+02
   3.50000E+00  1.50000E+00  5.00000E-01 -8.60302E-07 -3.43245E-06  1.26245E-17 -8.31152E+04 -4.85664E+03 -1.86789E+03 -1.45960E+04  1.51823E+03  8.31391E+01  3.50000E+00  1.50000E+00  0.00000E+00 -8.59774E-07 -3.41520E-06 -3.45170E-08 -8.31135E+04 -4.85383E+03 -1.86652E+03 -1.45044E+04 -1.52422E+03 -8.28877E+01  3.50000E+00  1.00000E+00  0.00000E+00 -1.72773E-06 -3.46715E-06 -6.89890E-08 -5.24615E+04  5.67287E+03  2.57672E+03 -1.47462E+04  1.51895E+03  5.63091E+01  3.50000E+00  1.00000E+00  5.00000E-01 -1.72877E-06 -3.48441E-06  1.26036E-17 -5.24592E+04  5.67592E+03  2.57833E+03 -1.46541E+04 -1.52351E+03 -5.65621E+01  4.00000E+00  1.50000E+00  5.00000E-01 -9.73700E-07 -4.42025E-06  1.62264E-17 -8.35896E+04 -5.63138E+03 -2.67428E+03 -4.53387E+03  1.49147E+03  8.33355E+01  4.00000E+00  1.50000E+00  0.00000E+00 -9.73176E-07 -4.40353E-06 -3.34653E-08 -8.35872E+04 -5.62714E+03 -2.67230E+03 -4.44207E+03 -1.49782E+03 -8.26914E+01  4.00000E+00  1.00000E+00  0.00000E+00 -1.95442E-06 -4.45379E-06 -6.69007E-08 -5.28561E+04  4.97787E+03  1.95637E+03 -4.68407E+03  1.49260E+03  5.66638E+01  4.00000E+00  1.00000E+00  5.00000E-01 -1.95546E-06 -4.47053E-06  1.62348E-17 -5.28531E+04  4.98234E+03  1.95859E+03 -4.59186E+03 -1.49669E+03 -5.62074E+01
   3.50000E+00  1.50000E+00  1.00000E+00 -8.59774E-07 -3.41520E-06  3.45170E-08 -8.31135E+04 -4.85383E+03 -1.86652E+03 -1.45044E+04  1.52422E+03  8.28877E+01  3.50000E+00  1.50000E+00  5.00000E-01 -8.60302E-07 -3.43245E-06  1.26245E-17 -8.31152E+04 -4.85664E+03 -1.86789E+03 -1.45960E+04 -1.51823E+03 -8.31391E+01  3.50000E+00  1.00000E+00  5.00000E-01 -1.72877E-06 -3.48441E-06  1.26036E-17 -5.24592E+04  5.67592E+03  2.57833E+03 -1.46541E+04  1.52351E+03  5.65621E+01  3.50000E+00  1.00000E+00  1.00000E+00 -1.72773E-06 -3.46715E-06  6.89890E-08 -5.24615E+04  5.67287E+03  2.57672E+03 -1.47462E+04 -1.51895E+03 -5.63091E+01  4.00000E+00  1.50000E+00  1.00000E+00 -9.73176E-07 -4.40353E-06  3.34653E-08 -8.35872E+04 -5.62714E+03 -2.67230E+03 -4.44207E+03  1.49782E+03  8.26914E+01  4.00000E+00  1.50000E+00  5.00000E-01 -9.73700E-07 -4.42025E-06  1.62264E-17 -8.35896E+04 -5.63138E+03 -2.67428E+03 -4.53387E+03 -1.49147E+03 -8.33355E+01  4.00000E+00  1.00000E+00  5.00000E-01 -1.95546E-06 -4.47053E-06  1.62348E-17 -5.28531E+04  4.98234E+03  1.95859E+03 -4.59186E+03  1.49669E+03  5.62074E+01  4.00000E+00  1.00000E+00  1.00000E+00 -1.95442E-06 -4.45379E-06  6.69007E-08 -5.28561E+04  4.97787E+03  1.95637E+03 -4.68407E+03 -1.49260E+03 -5.66638E+01
   3.50000E+00  2.00000E+00  5.00000E-01  8.06005E-21 -3.41511E-06  1.25303E-17 -3.79422E+04 -5.12391E+03 -2.10086E+03 -1.60746E+04  1.52403E+03  3.66644E+01  3.50000E+00  2.00000E+00  0.00000E+00  3.35743E-18 -3.39786E-06  1.25947E-17 -3.79421E+04 -5.12581E+03 -2.10139E+03 -1.59813E+04 -1.52213E+03 -3.70096E+01  3.50000E+00  1.50000E+00  0.00000E+00 -8.59774E-07 -3.41520E-06 -3.45170E-08 -7.25710E+03  5.41584E+03  2.34656E+03 -1.61262E+04  1.52335E+03  9.82419E+00  3.50000E+00  1.50000E+00  5.00000E-01 -8.60302E-07 -3.43245E-06  1.26245E-17 -7.25781E+03  5.41359E+03  2.34567E+03 -1.60327E+04 -1.52281E+03 -9.91669E+00  4.00000E+00  2.00000E+00  5.00000E-01  9.41001E-21 -4.40349E-06  1.61041E-17 -3.81300E+04 -5.41482E+03 -2.43603E+03 -6.00196E+03  1.49685E+03  3.69899E+01  4.00000E+00  2.00000E+00  0.00000E+00  3.76331E-18 -4.38676E-06  1.61652E-17 -3.81296E+04 -5.41604E+03 -2.43628E+03 -5.90888E+03 -1.49539E+03 -3.66841E+01  4.00000E+00  1.50000E+00  0.00000E+00 -9.73176E-07 -4.40353E-06 -3.34653E-08 -7.36402E+03  5.20583E+03  2.20015E+03 -6.05350E+03  1.49636E+03  9.91141E+00  4.00000E+00  1.50000E+00  5.00000E-01 -9.73700E-07 -4.42025E-06  1.62264E-17 -7.36445E+03  5.20425E+03  2.19955E+03 -5.96023E+03 -1.49587E+03 -9.82948E+00
   3.50000E+00  2.00000E+00  1.00000E+00 -3.34124E-18 -3.39786E-06  1.25938E-17 -3.79421E+04 -5.12581E+03 -2.10139E+03 -1.59813E+04  1.52213E+03  3.70096E+01  3.50000E+00  2.00000E+00  5.00000E-01  8.06005E-21 -3.41511E-06  1.25303E-17 -3.79422E+04 -5.12391E+03 -2.10086E+03 -1.60746E+04 -1.52403E+03 -3.66644E+01  3.50000E+00  1.50000E+00  5.00000E-01 -8.60302E-07 -3.43245E-06  1.26245E-17 -7.25781E+03  5.41359E+03  2.34567E+03 -1.60327E+04  1.52281E+03  9.91669E+00  3.50000E+00  1.50000E+00  1.00000E+00 -8.59774E-07 -3.41520E-06  3.45170E-08 -7.25710E+03  5.41584E+03  2.34656E+03 -1.61262E+04 -1.52335E+03 -9.82419E+00  4.00000E+00  2.00000E+00  1.00000E+00 -3.74590E-18 -4.38676E-06  1.61637E-17 -3.81296E+04 -5.41604E+03 -2.43628E+03 -5.90888E+03  1.49539E+03  3.66841E+01  4.00000E+00  2.00000E+00  5.00000E-01  9.41001E-21 -4.40349E-06  1.61041E-17 -3.81300E+04 -5.41482E+03 -2.43603E+03 -6.00196E+03 -1.49685E+03 -3.69899E+01  4.00000E+00  1.50000E+00  5.00000E-01 -9.73700E-07 -4.42025E-06  1.62264E-17 -7.36445E+03  5.20425E+03  2.19955E+03 -5.96023E+03  1.49587E+03  9.82948E+00  4.00000E+00  1.50000E+00  1.00000E+00 -9.73176E-07 -4.40353E-06  3.34653E-08 -7.36402E+03  5.20583E+03  2.20015E+03 -6.05350E+03 -1.49636E+03 -9.91141E+00
   3.50000E+00  2.50000E+00  5.00000E-01  8.60302E-07 -3.43245E-06  1.23222E-17  7.25710E+03 -5.41584E+03 -2.34656E+03 -1.61262E+04  1.52335E+03 -9.82419E+00  3.50000E+00  2.50000E+00  0.00000E+00  8.59774E-07 -3.41520E-06  3.45170E-08  7.25781E+03 -5.41359E+03 -2.34567E+03 -1.60327E+04 -1.52281E+03  9.91669E+00  3.50000E+00  2.00000E+00  0.00000E+00  3.35743E-18 -3.39786E-06  1.25947E-17  3.79422E+04  5.12391E+03  2.10086E+03 -1.60746E+04  1.52403E+03 -3.66644E+01  3.50000E+00  2.00000E+00  5.00000E-01  8.06005E-21 -3.41511E-06  1.25303E-17  3.79421E+04  5.12581E+03  2.10139E+03 -1.59813E+04 -1.52213E+03  3.70096E+01  4.00000E+00  2.50000E+00  5.00000E-01  9.73700E-07 -4.42025E-06  1.58684E-17  7.36402E+03 -5.20583E+03 -2.20015E+03 -6.05350E+03  1.49636E+03 -9.91141E+00  4.00000E+00  2.50000E+00  0.00000E+00  9.73176E-07 -4.40353E-06  3.34653E-08  7.36445E+03 -5.20425E+03 -2.19955E+03 -5.96023E+03 -1.49587E+03  9.82948E+00  4.00000E+00  2.00000E+00  0.00000E+00  3.76331E-18 -4.38676E-06  1.61652E-17  3.81300E+04  5.41482E+03  2.43603E+03 -6.00196E+03  1.49685E+03 -3.69899E+01  4.00000E+00  2.00000E+00  5.00000E-01  9.41001E-21 -4.40349E-06  1.61041E-17  3.81296E+04  5.41604E+03  2.43628E+03 -5.90888E+03 -1.49539E+03  3.66841E+01
   3.50000E+00  2.50000E+00  1.00000E+00  8.59774E-07 -3.41520E-06 -3.45170E-08  7.25781E+03 -5.41359E+03 -2.34567E+03 -1.60327E+04  1.52281E+03 -9.91669E+00  3.50000E+00  2.50000E+00  5.00000E-01  8.60302E-07 -3.43245E-06  1.23222E-17  7.25710E+03 -5.41584E+03 -2.34656E+03 -1.61262E+04 -1.52335E+03  9.82419E+00  3.50000E+00  2.00000E+00  5.00000E-01  8.06005E-21 -3.41511E-06  1.25303E-17  3.79421E+04  5.12581E+03  2.10139E+03 -1.59813E+04  1.52213E+03 -3.70096E+01  3.50000E+00  2.00000E+00  1.00000E+00 -3.34124E-18 -3.39786E-06  1.25938E-17  3.79422E+04  5.12391E+03  2.10086E+03 -1.60746E+04 -1.52403E+03  3.66644E+01  4.00000E+00  2.50000E+00  1.00000E+00  9.73176E-07 -4.40353E-06 -3.34653E-08  7.36445E+03 -5.20425E+03 -2.19955E+03 -5.96023E+03  1.49587E+03 -9.82948E+00  4.00000E+00  2.50000E+00  5.00000E-01  9.73700E-07 -4.42025E-06  1.58684E-17  7.36402E+03 -5.20583E+03 -2.20015E+03 -6.05350E+03 -1.49636E+03  9.91141E+00  4.00000E+00  2.00000E+00  5.00000E-01  9.41001E-21 -4.40349E-06  1.61041E-17  3.81296E+04  5.41604E+03  2.43628E+03 -5.90888E+03  1.49539E+03 -3.66841E+01  4.00000E+00  2.00000E+00  1.00000E+00 -3.74590E-18 -4.38676E-06  1.61637E-17  3.81300E+04  5.41482E+03  2.43603E+03 -6.00196E+03 -1.49685E+03  3.69899E+01
   3.50000E+00  3.00000E+00  5.00000E-01  1.72877E-06 -3.48441E-06  1.19972E-17  5.24615E+04 -5.67287E+03 -2.57672E+03 -1.47462E+04  1.51895E+03 -5.63091E+01  3.50000E+00  3.00000E+00  0.00000E+00  1.72773E-06 -3.46715E-06  6.89890E-08  5.24592E+04 -5.67592E+03 -2.57833E+03 -1.46541E+04 -1.52351E+03  5.65621E+01  3.50000E+00  2.50000E+00  0.00000E+00  8.59774E-07 -3.41520E-06  3.45170E-08  8.31152E+04  4.85664E+03  1.86789E+03 -1.45960E+04  1.51823E+03 -8.31391E+01  3.50000E+00  2.50000E+00  5.00000E-01  8.60302E-07 -3.43245E-06  1.23222E-17  8.31135E+04  4.85383E+03  1.86652E+03 -1.45044E+04 -1.52422E+03  8.28877E+01  4.00000E+00  3.00000E+00  5.00000E-01  1.95546E-06 -4.47053E-06  1.55178E-17  5.28561E+04 -4.97787E+03 -1.95637E+03 -4.68407E+03  1.49260E+03 -5.66638E+01  4.00000E+00  3.00000E+00  0.00000E+00  1.95442E-06 -4.45379E-06  6.69007E-08  5.28531E+04 -4.98234E+03 -1.95859E+03 -4.59186E+03 -1.49669E+03  5.62074E+01  4.00000E+00  2.50000E+00  0.00000E+00  9.73176E-07 -4.40353E-06  3.34653E-08  8.35896E+04  5.63138E+03  2.67428E+03 -4.53387E+03  1.49147E+03 -8.33355E+01  4.00000E+00  2.50000E+00  5.00000E-01  9.73700E-07 -4.42025E-06  1.58684E-17  8.35872E+04  5.62714E+03  2.67230E+03 -4.44207E+03 -1.49782E+03  8.26914E+01
   3.50000E+00  3.00000E+00  1.00000E+00  1.72773E-06 -3.46715E-06 -6.89890E-08  5.24592E+04 -5.67592E+03 -2.57833E+03 -1.46541E+04  1.52351E+03 -5.65621E+01  3.50000E+00  3.00000E+00  5.00000E-01  1.72877E-06 -3.48441E-06  1.19972E-17  5.24615E+04 -5.67287E+03 -2.57672E+03 -1.47462E+04 -1.51895E+03  5.63091E+01  3.50000E+00  2.50000E+00  5.00000E-01  8.60302E-07 -3.43245E-06  1.23222E-17  8.31135E+04  4.85383E+03  1.86652E+03 -1.45044E+04  1.52422E+03 -8.28877E+01  3.50000E+00  2.50000E+00  1.00000E+00  8.59774E-07 -3.41520E-06 -3.45170E-08  8.31152E+04  4.85664E+03  1.86789E+03 -1.45960E+04 -1.51823E+03  8.31391E+01  4.00000E+00  3.00000E+00  1.00000E+00  1.95442E-06 -4.45379E-06 -6.69007E-08  5.28531E+04 -4.98234E+03 -1.95859E+03 -4.59186E+03  1.49669E+03 -5.62074E+01  4.00000E+00  3.00000E+00  5.00000E-01  1.95546E-06 -4.47053E-06  1.55178E-17  5.28561E+04 -4.97787E+03 -1.95637E+03 -4.68407E+03 -1.49260E+03  5.66638E+01  4.00000E+00  2.50000E+00  5.00000E-01  9.73700E-07 -4.42025E-06  1.58684E-17  8.35872E+04  5.62714E+03  2.67230E+03 -4.44207E+03  1.49782E+03 -8.26914E+01  4.00000E+00  2.50000E+00  1.00000E+00  9.73176E-07 -4.40353E-06 -3.34653E-08  8.35896E+04  5.63138E+03  2.67428E+03 -4.53387E+03 -1.49147E+03  8.33355E+01
   3.50000E+00  3.50000E+00  5.00000E-01  2.61339E-06 -3.57099E-06  1.15511E-17  9.76613E+04 -5.83839E+03 -2.76332E+03 -1.19747E+04  1.50194E+03 -1.01844E+02  3.50000E+00  3.50000E+00  0.00000E+00  2.61182E-06 -3.55343E-06  1.03408E-07  9.76211E+04 -5.93292E+03 -2.80374E+03 -1.18814E+04 -1.53603E+03  1.02857E+02  3.50000E+00  3.00000E+00  0.00000E+00  1.72773E-06 -3.46715E-06  6.89890E-08  1.28294E+05  4.68583E+03  1.68497E+03 -1.17354E+04  1.47488E+03 -1.26117E+02  3.50000E+00  3.00000E+00  5.00000E-01  1.72877E-06 -3.48441E-06  1.19972E-17  1.28256E+05  4.59231E+03  1.64555E+03 -1.16417E+04 -1.56308E+03  1.31090E+02  4.00000E+00  3.50000E+00  5.00000E-01  2.95328E-06 -4.55441E-06  1.50490E-17  9.83273E+04 -4.69389E+03 -1.68796E+03 -1.92060E+03  1.47607E+03 -1.01737E+02  4.00000E+00  3.50000E+00  0.00000E+00  2.95169E-06 -4.53737E-06  1.00296E-07  9.82876E+04 -4.78702E+03 -1.72779E+03 -1.82663E+03 -1.50939E+03  1.02964E+02  4.00000E+00  3.00000E+00  0.00000E+00  1.95442E-06 -4.45379E-06  6.69007E-08  1.29038E+05  5.90909E+03  2.94410E+03 -1.68133E+03  1.44941E+03 -1.25341E+02  4.00000E+00  3.00000E+00  5.00000E-01  1.95546E-06 -4.47053E-06  1.55178E-17  1.29001E+05  5.81696E+03  2.90528E+03 -1.58696E+03 -1.53605E+03  1.31865E+02
   3.50000E+00  3.50000E+00  1.00000E+00  2.61182E-06 -3.55343E-06 -1.03408E-07  9.76211E+04 -5.93292E+03 -2.80374E+03 -1.18814E+04  1.53603E+03 -1.02857E+02  3.50000E+00  3.50000E+00  5.00000E-01  2.61339E-06 -3.57099E-06  1.15511E-17  9.76613E+04 -5.83839E+03 -2.76332E+03 -1.19747E+04 -1.50194E+03  1.01844E+02  3.50000E+00  3.00000E+00  5.00000E-01  1.72877E-06 -3.48441E-06  1.19972E-17  1.28256E+05  4.59231E+03  1.64555E+03 -1.16417E+04  1.56308E+03 -1.31090E+02  3.50000E+00  3.00000E+00  1.00000E+00  1.72773E-06 -3.46715E-06 -6.89890E-08  1.28294E+05  4.68583E+03  1.68497E+03 -1.17354E+04 -1.47488E+03  1.26117E+02  4.00000E+00  3.50000E+00  1.00000E+00  2.95169E-06 -4.53737E-06 -1.00296E-07  9.82876E+04 -4.78702E+03 -1.72779E+03 -1.82663E+03  1.50939E+03 -1.02964E+02  4.00000E+00  3.50000E+00  5.00000E-01  2.95328E-06 -4.55441E-06  1.50490E-17  9.83273E+04 -4.69389E+03 -1.68796E+03 -1.92060E+03 -1.47607E+03  1.01737E+02  4.00000E+00  3.00000E+00  5.00000E-01  1.95546E-06 -4.47053E-06  1.55178E-17  1.29001E+05  5.81696E+03  2.90528E+03 -1.58696E+03  1.53605E+03 -1.31865E+02  4.00000E+00  3.00000E+00  1.00000E+00  1.95442E-06 -4.45379E-06 -6.69007E-08  1.29038E+05  5.90909E+03  2.94410E+03 -1.68133E+03 -1.44941E+03  1.25341E+02
   3.50000E+00  4.00000E+00  5.00000E-01  3.52179E-06 -3.69170E-06  1.09770E-17  1.42827E+05 -5.94836E+03 -3.04811E+03 -7.83699E+03  1.62870E+03 -1.53205E+02  3.50000E+00  4.00000E+00  0.00000E+00  3.51993E-06 -3.67384E-06  1.39265E-07  1.42793E+05 -6.03736E+03 -3.08525E+03 -7.76471E+03 -1.53607E+03  1.43415E+02  3.50000E+00  3.50000E+00  0.00000E+00  2.61182E-06 -3.55343E-06  1.03408E-07  1.73297E+05  4.39757E+03  9.68291E+02 -7.51210E+03  1.60277E+03 -2.02940E+02  3.50000E+00  3.50000E+00  5.00000E-01  2.61339E-06 -3.57099E-06  1.15511E-17  1.73264E+05  4.30919E+03  9.31774E+02 -7.43917E+03 -1.56199E+03  1.48855E+02  4.00000E+00  4.00000E+00  5.00000E-01  3.97497E-06 -4.67145E-06  1.44574E-17  1.43760E+05 -4.36634E+03 -1.52262E+03  2.22506E+03  1.59997E+03 -1.52034E+02  4.00000E+00  4.00000E+00  0.00000E+00  3.97308E-06 -4.65413E-06  1.35077E-07  1.43726E+05 -4.45303E+03 -1.55877E+03  2.29775E+03 -1.50962E+03  1.44586E+02  4.00000E+00  3.50000E+00  0.00000E+00  2.95169E-06 -4.53737E-06  1.00296E-07  1.74312E+05  6.06235E+03  2.68690E+03  2.54994E+03  1.57470E+03 -2.01356E+02  4.00000E+00  3.50000E+00  5.00000E-01  2.95328E-06 -4.55441E-06  1.50490E-17  1.74280E+05  5.97628E+03  2.65137E+03  2.62329E+03 -1.53489E+03  1.50439E+02
   3.50000E+00  4.00000E+00  1.00000E+00  3.51993E-06 -3.67384E-06 -1.39265E-07  1.42793E+05 -6.03736E+03 -3.08525E+03 -7.76471E+03  1.53607E+03 -1.43415E+02  3.50000E+00  4.00000E+00  5.00000E-01  3.52179E-06 -3.69170E-06  1.09770E-17  1.42827E+05 -5.94836E+03 -3.04811E+03 -7.83699E+03 -1.62870E+03  1.53205E+02  3.50000E+00  3.50000E+00  5.00000E-01  2.61339E-06 -3.57099E-06  1.15511E-17  1.73264E+05  4.30919E+03  9.31774E+02 -7.43917E+03  1.56199E+03 -1.48855E+02  3.50000E+00  3.50000E+00  1.00000E+00  2.61182E-06 -3.55343E-06 -1.03408E-07  1.73297E+05  4.39757E+03  9.68291E+02 -7.51210E+03 -1.60277E+03  2.02940E+02  4.00000E+00  4.00000E+00  1.00000E+00  3.97308E-06 -4.65413E-06 -1.35077E-07  1.43726E+05 -4.45303E+03 -1.55877E+03  2.29775E+03  1.50962E+03 -1.44586E+02  4.00000E+00  4.00000E+00  5.00000E-01  3.97497E-06 -4.67145E-06  1.44574E-17  1.43760E+05 -4.36634E+03 -1.52262E+03  2.22506E+03 -1.59997E+03  1.52034E+02  4.00000E+00  3.50000E+00  5.00000E-01  2.95328E-06 -4.55441E-06  1.50490E-17  1.74280E+05  5.97628E+03  2.65137E+03  2.62329E+03  1.53489E+03 -1.50439E+02  4.00000E+00  3.50000E+00  1.00000E+00  2.95169E-06 -4.53737E-06 -1.00296E-07  1.74312E+05  6.06235E+03  2.68690E+03  2.54994E+03 -1.57470E+03  2.01356E+02
   4.00000E+00  5.00000E-01  5.00000E-01 -2.95328E-06 -4.55441E-06  1.61246E-17 -1.67965E+05 -4.24253E+03 -9.08239E+02 -7.36924E+03  1.55407E+03  2.03385E+02  4.00000E+00  5.00000E-01  0.00000E+00 -2.95169E-06 -4.53737E-06 -1.00296E-07 -1.67930E+05 -4.15660E+03 -8.71926E+02 -7.29506E+03 -1.51490E+03 -1.50480E+02  4.00000E+00  0.00000E+00  0.00000E+00 -3.97308E-06 -4.65413E-06 -1.35077E-07 -1.38425E+05  5.78669E+03  2.98305E+03 -7.69379E+03  1.57888E+03  1.53384E+02  4.00000E+00  0.00000E+00  5.00000E-01 -3.97497E-06 -4.67145E-06  1.58915E-17 -1.38390E+05  5.87278E+03  3.01952E+03 -7.62021E+03 -1.49009E+03 -1.44671E+02  4.50000E+00  5.00000E-01  5.00000E-01 -3.28271E-06 -5.64944E-06  2.01910E-17 -1.68983E+05 -5.90925E+03 -2.63359E+03  2.38587E+03  1.52577E+03  2.02784E+02  4.50000E+00  5.00000E-01  0.00000E+00 -3.28112E-06 -5.63293E-06 -9.71700E-08 -1.68948E+05 -5.82542E+03 -2.59818E+03  2.46015E+03 -1.48738E+03 -1.51080E+02  4.50000E+00  0.00000E+00  0.00000E+00 -4.41234E-06 -5.74604E-06 -1.30863E-07 -1.39359E+05  4.20368E+03  1.45303E+03  2.06132E+03  1.54998E+03  1.52887E+02  4.50000E+00  0.00000E+00  5.00000E-01 -4.41423E-06 -5.76282E-06  2.00006E-17 -1.39325E+05  4.28767E+03  1.48860E+03  2.13500E+03 -1.46317E+03 -1.45169E+02
   4.00000E+00  5.00000E-01  1.00000E+00 -2.95169E-06 -4.53737E-06  1.00296E-07 -1.67930E+05 -4.15660E+03 -8.71926E+02 -7.29506E+03  1.51490E+03  1.50480E+02  4.00000E+00  5.00000E-01  5.00000E-01 -2.95328E-06 -4.55441E-06  1.61246E-17 -1.67965E+05 -4.24253E+03 -9.08239E+02 -7.36924E+03 -1.55407E+03 -2.03385E+02  4.00000E+00  0.00000E+00  5.00000E-01 -3.97497E-06 -4.67145E-06  1.58915E-17 -1.38390E+05  5.87278E+03  3.01952E+03 -7.62021E+03  1.49009E+03  1.44671E+02  4.00000E+00  0.00000E+00  1.00000E+00 -3.97308E-06 -4.65413E-06  1.35077E-07 -1.38425E+05  5.78669E+03  2.98305E+03 -7.69379E+03 -1.57888E+03 -1.53384E+02  4.50000E+00  5.00000E-01  1.00000E+00 -3.28112E-06 -5.63293E-06  9.71700E-08 -1.68948E+05 -5.82542E+03 -2.59818E+03  2.46015E+03  1.48738E+03  1.51080E+02  4.50000E+00  5.00000E-01  5.00000E-01 -3.28271E-06 -5.64944E-06  2.01910E-17 -1.68983E+05 -5.90925E+03 -2.63359E+03  2.38587E+03 -1.52577E+03 -2.02784E+02  4.50000E+00  0.00000E+00  5.00000E-01 -4.41423E-06 -5.76282E-06  2.00006E-17 -1.39325E+05  4.28767E+03  1.48860E+03  2.13500E+03  1.46317E+03  1.45169E+02  4.50000E+00  0.00000E+00  1.00000E+00 -4.41234E-06 -5.74604E-06  1.30863E-07 -1.39359E+05  4.20368E+03  1.45303E+03  2.06132E+03 -1.54998E+03 -1.52887E+02
   4.00000E+00  1.00000E+00  5.00000E-01 -1.95546E-06 -4.47053E-06  1.62348E-17 -1.24345E+05 -4.55493E+03 -1.62029E+03 -1.16026E+04  1.43064E+03  1.26187E+02  4.00000E+00  1.00000E+00  0.00000E+00 -1.95442E-06 -4.45379E-06 -6.69007E-08 -1.24307E+05 -4.46337E+03 -1.58138E+03 -1.15072E+04 -1.51611E+03 -1.31948E+02  4.00000E+00  5.00000E-01  0.00000E+00 -2.95169E-06 -4.53737E-06 -1.00296E-07 -9.46349E+04  5.65225E+03  2.69339E+03 -1.18372E+04  1.45696E+03  1.01884E+02  4.00000E+00  5.00000E-01  5.00000E-01 -2.95328E-06 -4.55441E-06  1.61246E-17 -9.45960E+04  5.74414E+03  2.73264E+03 -1.17423E+04 -1.48979E+03 -1.02995E+02  4.50000E+00  1.00000E+00  5.00000E-01 -2.17510E-06 -5.56821E-06  2.02639E-17 -1.25084E+05 -5.76324E+03 -2.87567E+03 -1.85103E+03  1.40483E+03  1.25809E+02  4.50000E+00  1.00000E+00  0.00000E+00 -2.17406E-06 -5.55198E-06 -6.48136E-08 -1.25047E+05 -5.67348E+03 -2.83752E+03 -1.75543E+03 -1.48867E+03 -1.32326E+02  4.50000E+00  5.00000E-01  0.00000E+00 -3.28112E-06 -5.63293E-06 -9.71700E-08 -9.52941E+04  4.52382E+03  1.62441E+03 -2.08563E+03  1.43063E+03  1.01728E+02  4.50000E+00  5.00000E-01  5.00000E-01 -3.28271E-06 -5.64944E-06  2.01910E-17 -9.52560E+04  4.61391E+03  1.66289E+03 -1.99055E+03 -1.46286E+03 -1.03150E+02
   4.00000E+00  1.00000E+00  1.00000E+00 -1.95442E-06 -4.45379E-06  6.69007E-08 -1.24307E+05 -4.46337E+03 -1.58138E+03 -1.15072E+04  1.51611E+03  1.31948E+02  4.00000E+00  1.00000E+00  5.00000E-01 -1.95546E-06 -4.47053E-06  1.62348E-17 -1.24345E+05 -4.55493E+03 -1.62029E+03 -1.16026E+04 -1.43064E+03 -1.26187E+02  4.00000E+00  5.00000E-01  5.00000E-01 -2.95328E-06 -4.55441E-06  1.61246E-17 -9.45960E+04  5.74414E+03  2.73264E+03 -1.17423E+04  1.48979E+03  1.02995E+02  4.00000E+00  5.00000E-01  1.00000E+00 -2.95169E-06 -4.53737E-06  1.00296E-07 -9.46349E+04  5.65225E+03  2.69339E+03 -1.18372E+04 -1.45696E+03 -1.01884E+02  4.50000E+00  1.00000E+00  1.00000E+00 -2.17406E-06 -5.55198E-06  6.48136E-08 -1.25047E+05 -5.67348E+03 -2.83752E+03 -1.75543E+03  1.48867E+03  1.32326E+02  4.50000E+00  1.00000E+00  5.00000E-01 -2.17510E-06 -5.56821E-06  2.02639E-17 -1.25084E+05 -5.76324E+03 -2.87567E+03 -1.85103E+03 -1.40483E+03 -1.25809E+02  4.50000E+00  5.00000E-01  5.00000E-01 -3.28271E-06 -5.64944E-06  2.01910E-17 -9.52560E+04  4.61391E+03  1.66289E+03 -1.99055E+03  1.46286E+03  1.03150E+02  4.50000E+00  5.00000E-01  1.00000E+00 -3.28112E-06 -5.63293E-06  9.71700E-08 -9.52941E+04  4.52382E+03  1.62441E+03 -2.08563E+03 -1.43063E+03 -1.01728E+02
   4.00000E+00  1.50000E+00  5.00000E-01 -9.73700E-07 -4.42025E-06  1.62264E-17 -8.05389E+04 -4.73503E+03 -1.80602E+03 -1.44427E+04  1.47192E+03  8.31418E+01  4.00000E+00  1.50000E+00  0.00000E+00 -9.73176E-07 -4.40353E-06 -3.34653E-08 -8.05371E+04 -4.73054E+03 -1.80413E+03 -1.43504E+04 -1.47838E+03 -8.27016E+01  4.00000E+00  1.00000E+00  0.00000E+00 -1.95442E-06 -4.45379E-06 -6.69007E-08 -5.08282E+04  5.46934E+03  2.49776E+03 -1.45860E+04  1.47322E+03  5.62413E+01  4.00000E+00  1.00000E+00  5.00000E-01 -1.95546E-06 -4.47053E-06  1.62348E-17 -5.08260E+04  5.47396E+03  2.49978E+03 -1.44936E+04 -1.47708E+03 -5.62123E+01  4.50000E+00  1.50000E+00  5.00000E-01 -1.08354E-06 -5.51954E-06  2.02235E-17 -8.10027E+04 -5.48538E+03 -2.60143E+03 -4.68945E+03  1.44524E+03  8.31011E+01  4.50000E+00  1.50000E+00  0.00000E+00 -1.08302E-06 -5.50334E-06 -3.24193E-08 -8.10008E+04 -5.48065E+03 -2.59944E+03 -4.59707E+03 -1.45166E+03 -8.27423E+01  4.50000E+00  1.00000E+00  0.00000E+00 -2.17406E-06 -5.55198E-06 -6.48136E-08 -5.12118E+04  4.79907E+03  1.88920E+03 -4.83276E+03  1.44661E+03  5.62909E+01  4.50000E+00  1.00000E+00  5.00000E-01 -2.17510E-06 -5.56821E-06  2.02639E-17 -5.12096E+04  4.80393E+03  1.89133E+03 -4.74032E+03 -1.45030E+03 -5.61627E+01
   4.00000E+00  1.50000E+00  1.00000E+00 -9.73176E-07 -4.40353E-06  3.34653E-08 -8.05371E+04 -4.73054E+03 -1.80413E+03 -1.43504E+04  1.47838E+03  8.27016E+01  4.00000E+00  1.50000E+00  5.00000E-01 -9.73700E-07 -4.42025E-06  1.62264E-17 -8.05389E+04 -4.73503E+03 -1.80602E+03 -1.44427E+04 -1.47192E+03 -8.31418E+01  4.00000E+00  1.00000E+00  5.00000E-01 -1.95546E-06 -4.47053E-06  1.62348E-17 -5.08260E+04  5.47396E+03  2.49978E+03 -1.44936E+04  1.47708E+03  5.62123E+01  4.00000E+00  1.00000E+00  1.00000E+00 -1.95442E-06 -4.45379E-06  6.69007E-08 -5.08282E+04  5.46934E+03  2.49776E+03 -1.45860E+04 -1.47322E+03 -5.62413E+01  4.50000E+00  1.50000E+00  1.00000E+00 -1.08302E-06 -5.50334E-06  3.24193E-08 -8.10008E+04 -5.48065E+03 -2.59944E+03 -4.59707E+03  1.45166E+03  8.27423E+01  4.50000E+00  1.50000E+00  5.00000E-01 -1.08354E-06 -5.51954E-06  2.02235E-17 -8.10027E+04 -5.48538E+03 -2.60143E+03 -4.68945E+03 -1.44524E+03 -8.31011E+01  4.50000E+00  1.00000E+00  5.00000E-01 -2.17510E-06 -5.56821E-06  2.02639E-17 -5.12096E+04  4.80393E+03  1.89133E+03 -4.74032E+03  1.45030E+03  5.61627E+01  4.50000E+00  1.00000E+00  1.00000E+00 -2.17406E-06 -5.55198E-06  6.48136E-08 -5.12118E+04  4.79907E+03  1.88920E+03 -4.83276E+03 -1.44661E+03 -5.62909E+01
   4.00000E+00  2.00000E+00  5.00000E-01  9.41001E-21 -4.40349E-06  1.61041E-17 -3.67537E+04 -4.97559E+03 -2.03120E+03 -1.58952E+04  1.47705E+03  3.65906E+01  4.00000E+00  2.00000E+00  0.00000E+00  3.76331E-18 -4.38676E-06  1.61652E-17 -3.67540E+04 -4.97685E+03 -2.03169E+03 -1.58023E+04 -1.47581E+03 -3.66864E+01  4.00000E+00  1.50000E+00  0.00000E+00 -9.73176E-07 -4.40353E-06 -3.34653E-08 -7.03540E+03  5.22978E+03  2.26845E+03 -1.59436E+04  1.47666E+03  9.80443E+00  4.00000E+00  1.50000E+00  5.00000E-01 -9.73700E-07 -4.42025E-06  1.62264E-17 -7.03592E+03  5.22845E+03  2.26789E+03 -1.58506E+04 -1.47620E+03 -9.83009E+00  4.50000E+00  2.00000E+00  5.00000E-01  9.74088E-21 -5.50333E-06  2.00726E-17 -3.69362E+04 -5.25493E+03 -2.36029E+03 -6.13871E+03  1.45015E+03  3.66558E+01  4.50000E+00  2.00000E+00  0.00000E+00  4.15016E-18 -5.48712E-06  2.01294E-17 -3.69364E+04 -5.25594E+03 -2.36066E+03 -6.04589E+03 -1.44907E+03 -3.66212E+01  4.50000E+00  1.50000E+00  0.00000E+00 -1.08302E-06 -5.50334E-06 -3.24193E-08 -7.13747E+03  5.03090E+03  2.12712E+03 -6.18712E+03  1.44983E+03  9.82189E+00  4.50000E+00  1.50000E+00  5.00000E-01 -1.08354E-06 -5.51954E-06  2.02235E-17 -7.13788E+03  5.02983E+03  2.12667E+03 -6.09423E+03 -1.44938E+03 -9.81263E+00
   4.00000E+00  2.00000E+00  1.00000E+00 -3.74590E-18 -4.38676E-06  1.61637E-17 -3.67540E+04 -4.97685E+03 -2.03169E+03 -1.58023E+04  1.47581E+03  3.66864E+01  4.00000E+00  2.00000E+00  5.00000E-01  9.41001E-21 -4.40349E-06  1.61041E-17 -3.67537E+04 -4.97559E+03 -2.03120E+03 -1.58952E+04 -1.47705E+03 -3.65906E+01  4.00000E+00  1.50000E+00  5.00000E-01 -9.73700E-07 -4.42025E-06  1.62264E-17 -7.03592E+03  5.22845E+03  2.26789E+03 -1.58506E+04  1.47620E+03  9.83009E+00  4.00000E+00  1.50000E+00  1.00000E+00 -9.73176E-07 -4.40353E-06  3.34653E-08 -7.03540E+03  5.22978E+03  2.26845E+03 -1.59436E+04 -1.47666E+03 -9.80443E+00  4.50000E+00  2.00000E+00  1.00000E+00 -4.13015E-18 -5.48712E-06  2.01292E-17 -3.69364E+04 -5.25594E+03 -2.36066E+03 -6.04589E+03  1.44907E+03  3.66212E+01  4.50000E+00  2.00000E+00  5.00000E-01  9.74088E-21 -5.50333E-06  2.00726E-17 -3.69362E+04 -5.25493E+03 -2.36029E+03 -6.13871E+03 -1.45015E+03 -3.66558E+01  4.50000E+00  1.50000E+00  5.00000E-01 -1.08354E-06 -5.51954E-06  2.02235E-17 -7.13788E+03  5.02983E+03  2.12667E+03 -6.09423E+03  1.44938E+03  9.81263E+00  4.50000E+00  1.50000E+00  1.00000E+00 -1.08302E-06 -5.50334E-06  3.24193E-08 -7.13747E+03  5.03090E+03  2.12712E+03 -6.18712E+03 -1.44983E+03 -9.82189E+00
   4.00000E+00  2.50000E+00  5.00000E-01  9.73700E-07 -4.42025E-06  1.58684E-17  7.03540E+03 -5.22978E+03 -2.26845E+03 -1.59436E+04  1.47666E+03 -9.80443E+00  4.00000E+00  2.50000E+00  0.00000E+00  9.73176E-07 -4.40353E-06  3.34653E-08  7.03592E+03 -5.22845E+03 -2.26789E+03 -1.58506E+04 -1.47620E+03  9.83009E+00  4.00000E+00  2.00000E+00  0.00000E+00  3.76331E-18 -4.38676E-06  1.61652E-17  3.67537E+04  4.97559E+03  2.03120E+03 -1.58952E+04  1.47705E+03 -3.65906E+01  4.00000E+00  2.00000E+00  5.00000E-01  9.41001E-21 -4.40349E-06  1.61041E-17  3.67540E+04  4.97685E+03  2.03169E+03 -1.58023E+04 -1.47581E+03  3.66864E+01  4.50000E+00  2.50000E+00  5.00000E-01  1.08354E-06 -5.51954E-06  1.98111E-17  7.13747E+03 -5.03090E+03 -2.12712E+03 -6.18712E+03  1.44983E+03 -9.82189E+00  4.50000E+00  2.50000E+00  0.00000E+00  1.08302E-06 -5.50334E-06  3.24193E-08  7.13788E+03 -5.02983E+03 -2.12667E+03 -6.09423E+03 -1.44938E+03  9.81263E+00  4.50000E+00  2.00000E+00  0.00000E+00  4.15016E-18 -5.48712E-06  2.01294E-17  3.69362E+04  5.25493E+03  2.36029E+03 -6.13871E+03  1.45015E+03 -3.66558E+01  4.50000E+00  2.00000E+00  5.00000E-01  9.74088E-21 -5.50333E-06  2.00726E-17  3.69364E+04  5.25594E+03  2.36066E+03 -6.04589E+03 -1.44907E+03  3.66212E+01
   4.00000E+00  2.50000E+00  1.00000E+00  9.73176E-07 -4.40353E-06 -3.34653E-08  7.03592E+03 -5.22845E+03 -2.26789E+03 -1.58506E+04  1.47620E+03 -9.83009E+00  4.00000E+00  2.50000E+00  5.00000E-01  9.73700E-07 -4.42025E-06  1.58684E-17  7.03540E+03 -5.22978E+03 -2.26845E+03 -1.59436E+04 -1.47666E+03  9.80443E+00  4.00000E+00  2.00000E+00  5.00000E-01  9.41001E-21 -4.40349E-06  1.61041E-17  3.67540E+04  4.97685E+03  2.03169E+03 -1.58023E+04  1.47581E+03 -3.66864E+01  4.00000E+00  2.00000E+00  1.00000E+00 -3.74590E-18 -4.38676E-06  1.61637E-17  3.67537E+04  4.97559E+03  2.03120E+03 -1.58952E+04 -1.47705E+03  3.65906E+01  4.50000E+00  2.50000E+00  1.00000E+00  1.08302E-06 -5.50334E-06 -3.24193E-08  7.13788E+03 -5.02983E+03 -2.12667E+03 -6.09423E+03  1.44938E+03 -9.81263E+00  4.50000E+00  2.50000E+00  5.00000E-01  1.08354E-06 -5.51954E-06  1.98111E-17  7.13747E+03 -5.03090E+03 -2.12712E+03 -6.18712E+03 -1.44983E+03  9.82189E+00  4.50000E+00  2.00000E+00  5.00000E-01  9.74088E-21 -5.50333E-06  2.00726E-17  3.69364E+04  5.25594E+03  2.36066E+03 -6.04589E+03  1.44907E+03 -3.66212E+01  4.50000E+00  2.00000E+00  1.00000E+00 -4.13015E-18 -5.48712E-06  2.01292E-17  3.69362E+04  5.25493E+03  2.36029E+03 -6.13871E+03 -1.45015E+03  3.66558E+01
   4.00000E+00  3.00000E+00  5.00000E-01  1.95546E-06 -4.47053E-06  1.55178E-17  5.08282E+04 -5.46934E+03 -2.49776E+03 -1.45860E+04  1.47322E+03 -5.62413E+01  4.00000E+00  3.00000E+00  0.00000E+00  1.95442E-06 -4.45379E-06  6.69007E-08  5.08260E+04 -5.47396E+03 -2.49978E+03 -1.44936E+04 -1.47708E+03  5.62123E+01  4.00000E+00  2.50000E+00  0.00000E+00  9.73176E-07 -4.40353E-06  3.34653E-08  8.05389E+04  4.73503E+03  1.80602E+03 -1.44427E+04  1.47192E+03 -8.31418E+01  4.00000E+00  2.50000E+00  5.00000E-01  9.73700E-07 -4.42025E-06  1.58684E-17  8.05371E+04  4.73054E+03  1.80413E+03 -1.43504E+04 -1.47838E+03  8.27016E+01  4.50000E+00  3.00000E+00  5.00000E-01  2.17510E-06 -5.56821E-06  1.94369E-17  5.12118E+04 -4.79907E+03 -1.88920E+03 -4.83276E+03  1.44661E+03 -5.62909E+01  4.50000E+00  3.00000E+00  0.00000E+00  2.17406E-06 -5.55198E-06  6.48136E-08  5.12096E+04 -4.80393E+03 -1.89133E+03 -4.74032E+03 -1.45030E+03  5.61627E+01  4.50000E+00  2.50000E+00  0.00000E+00  1.08302E-06 -5.50334E-06  3.24193E-08  8.10027E+04  5.48538E+03  2.60143E+03 -4.68945E+03  1.44524E+03 -8.31011E+01  4.50000E+00  2.50000E+00  5.00000E-01  1.08354E-06 -5.51954E-06  1.98111E-17  8.10008E+04  5.48065E+03  2.59944E+03 -4.59707E+03 -1.45166E+03  8.27423E+01
   4.00000E+00  3.00000E+00  1.00000E+00  1.95442E-06 -4.45379E-06 -6.69007E-08  5.08260E+04 -5.47396E+03 -2.49978E+03 -1.44936E+04  1.47708E+03 -5.62123E+01  4.00000E+00  3.00000E+00  5.00000E-01  1.95546E-06 -4.47053E-06  1.55178E-17  5.08282E+04 -5.46934E+03 -2.49776E+03 -1.45860E+04 -1.47322E+03  5.62413E+01  4.00000E+00  2.50000E+00  5.00000E-01  9.73700E-07 -4.42025E-06  1.58684E-17  8.05371E+04  4.73054E+03  1.80413E+03 -1.43504E+04  1.47838E+03 -8.27016E+01  4.00000E+00  2.50000E+00  1.00000E+00  9.73176E-07 -4.40353E-06 -3.34653E-08  8.05389E+04  4.73503E+03  1.80602E+03 -1.44427E+04 -1.47192E+03  8.31418E+01  4.50000E+00  3.00000E+00  1.00000E+00  2.17406E-06 -5.55198E-06 -6.48136E-08  5.12096E+04 -4.80393E+03 -1.89133E+03 -4.74032E+03  1.45030E+03 -5.61627E+01  4.50000E+00  3.00000E+00  5.00000E-01  2.17510E-06 -5.56821E-06  1.94369E-17  5.12118E+04 -4.79907E+03 -1.88920E+03 -4.83276E+03 -1.44661E+03  5.62909E+01  4.50000E+00  2.50000E+00  5.00000E-01  1.08354E-06 -5.51954E-06  1.98111E-17  8.10008E+04  5.48065E+03  2.59944E+03 -4.59707E+03  1.45166E+03 -8.27423E+01  4.50000E+00  2.50000E+00  1.00000E+00  1.08302E-06 -5.50334E-06 -3.24193E-08  8.10027E+04  5.48538E+03  2.60143E+03 -4.68945E+03 -1.44524E+03  8.31011E+01
   4.00000E+00  3.50000E+00  5.00000E-01  2.95328E-06 -4.55441E-06  1.50490E-17  9.46349E+04 -5.65225E+03 -2.69339E+03 -1.18372E+04  1.45696E+03 -1.01884E+02  4.00000E+00  3.50000E+00  0.00000E+00  2.95169E-06 -4.53737E-06  1.00296E-07  9.45960E+04 -5.74414E+03 -2.73264E+03 -1.17423E+04 -1.48979E+03  1.02995E+02  4.00000E+00  3.00000E+00  0.00000E+00  1.95442E-06 -4.45379E-06  6.69007E-08  1.24345E+05  4.55493E+03  1.62029E+03 -1.16026E+04  1.43064E+03 -1.26187E+02  4.00000E+00  3.00000E+00  5.00000E-01  1.95546E-06 -4.47053E-06  1.55178E-17  1.24307E+05  4.46337E+03  1.58138E+03 -1.15072E+04 -1.51611E+03  1.31948E+02  4.50000E+00  3.50000E+00  5.00000E-01  3.28271E-06 -5.64944E-06  1.89495E-17  9.52941E+04 -4.52382E+03 -1.62441E+03 -2.08563E+03  1.43063E+03 -1.01728E+02  4.50000E+00  3.50000E+00  0.00000E+00  3.28112E-06 -5.63293E-06  9.71700E-08  9.52560E+04 -4.61391E+03 -1.66289E+03 -1.99055E+03 -1.46286E+03  1.03150E+02  4.50000E+00  3.00000E+00  0.00000E+00  2.17406E-06 -5.55198E-06  6.48136E-08  1.25084E+05  5.76324E+03  2.87567E+03 -1.85103E+03  1.40483E+03 -1.25809E+02  4.50000E+00  3.00000E+00  5.00000E-01  2.17510E-06 -5.56821E-06  1.94369E-17  1.25047E+05  5.67348E+03  2.83752E+03 -1.75543E+03 -1.48867E+03  1.32326E+02
   4.00000E+00  3.50000E+00  1.00000E+00  2.95169E-06 -4.53737E-06 -1.00296E-07  9.45960E+04 -5.74414E+03 -2.73264E+03 -1.17423E+04  1.48979E+03 -1.02995E+02  4.00000E+00  3.50000E+00  5.00000E-01  2.95328E-06 -4.55441E-06  1.50490E-17  9.46349E+04 -5.65225E+03 -2.69339E+03 -1.18372E+04 -1.45696E+03  1.01884E+02  4.00000E+00  3.00000E+00  5.00000E-01  1.95546E-06 -4.47053E-06  1.55178E-17  1.24307E+05  4.46337E+03  1.58138E+03 -1.15072E+04  1.51611E+03 -1.31948E+02  4.00000E+00  3.00000E+00  1.00000E+00  1.95442E-06 -4.45379E-06 -6.69007E-08  1.24345E+05  4.55493E+03  1.62029E+03 -1.16026E+04 -1.43064E+03  1.26187E+02  4.50000E+00  3.50000E+00  1.00000E+00  3.28112E-06 -5.63293E-06 -9.71700E-08  9.52560E+04 -4.61391E+03 -1.66289E+03 -1.99055E+03  1.46286E+03 -1.03150E+02  4.50000E+00  3.50000E+00  5.00000E-01  3.28271E-06 -5.64944E-06  1.89495E-17  9.52941E+04 -4.52382E+03 -1.62441E+03 -2.08563E+03 -1.43063E+03  1.01728E+02  4.50000E+00  3.00000E+00  5.00000E-01  2.17510E-06 -5.56821E-06  1.94369E-17  1.25047E+05  5.67348E+03  2.83752E+03 -1.75543E+03  1.48867E+03 -1.32326E+02  4.50000E+00  3.00000E+00  1.00000E+00  2.17406E-06 -5.55198E-06 -6.48136E-08  1.25084E+05  5.76324E+03  2.87567E+03 -1.85103E+03 -1.40483E+03  1.25809E+02
   4.00000E+00  4.00000E+00  5.00000E-01  3.97497E-06 -4.67145E-06  1.44574E-17  1.38425E+05 -5.78669E+03 -2.98305E+03 -7.69379E+03  1.57888E+03 -1.53384E+02  4.00000E+00  4.00000E+00  0.00000E+00  3.97308E-06 -4.65413E-06  1.35077E-07  1.38390E+05 -5.87278E+03 -3.01952E+03 -7.62021E+03 -1.49009E+03  1.44671E+02  4.00000E+00  3.50000E+00  0.00000E+00  2.95169E-06 -4.53737E-06  1.00296E-07  1.67965E+05  4.24253E+03  9.08239E+02 -7.36924E+03  1.55407E+03 -2.03385E+02  4.00000E+00  3.50000E+00  5.00000E-01  2.95328E-06 -4.55441E-06  1.50490E-17  1.67930E+05  4.15660E+03  8.71926E+02 -7.29506E+03 -1.51490E+03  1.50480E+02  4.50000E+00  4.00000E+00  5.00000E-01  4.41423E-06 -5.76282E-06  1.83449E-17  1.39359E+05 -4.20368E+03 -1.45303E+03  2.06132E+03  1.54998E+03 -1.52887E+02  4.50000E+00  4.00000E+00  0.00000E+00  4.41234E-06 -5.74604E-06  1.30863E-07  1.39325E+05 -4.28767E+03 -1.48860E+03  2.13500E+03 -1.46317E+03  1.45169E+02  4.50000E+00  3.50000E+00  0.00000E+00  3.28112E-06 -5.63293E-06  9.71700E-08  1.68983E+05  5.90925E+03  2.63359E+03  2.38587E+03  1.52577E+03 -2.02784E+02  4.50000E+00  3.50000E+00  5.00000E-01  3.28271E-06 -5.64944E-06  1.89495E-17  1.68948E+05  5.82542E+03  2.59818E+03  2.46015E+03 -1.48738E+03  1.51080E+02
   4.00000E+00  4.00000E+00  1.00000E+00  3.97308E-06 -4.65413E-06 -1.35077E-07  1.38390E+05 -5.87278E+03 -3.01952E+03 -7.62021E+03  1.49009E+03 -1.44671E+02  4.00000E+00  4.00000E+00  5.00000E-01  3.97497E-06 -4.67145E-06  1.44574E-17  1.38425E+05 -5.78669E+03 -2.98305E+03 -7.69379E+03 -1.57888E+03  1.53384E+02  4.00000E+00  3.50000E+00  5.00000E-01  2.95328E-06 -4.55441E-06  1.50490E-17  1.67930E+05  4.15660E+03  8.71926E+02 -7.29506E+03  1.51490E+03 -1.50480E+02  4.00000E+00  3.50000E+00  1.00000E+00  2.95169E-06 -4.53737E-06 -1.00296E-07  1.67965E+05  4.24253E+03  9.08239E+02 -7.36924E+03 -1.55407E+03  2.03385E+02  4.50000E+00  4.00000E+00  1.00000E+00  4.41234E-06 -5.74604E-06 -1.30863E-07  1.39325E+05 -4.28767E+03 -1.48860E+03  2.13500E+03  1.46317E+03 -1.45169E+02  4.50000E+00  4.00000E+00  5.00000E-01  4.41423E-06 -5.76282E-06  1.83449E-17  1.39359E+05 -4.20368E+03 -1.45303E+03  2.06132E+03 -1.54998E+03  1.52887E+02  4.50000E+00  3.50000E+00  5.00000E-01  3.28271E-06 -5.64944E-06  1.89495E-17  1.68948E+05  5.82542E+03  2.59818E+03  2.46015E+03  1.48738E+03 -1.51080E+02  4.50000E+00  3.50000E+00  1.00000E+00  3.28112E-06 -5.63293E-06 -9.71700E-08  1.68983E+05  5.90925E+03  2.63359E+03  2.38587E+03 -1.52577E+03  2.02784E+02
   4.50000E+00  5.00000E-01  5.00000E-01 -3.28271E-06 -5.64944E-06  2.01910E-17 -1.62619E+05 -4.08291E+03 -8.50742E+02 -7.21710E+03  1.50506E+03  2.03336E+02  4.50000E+00  5.00000E-01  0.00000E+00 -3.28112E-06 -5.63293E-06 -9.71700E-08 -1.62584E+05 -3.99988E+03 -8.15321E+02 -7.14271E+03 -1.46722E+03 -1.51144E+02  4.50000E+00  0.00000E+00  0.00000E+00 -4.41234E-06 -5.74604E-06 -1.30863E-07 -1.34019E+05  5.62677E+03  2.91437E+03 -7.54149E+03  1.52886E+03  1.53398E+02  4.50000E+00  0.00000E+00  5.00000E-01 -4.41423E-06 -5.76282E-06  2.00006E-17 -1.33983E+05  5.70981E+03  2.94981E+03 -7.46760E+03 -1.44342E+03 -1.45213E+02  5.00000E+00  5.00000E-01  5.00000E-01 -3.60169E-06 -6.85256E-06  2.46365E-17 -1.63637E+05 -5.74997E+03 -2.57800E+03  2.22829E+03  1.47675E+03  2.03147E+02  5.00000E+00  5.00000E-01  0.00000E+00 -3.60010E-06 -6.83659E-06 -9.40384E-08 -1.63603E+05 -5.66873E+03 -2.54334E+03  2.30270E+03 -1.43966E+03 -1.51333E+02  5.00000E+00  0.00000E+00  0.00000E+00 -4.83766E-06 -6.94605E-06 -1.26642E-07 -1.34953E+05  4.04351E+03  1.38266E+03  1.90391E+03  1.50005E+03  1.53219E+02  5.00000E+00  0.00000E+00  5.00000E-01 -4.83955E-06 -6.96228E-06  2.44915E-17 -1.34919E+05  4.12476E+03  1.41733E+03  1.97781E+03 -1.41636E+03 -1.45391E+02
   4.50000E+00  5.00000E-01  1.00000E+00 -3.28112E-06 -5.63293E-06  9.71700E-08 -1.62584E+05 -3.99988E+03 -8.15321E+02 -7.14271E+03  1.46722E+03  1.51144E+02  4.50000E+00  5.00000E-01  5.00000E-01 -3.28271E-06 -5.64944E-06  2.01910E-17 -1.62619E+05 -4.08291E+03 -8.50742E+02 -7.21710E+03 -1.50506E+03 -2.03336E+02  4.50000E+00  0.00000E+00  5.00000E-01 -4.41423E-06 -5.76282E-06  2.00006E-17 -1.33983E+05  5.70981E+03  2.94981E+03 -7.46760E+03  1.44342E+03  1.45213E+02  4.50000E+00  0.00000E+00  1.00000E+00 -4.41234E-06 -5.74604E-06  1.30863E-07 -1.34019E+05  5.62677E+03  2.91437E+03 -7.54149E+03 -1.52886E+03 -1.53398E+02  5.00000E+00  5.00000E-01  1.00000E+00 -3.60010E-06 -6.83659E-06  9.40384E-08 -1.63603E+05 -5.66873E+03 -2.54334E+03  2.30270E+03  1.43966E+03  1.51333E+02  5.00000E+00  5.00000E-01  5.00000E-01 -3.60169E-06 -6.85256E-06  2.46365E-17 -1.63637E+05 -5.74997E+03 -2.57800E+03  2.22829E+03 -1.47675E+03 -2.03147E+02  5.00000E+00  0.00000E+00  5.00000E-01 -4.83955E-06 -6.96228E-06  2.44915E-17 -1.34919E+05  4.12476E+03  1.41733E+03  1.97781E+03  1.41636E+03  1.45391E+02  5.00000E+00  0.00000E+00  1.00000E+00 -4.83766E-06 -6.94605E-06  1.26642E-07 -1.34953E+05  4.04351E+03  1.38266E+03  1.90391E+03 -1.50005E+03 -1.53219E+02
   4.50000E+00  1.00000E+00  5.00000E-01 -2.17510E-06 -5.56821E-06  2.02639E-17 -1.20391E+05 -4.40255E+03 -1.55110E+03 -1.14549E+04  1.38588E+03  1.26227E+02  4.50000E+00  1.00000E+00  0.00000E+00 -2.17406E-06 -5.55198E-06 -6.48136E-08 -1.20353E+05 -4.31379E+03 -1.51319E+03 -1.13590E+04 -1.46854E+03 -1.32356E+02  4.50000E+00  5.00000E-01  0.00000E+00 -3.28112E-06 -5.63293E-06 -9.71700E-08 -9.16181E+04  5.48187E+03  2.62448E+03 -1.16877E+04  1.41131E+03  1.01934E+02  4.50000E+00  5.00000E-01  5.00000E-01 -3.28271E-06 -5.64944E-06  2.01910E-17 -9.15803E+04  5.57072E+03  2.66248E+03 -1.15923E+04 -1.44311E+03 -1.03162E+02  5.00000E+00  1.00000E+00  5.00000E-01 -2.38776E-06 -6.77396E-06  2.46707E-17 -1.21128E+05 -5.60514E+03 -2.80530E+03 -2.01088E+03  1.35995E+03  1.26074E+02  5.00000E+00  1.00000E+00  0.00000E+00 -2.38672E-06 -6.75826E-06 -6.27250E-08 -1.21091E+05 -5.51822E+03 -2.76818E+03 -1.91493E+03 -1.44099E+03 -1.32510E+02  5.00000E+00  5.00000E-01  0.00000E+00 -3.60010E-06 -6.83659E-06 -9.40384E-08 -9.22749E+04  4.35951E+03  1.55748E+03 -2.24366E+03  1.38485E+03  1.01838E+02  5.00000E+00  5.00000E-01  5.00000E-01 -3.60169E-06 -6.85256E-06  2.46365E-17 -9.22379E+04  4.44652E+03  1.59469E+03 -2.14823E+03 -1.41609E+03 -1.03258E+02
   4.50000E+00  1.00000E+00  1.00000E+00 -2.17406E-06 -5.55198E-06  6.48136E-08 -1.20353E+05 -4.31379E+03 -1.51319E+03 -1.13590E+04  1.46854E+03  1.32356E+02  4.50000E+00  1.00000E+00  5.00000E-01 -2.17510E-06 -5.56821E-06  2.02639E-17 -1.20391E+05 -4.40255E+03 -1.55110E+03 -1.14549E+04 -1.38588E+03 -1.26227E+02  4.50000E+00  5.00000E-01  5.00000E-01 -3.28271E-06 -5.64944E-06  2.01910E-17 -9.15803E+04  5.57072E+03  2.66248E+03 -1.15923E+04  1.44311E+03  1.03162E+02  4.50000E+00  5.00000E-01  1.00000E+00 -3.28112E-06 -5.63293E-06  9.71700E-08 -9.16181E+04  5.48187E+03  2.62448E+03 -1.16877E+04 -1.41131E+03 -1.01934E+02  5.00000E+00  1.00000E+00  1.00000E+00 -2.38672E-06 -6.75826E-06  6.27250E-08 -1.21091E+05 -5.51822E+03 -2.76818E+03 -1.91493E+03  1.44099E+03  1.32510E+02  5.00000E+00  1.00000E+00  5.00000E-01 -2.38776E-06 -6.77396E-06  2.46707E-17 -1.21128E+05 -5.60514E+03 -2.80530E+03 -2.01088E+03 -1.35995E+03 -1.26074E+02  5.00000E+00  5.00000E-01  5.00000E-01 -3.60169E-06 -6.85256E-06  2.46365E-17 -9.22379E+04  4.44652E+03  1.59469E+03 -2.14823E+03  1.41609E+03  1.03258E+02  5.00000E+00  5.00000E-01  1.00000E+00 -3.60010E-06 -6.83659E-06  9.40384E-08 -9.22749E+04  4.35951E+03  1.55748E+03 -2.24366E+03 -1.38485E+03 -1.01838E+02
   4.50000E+00  1.50000E+00  5.00000E-01 -1.08354E-06 -5.51954E-06  2.02235E-17 -7.79729E+04 -4.58787E+03 -1.73900E+03 -1.42892E+04  1.42571E+03  8.31838E+01  4.50000E+00  1.50000E+00  0.00000E+00 -1.08302E-06 -5.50334E-06 -3.24193E-08 -7.79711E+04 -4.58311E+03 -1.73701E+03 -1.41967E+04 -1.43207E+03 -8.27470E+01  4.50000E+00  1.00000E+00  0.00000E+00 -2.17406E-06 -5.55198E-06 -6.48136E-08 -4.92055E+04  5.29150E+03  2.42482E+03 -1.44298E+04  1.42709E+03  5.62526E+01  4.50000E+00  1.00000E+00  5.00000E-01 -2.17510E-06 -5.56821E-06  2.02639E-17 -4.92035E+04  5.29633E+03  2.42687E+03 -1.43372E+04 -1.43068E+03 -5.61646E+01  5.00000E+00  1.50000E+00  5.00000E-01 -1.18987E-06 -6.72688E-06  2.45959E-17 -7.84327E+04 -5.32871E+03 -2.53059E+03 -4.84520E+03  1.39901E+03  8.31242E+01  5.00000E+00  1.50000E+00  0.00000E+00 -1.18935E-06 -6.71120E-06 -3.13742E-08 -7.84308E+04 -5.32400E+03 -2.52862E+03 -4.75258E+03 -1.40525E+03 -8.28067E+01  5.00000E+00  1.00000E+00  0.00000E+00 -2.38672E-06 -6.75826E-06 -6.27250E-08 -4.95850E+04  4.63094E+03  1.82053E+03 -4.98575E+03  1.40038E+03  5.62340E+01  5.00000E+00  1.00000E+00  5.00000E-01 -2.38776E-06 -6.77396E-06  2.46707E-17 -4.95830E+04  4.63571E+03  1.82256E+03 -4.89315E+03 -1.40388E+03 -5.61832E+01
   4.50000E+00  1.50000E+00  1.00000E+00 -1.08302E-06 -5.50334E-06  3.24193E-08 -7.79711E+04 -4.58311E+03 -1.73701E+03 -1.41967E+04  1.43207E+03  8.27470E+01  4.50000E+00  1.50000E+00  5.00000E-01 -1.08354E-06 -5.51954E-06  2.02235E-17 -7.79729E+04 -4.58787E+03 -1.73900E+03 -1.42892E+04 -1.42571E+03 -8.31838E+01  4.50000E+00  1.00000E+00  5.00000E-01 -2.17510E-06 -5.56821E-06  2.02639E-17 -4.92035E+04  5.29633E+03  2.42687E+03 -1.43372E+04  1.43068E+03  5.61646E+01  4.50000E+00  1.00000E+00  1.00000E+00 -2.17406E-06 -5.55198E-06  6.48136E-08 -4.92055E+04  5.29150E+03  2.42482E+03 -1.44298E+04 -1.42709E+03 -5.62526E+01  5.00000E+00  1.50000E+00  1.00000E+00 -1.18935E-06 -6.71120E-06  3.13742E-08 -7.84308E+04 -5.32400E+03 -2.52862E+03 -4.75258E+03  1.40525E+03  8.28067E+01  5.00000E+00  1.50000E+00  5.00000E-01 -1.18987E-06 -6.72688E-06  2.45959E-17 -7.84327E+04 -5.32871E+03 -2.53059E+03 -4.84520E+03 -1.39901E+03 -8.31242E+01  5.00000E+00  1.00000E+00  5.00000E-01 -2.38776E-06 -6.77396E-06  2.46707E-17 -4.95830E+04  4.63571E+03  1.82256E+03 -4.89315E+03  1.40388E+03  5.61832E+01  5.00000E+00  1.00000E+00  1.00000E+00 -2.38672E-06 -6.75826E-06  6.27250E-08 -4.95850E+04  4.63094E+03  1.82053E+03 -4.98575E+03 -1.40038E+03 -5.62340E+01
   4.50000E+00  2.00000E+00  5.00000E-01  9.74088E-21 -5.50333E-06  2.00726E-17 -3.55788E+04 -4.81900E+03 -1.96170E+03 -1.57328E+04  1.43048E+03  3.65906E+01  4.50000E+00  2.00000E+00  0.00000E+00  4.15016E-18 -5.48712E-06  2.01294E-17 -3.55792E+04 -4.81998E+03 -1.96213E+03 -1.56400E+04 -1.42948E+03 -3.66220E+01  4.50000E+00  1.50000E+00  0.00000E+00 -1.08302E-06 -5.50334E-06 -3.24193E-08 -6.81213E+03  5.05818E+03  2.19555E+03 -1.57798E+04  1.43020E+03  9.80442E+00  4.50000E+00  1.50000E+00  5.00000E-01 -1.08354E-06 -5.51954E-06  2.02235E-17 -6.81255E+03  5.05719E+03  2.19512E+03 -1.56870E+04 -1.42976E+03 -9.81283E+00  5.00000E+00  2.00000E+00  5.00000E-01  1.09585E-20 -6.71119E-06  2.44155E-17 -3.57592E+04 -5.09353E+03 -2.28854E+03 -6.28803E+03  1.40366E+03  3.65878E+01  5.00000E+00  2.00000E+00  0.00000E+00  4.51542E-18 -6.69551E-06  2.44682E-17 -3.57596E+04 -5.09446E+03 -2.28894E+03 -6.19522E+03 -1.40271E+03 -3.66248E+01  5.00000E+00  1.50000E+00  0.00000E+00 -1.18935E-06 -6.71120E-06 -3.13742E-08 -6.91215E+03  4.86403E+03  2.05629E+03 -6.33510E+03  1.40340E+03  9.80368E+00  5.00000E+00  1.50000E+00  5.00000E-01 -1.18987E-06 -6.72688E-06  2.45959E-17 -6.91254E+03  4.86311E+03  2.05590E+03 -6.24226E+03 -1.40297E+03 -9.81358E+00
   4.50000E+00  2.00000E+00  1.00000E+00 -4.13015E-18 -5.48712E-06  2.01292E-17 -3.55792E+04 -4.81998E+03 -1.96213E+03 -1.56400E+04  1.42948E+03  3.66220E+01  4.50000E+00  2.00000E+00  5.00000E-01  9.74088E-21 -5.50333E-06  2.00726E-17 -3.55788E+04 -4.81900E+03 -1.96170E+03 -1.57328E+04 -1.43048E+03 -3.65906E+01  4.50000E+00  1.50000E+00  5.00000E-01 -1.08354E-06 -5.51954E-06  2.02235E-17 -6.81255E+03  5.05719E+03  2.19512E+03 -1.56870E+04  1.42976E+03  9.81283E+00  4.50000E+00  1.50000E+00  1.00000E+00 -1.08302E-06 -5.50334E-06  3.24193E-08 -6.81213E+03  5.05818E+03  2.19555E+03 -1.57798E+04 -1.43020E+03 -9.80442E+00  5.00000E+00  2.00000E+00  1.00000E+00 -4.49460E-18 -6.69551E-06  2.44683E-17 -3.57596E+04 -5.09446E+03 -2.28894E+03 -6.19522E+03  1.40271E+03  3.66248E+01  5.00000E+00  2.00000E+00  5.00000E-01  1.09585E-20 -6.71119E-06  2.44155E-17 -3.57592E+04 -5.09353E+03 -2.28854E+03 -6.28803E+03 -1.40366E+03 -3.65878E+01  5.00000E+00  1.50000E+00  5.00000E-01 -1.18987E-06 -6.72688E-06  2.45959E-17 -6.91254E+03  4.86311E+03  2.05590E+03 -6.24226E+03  1.40297E+03  9.81358E+00  5.00000E+00  1.50000E+00  1.00000E+00 -1.18935E-06 -6.71120E-06  3.13742E-08 -6.91215E+03  4.86403E+03  2.05629E+03 -6.33510E+03 -1.40340E+03 -9.80368E+00
   4.50000E+00  2.50000E+00  5.00000E-01  1.08354E-06 -5.51954E-06  1.98111E-17  6.81213E+03 -5.05818E+03 -2.19555E+03 -1.57798E+04  1.43020E+03 -9.80442E+00  4.50000E+00  2.50000E+00  0.00000E+00  1.08302E-06 -5.50334E-06  3.24193E-08  6.81255E+03 -5.05719E+03 -2.19512E+03 -1.56870E+04 -1.42976E+03  9.81283E+00  4.50000E+00  2.00000E+00  0.00000E+00  4.15016E-18 -5.48712E-06  2.01294E-17  3.55788E+04  4.81900E+03  1.96170E+03 -1.57328E+04  1.43048E+03 -3.65906E+01  4.50000E+00  2.00000E+00  5.00000E-01  9.74088E-21 -5.50333E-06  2.00726E-17  3.55792E+04  4.81998E+03  1.96213E+03 -1.56400E+04 -1.42948E+03  3.66220E+01  5.00000E+00  2.50000E+00  5.00000E-01  1.18987E-06 -6.72688E-06  2.41280E-17  6.91215E+03 -4.86403E+03 -2.05629E+03 -6.33510E+03  1.40340E+03 -9.80368E+00  5.00000E+00  2.50000E+00  0.00000E+00  1.18935E-06 -6.71120E-06  3.13742E-08  6.91254E+03 -4.86311E+03 -2.05590E+03 -6.24226E+03 -1.40297E+03  9.81358E+00  5.00000E+00  2.00000E+00  0.00000E+00  4.51542E-18 -6.69551E-06  2.44682E-17  3.57592E+04  5.09353E+03  2.28854E+03 -6.28803E+03  1.40366E+03 -3.65878E+01  5.00000E+00  2.00000E+00  5.00000E-01  1.09585E-20 -6.71119E-06  2.44155E-17  3.57596E+04  5.09446E+03  2.28894E+03 -6.19522E+03 -1.40271E+03  3.66248E+01
   4.50000E+00  2.50000E+00  1.00000E+00  1.08302E-06 -5.50334E-06 -3.24193E-08  6.81255E+03 -5.05719E+03 -2.19512E+03 -1.56870E+04  1.42976E+03 -9.81283E+00  4.50000E+00  2.50000E+00  5.00000E-01  1.08354E-06 -5.51954E-06  1.98111E-17  6.81213E+03 -5.05818E+03 -2.19555E+03 -1.57798E+04 -1.43020E+03  9.80442E+00  4.50000E+00  2.00000E+00  5.00000E-01  9.74088E-21 -5.50333E-06  2.00726E-17  3.55792E+04  4.81998E+03  1.96213E+03 -1.56400E+04  1.42948E+03 -3.66220E+01  4.50000E+00  2.00000E+00  1.00000E+00 -4.13015E-18 -5.48712E-06  2.01292E-17  3.55788E+04  4.81900E+03  1.96170E+03 -1.57328E+04 -1.43048E+03  3.65906E+01  5.00000E+00  2.50000E+00  1.00000E+00  1.18935E-06 -6.71120E-06 -3.13742E-08  6.91254E+03 -4.86311E+03 -2.05590E+03 -6.24226E+03  1.40297E+03 -9.81358E+00  5.00000E+00  2.50000E+00  5.00000E-01  1.18987E-06 -6.72688E-06  2.41280E-17  6.91215E+03 -4.86403E+03 -2.05629E+03 -6.33510E+03 -1.40340E+03  9.80368E+00  5.00000E+00  2.00000E+00  5.00000E-01  1.09585E-20 -6.71119E-06  2.44155E-17  3.57596E+04  5.09446E+03  2.28894E+03 -6.19522E+03  1.40271E+03 -3.66248E+01  5.00000E+00  2.00000E+00  1.00000E+00 -4.49460E-18 -6.69551E-06  2.44683E-17  3.57592E+04  5.09353E+03  2.28854E+03 -6.28803E+03 -1.40366E+03  3.65878E+01
   4.50000E+00  3.00000E+00  5.00000E-01  2.17510E-06 -5.56821E-06  1.94369E-17  4.92055E+04 -5.29150E+03 -2.42482E+03 -1.44298E+04  1.42709E+03 -5.62526E+01  4.50000E+00  3.00000E+00  0.00000E+00  2.17406E-06 -5.55198E-06  6.48136E-08  4.92035E+04 -5.29633E+03 -2.42687E+03 -1.43372E+04 -1.43068E+03  5.61646E+01  4.50000E+00  2.50000E+00  0.00000E+00  1.08302E-06 -5.50334E-06  3.24193E-08  7.79729E+04  4.58787E+03  1.73900E+03 -1.42892E+04  1.42571E+03 -8.31838E+01  4.50000E+00  2.50000E+00  5.00000E-01  1.08354E-06 -5.51954E-06  1.98111E-17  7.79711E+04  4.58311E+03  1.73701E+03 -1.41967E+04 -1.43207E+03  8.27470E+01  5.00000E+00  3.00000E+00  5.00000E-01  2.38776E-06 -6.77396E-06  2.37328E-17  4.95850E+04 -4.63094E+03 -1.82053E+03 -4.98575E+03  1.40038E+03 -5.62340E+01  5.00000E+00  3.00000E+00  0.00000E+00  2.38672E-06 -6.75826E-06  6.27250E-08  4.95830E+04 -4.63571E+03 -1.82256E+03 -4.89315E+03 -1.40388E+03  5.61832E+01  5.00000E+00  2.50000E+00  0.00000E+00  1.18935E-06 -6.71120E-06  3.13742E-08  7.84327E+04  5.32871E+03  2.53059E+03 -4.84520E+03  1.39901E+03 -8.31242E+01  5.00000E+00  2.50000E+00  5.00000E-01  1.18987E-06 -6.72688E-06  2.41280E-17  7.84308E+04  5.32400E+03  2.52862E+03 -4.75258E+03 -1.40525E+03  8.28067E+01
   4.50000E+00  3.00000E+00  1.00000E+00  2.17406E-06 -5.55198E-06 -6.48136E-08  4.92035E+04 -5.29633E+03 -2.42687E+03 -1.43372E+04  1.43068E+03 -5.61646E+01  4.50000E+00  3.00000E+00  5.00000E-01  2.17510E-06 -5.56821E-06  1.94369E-17  4.92055E+04 -5.29150E+03 -2.42482E+03 -1.44298E+04 -1.42709E+03  5.62526E+01  4.50000E+00  2.50000E+00  5.00000E-01  1.08354E-06 -5.51954E-06  1.98111E-17  7.79711E+04  4.58311E+03  1.73701E+03 -1.41967E+04  1.43207E+03 -8.27470E+01  4.50000E+00  2.50000E+00  1.00000E+00  1.08302E-06 -5.50334E-06 -3.24193E-08  7.79729E+04  4.58787E+03  1.73900E+03 -1.42892E+04 -1.42571E+03  8.31838E+01  5.00000E+00  3.00000E+00  1.00000E+00  2.38672E-06 -6.75826E-06 -6.27250E-08  4.95830E+04 -4.63571E+03 -1.82256E+03 -4.89315E+03  1.40388E+03 -5.61832E+01  5.00000E+00  3.00000E+00  5.00000E-01  2.38776E-06 -6.77396E-06  2.37328E-17  4.95850E+04 -4.63094E+03 -1.82053E+03 -4.98575E+03 -1.40038E+03  5.62340E+01  5.00000E+00  2.50000E+00  5.00000E-01  1.18987E-06 -6.72688E-06  2.41280E-17  7.84308E+04  5.32400E+03  2.52862E+03 -4.75258E+03  1.40525E+03 -8.28067E+01  5.00000E+00  2.50000E+00  1.00000E+00  1.18935E-06 -6.71120E-06 -3.13742E-08  7.84327E+04  5.32871E+03  2.53059E+03 -4.84520E+03 -1.39901E+03  8.31242E+01
   4.50000E+00  3.50000E+00  5.00000E-01  3.28271E-06 -5.64944E-06  1.89495E-17  9.16181E+04 -5.48187E+03 -2.62448E+03 -1.16877E+04  1.41131E+03 -1.01934E+02  4.50000E+00  3.50000E+00  0.00000E+00  3.28112E-06 -5.63293E-06  9.71700E-08  9.15803E+04 -5.57072E+03 -2.66248E+03 -1.15923E+04 -1.44311E+03  1.03162E+02  4.50000E+00  3.00000E+00  0.00000E+00  2.17406E-06 -5.55198E-06  6.48136E-08  1.20391E+05  4.40255E+03  1.55110E+03 -1.14549E+04  1.38588E+03 -1.26227E+02  4.50000E+00  3.00000E+00  5.00000E-01  2.17510E-06 -5.56821E-06  1.94369E-17  1.20353E+05  4.31379E+03  1.51319E+03 -1.13590E+04 -1.46854E+03  1.32356E+02  5.00000E+00  3.50000E+00  5.00000E-01  3.60169E-06 -6.85256E-06  2.32284E-17  9.22749E+04 -4.35951E+03 -1.55748E+03 -2.24366E+03  1.38485E+03 -1.01838E+02  5.00000E+00  3.50000E+00  0.00000E+00  3.60010E-06 -6.83659E-06  9.40384E-08  9.22379E+04 -4.44652E+03 -1.59469E+03 -2.14823E+03 -1.41609E+03  1.03258E+02  5.00000E+00  3.00000E+00  0.00000E+00  2.38672E-06 -6.75826E-06  6.27250E-08  1.21128E+05  5.60514E+03  2.80530E+03 -2.01088E+03  1.35995E+03 -1.26074E+02  5.00000E+00  3.00000E+00  5.00000E-01  2.38776E-06 -6.77396E-06  2.37328E-17  1.21091E+05  5.51822E+03  2.76818E+03 -1.91493E+03 -1.44099E+03  1.32510E+02
   4.50000E+00  3.50000E+00  1.00000E+00  3.28112E-06 -5.63293E-06 -9.71700E-08  9.15803E+04 -5.57072E+03 -2.66248E+03 -1.15923E+04  1.44311E+03 -1.03162E+02  4.50000E+00  3.50000E+00  5.00000E-01  3.28271E-06 -5.64944E-06  1.89495E-17  9.16181E+04 -5.48187E+03 -2.62448E+03 -1.16877E+04 -1.41131E+03  1.01934E+02  4.50000E+00  3.00000E+00  5.00000E-01  2.17510E-06 -5.56821E-06  1.94369E-17  1.20353E+05  4.31379E+03  1.51319E+03 -1.13590E+04  1.46854E+03 -1.32356E+02  4.50000E+00  3.00000E+00  1.00000E+00  2.17406E-06 -5.55198E-06 -6.48136E-08  1.20391E+05  4.40255E+03  1.55110E+03 -1.14549E+04 -1.38588E+03  1.26227E+02  5.00000E+00  3.50000E+00  1.00000E+00  3.60010E-06 -6.83659E-06 -9.40384E-08  9.22379E+04 -4.44652E+03 -1.59469E+03 -2.14823E+03  1.41609E+03 -1.03258E+02  5.00000E+00  3.50000E+00  5.00000E-01  3.60169E-06 -6.85256E-06  2.32284E-17  9.22749E+04 -4.35951E+03 -1.55748E+03 -2.24366E+03 -1.38485E+03  1.01838E+02  5.00000E+00  3.00000E+00  5.00000E-01  2.38776E-06 -6.77396E-06  2.37328E-17  1.21091E+05  5.51822E+03  2.76818E+03 -1.91493E+03  1.44099E+03 -1.32510E+02  5.00000E+00  3.00000E+00  1.00000E+00  2.38672E-06 -6.75826E-06 -6.27250E-08  1.21128E+05  5.60514E+03  2.80530E+03 -2.01088E+03 -1.35995E+03  1.26074E+02
   4.50000E+00  4.00000E+00  5.00000E-01  4.41423E-06 -5.76282E-06  1.83449E-17  1.34019E+05 -5.62677E+03 -2.91437E+03 -7.54149E+03  1.52886E+03 -1.53398E+02  4.50000E+00  4.00000E+00  0.00000E+00  4.41234E-06 -5.74604E-06  1.30863E-07  1.33983E+05 -5.70981E+03 -2.94981E+03 -7.46760E+03 -1.44342E+03  1.45213E+02  4.50000E+00  3.50000E+00  0.00000E+00  3.28112E-06 -5.63293E-06  9.71700E-08  1.62619E+05  4.08291E+03  8.50742E+02 -7.21710E+03  1.50506E+03 -2.03336E+02  4.50000E+00  3.50000E+00  5.00000E-01  3.28271E-06 -5.64944E-06  1.89495E-17  1.62584E+05  3.99988E+03  8.15321E+02 -7.14271E+03 -1.46722E+03  1.51144E+02  5.00000E+00  4.00000E+00  5.00000E-01  4.83955E-06 -6.96228E-06  2.26128E-17  1.34953E+05 -4.04351E+03 -1.38266E+03  1.90391E+03  1.50005E+03 -1.53219E+02  5.00000E+00  4.00000E+00  0.00000E+00  4.83766E-06 -6.94605E-06  1.26642E-07  1.34919E+05 -4.12476E+03 -1.41733E+03  1.97781E+03 -1.41636E+03  1.45391E+02  5.00000E+00  3.50000E+00  0.00000E+00  3.60010E-06 -6.83659E-06  9.40384E-08  1.63637E+05  5.74997E+03  2.57800E+03  2.22829E+03  1.47675E+03 -2.03147E+02  5.00000E+00  3.50000E+00  5.00000E-01  3.60169E-06 -6.85256E-06  2.32284E-17  1.63603E+05  5.66873E+03  2.54334E+03  2.30270E+03 -1.43966E+03  1.51333E+02
   4.50000E+00  4.00000E+00  1.00000E+00  4.41234E-06 -5.74604E-06 -1.30863E-07  1.33983E+05 -5.70981E+03 -2.94981E+03 -7.46760E+03  1.44342E+03 -1.45213E+02  4.50000E+00  4.00000E+00  5.00000E-01  4.41423E-06 -5.76282E-06  1.83449E-17  1.34019E+05 -5.62677E+03 -2.91437E+03 -7.54149E+03 -1.52886E+03  1.53398E+02  4.50000E+00  3.50000E+00  5.00000E-01  3.28271E-06 -5.64944E-06  1.89495E-17  1.62584E+05  3.99988E+03  8.15321E+02 -7.14271E+03  1.46722E+03 -1.51144E+02  4.50000E+00  3.50000E+00  1.00000E+00  3.28112E-06 -5.63293E-06 -9.71700E-08  1.62619E+05  4.08291E+03  8.50742E+02 -7.21710E+03 -1.50506E+03  2.03336E+02  5.00000E+00  4.00000E+00  1.00000E+00  4.83766E-06 -6.94605E-06 -1.26642E-07  1.34919E+05 -4.12476E+03 -1.41733E+03  1.97781E+03  1.41636E+03 -1.45391E+02  5.00000E+00  4.00000E+00  5.00000E-01  4.83955E-06 -6.96228E-06  2.26128E-17  1.34953E+05 -4.04351E+03 -1.38266E+03  1.90391E+03 -1.50005E+03  1.53219E+02  5.00000E+00  3.50000E+00  5.00000E-01  3.60169E-06 -6.85256E-06  2.32284E-17  1.63603E+05  5.66873E+03  2.54334E+03  2.30270E+03  1.43966E+03 -1.51333E+02  5.00000E+00  3.50000E+00  1.00000E+00  3.60010E-06 -6.83659E-06 -9.40384E-08  1.63637E+05  5.74997E+03  2.57800E+03  2.22829E+03 -1.47675E+03  2.03147E+02
   5.00000E+00  5.00000E-01  5.00000E-01 -3.60169E-06 -6.85256E-06  2.46365E-17 -1.57270E+05 -3.92199E+03 -7.94238E+02 -7.06240E+03  1.45605E+03  2.03232E+02  5.00000E+00  5.00000E-01  0.00000E+00 -3.60010E-06 -6.83659E-06 -9.40384E-08 -1.57236E+05 -3.84179E+03 -7.59904E+02 -6.98803E+03 -1.41948E+03 -1.51373E+02  5.00000E+00  0.00000E+00  0.00000E+00 -4.83766E-06 -6.94605E-06 -1.26642E-07 -1.29610E+05  5.46765E+03  2.84434E+03 -7.38670E+03  1.47898E+03  1.53378E+02  5.00000E+00  0.00000E+00  5.00000E-01 -4.83955E-06 -6.96228E-06  2.44915E-17 -1.29576E+05  5.54783E+03  2.87866E+03 -7.31280E+03 -1.39655E+03 -1.45411E+02  5.50000E+00  5.00000E-01  5.00000E-01 -3.91022E-06 -8.16029E-06  2.94384E-17 -1.58288E+05 -5.58893E+03 -2.52180E+03  2.07288E+03  1.42778E+03  2.03187E+02  5.50000E+00  5.00000E-01  0.00000E+00 -3.90862E-06 -8.14484E-06 -9.09046E-08 -1.58255E+05 -5.51037E+03 -2.48817E+03  2.14725E+03 -1.39193E+03 -1.51418E+02  5.50000E+00  0.00000E+00  0.00000E+00 -5.24903E-06 -8.25065E-06 -1.22420E-07 -1.30544E+05  3.88443E+03  1.31214E+03  1.74859E+03  1.45025E+03  1.53325E+02  5.50000E+00  0.00000E+00  5.00000E-01 -5.25092E-06 -8.26635E-06  2.93420E-17 -1.30511E+05  3.96297E+03  1.34575E+03  1.82248E+03 -1.36947E+03 -1.45463E+02
   5.00000E+00  5.00000E-01  1.00000E+00 -3.60010E-06 -6.83659E-06  9.40384E-08 -1.57236E+05 -3.84179E+03 -7.59904E+02 -6.98803E+03  1.41948E+03  1.51373E+02  5.00000E+00  5.00000E-01  5.00000E-01 -3.60169E-06 -6.85256E-06  2.46365E-17 -1.57270E+05 -3.92199E+03 -7.94238E+02 -7.06240E+03 -1.45605E+03 -2.03232E+02  5.00000E+00  0.00000E+00  5.00000E-01 -4.83955E-06 -6.96228E-06  2.44915E-17 -1.29576E+05  5.54783E+03  2.87866E+03 -7.31280E+03  1.39655E+03  1.45411E+02  5.00000E+00  0.00000E+00  1.00000E+00 -4.83766E-06 -6.94605E-06  1.26642E-07 -1.29610E+05  5.46765E+03  2.84434E+03 -7.38670E+03 -1.47898E+03 -1.53378E+02  5.50000E+00  5.00000E-01  1.00000E+00 -3.90862E-06 -8.14484E-06  9.09046E-08 -1.58255E+05 -5.51037E+03 -2.48817E+03  2.14725E+03  1.39193E+03  1.51418E+02  5.50000E+00  5.00000E-01  5.00000E-01 -3.91022E-06 -8.16029E-06  2.94384E-17 -1.58288E+05 -5.58893E+03 -2.52180E+03  2.07288E+03 -1.42778E+03 -2.03187E+02  5.50000E+00  0.00000E+00  5.00000E-01 -5.25092E-06 -8.26635E-06  2.93420E-17 -1.30511E+05  3.96297E+03  1.34575E+03  1.82248E+03  1.36947E+03  1.45463E+02  5.50000E+00  0.00000E+00  1.00000E+00 -5.24903E-06 -8.25065E-06  1.22420E-07 -1.30544E+05  3.88443E+03  1.31214E+03  1.74859E+03 -1.45025E+03 -1.53325E+02
   5.00000E+00  1.00000E+00  5.00000E-01 -2.38776E-06 -6.77396E-06  2.46707E-17 -1.16433E+05 -4.24172E+03 -1.48022E+03 -1.13019E+04  1.34094E+03  1.26242E+02  5.00000E+00  1.00000E+00  0.00000E+00 -2.38672E-06 -6.75826E-06 -6.27250E-08 -1.16396E+05 -4.15596E+03 -1.44351E+03 -1.12059E+04 -1.42082E+03 -1.32520E+02  5.00000E+00  5.00000E-01  0.00000E+00 -3.60010E-06 -6.83659E-06 -9.40384E-08 -8.86036E+04  5.31792E+03  2.55590E+03 -1.15341E+04  1.36547E+03  1.01960E+02  5.00000E+00  5.00000E-01  5.00000E-01 -3.60169E-06 -6.85256E-06  2.46365E-17 -8.85670E+04  5.40370E+03  2.59263E+03 -1.14386E+04 -1.39629E+03 -1.03263E+02  5.50000E+00  1.00000E+00  5.00000E-01 -2.59344E-06 -8.08430E-06  2.94308E-17 -1.17169E+05 -5.44256E+03 -2.73418E+03 -2.16704E+03  1.31496E+03  1.26190E+02  5.50000E+00  1.00000E+00  0.00000E+00 -2.59240E-06 -8.06913E-06 -6.06351E-08 -1.17134E+05 -5.35855E+03 -2.69822E+03 -2.07103E+03 -1.39326E+03 -1.32572E+02  5.50000E+00  5.00000E-01  0.00000E+00 -3.90862E-06 -8.14484E-06 -9.09046E-08 -8.92597E+04  4.19740E+03  1.48933E+03 -2.39924E+03  1.33899E+03  1.01915E+02  5.50000E+00  5.00000E-01  5.00000E-01 -3.91022E-06 -8.16029E-06  2.94384E-17 -8.92239E+04  4.28142E+03  1.52530E+03 -2.30373E+03 -1.36924E+03 -1.03308E+02
   5.00000E+00  1.00000E+00  1.00000E+00 -2.38672E-06 -6.75826E-06  6.27250E-08 -1.16396E+05 -4.15596E+03 -1.44351E+03 -1.12059E+04  1.42082E+03  1.32520E+02  5.00000E+00  1.00000E+00  5.00000E-01 -2.38776E-06 -6.77396E-06  2.46707E-17 -1.16433E+05 -4.24172E+03 -1.48022E+03 -1.13019E+04 -1.34094E+03 -1.26242E+02  5.00000E+00  5.00000E-01  5.00000E-01 -3.60169E-06 -6.85256E-06  2.46365E-17 -8.85670E+04  5.40370E+03  2.59263E+03 -1.14386E+04  1.39629E+03  1.03263E+02  5.00000E+00  5.00000E-01  1.00000E+00 -3.60010E-06 -6.83659E-06  9.40384E-08 -8.86036E+04  5.31792E+03  2.55590E+03 -1.15341E+04 -1.36547E+03 -1.01960E+02  5.50000E+00  1.00000E+00  1.00000E+00 -2.59240E-06 -8.06913E-06  6.06351E-08 -1.17134E+05 -5.35855E+03 -2.69822E+03 -2.07103E+03  1.39326E+03  1.32572E+02  5.50000E+00  1.00000E+00  5.00000E-01 -2.59344E-06 -8.08430E-06  2.94308E-17 -1.17169E+05 -5.44256E+03 -2.73418E+03 -2.16704E+03 -1.31496E+03 -1.26190E+02  5.50000E+00  5.00000E-01  5.00000E-01 -3.91022E-06 -8.16029E-06  2.94384E-17 -8.92239E+04  4.28142E+03  1.52530E+03 -2.30373E+03  1.36924E+03  1.03308E+02  5.50000E+00  5.00000E-01  1.00000E+00 -3.90862E-06 -8.14484E-06  9.09046E-08 -8.92597E+04  4.19740E+03  1.48933E+03 -2.39924E+03 -1.33899E+03 -1.01915E+02
   5.00000E+00  1.50000E+00  5.00000E-01 -1.18987E-06 -6.72688E-06  2.45959E-17 -7.54094E+04 -4.43014E+03 -1.66993E+03 -1.41352E+04  1.37946E+03  8.32106E+01  5.00000E+00  1.50000E+00  0.00000E+00 -1.18935E-06 -6.71120E-06 -3.13742E-08 -7.54075E+04 -4.42546E+03 -1.66796E+03 -1.40425E+04 -1.38561E+03 -8.28092E+01  5.00000E+00  1.00000E+00  0.00000E+00 -2.38672E-06 -6.75826E-06 -6.27250E-08 -4.75858E+04  5.12416E+03  2.35423E+03 -1.42748E+04  1.38081E+03  5.62686E+01  5.00000E+00  1.00000E+00  5.00000E-01 -2.38776E-06 -6.77396E-06  2.46707E-17 -4.75839E+04  5.12886E+03  2.35622E+03 -1.41821E+04 -1.38426E+03 -5.61844E+01  5.50000E+00  1.50000E+00  5.00000E-01 -1.29271E-06 -8.03880E-06  2.93211E-17 -7.58678E+04 -5.16779E+03 -2.46041E+03 -5.00057E+03  1.35275E+03  8.31745E+01  5.50000E+00  1.50000E+00  0.00000E+00 -1.29219E-06 -8.02364E-06 -3.03289E-08 -7.58659E+04 -5.16324E+03 -2.45849E+03 -4.90787E+03 -1.35876E+03 -8.28453E+01  5.50000E+00  1.00000E+00  0.00000E+00 -2.59240E-06 -8.06913E-06 -6.06351E-08 -4.79639E+04  4.46686E+03  1.75123E+03 -5.14018E+03  1.35406E+03  5.62480E+01  5.50000E+00  1.00000E+00  5.00000E-01 -2.59344E-06 -8.08430E-06  2.94308E-17 -4.79620E+04  4.47144E+03  1.75318E+03 -5.04751E+03 -1.35744E+03 -5.62050E+01
   5.00000E+00  1.50000E+00  1.00000E+00 -1.18935E-06 -6.71120E-06  3.13742E-08 -7.54075E+04 -4.42546E+03 -1.66796E+03 -1.40425E+04  1.38561E+03  8.28092E+01  5.00000E+00  1.50000E+00  5.00000E-01 -1.18987E-06 -6.72688E-06  2.45959E-17 -7.54094E+04 -4.43014E+03 -1.66993E+03 -1.41352E+04 -1.37946E+03 -8.32106E+01  5.00000E+00  1.00000E+00  5.00000E-01 -2.38776E-06 -6.77396E-06  2.46707E-17 -4.75839E+04  5.12886E+03  2.35622E+03 -1.41821E+04  1.38426E+03  5.61844E+01  5.00000E+00  1.00000E+00  1.00000E+00 -2.38672E-06 -6.75826E-06  6.27250E-08 -4.75858E+04  5.12416E+03  2.35423E+03 -1.42748E+04 -1.38081E+03 -5.62686E+01  5.50000E+00  1.50000E+00  1.00000E+00 -1.29219E-06 -8.02364E-06  3.03289E-08 -7.58659E+04 -5.16324E+03 -2.45849E+03 -4.90787E+03  1.35876E+03  8.28453E+01  5.50000E+00  1.50000E+00  5.00000E-01 -1.29271E-06 -8.03880E-06  2.93211E-17 -7.58678E+04 -5.16779E+03 -2.46041E+03 -5.00057E+03 -1.35275E+03 -8.31745E+01  5.50000E+00  1.00000E+00  5.00000E-01 -2.59344E-06 -8.08430E-06  2.94308E-17 -4.79620E+04  4.47144E+03  1.75318E+03 -5.04751E+03  1.35744E+03  5.62050E+01  5.50000E+00  1.00000E+00  1.00000E+00 -2.59240E-06 -8.06913E-06  6.06351E-08 -4.79639E+04  4.46686E+03  1.75123E+03 -5.14018E+03 -1.35406E+03 -5.62480E+01
   5.00000E+00  2.00000E+00  5.00000E-01  1.09585E-20 -6.71119E-06  2.44155E-17 -3.44083E+04 -4.65847E+03 -1.89212E+03 -1.55763E+04  1.38403E+03  3.66001E+01  5.00000E+00  2.00000E+00  0.00000E+00  4.51542E-18 -6.69551E-06  2.44682E-17 -3.44088E+04 -4.65938E+03 -1.89252E+03 -1.54834E+04 -1.38310E+03 -3.66254E+01  5.00000E+00  1.50000E+00  0.00000E+00 -1.18935E-06 -6.71120E-06 -3.13742E-08 -6.58782E+03  4.89277E+03  2.12487E+03 -1.56229E+04  1.38378E+03  9.80697E+00  5.00000E+00  1.50000E+00  5.00000E-01 -1.18987E-06 -6.72688E-06  2.45959E-17 -6.58822E+03  4.89188E+03  2.12448E+03 -1.55300E+04 -1.38335E+03 -9.81374E+00  5.50000E+00  2.00000E+00  5.00000E-01  1.13555E-20 -8.02364E-06  2.91108E-17 -3.45881E+04 -4.93140E+03 -2.21830E+03 -6.44165E+03  1.35722E+03  3.65884E+01  5.50000E+00  2.00000E+00  0.00000E+00  4.85836E-18 -8.00847E-06  2.91599E-17 -3.45885E+04 -4.93228E+03 -2.21869E+03 -6.34879E+03 -1.35631E+03 -3.66371E+01  5.50000E+00  1.50000E+00  0.00000E+00 -1.29219E-06 -8.02364E-06 -3.03289E-08 -6.68715E+03  4.70026E+03  1.98630E+03 -6.48824E+03  1.35697E+03  9.80383E+00  5.50000E+00  1.50000E+00  5.00000E-01 -1.29271E-06 -8.03880E-06  2.93211E-17 -6.68753E+03  4.69938E+03  1.98593E+03 -6.39538E+03 -1.35656E+03 -9.81688E+00
   5.00000E+00  2.00000E+00  1.00000E+00 -4.49460E-18 -6.69551E-06  2.44683E-17 -3.44088E+04 -4.65938E+03 -1.89252E+03 -1.54834E+04  1.38310E+03  3.66254E+01  5.00000E+00  2.00000E+00  5.00000E-01  1.09585E-20 -6.71119E-06  2.44155E-17 -3.44083E+04 -4.65847E+03 -1.89212E+03 -1.55763E+04 -1.38403E+03 -3.66001E+01  5.00000E+00  1.50000E+00  5.00000E-01 -1.18987E-06 -6.72688E-06  2.45959E-17 -6.58822E+03  4.89188E+03  2.12448E+03 -1.55300E+04  1.38335E+03  9.81374E+00  5.00000E+00  1.50000E+00  1.00000E+00 -1.18935E-06 -6.71120E-06  3.13742E-08 -6.58782E+03  4.89277E+03  2.12487E+03 -1.56229E+04 -1.38378E+03 -9.80697E+00  5.50000E+00  2.00000E+00  1.00000E+00 -4.83674E-18 -8.00847E-06  2.91605E-17 -3.45885E+04 -4.93228E+03 -2.21869E+03 -6.34879E+03  1.35631E+03  3.66371E+01  5.50000E+00  2.00000E+00  5.00000E-01  1.13555E-20 -8.02364E-06  2.91108E-17 -3.45881E+04 -4.93140E+03 -2.21830E+03 -6.44165E+03 -1.35722E+03 -3.65884E+01  5.50000E+00  1.50000E+00  5.00000E-01 -1.29271E-06 -8.03880E-06  2.93211E-17 -6.68753E+03  4.69938E+03  1.98593E+03 -6.39538E+03  1.35656E+03  9.81688E+00  5.50000E+00  1.50000E+00  1.00000E+00 -1.29219E-06 -8.02364E-06  3.03289E-08 -6.68715E+03  4.70026E+03  1.98630E+03 -6.48824E+03 -1.35697E+03 -9.80383E+00
   5.00000E+00  2.50000E+00  5.00000E-01  1.18987E-06 -6.72688E-06  2.41280E-17  6.58782E+03 -4.89277E+03 -2.12487E+03 -1.56229E+04  1.38378E+03 -9.80697E+00  5.00000E+00  2.50000E+00  0.00000E+00  1.18935E-06 -6.71120E-06  3.13742E-08  6.58822E+03 -4.89188E+03 -2.12448E+03 -1.55300E+04 -1.38335E+03  9.81374E+00  5.00000E+00  2.00000E+00  0.00000E+00  4.51542E-18 -6.69551E-06  2.44682E-17  3.44083E+04  4.65847E+03  1.89212E+03 -1.55763E+04  1.38403E+03 -3.66001E+01  5.00000E+00  2.00000E+00  5.00000E-01  1.09585E-20 -6.71119E-06  2.44155E-17  3.44088E+04  4.65938E+03  1.89252E+03 -1.54834E+04 -1.38310E+03  3.66254E+01  5.50000E+00  2.50000E+00  5.00000E-01  1.29271E-06 -8.03880E-06  2.87982E-17  6.68715E+03 -4.70026E+03 -1.98630E+03 -6.48824E+03  1.35697E+03 -9.80383E+00  5.50000E+00  2.50000E+00  0.00000E+00  1.29219E-06 -8.02364E-06  3.03289E-08  6.68753E+03 -4.69938E+03 -1.98593E+03 -6.39538E+03 -1.35656E+03  9.81688E+00  5.50000E+00  2.00000E+00  0.00000E+00  4.85836E-18 -8.00847E-06  2.91599E-17  3.45881E+04  4.93140E+03  2.21830E+03 -6.44165E+03  1.35722E+03 -3.65884E+01  5.50000E+00  2.00000E+00  5.00000E-01  1.13555E-20 -8.02364E-06  2.91108E-17  3.45885E+04  4.93228E+03  2.21869E+03 -6.34879E+03 -1.35631E+03  3.66371E+01
   5.00000E+00  2.50000E+00  1.00000E+00  1.18935E-06 -6.71120E-06 -3.13742E-08  6.58822E+03 -4.89188E+03 -2.12448E+03 -1.55300E+04  1.38335E+03 -9.81374E+00  5.00000E+00  2.50000E+00  5.00000E-01  1.18987E-06 -6.72688E-06  2.41280E-17  6.58782E+03 -4.89277E+03 -2.12487E+03 -1.56229E+04 -1.38378E+03  9.80697E+00  5.00000E+00  2.00000E+00  5.00000E-01  1.09585E-20 -6.71119E-06  2.44155E-17  3.44088E+04  4.65938E+03  1.89252E+03 -1.54834E+04  1.38310E+03 -3.66254E+01  5.00000E+00  2.00000E+00  1.00000E+00 -4.49460E-18 -6.69551E-06  2.44683E-17  3.44083E+04  4.65847E+03  1.89212E+03 -1.55763E+04 -1.38403E+03  3.66001E+01  5.50000E+00  2.50000E+00  1.00000E+00  1.29219E-06 -8.02364E-06 -3.03289E-08  6.68753E+03 -4.69938E+03 -1.98593E+03 -6.39538E+03  1.35656E+03 -9.81688E+00  5.50000E+00  2.50000E+00  5.00000E-01  1.29271E-06 -8.03880E-06  2.87982E-17  6.68715E+03 -4.70026E+03 -1.98630E+03 -6.48824E+03 -1.35697E+03  9.80383E+00  5.50000E+00  2.00000E+00  5.00000E-01  1.13555E-20 -8.02364E-06  2.91108E-17  3.45885E+04  4.93228E+03  2.21869E+03 -6.34879E+03  1.35631E+03 -3.66371E+01  5.50000E+00  2.00000E+00  1.00000E+00 -4.83674E-18 -8.00847E-06  2.91605E-17  3.45881E+04  4.93140E+03  2.21830E+03 -6.44165E+03 -1.35722E+03  3.65884E+01
   5.00000E+00  3.00000E+00  5.00000E-01  2.38776E-06 -6.77396E-06  2.37328E-17  4.75858E+04 -5.12416E+03 -2.35423E+03 -1.42748E+04  1.38081E+03 -5.62686E+01  5.00000E+00  3.00000E+00  0.00000E+00  2.38672E-06 -6.75826E-06  6.27250E-08  4.75839E+04 -5.12886E+03 -2.35622E+03 -1.41821E+04 -1.38426E+03  5.61844E+01  5.00000E+00  2.50000E+00  0.00000E+00  1.18935E-06 -6.71120E-06  3.13742E-08  7.54094E+04  4.43014E+03  1.66993E+03 -1.41352E+04  1.37946E+03 -8.32106E+01  5.00000E+00  2.50000E+00  5.00000E-01  1.18987E-06 -6.72688E-06  2.41280E-17  7.54075E+04  4.42546E+03  1.66796E+03 -1.40425E+04 -1.38561E+03  8.28092E+01  5.50000E+00  3.00000E+00  5.00000E-01  2.59344E-06 -8.08430E-06  2.83834E-17  4.79639E+04 -4.46686E+03 -1.75123E+03 -5.14018E+03  1.35406E+03 -5.62480E+01  5.50000E+00  3.00000E+00  0.00000E+00  2.59240E-06 -8.06913E-06  6.06351E-08  4.79620E+04 -4.47144E+03 -1.75318E+03 -5.04751E+03 -1.35744E+03  5.62050E+01  5.50000E+00  2.50000E+00  0.00000E+00  1.29219E-06 -8.02364E-06  3.03289E-08  7.58678E+04  5.16779E+03  2.46041E+03 -5.00057E+03  1.35275E+03 -8.31745E+01  5.50000E+00  2.50000E+00  5.00000E-01  1.29271E-06 -8.03880E-06  2.87982E-17  7.58659E+04  5.16324E+03  2.45849E+03 -4.90787E+03 -1.35876E+03  8.28453E+01
   5.00000E+00  3.00000E+00  1.00000E+00  2.38672E-06 -6.75826E-06 -6.27250E-08  4.75839E+04 -5.12886E+03 -2.35622E+03 -1.41821E+04  1.38426E+03 -5.61844E+01  5.00000E+00  3.00000E+00  5.00000E-01  2.38776E-06 -6.77396E-06  2.37328E-17  4.75858E+04 -5.12416E+03 -2.35423E+03 -1.42748E+04 -1.38081E+03  5.62686E+01  5.00000E+00  2.50000E+00  5.00000E-01  1.18987E-06 -6.72688E-06  2.41280E-17  7.54075E+04  4.42546E+03  1.66796E+03 -1.40425E+04  1.38561E+03 -8.28092E+01  5.00000E+00  2.50000E+00  1.00000E+00  1.18935E-06 -6.71120E-06 -3.13742E-08  7.54094E+04  4.43014E+03  1.66993E+03 -1.41352E+04 -1.37946E+03  8.32106E+01  5.50000E+00  3.00000E+00  1.00000E+00  2.59240E-06 -8.06913E-06 -6.06351E-08  4.79620E+04 -4.47144E+03 -1.75318E+03 -5.04751E+03  1.35744E+03 -5.62050E+01  5.50000E+00  3.00000E+00  5.00000E-01  2.59344E-06 -8.08430E-06  2.83834E-17  4.79639E+04 -4.46686E+03 -1.75123E+03 -5.14018E+03 -1.35406E+03  5.62480E+01  5.50000E+00  2.50000E+00  5.00000E-01  1.29271E-06 -8.03880E-06  2.87982E-17  7.58659E+04  5.16324E+03  2.45849E+03 -4.90787E+03  1.35876E+03 -8.28453E+01  5.50000E+00  2.50000E+00  1.00000E+00  1.29219E-06 -8.02364E-06 -3.03289E-08  7.58678E+04  5.16779E+03  2.46041E+03 -5.00057E+03 -1.35275E+03  8.31745E+01
   5.00000E+00  3.50000E+00  5.00000E-01  3.60169E-06 -6.85256E-06  2.32284E-17  8.86036E+04 -5.31792E+03 -2.55590E+03 -1.15341E+04  1.36547E+03 -1.01960E+02  5.00000E+00  3.50000E+00  0.00000E+00  3.60010E-06 -6.83659E-06  9.40384E-08  8.85670E+04 -5.40370E+03 -2.59263E+03 -1.14386E+04 -1.39629E+03  1.03263E+02  5.00000E+00  3.00000E+00  0.00000E+00  2.38672E-06 -6.75826E-06  6.27250E-08  1.16433E+05  4.24172E+03  1.48022E+03 -1.13019E+04  1.34094E+03 -1.26242E+02  5.00000E+00  3.00000E+00  5.00000E-01  2.38776E-06 -6.77396E-06  2.37328E-17  1.16396E+05  4.15596E+03  1.44351E+03 -1.12059E+04 -1.42082E+03  1.32520E+02  5.50000E+00  3.50000E+00  5.00000E-01  3.91022E-06 -8.16029E-06  2.78634E-17  8.92597E+04 -4.19740E+03 -1.48933E+03 -2.39924E+03  1.33899E+03 -1.01915E+02  5.50000E+00  3.50000E+00  0.00000E+00  3.90862E-06 -8.14484E-06  9.09046E-08  8.92239E+04 -4.28142E+03 -1.52530E+03 -2.30373E+03 -1.36924E+03  1.03308E+02  5.50000E+00  3.00000E+00  0.00000E+00  2.59240E-06 -8.06913E-06  6.06351E-08  1.17169E+05  5.44256E+03  2.73418E+03 -2.16704E+03  1.31496E+03 -1.26190E+02  5.50000E+00  3.00000E+00  5.00000E-01  2.59344E-06 -8.08430E-06  2.83834E-17  1.17134E+05  5.35855E+03  2.69822E+03 -2.07103E+03 -1.39326E+03  1.32572E+02
   5.00000E+00  3.50000E+00  1.00000E+00  3.60010E-06 -6.83659E-06 -9.40384E-08  8.85670E+04 -5.40370E+03 -2.59263E+03 -1.14386E+04  1.39629E+03 -1.03263E+02  5.00000E+00  3.50000E+00  5.00000E-01  3.60169E-06 -6.85256E-06  2.32284E-17  8.86036E+04 -5.31792E+03 -2.55590E+03 -1.15341E+04 -1.36547E+03  1.01960E+02  5.00000E+00  3.00000E+00  5.00000E-01  2.38776E-06 -6.77396E-06  2.37328E-17  1.16396E+05  4.15596E+03  1.44351E+03 -1.12059E+04  1.42082E+03 -1.32520E+02  5.00000E+00  3.00000E+00  1.00000E+00  2.38672E-06 -6.75826E-06 -6.27250E-08  1.16433E+05  4.24172E+03  1.48022E+03 -1.13019E+04 -1.34094E+03  1.26242E+02  5.50000E+00  3.50000E+00  1.00000E+00  3.90862E-06 -8.14484E-06 -9.09046E-08  8.92239E+04 -4.28142E+03 -1.52530E+03 -2.30373E+03  1.36924E+03 -1.03308E+02  5.50000E+00  3.50000E+00  5.00000E-01  3.91022E-06 -8.16029E-06  2.78634E-17  8.92597E+04 -4.19740E+03 -1.48933E+03 -2.39924E+03 -1.33899E+03  1.01915E+02  5.50000E+00  3.00000E+00  5.00000E-01  2.59344E-06 -8.08430E-06  2.83834E-17  1.17134E+05  5.35855E+03  2.69822E+03 -2.07103E+03  1.39326E+03 -1.32572E+02  5.50000E+00  3.00000E+00  1.00000E+00  2.59240E-06 -8.06913E-06 -6.06351E-08  1.17169E+05  5.44256E+03  2.73418E+03 -2.16704E+03 -1.31496E+03  1.26190E+02
   5.00000E+00  4.00000E+00  5.00000E-01  4.83955E-06 -6.96228E-06  2.26128E-17  1.29610E+05 -5.46765E+03 -2.84434E+03 -7.38670E+03  1.47898E+03 -1.53378E+02  5.00000E+00  4.00000E+00  0.00000E+00  4.83766E-06 -6.94605E-06  1.26642E-07  1.29576E+05 -5.54783E+03 -2.87866E+03 -7.31280E+03 -1.39655E+03  1.45411E+02  5.00000E+00  3.50000E+00  0.00000E+00  3.60010E-06 -6.83659E-06  9.40384E-08  1.57270E+05  3.92199E+03  7.94238E+02 -7.06240E+03  1.45605E+03 -2.03232E+02  5.00000E+00  3.50000E+00  5.00000E-01  3.60169E-06 -6.85256E-06  2.32284E-17  1.57236E+05  3.84179E+03  7.59904E+02 -6.98803E+03 -1.41948E+03  1.51373E+02  5.50000E+00  4.00000E+00  5.00000E-01  5.25092E-06 -8.26635E-06  2.72406E-17  1.30544E+05 -3.88443E+03 -1.31214E+03  1.74859E+03  1.45025E+03 -1.53325E+02  5.50000E+00  4.00000E+00  0.00000E+00  5.24903E-06 -8.25065E-06  1.22420E-07  1.30511E+05 -3.96297E+03 -1.34575E+03  1.82248E+03 -1.36947E+03  1.45463E+02  5.50000E+00  3.50000E+00  0.00000E+00  3.90862E-06 -8.14484E-06  9.09046E-08  1.58288E+05  5.58893E+03  2.52180E+03  2.07288E+03  1.42778E+03 -2.03187E+02  5.50000E+00  3.50000E+00  5.00000E-01  3.91022E-06 -8.16029E-06  2.78634E-17  1.58255E+05  5.51037E+03  2.48817E+03  2.14725E+03 -1.39193E+03  1.51418E+02
   5.00000E+00  4.00000E+00  1.00000E+00  4.83766E-06 -6.94605E-06 -1.26642E-07  1.29576E+05 -5.54783E+03 -2.87866E+03 -7.31280E+03  1.39655E+03 -1.45411E+02  5.00000E+00  4.00000E+00  5.00000E-01  4.83955E-06 -6.96228E-06  2.26128E-17  1.29610E+05 -5.46765E+03 -2.84434E+03 -7.38670E+03 -1.47898E+03  1.53378E+02  5.00000E+00  3.50000E+00  5.00000E-01  3.60169E-06 -6.85256E-06  2.32284E-17  1.57236E+05  3.84179E+03  7.59904E+02 -6.98803E+03  1.41948E+03 -1.51373E+02  5.00000E+00  3.50000E+00  1.00000E+00  3.60010E-06 -6.83659E-06 -9.40384E-08  1.57270E+05  3.92199E+03  7.94238E+02 -7.06240E+03 -1.45605E+03  2.03232E+02  5.50000E+00  4.00000E+00  1.00000E+00  5.24903E-06 -8.25065E-06 -1.22420E-07  1.30511E+05 -3.96297E+03 -1.34575E+03  1.82248E+03  1.36947E+03 -1.45463E+02  5.50000E+00  4.00000E+00  5.00000E-01  5.25092E-06 -8.26635E-06  2.72406E-17  1.30544E+05 -3.88443E+03 -1.31214E+03  1.74859E+03 -1.45025E+03  1.53325E+02  5.50000E+00  3.50000E+00  5.00000E-01  3.91022E-06 -8.16029E-06  2.78634E-17  1.58255E+05  5.51037E+03  2.48817E+03  2.14725E+03  1.39193E+03 -1.51418E+02  5.50000E+00  3.50000E+00  1.00000E+00  3.90862E-06 -8.14484E-06 -9.09046E-08  1.58288E+05  5.58893E+03  2.52180E+03  2.07288E+03 -1.42778E+03  2.03187E+02
   5.50000E+00  5.00000E-01  5.00000E-01 -3.91022E-06 -8.16029E-06  2.94384E-17 -1.51921E+05 -3.76074E+03 -7.38009E+02 -6.90726E+03  1.40710E+03  2.03164E+02  5.50000E+00  5.00000E-01  0.00000E+00 -3.90862E-06 -8.14484E-06 -9.09046E-08 -1.51888E+05 -3.68331E+03 -7.04826E+02 -6.83294E+03 -1.37177E+03 -1.51437E+02  5.50000E+00  0.00000E+00  0.00000E+00 -5.24903E-06 -8.25065E-06 -1.22420E-07 -1.25201E+05  5.30893E+03  2.77393E+03 -7.23153E+03  1.42923E+03  1.53361E+02  5.50000E+00  0.00000E+00  5.00000E-01 -5.25092E-06 -8.26635E-06  2.93420E-17 -1.25167E+05  5.38636E+03  2.80710E+03 -7.15766E+03 -1.34964E+03 -1.45471E+02  6.00000E+00  5.00000E-01  5.00000E-01 -4.20828E-06 -9.56911E-06  3.45697E-17 -1.52939E+05 -5.42756E+03 -2.46550E+03  1.91806E+03  1.37886E+03  2.03161E+02  6.00000E+00  5.00000E-01  0.00000E+00 -4.20669E-06 -9.55420E-06 -8.77700E-08 -1.52907E+05 -5.35170E+03 -2.43300E+03  1.99237E+03 -1.34424E+03 -1.51440E+02  6.00000E+00  0.00000E+00  0.00000E+00 -5.64646E-06 -9.65636E-06 -1.18198E-07 -1.26135E+05  3.72577E+03  1.24162E+03  1.59380E+03  1.40054E+03  1.53351E+02  6.00000E+00  0.00000E+00  5.00000E-01 -5.64835E-06 -9.67151E-06  3.45224E-17 -1.26103E+05  3.80162E+03  1.27412E+03  1.66766E+03 -1.32257E+03 -1.45481E+02
   5.50000E+00  5.00000E-01  1.00000E+00 -3.90862E-06 -8.14484E-06  9.09046E-08 -1.51888E+05 -3.68331E+03 -7.04826E+02 -6.83294E+03  1.37177E+03  1.51437E+02  5.50000E+00  5.00000E-01  5.00000E-01 -3.91022E-06 -8.16029E-06  2.94384E-17 -1.51921E+05 -3.76074E+03 -7.38009E+02 -6.90726E+03 -1.40710E+03 -2.03164E+02  5.50000E+00  0.00000E+00  5.00000E-01 -5.25092E-06 -8.26635E-06  2.93420E-17 -1.25167E+05  5.38636E+03  2.80710E+03 -7.15766E+03  1.34964E+03  1.45471E+02  5.50000E+00  0.00000E+00  1.00000E+00 -5.24903E-06 -8.25065E-06  1.22420E-07 -1.25201E+05  5.30893E+03  2.77393E+03 -7.23153E+03 -1.42923E+03 -1.53361E+02  6.00000E+00  5.00000E-01  1.00000E+00 -4.20669E-06 -9.55420E-06  8.77700E-08 -1.52907E+05 -5.35170E+03 -2.43300E+03  1.99237E+03  1.34424E+03  1.51440E+02  6.00000E+00  5.00000E-01  5.00000E-01 -4.20828E-06 -9.56911E-06  3.45697E-17 -1.52939E+05 -5.42756E+03 -2.46550E+03  1.91806E+03 -1.37886E+03 -2.03161E+02  6.00000E+00  0.00000E+00  5.00000E-01 -5.64835E-06 -9.67151E-06  3.45224E-17 -1.26103E+05  3.80162E+03  1.27412E+03  1.66766E+03  1.32257E+03  1.45481E+02  6.00000E+00  0.00000E+00  1.00000E+00 -5.64646E-06 -9.65636E-06  1.18198E-07 -1.26135E+05  3.72577E+03  1.24162E+03  1.59380E+03 -1.40054E+03 -1.53351E+02
   5.50000E+00  1.00000E+00  5.00000E-01 -2.59344E-06 -8.08430E-06  2.94308E-17 -1.12474E+05 -4.07819E+03 -1.40886E+03 -1.11473E+04  1.29594E+03  1.26246E+02  5.50000E+00  1.00000E+00  0.00000E+00 -2.59240E-06 -8.06913E-06 -6.06351E-08 -1.12439E+05 -3.99539E+03 -1.37338E+03 -1.10513E+04 -1.37309E+03 -1.32575E+02  5.50000E+00  5.00000E-01  0.00000E+00 -3.90862E-06 -8.14484E-06 -9.09046E-08 -8.55894E+04  5.15610E+03  2.48738E+03 -1.13793E+04  1.31960E+03  1.01971E+02  5.50000E+00  5.00000E-01  5.00000E-01 -3.91022E-06 -8.16029E-06  2.94384E-17 -8.55540E+04  5.23889E+03  2.52285E+03 -1.12838E+04 -1.34943E+03 -1.03310E+02  6.00000E+00  1.00000E+00  5.00000E-01 -2.79215E-06 -9.49575E-06  3.45234E-17 -1.13210E+05 -5.27862E+03 -2.66281E+03 -2.32207E+03  1.26995E+03  1.26232E+02  6.00000E+00  1.00000E+00  0.00000E+00 -2.79111E-06 -9.48110E-06 -5.85446E-08 -1.13176E+05 -5.19752E+03 -2.62807E+03 -2.22606E+03 -1.34554E+03 -1.32589E+02  6.00000E+00  5.00000E-01  0.00000E+00 -4.20669E-06 -9.55420E-06 -8.77700E-08 -8.62454E+04  4.03598E+03  1.42081E+03 -2.55412E+03  1.29313E+03  1.01954E+02  6.00000E+00  5.00000E-01  5.00000E-01 -4.20828E-06 -9.56911E-06  3.45697E-17 -8.62107E+04  4.11708E+03  1.45555E+03 -2.45860E+03 -1.32236E+03 -1.03327E+02
   5.50000E+00  1.00000E+00  1.00000E+00 -2.59240E-06 -8.06913E-06  6.06351E-08 -1.12439E+05 -3.99539E+03 -1.37338E+03 -1.10513E+04  1.37309E+03  1.32575E+02  5.50000E+00  1.00000E+00  5.00000E-01 -2.59344E-06 -8.08430E-06  2.94308E-17 -1.12474E+05 -4.07819E+03 -1.40886E+03 -1.11473E+04 -1.29594E+03 -1.26246E+02  5.50000E+00  5.00000E-01  5.00000E-01 -3.91022E-06 -8.16029E-06  2.94384E-17 -8.55540E+04  5.23889E+03  2.52285E+03 -1.12838E+04  1.34943E+03  1.03310E+02  5.50000E+00  5.00000E-01  1.00000E+00 -3.90862E-06 -8.14484E-06  9.09046E-08 -8.55894E+04  5.15610E+03  2.48738E+03 -1.13793E+04 -1.31960E+03 -1.01971E+02  6.00000E+00  1.00000E+00  1.00000E+00 -2.79111E-06 -9.48110E-06  5.85446E-08 -1.13176E+05 -5.19752E+03 -2.62807E+03 -2.22606E+03  1.34554E+03  1.32589E+02  6.00000E+00  1.00000E+00  5.00000E-01 -2.79215E-06 -9.49575E-06  3.45234E-17 -1.13210E+05 -5.27862E+03 -2.66281E+03 -2.32207E+03 -1.26995E+03 -1.26232E+02  6.00000E+00  5.00000E-01  5.00000E-01 -4.20828E-06 -9.56911E-06  3.45697E-17 -8.62107E+04  4.11708E+03  1.45555E+03 -2.45860E+03  1.32236E+03  1.03327E+02  6.00000E+00  5.00000E-01  1.00000E+00 -4.20669E-06 -9.55420E-06  8.77700E-08 -8.62454E+04  4.03598E+03  1.42081E+03 -2.55412E+03 -1.29313E+03 -1.01954E+02
   5.50000E+00  1.50000E+00  5.00000E-01 -1.29271E-06 -8.03880E-06  2.93211E-17 -7.28459E+04 -4.26863E+03 -1.60014E+03 -1.39807E+04  1.33318E+03  8.32232E+01  5.50000E+00  1.50000E+00  0.00000E+00 -1.29219E-06 -8.02364E-06 -3.03289E-08 -7.28440E+04 -4.26413E+03 -1.59823E+03 -1.38880E+04 -1.33910E+03 -8.28464E+01  5.50000E+00  1.00000E+00  0.00000E+00 -2.59240E-06 -8.06913E-06 -6.06351E-08 -4.59667E+04  4.96051E+03  2.28443E+03 -1.41200E+04  1.33448E+03  5.62782E+01  5.50000E+00  1.00000E+00  5.00000E-01 -2.59344E-06 -8.08430E-06  2.94308E-17 -4.59648E+04  4.96502E+03  2.28635E+03 -1.40273E+04 -1.33781E+03 -5.62056E+01  6.00000E+00  1.50000E+00  5.00000E-01 -1.39207E-06 -9.45181E-06  3.43800E-17 -7.33041E+04 -5.00546E+03 -2.39041E+03 -5.15565E+03  1.30645E+03  8.32065E+01  6.00000E+00  1.50000E+00  0.00000E+00 -1.39154E-06 -9.43717E-06 -2.92833E-08 -7.33022E+04 -5.00108E+03 -2.38855E+03 -5.06292E+03 -1.31224E+03 -8.28631E+01  6.00000E+00  1.00000E+00  0.00000E+00 -2.79111E-06 -9.48110E-06 -5.85446E-08 -4.63445E+04  4.30405E+03  1.68171E+03 -5.29500E+03  1.30771E+03  5.62664E+01  6.00000E+00  1.00000E+00  5.00000E-01 -2.79215E-06 -9.49575E-06  3.45234E-17 -4.63426E+04  4.30845E+03  1.68358E+03 -5.20230E+03 -1.31098E+03 -5.62174E+01
   5.50000E+00  1.50000E+00  1.00000E+00 -1.29219E-06 -8.02364E-06  3.03289E-08 -7.28440E+04 -4.26413E+03 -1.59823E+03 -1.38880E+04  1.33910E+03  8.28464E+01  5.50000E+00  1.50000E+00  5.00000E-01 -1.29271E-06 -8.03880E-06  2.93211E-17 -7.28459E+04 -4.26863E+03 -1.60014E+03 -1.39807E+04 -1.33318E+03 -8.32232E+01  5.50000E+00  1.00000E+00  5.00000E-01 -2.59344E-06 -8.08430E-06  2.94308E-17 -4.59648E+04  4.96502E+03  2.28635E+03 -1.40273E+04  1.33781E+03  5.62056E+01  5.50000E+00  1.00000E+00  1.00000E+00 -2.59240E-06 -8.06913E-06  6.06351E-08 -4.59667E+04  4.96051E+03  2.28443E+03 -1.41200E+04 -1.33448E+03 -5.62782E+01  6.00000E+00  1.50000E+00  1.00000E+00 -1.39154E-06 -9.43717E-06  2.92833E-08 -7.33022E+04 -5.00108E+03 -2.38855E+03 -5.06292E+03  1.31224E+03  8.28631E+01  6.00000E+00  1.50000E+00  5.00000E-01 -1.39207E-06 -9.45181E-06  3.43800E-17 -7.33041E+04 -5.00546E+03 -2.39041E+03 -5.15565E+03 -1.30645E+03 -8.32065E+01  6.00000E+00  1.00000E+00  5.00000E-01 -2.79215E-06 -9.49575E-06  3.45234E-17 -4.63426E+04  4.30845E+03  1.68358E+03 -5.20230E+03  1.31098E+03  5.62174E+01  6.00000E+00  1.00000E+00  1.00000E+00 -2.79111E-06 -9.48110E-06  5.85446E-08 -4.63445E+04  4.30405E+03  1.68171E+03 -5.29500E+03 -1.30771E+03 -5.62664E+01
   5.50000E+00  2.00000E+00  5.00000E-01  1.13555E-20 -8.02364E-06  2.91108E-17 -3.32390E+04 -4.49649E+03 -1.82249E+03 -1.54214E+04  1.33759E+03  3.66068E+01  5.50000E+00  2.00000E+00  0.00000E+00  4.85836E-18 -8.00847E-06  2.91599E-17 -3.32394E+04 -4.49736E+03 -1.82287E+03 -1.53285E+04 -1.33669E+03 -3.66374E+01  5.50000E+00  1.50000E+00  0.00000E+00 -1.29219E-06 -8.02364E-06 -3.03289E-08 -6.36306E+03  4.72952E+03  2.05496E+03 -1.54678E+04  1.33734E+03  9.80877E+00  5.50000E+00  1.50000E+00  5.00000E-01 -1.29271E-06 -8.03880E-06  2.93211E-17 -6.36344E+03  4.72866E+03  2.05459E+03 -1.53750E+04 -1.33694E+03 -9.81696E+00  6.00000E+00  2.00000E+00  5.00000E-01  1.10908E-20 -9.43717E-06  3.41397E-17 -3.34185E+04 -4.76897E+03 -2.14854E+03 -6.59643E+03  1.31077E+03  3.65990E+01  6.00000E+00  2.00000E+00  0.00000E+00  5.18086E-18 -9.42253E-06  3.41852E-17 -3.34189E+04 -4.76983E+03 -2.14891E+03 -6.50355E+03 -1.30989E+03 -3.66453E+01  6.00000E+00  1.50000E+00  0.00000E+00 -1.39154E-06 -9.43717E-06 -2.92833E-08 -6.46219E+03  4.53747E+03  1.91658E+03 -6.64289E+03  1.31053E+03  9.80666E+00  6.00000E+00  1.50000E+00  5.00000E-01 -1.39207E-06 -9.45181E-06  3.43800E-17 -6.46257E+03  4.53662E+03  1.91621E+03 -6.55001E+03 -1.31013E+03 -9.81907E+00
   5.50000E+00  2.00000E+00  1.00000E+00 -4.83674E-18 -8.00847E-06  2.91605E-17 -3.32394E+04 -4.49736E+03 -1.82287E+03 -1.53285E+04  1.33669E+03  3.66374E+01  5.50000E+00  2.00000E+00  5.00000E-01  1.13555E-20 -8.02364E-06  2.91108E-17 -3.32390E+04 -4.49649E+03 -1.82249E+03 -1.54214E+04 -1.33759E+03 -3.66068E+01  5.50000E+00  1.50000E+00  5.00000E-01 -1.29271E-06 -8.03880E-06  2.93211E-17 -6.36344E+03  4.72866E+03  2.05459E+03 -1.53750E+04  1.33694E+03  9.81696E+00  5.50000E+00  1.50000E+00  1.00000E+00 -1.29219E-06 -8.02364E-06  3.03289E-08 -6.36306E+03  4.72952E+03  2.05496E+03 -1.54678E+04 -1.33734E+03 -9.80877E+00  6.00000E+00  2.00000E+00  1.00000E+00 -5.15872E-18 -9.42253E-06  3.41879E-17 -3.34189E+04 -4.76983E+03 -2.14891E+03 -6.50355E+03  1.30989E+03  3.66453E+01  6.00000E+00  2.00000E+00  5.00000E-01  1.10908E-20 -9.43717E-06  3.41397E-17 -3.34185E+04 -4.76897E+03 -2.14854E+03 -6.59643E+03 -1.31077E+03 -3.65990E+01  6.00000E+00  1.50000E+00  5.00000E-01 -1.39207E-06 -9.45181E-06  3.43800E-17 -6.46257E+03  4.53662E+03  1.91621E+03 -6.55001E+03  1.31013E+03  9.81907E+00  6.00000E+00  1.50000E+00  1.00000E+00 -1.39154E-06 -9.43717E-06  2.92833E-08 -6.46219E+03  4.53747E+03  1.91658E+03 -6.64289E+03 -1.31053E+03 -9.80666E+00
   5.50000E+00  2.50000E+00  5.00000E-01  1.29271E-06 -8.03880E-06  2.87982E-17  6.36306E+03 -4.72952E+03 -2.05496E+03 -1.54678E+04  1.33734E+03 -9.80877E+00  5.50000E+00  2.50000E+00  0.00000E+00  1.29219E-06 -8.02364E-06  3.03289E-08  6.36344E+03 -4.72866E+03 -2.05459E+03 -1.53750E+04 -1.33694E+03  9.81696E+00  5.50000E+00  2.00000E+00  0.00000E+00  4.85836E-18 -8.00847E-06  2.91599E-17  3.32390E+04  4.49649E+03  1.82249E+03 -1.54214E+04  1.33759E+03 -3.66068E+01  5.50000E+00  2.00000E+00  5.00000E-01  1.13555E-20 -8.02364E-06  2.91108E-17  3.32394E+04  4.49736E+03  1.82287E+03 -1.53285E+04 -1.33669E+03  3.66374E+01  6.00000E+00  2.50000E+00  5.00000E-01  1.39207E-06 -9.45181E-06  3.38021E-17  6.46219E+03 -4.53747E+03 -1.91658E+03 -6.64289E+03  1.31053E+03 -9.80666E+00  6.00000E+00  2.50000E+00  0.00000E+00  1.39154E-06 -9.43717E-06  2.92833E-08  6.46257E+03 -4.53662E+03 -1.91621E+03 -6.55001E+03 -1.31013E+03  9.81907E+00  6.00000E+00  2.00000E+00  0.00000E+00  5.18086E-18 -9.42253E-06  3.41852E-17  3.34185E+04  4.76897E+03  2.14854E+03 -6.59643E+03  1.31077E+03 -3.65990E+01  6.00000E+00  2.00000E+00  5.00000E-01  1.10908E-20 -9.43717E-06  3.41397E-17  3.34189E+04  4.76983E+03  2.14891E+03 -6.50355E+03 -1.30989E+03  3.66453E+01
   5.50000E+00  2.50000E+00  1.00000E+00  1.29219E-06 -8.02364E-06 -3.03289E-08  6.36344E+03 -4.72866E+03 -2.05459E+03 -1.53750E+04  1.33694E+03 -9.81696E+00  5.50000E+00  2.50000E+00  5.00000E-01  1.29271E-06 -8.03880E-06  2.87982E-17  6.36306E+03 -4.72952E+03 -2.05496E+03 -1.54678E+04 -1.33734E+03  9.80877E+00  5.50000E+00  2.00000E+00  5.00000E-01  1.13555E-20 -8.02364E-06  2.91108E-17  3.32394E+04  4.49736E+03  1.82287E+03 -1.53285E+04  1.33669E+03 -3.66374E+01  5.50000E+00  2.00000E+00  1.00000E+00 -4.83674E-18 -8.00847E-06  2.91605E-17  3.32390E+04  4.49649E+03  1.82249E+03 -1.54214E+04 -1.33759E+03  3.66068E+01  6.00000E+00  2.50000E+00  1.00000E+00  1.39154E-06 -9.43717E-06 -2.92833E-08  6.46257E+03 -4.53662E+03 -1.91621E+03 -6.55001E+03  1.31013E+03 -9.81907E+00  6.00000E+00  2.50000E+00  5.00000E-01  1.39207E-06 -9.45181E-06  3.38021E-17  6.46219E+03 -4.53747E+03 -1.91658E+03 -6.64289E+03 -1.31053E+03  9.80666E+00  6.00000E+00  2.00000E+00  5.00000E-01  1.10908E-20 -9.43717E-06  3.41397E-17  3.34189E+04  4.76983E+03  2.14891E+03 -6.50355E+03  1.30989E+03 -3.66453E+01  6.00000E+00  2.00000E+00  1.00000E+00 -5.15872E-18 -9.42253E-06  3.41879E-17  3.34185E+04  4.76897E+03  2.14854E+03 -6.59643E+03 -1.31077E+03  3.65990E+01
   5.50000E+00  3.00000E+00  5.00000E-01  2.59344E-06 -8.08430E-06  2.83834E-17  4.59667E+04 -4.96051E+03 -2.28443E+03 -1.41200E+04  1.33448E+03 -5.62782E+01  5.50000E+00  3.00000E+00  0.00000E+00  2.59240E-06 -8.06913E-06  6.06351E-08  4.59648E+04 -4.96502E+03 -2.28635E+03 -1.40273E+04 -1.33781E+03  5.62056E+01  5.50000E+00  2.50000E+00  0.00000E+00  1.29219E-06 -8.02364E-06  3.03289E-08  7.28459E+04  4.26863E+03  1.60014E+03 -1.39807E+04  1.33318E+03 -8.32232E+01  5.50000E+00  2.50000E+00  5.00000E-01  1.29271E-06 -8.03880E-06  2.87982E-17  7.28440E+04  4.26413E+03  1.59823E+03 -1.38880E+04 -1.33910E+03  8.28464E+01  6.00000E+00  3.00000E+00  5.00000E-01  2.79215E-06 -9.49575E-06  3.33678E-17  4.63445E+04 -4.30405E+03 -1.68171E+03 -5.29500E+03  1.30771E+03 -5.62664E+01  6.00000E+00  3.00000E+00  0.00000E+00  2.79111E-06 -9.48110E-06  5.85446E-08  4.63426E+04 -4.30845E+03 -1.68358E+03 -5.20230E+03 -1.31098E+03  5.62174E+01  6.00000E+00  2.50000E+00  0.00000E+00  1.39154E-06 -9.43717E-06  2.92833E-08  7.33041E+04  5.00546E+03  2.39041E+03 -5.15565E+03  1.30645E+03 -8.32065E+01  6.00000E+00  2.50000E+00  5.00000E-01  1.39207E-06 -9.45181E-06  3.38021E-17  7.33022E+04  5.00108E+03  2.38855E+03 -5.06292E+03 -1.31224E+03  8.28631E+01
   5.50000E+00  3.00000E+00  1.00000E+00  2.59240E-06 -8.06913E-06 -6.06351E-08  4.59648E+04 -4.96502E+03 -2.28635E+03 -1.40273E+04  1.33781E+03 -5.62056E+01  5.50000E+00  3.00000E+00  5.00000E-01  2.59344E-06 -8.08430E-06  2.83834E-17  4.59667E+04 -4.96051E+03 -2.28443E+03 -1.41200E+04 -1.33448E+03  5.62782E+01  5.50000E+00  2.50000E+00  5.00000E-01  1.29271E-06 -8.03880E-06  2.87982E-17  7.28440E+04  4.26413E+03  1.59823E+03 -1.38880E+04  1.33910E+03 -8.28464E+01  5.50000E+00  2.50000E+00  1.00000E+00  1.29219E-06 -8.02364E-06 -3.03289E-08  7.28459E+04  4.26863E+03  1.60014E+03 -1.39807E+04 -1.33318E+03  8.32232E+01  6.00000E+00  3.00000E+00  1.00000E+00  2.79111E-06 -9.48110E-06 -5.85446E-08  4.63426E+04 -4.30845E+03 -1.68358E+03 -5.20230E+03  1.31098E+03 -5.62174E+01  6.00000E+00  3.00000E+00  5.00000E-01  2.79215E-06 -9.49575E-06  3.33678E-17  4.63445E+04 -4.30405E+03 -1.68171E+03 -5.29500E+03 -1.30771E+03  5.62664E+01  6.00000E+00  2.50000E+00  5.00000E-01  1.39207E-06 -9.45181E-06  3.38021E-17  7.33022E+04  5.00108E+03  2.38855E+03 -5.06292E+03  1.31224E+03 -8.28631E+01  6.00000E+00  2.50000E+00  1.00000E+00  1.39154E-06 -9.43717E-06 -2.92833E-08  7.33041E+04  5.00546E+03  2.39041E+03 -5.15565E+03 -1.30645E+03  8.32065E+01
   5.50000E+00  3.50000E+00  5.00000E-01  3.91022E-06 -8.16029E-06  2.78634E-17  8.55894E+04 -5.15610E+03 -2.48738E+03 -1.13793E+04  1.31960E+03 -1.01971E+02  5.50000E+00  3.50000E+00  0.00000E+00  3.90862E-06 -8.14484E-06  9.09046E-08  8.55540E+04 -5.23889E+03 -2.52285E+03 -1.12838E+04 -1.34943E+03  1.03310E+02  5.50000E+00  3.00000E+00  0.00000E+00  2.59240E-06 -8.06913E-06  6.06351E-08  1.12474E+05  4.07819E+03  1.40886E+03 -1.11473E+04  1.29594E+03 -1.26246E+02  5.50000E+00  3.00000E+00  5.00000E-01  2.59344E-06 -8.08430E-06  2.83834E-17  1.12439E+05  3.99539E+03  1.37338E+03 -1.10513E+04 -1.37309E+03  1.32575E+02  6.00000E+00  3.50000E+00  5.00000E-01  4.20828E-06 -9.56911E-06  3.28360E-17  8.62454E+04 -4.03598E+03 -1.42081E+03 -2.55412E+03  1.29313E+03 -1.01954E+02  6.00000E+00  3.50000E+00  0.00000E+00  4.20669E-06 -9.55420E-06  8.77700E-08  8.62107E+04 -4.11708E+03 -1.45555E+03 -2.45860E+03 -1.32236E+03  1.03327E+02  6.00000E+00  3.00000E+00  0.00000E+00  2.79111E-06 -9.48110E-06  5.85446E-08  1.13210E+05  5.27862E+03  2.66281E+03 -2.32207E+03  1.26995E+03 -1.26232E+02  6.00000E+00  3.00000E+00  5.00000E-01  2.79215E-06 -9.49575E-06  3.33678E-17  1.13176E+05  5.19752E+03  2.62807E+03 -2.22606E+03 -1.34554E+03  1.32589E+02
   5.50000E+00  3.50000E+00  1.00000E+00  3.90862E-06 -8.14484E-06 -9.09046E-08  8.55540E+04 -5.23889E+03 -2.52285E+03 -1.12838E+04  1.34943E+03 -1.03310E+02  5.50000E+00  3.50000E+00  5.00000E-01  3.91022E-06 -8.16029E-06  2.78634E-17  8.55894E+04 -5.15610E+03 -2.48738E+03 -1.13793E+04 -1.31960E+03  1.01971E+02  5.50000E+00  3.00000E+00  5.00000E-01  2.59344E-06 -8.08430E-06  2.83834E-17  1.12439E+05  3.99539E+03  1.37338E+03 -1.10513E+04  1.37309E+03 -1.32575E+02  5.50000E+00  3.00000E+00  1.00000E+00  2.59240E-06 -8.06913E-06 -6.06351E-08  1.12474E+05  4.07819E+03  1.40886E+03 -1.11473E+04 -1.29594E+03  1.26246E+02  6.00000E+00  3.50000E+00  1.00000E+00  4.20669E-06 -9.55420E-06 -8.77700E-08  8.62107E+04 -4.11708E+03 -1.45555E+03 -2.45860E+03  1.32236E+03 -1.03327E+02  6.00000E+00  3.50000E+00  5.00000E-01  4.20828E-06 -9.56911E-06  3.28360E-17  8.62454E+04 -4.03598E+03 -1.42081E+03 -2.55412E+03 -1.29313E+03  1.01954E+02  6.00000E+00  3.00000E+00  5.00000E-01  2.79215E-06 -9.49575E-06  3.33678E-17  1.13176E+05  5.19752E+03  2.62807E+03 -2.22606E+03  1.34554E+03 -1.32589E+02  6.00000E+00  3.00000E+00  1.00000E+00  2.79111E-06 -9.48110E-06 -5.85446E-08  1.13210E+05  5.27862E+03  2.66281E+03 -2.32207E+03 -1.26995E+03  1.26232E+02
   5.50000E+00  4.00000E+00  5.00000E-01  5.25092E-06 -8.26635E-06  2.72406E-17  1.25201E+05 -5.30893E+03 -2.77393E+03 -7.23153E+03  1.42923E+03 -1.53361E+02  5.50000E+00  4.00000E+00  0.00000E+00  5.24903E-06 -8.25065E-06  1.22420E-07  1.25167E+05 -5.38636E+03 -2.80710E+03 -7.15766E+03 -1.34964E+03  1.45471E+02  5.50000E+00  3.50000E+00  0.00000E+00  3.90862E-06 -8.14484E-06  9.09046E-08  1.51921E+05  3.76074E+03  7.38009E+02 -6.90726E+03  1.40710E+03 -2.03164E+02  5.50000E+00  3.50000E+00  5.00000E-01  3.91022E-06 -8.16029E-06  2.78634E-17  1.51888E+05  3.68331E+03  7.04826E+02 -6.83294E+03 -1.37177E+03  1.51437E+02  6.00000E+00  4.00000E+00  5.00000E-01  5.64835E-06 -9.67151E-06  3.22043E-17  1.26135E+05 -3.72577E+03 -1.24162E+03  1.59380E+03  1.40054E+03 -1.53351E+02  6.00000E+00  4.00000E+00  0.00000E+00  5.64646E-06 -9.65636E-06  1.18198E-07  1.26103E+05 -3.80162E+03 -1.27412E+03  1.66766E+03 -1.32257E+03  1.45481E+02  6.00000E+00  3.50000E+00  0.00000E+00  4.20669E-06 -9.55420E-06  8.77700E-08  1.52939E+05  5.42756E+03  2.46550E+03  1.91806E+03  1.37886E+03 -2.03161E+02  6.00000E+00  3.50000E+00  5.00000E-01  4.20828E-06 -9.56911E-06  3.28360E-17  1.52907E+05  5.35170E+03  2.43300E+03  1.99237E+03 -1.34424E+03  1.51440E+02
   5.50000E+00  4.00000E+00  1.00000E+00  5.24903E-06 -8.25065E-06 -1.22420E-07  1.25167E+05 -5.38636E+03 -2.80710E+03 -7.15766E+03  1.34964E+03 -1.45471E+02  5.50000E+00  4.00000E+00  5.00000E-01  5.25092E-06 -8.26635E-06  2.72406E-17  1.25201E+05 -5.30893E+03 -2.77393E+03 -7.23153E+03 -1.42923E+03  1.53361E+02  5.50000E+00  3.50000E+00  5.00000E-01  3.91022E-06 -8.16029E-06  2.78634E-17  1.51888E+05  3.68331E+03  7.04826E+02 -6.83294E+03  1.37177E+03 -1.51437E+02  5.50000E+00  3.50000E+00  1.00000E+00  3.90862E-06 -8.14484E-06 -9.09046E-08  1.51921E+05  3.76074E+03  7.38009E+02 -6.90726E+03 -1.40710E+03  2.03164E+02  6.00000E+00  4.00000E+00  1.00000E+00  5.64646E-06 -9.65636E-06 -1.18198E-07  1.26103E+05 -3.80162E+03 -1.27412E+03  1.66766E+03  1.32257E+03 -1.45481E+02  6.00000E+00  4.00000E+00  5.00000E-01  5.64835E-06 -9.67151E-06  3.22043E-17  1.26135E+05 -3.72577E+03 -1.24162E+03  1.59380E+03 -1.40054E+03  1.53351E+02  6.00000E+00  3.50000E+00  5.00000E-01  4.20828E-06 -9.56911E-06  3.28360E-17  1.52907E+05  5.35170E+03  2.43300E+03  1.99237E+03  1.34424E+03 -1.51440E+02  6.00000E+00  3.50000E+00  1.00000E+00  4.20669E-06 -9.55420E-06 -8.77700E-08  1.52939E+05  5.42756E+03  2.46550E+03  1.91806E+03 -1.37886E+03  2.03161E+02
   6.00000E+00  5.00000E-01  5.00000E-01 -4.20828E-06 -9.56911E-06  3.45697E-17 -1.46572E+05 -3.59948E+03 -6.81835E+02 -6.75220E+03  1.35820E+03  2.03132E+02  6.00000E+00  5.00000E-01  0.00000E+00 -4.20669E-06 -9.55420E-06 -8.77700E-08 -1.46540E+05 -3.52476E+03 -6.49811E+02 -6.67791E+03 -1.32409E+03 -1.51448E+02  6.00000E+00  0.00000E+00  0.00000E+00 -5.64646E-06 -9.65636E-06 -1.18198E-07 -1.20791E+05  5.15037E+03  2.70344E+03 -7.07645E+03  1.37954E+03  1.53352E+02  6.00000E+00  0.00000E+00  5.00000E-01 -5.64835E-06 -9.67151E-06  3.45224E-17 -1.20759E+05  5.22508E+03  2.73546E+03 -7.00260E+03 -1.30274E+03 -1.45483E+02  6.50000E+00  5.00000E-01  5.00000E-01 -4.49589E-06 -1.10755E-05  4.00125E-17 -1.47590E+05 -5.26622E+03 -2.40924E+03  1.76332E+03  1.32997E+03  2.03136E+02  6.50000E+00  5.00000E-01  0.00000E+00 -4.49430E-06 -1.10612E-05 -8.46354E-08 -1.47559E+05 -5.19306E+03 -2.37788E+03  1.83760E+03 -1.29657E+03 -1.51443E+02  6.50000E+00  0.00000E+00  0.00000E+00 -6.02994E-06 -1.11597E-05 -1.13976E-07 -1.21726E+05  3.56725E+03  1.17114E+03  1.43907E+03  1.35087E+03  1.53353E+02  6.50000E+00  0.00000E+00  5.00000E-01 -6.03183E-06 -1.11743E-05  4.00108E-17 -1.21694E+05  3.64040E+03  1.20249E+03  1.51291E+03 -1.27567E+03 -1.45483E+02
   6.00000E+00  5.00000E-01  1.00000E+00 -4.20669E-06 -9.55420E-06  8.77700E-08 -1.46540E+05 -3.52476E+03 -6.49811E+02 -6.67791E+03  1.32409E+03  1.51448E+02  6.00000E+00  5.00000E-01  5.00000E-01 -4.20828E-06 -9.56911E-06  3.45697E-17 -1.46572E+05 -3.59948E+03 -6.81835E+02 -6.75220E+03 -1.35820E+03 -2.03132E+02  6.00000E+00  0.00000E+00  5.00000E-01 -5.64835E-06 -9.67151E-06  3.45224E-17 -1.20759E+05  5.22508E+03  2.73546E+03 -7.00260E+03  1.30274E+03  1.45483E+02  6.00000E+00  0.00000E+00  1.00000E+00 -5.64646E-06 -9.65636E-06  1.18198E-07 -1.20791E+05  5.15037E+03  2.70344E+03 -7.07645E+03 -1.37954E+03 -1.53352E+02  6.50000E+00  5.00000E-01  1.00000E+00 -4.49430E-06 -1.10612E-05  8.46354E-08 -1.47559E+05 -5.19306E+03 -2.37788E+03  1.83760E+03  1.29657E+03  1.51443E+02  6.50000E+00  5.00000E-01  5.00000E-01 -4.49589E-06 -1.10755E-05  4.00125E-17 -1.47590E+05 -5.26622E+03 -2.40924E+03  1.76332E+03 -1.32997E+03 -2.03136E+02  6.50000E+00  0.00000E+00  5.00000E-01 -6.03183E-06 -1.11743E-05  4.00108E-17 -1.21694E+05  3.64040E+03  1.20249E+03  1.51291E+03  1.27567E+03  1.45483E+02  6.50000E+00  0.00000E+00  1.00000E+00 -6.02994E-06 -1.11597E-05  1.13976E-07 -1.21726E+05  3.56725E+03  1.17114E+03  1.43907E+03 -1.35087E+03 -1.53353E+02
   6.00000E+00  1.00000E+00  5.00000E-01 -2.79215E-06 -9.49575E-06  3.45234E-17 -1.08515E+05 -3.91398E+03 -1.33739E+03 -1.09923E+04  1.25092E+03  1.26248E+02  6.00000E+00  1.00000E+00  0.00000E+00 -2.79111E-06 -9.48110E-06 -5.85446E-08 -1.08481E+05 -3.83410E+03 -1.30316E+03 -1.08963E+04 -1.32537E+03 -1.32589E+02  6.00000E+00  5.00000E-01  0.00000E+00 -4.20669E-06 -9.55420E-06 -8.77700E-08 -8.25750E+04  4.99484E+03  2.41884E+03 -1.12244E+04  1.27375E+03  1.01975E+02  6.00000E+00  5.00000E-01  5.00000E-01 -4.20828E-06 -9.56911E-06  3.45697E-17 -8.25408E+04  5.07471E+03  2.45307E+03 -1.11289E+04 -1.30255E+03 -1.03327E+02  6.50000E+00  1.00000E+00  5.00000E-01 -2.98389E-06 -1.10048E-05  3.99254E-17 -1.09251E+05 -5.11438E+03 -2.59138E+03 -2.47684E+03  1.22493E+03  1.26245E+02  6.50000E+00  1.00000E+00  0.00000E+00 -2.98285E-06 -1.09907E-05 -5.64539E-08 -1.09218E+05 -5.03618E+03 -2.55787E+03 -2.38085E+03 -1.29783E+03 -1.32592E+02  6.50000E+00  5.00000E-01  0.00000E+00 -4.49430E-06 -1.10612E-05 -8.46354E-08 -8.32311E+04  3.87474E+03  1.35222E+03 -2.70888E+03  1.24728E+03  1.01970E+02  6.50000E+00  5.00000E-01  5.00000E-01 -4.49589E-06 -1.10755E-05  4.00125E-17 -8.31976E+04  3.95294E+03  1.38573E+03 -2.61337E+03 -1.27549E+03 -1.03333E+02
   6.00000E+00  1.00000E+00  1.00000E+00 -2.79111E-06 -9.48110E-06  5.85446E-08 -1.08481E+05 -3.83410E+03 -1.30316E+03 -1.08963E+04  1.32537E+03  1.32589E+02  6.00000E+00  1.00000E+00  5.00000E-01 -2.79215E-06 -9.49575E-06  3.45234E-17 -1.08515E+05 -3.91398E+03 -1.33739E+03 -1.09923E+04 -1.25092E+03 -1.26248E+02  6.00000E+00  5.00000E-01  5.00000E-01 -4.20828E-06 -9.56911E-06  3.45697E-17 -8.25408E+04  5.07471E+03  2.45307E+03 -1.11289E+04  1.30255E+03  1.03327E+02  6.00000E+00  5.00000E-01  1.00000E+00 -4.20669E-06 -9.55420E-06  8.77700E-08 -8.25750E+04  4.99484E+03  2.41884E+03 -1.12244E+04 -1.27375E+03 -1.01975E+02  6.50000E+00  1.00000E+00  1.00000E+00 -2.98285E-06 -1.09907E-05  5.64539E-08 -1.09218E+05 -5.03618E+03 -2.55787E+03 -2.38085E+03  1.29783E+03  1.32592E+02  6.50000E+00  1.00000E+00  5.00000E-01 -2.98389E-06 -1.10048E-05  3.99254E-17 -1.09251E+05 -5.11438E+03 -2.59138E+03 -2.47684E+03 -1.22493E+03 -1.26245E+02  6.50000E+00  5.00000E-01  5.00000E-01 -4.49589E-06 -1.10755E-05  4.00125E-17 -8.31976E+04  3.95294E+03  1.38573E+03 -2.61337E+03  1.27549E+03  1.03333E+02  6.50000E+00  5.00000E-01  1.00000E+00 -4.49430E-06 -1.10612E-05  8.46354E-08 -8.32311E+04  3.87474E+03  1.35222E+03 -2.70888E+03 -1.24728E+03 -1.01970E+02
   6.00000E+00  1.50000E+00  5.00000E-01 -1.39207E-06 -9.45181E-06  3.43800E-17 -7.02822E+04 -4.10603E+03 -1.53014E+03 -1.38260E+04  1.28689E+03  8.32282E+01  6.00000E+00  1.50000E+00  0.00000E+00 -1.39154E-06 -9.43717E-06 -2.92833E-08 -7.02804E+04 -4.10171E+03 -1.52830E+03 -1.37333E+04 -1.29258E+03 -8.28635E+01  6.00000E+00  1.00000E+00  0.00000E+00 -2.79111E-06 -9.48110E-06 -5.85446E-08 -4.43475E+04  4.79790E+03  2.21485E+03 -1.39653E+04  1.28812E+03  5.62826E+01  6.00000E+00  1.00000E+00  5.00000E-01 -2.79215E-06 -9.49575E-06  3.45234E-17 -4.43456E+04  4.80222E+03  2.21670E+03 -1.38726E+04 -1.29134E+03 -5.62176E+01  6.50000E+00  1.50000E+00  5.00000E-01 -1.48794E-06 -1.09624E-05  3.97488E-17 -7.07403E+04 -4.84276E+03 -2.32043E+03 -5.31057E+03  1.26015E+03  8.32218E+01  6.50000E+00  1.50000E+00  0.00000E+00 -1.48741E-06 -1.09483E-05 -2.82376E-08 -7.07386E+04 -4.83854E+03 -2.31863E+03 -5.21783E+03 -1.26572E+03 -8.28700E+01  6.50000E+00  1.00000E+00  0.00000E+00 -2.98285E-06 -1.09907E-05 -5.64539E-08 -4.47252E+04  4.14156E+03  1.61213E+03 -5.44988E+03  1.26136E+03  5.62773E+01  6.50000E+00  1.00000E+00  5.00000E-01 -2.98389E-06 -1.10048E-05  3.99254E-17 -4.47234E+04  4.14578E+03  1.61394E+03 -5.35717E+03 -1.26452E+03 -5.62229E+01
   6.00000E+00  1.50000E+00  1.00000E+00 -1.39154E-06 -9.43717E-06  2.92833E-08 -7.02804E+04 -4.10171E+03 -1.52830E+03 -1.37333E+04  1.29258E+03  8.28635E+01  6.00000E+00  1.50000E+00  5.00000E-01 -1.39207E-06 -9.45181E-06  3.43800E-17 -7.02822E+04 -4.10603E+03 -1.53014E+03 -1.38260E+04 -1.28689E+03 -8.32282E+01  6.00000E+00  1.00000E+00  5.00000E-01 -2.79215E-06 -9.49575E-06  3.45234E-17 -4.43456E+04  4.80222E+03  2.21670E+03 -1.38726E+04  1.29134E+03  5.62176E+01  6.00000E+00  1.00000E+00  1.00000E+00 -2.79111E-06 -9.48110E-06  5.85446E-08 -4.43475E+04  4.79790E+03  2.21485E+03 -1.39653E+04 -1.28812E+03 -5.62826E+01  6.50000E+00  1.50000E+00  1.00000E+00 -1.48741E-06 -1.09483E-05  2.82376E-08 -7.07386E+04 -4.83854E+03 -2.31863E+03 -5.21783E+03  1.26572E+03  8.28700E+01  6.50000E+00  1.50000E+00  5.00000E-01 -1.48794E-06 -1.09624E-05  3.97488E-17 -7.07403E+04 -4.84276E+03 -2.32043E+03 -5.31057E+03 -1.26015E+03 -8.32218E+01  6.50000E+00  1.00000E+00  5.00000E-01 -2.98389E-06 -1.10048E-05  3.99254E-17 -4.47234E+04  4.14578E+03  1.61394E+03 -5.35717E+03  1.26452E+03  5.62229E+01  6.50000E+00  1.00000E+00  1.00000E+00 -2.98285E-06 -1.09907E-05  5.64539E-08 -4.47252E+04  4.14156E+03  1.61213E+03 -5.44988E+03 -1.26136E+03 -5.62773E+01
   6.00000E+00  2.00000E+00  5.00000E-01  1.10908E-20 -9.43717E-06  3.41397E-17 -3.20697E+04 -4.33403E+03 -1.75284E+03 -1.52668E+04  1.29114E+03  3.66102E+01  6.00000E+00  2.00000E+00  0.00000E+00  5.18086E-18 -9.42253E-06  3.41852E-17 -3.20701E+04 -4.33487E+03 -1.75320E+03 -1.51739E+04 -1.29027E+03 -3.66454E+01  6.00000E+00  1.50000E+00  0.00000E+00 -1.39154E-06 -9.43717E-06 -2.92833E-08 -6.13813E+03  4.56689E+03  1.98527E+03 -1.53132E+04  1.29090E+03  9.80967E+00  6.00000E+00  1.50000E+00  5.00000E-01 -1.39207E-06 -9.45181E-06  3.43800E-17 -6.13849E+03  4.56605E+03  1.98491E+03 -1.52203E+04 -1.29051E+03 -9.81911E+00  6.50000E+00  2.00000E+00  5.00000E-01  1.06938E-20 -1.09483E-05  3.94803E-17 -3.22493E+04 -4.60644E+03 -2.07889E+03 -6.75141E+03  1.26432E+03  3.66064E+01  6.50000E+00  2.00000E+00  0.00000E+00  5.48361E-18 -1.09342E-05  3.95221E-17 -3.22497E+04 -4.60727E+03 -2.07925E+03 -6.65852E+03 -1.26346E+03 -3.66492E+01  6.50000E+00  1.50000E+00  0.00000E+00 -1.48741E-06 -1.09483E-05 -2.82376E-08 -6.23722E+03  4.37492E+03  1.84691E+03 -6.79785E+03  1.26408E+03  9.80864E+00  6.50000E+00  1.50000E+00  5.00000E-01 -1.48794E-06 -1.09624E-05  3.97488E-17 -6.23758E+03  4.37409E+03  1.84655E+03 -6.70495E+03 -1.26370E+03 -9.82014E+00
   6.00000E+00  2.00000E+00  1.00000E+00 -5.15872E-18 -9.42253E-06  3.41879E-17 -3.20701E+04 -4.33487E+03 -1.75320E+03 -1.51739E+04  1.29027E+03  3.66454E+01  6.00000E+00  2.00000E+00  5.00000E-01  1.10908E-20 -9.43717E-06  3.41397E-17 -3.20697E+04 -4.33403E+03 -1.75284E+03 -1.52668E+04 -1.29114E+03 -3.66102E+01  6.00000E+00  1.50000E+00  5.00000E-01 -1.39207E-06 -9.45181E-06  3.43800E-17 -6.13849E+03  4.56605E+03  1.98491E+03 -1.52203E+04  1.29051E+03  9.81911E+00  6.00000E+00  1.50000E+00  1.00000E+00 -1.39154E-06 -9.43717E-06  2.92833E-08 -6.13813E+03  4.56689E+03  1.98527E+03 -1.53132E+04 -1.29090E+03 -9.80967E+00  6.50000E+00  2.00000E+00  1.00000E+00 -5.46011E-18 -1.09342E-05  3.95239E-17 -3.22497E+04 -4.60727E+03 -2.07925E+03 -6.65852E+03  1.26346E+03  3.66492E+01  6.50000E+00  2.00000E+00  5.00000E-01  1.06938E-20 -1.09483E-05  3.94803E-17 -3.22493E+04 -4.60644E+03 -2.07889E+03 -6.75141E+03 -1.26432E+03 -3.66064E+01  6.50000E+00  1.50000E+00  5.00000E-01 -1.48794E-06 -1.09624E-05  3.97488E-17 -6.23758E+03  4.37409E+03  1.84655E+03 -6.70495E+03  1.26370E+03  9.82014E+00  6.50000E+00  1.50000E+00  1.00000E+00 -1.48741E-06 -1.09483E-05  2.82376E-08 -6.23722E+03  4.37492E+03  1.84691E+03 -6.79785E+03 -1.26408E+03 -9.80864E+00
   6.00000E+00  2.50000E+00  5.00000E-01  1.39207E-06 -9.45181E-06  3.38021E-17  6.13813E+03 -4.56689E+03 -1.98527E+03 -1.53132E+04  1.29090E+03 -9.80967E+00  6.00000E+00  2.50000E+00  0.00000E+00  1.39154E-06 -9.43717E-06  2.92833E-08  6.13849E+03 -4.56605E+03 -1.98491E+03 -1.52203E+04 -1.29051E+03  9.81911E+00  6.00000E+00  2.00000E+00  0.00000E+00  5.18086E-18 -9.42253E-06  3.41852E-17  3.20697E+04  4.33403E+03  1.75284E+03 -1.52668E+04  1.29114E+03 -3.66102E+01  6.00000E+00  2.00000E+00  5.00000E-01  1.10908E-20 -9.43717E-06  3.41397E-17  3.20701E+04  4.33487E+03  1.75320E+03 -1.51739E+04 -1.29027E+03  3.66454E+01  6.50000E+00  2.50000E+00  5.00000E-01  1.48794E-06 -1.09624E-05  3.91195E-17  6.23722E+03 -4.37492E+03 -1.84691E+03 -6.79785E+03  1.26408E+03 -9.80864E+00  6.50000E+00  2.50000E+00  0.00000E+00  1.48741E-06 -1.09483E-05  2.82376E-08  6.23758E+03 -4.37409E+03 -1.84655E+03 -6.70495E+03 -1.26370E+03  9.82014E+00  6.50000E+00  2.00000E+00  0.00000E+00  5.48361E-18 -1.09342E-05  3.95221E-17  3.22493E+04  4.60644E+03  2.07889E+03 -6.75141E+03  1.26432E+03 -3.66064E+01  6.50000E+00  2.00000E+00  5.00000E-01  1.06938E-20 -1.09483E-05  3.94803E-17  3.22497E+04  4.60727E+03  2.07925E+03 -6.65852E+03 -1.26346E+03  3.66492E+01
   6.00000E+00  2.50000E+00  1.00000E+00  1.39154E-06 -9.43717E-06 -2.92833E-08  6.13849E+03 -4.56605E+03 -1.98491E+03 -1.52203E+04  1.29051E+03 -9.81911E+00  6.00000E+00  2.50000E+00  5.00000E-01  1.39207E-06 -9.45181E-06  3.38021E-17  6.13813E+03 -4.56689E+03 -1.98527E+03 -1.53132E+04 -1.29090E+03  9.80967E+00  6.00000E+00  2.00000E+00  5.00000E-01  1.10908E-20 -9.43717E-06  3.41397E-17  3.20701E+04  4.33487E+03  1.75320E+03 -1.51739E+04  1.29027E+03 -3.66454E+01  6.00000E+00  2.00000E+00  1.00000E+00 -5.15872E-18 -9.42253E-06  3.41879E-17  3.20697E+04  4.33403E+03  1.75284E+03 -1.52668E+04 -1.29114E+03  3.66102E+01  6.50000E+00  2.50000E+00  1.00000E+00  1.48741E-06 -1.09483E-05 -2.82376E-08  6.23758E+03 -4.37409E+03 -1.84655E+03 -6.70495E+03  1.26370E+03 -9.82014E+00  6.50000E+00  2.50000E+00  5.00000E-01  1.48794E-06 -1.09624E-05  3.91195E-17  6.23722E+03 -4.37492E+03 -1.84691E+03 -6.79785E+03 -1.26408E+03  9.80864E+00  6.50000E+00  2.00000E+00  5.00000E-01  1.06938E-20 -1.09483E-05  3.94803E-17  3.22497E+04  4.60727E+03  2.07925E+03 -6.65852E+03  1.26346E+03 -3.66492E+01  6.50000E+00  2.00000E+00  1.00000E+00 -5.46011E-18 -1.09342E-05  3.95239E-17  3.22493E+04  4.60644E+03  2.07889E+03 -6.75141E+03 -1.26432E+03  3.66064E+01
   6.00000E+00  3.00000E+00  5.00000E-01  2.79215E-06 -9.49575E-06  3.33678E-17  4.43475E+04 -4.79790E+03 -2.21485E+03 -1.39653E+04  1.28812E+03 -5.62826E+01  6.00000E+00  3.00000E+00  0.00000E+00  2.79111E-06 -9.48110E-06  5.85446E-08  4.43456E+04 -4.80222E+03 -2.21670E+03 -1.38726E+04 -1.29134E+03  5.62176E+01  6.00000E+00  2.50000E+00  0.00000E+00  1.39154E-06 -9.43717E-06  2.92833E-08  7.02822E+04  4.10603E+03  1.53014E+03 -1.38260E+04  1.28689E+03 -8.32282E+01  6.00000E+00  2.50000E+00  5.00000E-01  1.39207E-06 -9.45181E-06  3.38021E-17  7.02804E+04  4.10171E+03  1.52830E+03 -1.37333E+04 -1.29258E+03  8.28635E+01  6.50000E+00  3.00000E+00  5.00000E-01  2.98389E-06 -1.10048E-05  3.86675E-17  4.47252E+04 -4.14156E+03 -1.61213E+03 -5.44988E+03  1.26136E+03 -5.62773E+01  6.50000E+00  3.00000E+00  0.00000E+00  2.98285E-06 -1.09907E-05  5.64539E-08  4.47234E+04 -4.14578E+03 -1.61394E+03 -5.35717E+03 -1.26452E+03  5.62229E+01  6.50000E+00  2.50000E+00  0.00000E+00  1.48741E-06 -1.09483E-05  2.82376E-08  7.07403E+04  4.84276E+03  2.32043E+03 -5.31057E+03  1.26015E+03 -8.32218E+01  6.50000E+00  2.50000E+00  5.00000E-01  1.48794E-06 -1.09624E-05  3.91195E-17  7.07386E+04  4.83854E+03  2.31863E+03 -5.21783E+03 -1.26572E+03  8.28700E+01
   6.00000E+00  3.00000E+00  1.00000E+00  2.79111E-06 -9.48110E-06 -5.85446E-08  4.43456E+04 -4.80222E+03 -2.21670E+03 -1.38726E+04  1.29134E+03 -5.62176E+01  6.00000E+00  3.00000E+00  5.00000E-01  2.79215E-06 -9.49575E-06  3.33678E-17  4.43475E+04 -4.79790E+03 -2.21485E+03 -1.39653E+04 -1.28812E+03  5.62826E+01  6.00000E+00  2.50000E+00  5.00000E-01  1.39207E-06 -9.45181E-06  3.38021E-17  7.02804E+04  4.10171E+03  1.52830E+03 -1.37333E+04  1.29258E+03 -8.28635E+01  6.00000E+00  2.50000E+00  1.00000E+00  1.39154E-06 -9.43717E-06 -2.92833E-08  7.02822E+04  4.10603E+03  1.53014E+03 -1.38260E+04 -1.28689E+03  8.32282E+01  6.50000E+00  3.00000E+00  1.00000E+00  2.98285E-06 -1.09907E-05 -5.64539E-08  4.47234E+04 -4.14578E+03 -1.61394E+03 -5.35717E+03  1.26452E+03 -5.62229E+01  6.50000E+00  3.00000E+00  5.00000E-01  2.98389E-06 -1.10048E-05  3.86675E-17  4.47252E+04 -4.14156E+03 -1.61213E+03 -5.44988E+03 -1.26136E+03  5.62773E+01  6.50000E+00  2.50000E+00  5.00000E-01  1.48794E-06 -1.09624E-05  3.91195E-17  7.07386E+04  4.83854E+03  2.31863E+03 -5.21783E+03  1.26572E+03 -8.28700E+01  6.50000E+00  2.50000E+00  1.00000E+00  1.48741E-06 -1.09483E-05 -2.82376E-08  7.07403E+04  4.84276E+03  2.32043E+03 -5.31057E+03 -1.26015E+03  8.32218E+01
   6.00000E+00  3.50000E+00  5.00000E-01  4.20828E-06 -9.56911E-06  3.28360E-17  8.25750E+04 -4.99484E+03 -2.41884E+03 -1.12244E+04  1.27375E+03 -1.01975E+02  6.00000E+00  3.50000E+00  0.00000E+00  4.20669E-06 -9.55420E-06  8.77700E-08  8.25408E+04 -5.07471E+03 -2.45307E+03 -1.11289E+04 -1.30255E+03  1.03327E+02  6.00000E+00  3.00000E+00  0.00000E+00  2.79111E-06 -9.48110E-06  5.85446E-08  1.08515E+05  3.91398E+03  1.33739E+03 -1.09923E+04  1.25092E+03 -1.26248E+02  6.00000E+00  3.00000E+00  5.00000E-01  2.79215E-06 -9.49575E-06  3.33678E-17  1.08481E+05  3.83410E+03  1.30316E+03 -1.08963E+04 -1.32537E+03  1.32589E+02  6.50000E+00  3.50000E+00  5.00000E-01  4.49589E-06 -1.10755E-05  3.81236E-17  8.32311E+04 -3.87474E+03 -1.35222E+03 -2.70888E+03  1.24728E+03 -1.01970E+02  6.50000E+00  3.50000E+00  0.00000E+00  4.49430E-06 -1.10612E-05  8.46354E-08  8.31976E+04 -3.95294E+03 -1.38573E+03 -2.61337E+03 -1.27549E+03  1.03333E+02  6.50000E+00  3.00000E+00  0.00000E+00  2.98285E-06 -1.09907E-05  5.64539E-08  1.09251E+05  5.11438E+03  2.59138E+03 -2.47684E+03  1.22493E+03 -1.26245E+02  6.50000E+00  3.00000E+00  5.00000E-01  2.98389E-06 -1.10048E-05  3.86675E-17  1.09218E+05  5.03618E+03  2.55787E+03 -2.38085E+03 -1.29783E+03  1.32592E+02
   6.00000E+00  3.50000E+00  1.00000E+00  4.20669E-06 -9.55420E-06 -8.77700E-08  8.25408E+04 -5.07471E+03 -2.45307E+03 -1.11289E+04  1.30255E+03 -1.03327E+02  6.00000E+00  3.50000E+00  5.00000E-01  4.20828E-06 -9.56911E-06  3.28360E-17  8.25750E+04 -4.99484E+03 -2.41884E+03 -1.12244E+04 -1.27375E+03  1.01975E+02  6.00000E+00  3.00000E+00  5.00000E-01  2.79215E-06 -9.49575E-06  3.33678E-17  1.08481E+05  3.83410E+03  1.30316E+03 -1.08963E+04  1.32537E+03 -1.32589E+02  6.00000E+00  3.00000E+00  1.00000E+00  2.79111E-06 -9.48110E-06 -5.85446E-08  1.08515E+05  3.91398E+03  1.33739E+03 -1.09923E+04 -1.25092E+03  1.26248E+02  6.50000E+00  3.50000E+00  1.00000E+00  4.49430E-06 -1.10612E-05 -8.46354E-08  8.31976E+04 -3.95294E+03 -1.38573E+03 -2.61337E+03  1.27549E+03 -1.03333E+02  6.50000E+00  3.50000E+00  5.00000E-01  4.49589E-06 -1.10755E-05  3.81236E-17  8.32311E+04 -3.87474E+03 -1.35222E+03 -2.70888E+03 -1.24728E+03  1.01970E+02  6.50000E+00  3.00000E+00  5.00000E-01  2.98389E-06 -1.10048E-05  3.86675E-17  1.09218E+05  5.03618E+03  2.55787E+03 -2.38085E+03  1.29783E+03 -1.32592E+02  6.50000E+00  3.00000E+00  1.00000E+00  2.98285E-06 -1.09907E-05 -5.64539E-08  1.09251E+05  5.11438E+03  2.59138E+03 -2.47684E+03 -1.22493E+03  1.26245E+02
   6.00000E+00  4.00000E+00  5.00000E-01  5.64835E-06 -9.67151E-06  3.22043E-17  1.20791E+05 -5.15037E+03 -2.70344E+03 -7.07645E+03  1.37954E+03 -1.53352E+02  6.00000E+00  4.00000E+00  0.00000E+00  5.64646E-06 -9.65636E-06  1.18198E-07  1.20759E+05 -5.22508E+03 -2.73546E+03 -7.00260E+03 -1.30274E+03  1.45483E+02  6.00000E+00  3.50000E+00  0.00000E+00  4.20669E-06 -9.55420E-06  8.77700E-08  1.46572E+05  3.59948E+03  6.81835E+02 -6.75220E+03  1.35820E+03 -2.03132E+02  6.00000E+00  3.50000E+00  5.00000E-01  4.20828E-06 -9.56911E-06  3.28360E-17  1.46540E+05  3.52476E+03  6.49811E+02 -6.67791E+03 -1.32409E+03  1.51448E+02  6.50000E+00  4.00000E+00  5.00000E-01  6.03183E-06 -1.11743E-05  3.74872E-17  1.21726E+05 -3.56725E+03 -1.17114E+03  1.43907E+03  1.35087E+03 -1.53353E+02  6.50000E+00  4.00000E+00  0.00000E+00  6.02994E-06 -1.11597E-05  1.13976E-07  1.21694E+05 -3.64040E+03 -1.20249E+03  1.51291E+03 -1.27567E+03  1.45483E+02  6.50000E+00  3.50000E+00  0.00000E+00  4.49430E-06 -1.10612E-05  8.46354E-08  1.47590E+05  5.26622E+03  2.40924E+03  1.76332E+03  1.32997E+03 -2.03136E+02  6.50000E+00  3.50000E+00  5.00000E-01  4.49589E-06 -1.10755E-05  3.81236E-17  1.47559E+05  5.19306E+03  2.37788E+03  1.83760E+03 -1.29657E+03  1.51443E+02
   6.00000E+00  4.00000E+00  1.00000E+00  5.64646E-06 -9.65636E-06 -1.18198E-07  1.20759E+05 -5.22508E+03 -2.73546E+03 -7.00260E+03  1.30274E+03 -1.45483E+02  6.00000E+00  4.00000E+00  5.00000E-01  5.64835E-06 -9.67151E-06  3.22043E-17  1.20791E+05 -5.15037E+03 -2.70344E+03 -7.07645E+03 -1.37954E+03  1.53352E+02  6.00000E+00  3.50000E+00  5.00000E-01  4.20828E-06 -9.56911E-06  3.28360E-17  1.46540E+05  3.52476E+03  6.49811E+02 -6.67791E+03  1.32409E+03 -1.51448E+02  6.00000E+00  3.50000E+00  1.00000E+00  4.20669E-06 -9.55420E-06 -8.77700E-08  1.46572E+05  3.59948E+03  6.81835E+02 -6.75220E+03 -1.35820E+03  2.03132E+02  6.50000E+00  4.00000E+00  1.00000E+00  6.02994E-06 -1.11597E-05 -1.13976E-07  1.21694E+05 -3.64040E+03 -1.20249E+03  1.51291E+03  1.27567E+03 -1.45483E+02  6.50000E+00  4.00000E+00  5.00000E-01  6.03183E-06 -1.11743E-05  3.74872E-17  1.21726E+05 -3.56725E+03 -1.17114E+03  1.43907E+03 -1.35087E+03  1.53353E+02  6.50000E+00  3.50000E+00  5.00000E-01  4.49589E-06 -1.10755E-05  3.81236E-17  1.47559E+05  5.19306E+03  2.37788E+03  1.83760E+03  1.29657E+03 -1.51443E+02  6.50000E+00  3.50000E+00  1.00000E+00  4.49430E-06 -1.10612E-05 -8.46354E-08  1.47590E+05  5.26622E+03  2.40924E+03  1.76332E+03 -1.32997E+03  2.03136E+02
   6.50000E+00  5.00000E-01  5.00000E-01 -4.49589E-06 -1.10755E-05  4.00125E-17 -1.41223E+05 -3.43824E+03 -6.25657E+02 -6.59725E+03  1.30931E+03  2.03119E+02  6.50000E+00  5.00000E-01  0.00000E+00 -4.49430E-06 -1.10612E-05 -8.46354E-08 -1.41193E+05 -3.36622E+03 -5.94790E+02 -6.52297E+03 -1.27643E+03 -1.51446E+02  6.50000E+00  0.00000E+00  0.00000E+00 -6.02994E-06 -1.11597E-05 -1.13976E-07 -1.16382E+05  4.99186E+03  2.63296E+03 -6.92149E+03  1.32988E+03  1.53349E+02  6.50000E+00  0.00000E+00  5.00000E-01 -6.03183E-06 -1.11743E-05  4.00108E-17 -1.16351E+05  5.06387E+03  2.66383E+03 -6.84766E+03 -1.25586E+03 -1.45483E+02  7.00000E+00  5.00000E-01  5.00000E-01 -4.77304E-06 -1.26761E-05  4.57473E-17 -1.42242E+05 -5.10495E+03 -2.35300E+03  1.60855E+03  1.28109E+03  2.03123E+02  7.00000E+00  5.00000E-01  0.00000E+00 -4.77145E-06 -1.26623E-05 -8.15007E-08 -1.42211E+05 -5.03448E+03 -2.32280E+03  1.68283E+03 -1.24892E+03 -1.51442E+02  7.00000E+00  0.00000E+00  0.00000E+00 -6.39947E-06 -1.27571E-05 -1.09755E-07 -1.17316E+05  3.40875E+03  1.10068E+03  1.28431E+03  1.30122E+03  1.53351E+02  7.00000E+00  0.00000E+00  5.00000E-01 -6.40136E-06 -1.27712E-05  4.57891E-17 -1.17286E+05  3.47921E+03  1.13088E+03  1.35814E+03 -1.22879E+03 -1.45481E+02
   6.50000E+00  5.00000E-01  1.00000E+00 -4.49430E-06 -1.10612E-05  8.46354E-08 -1.41193E+05 -3.36622E+03 -5.94790E+02 -6.52297E+03  1.27643E+03  1.51446E+02  6.50000E+00  5.00000E-01  5.00000E-01 -4.49589E-06 -1.10755E-05  4.00125E-17 -1.41223E+05 -3.43824E+03 -6.25657E+02 -6.59725E+03 -1.30931E+03 -2.03119E+02  6.50000E+00  0.00000E+00  5.00000E-01 -6.03183E-06 -1.11743E-05  4.00108E-17 -1.16351E+05  5.06387E+03  2.66383E+03 -6.84766E+03  1.25586E+03  1.45483E+02  6.50000E+00  0.00000E+00  1.00000E+00 -6.02994E-06 -1.11597E-05  1.13976E-07 -1.16382E+05  4.99186E+03  2.63296E+03 -6.92149E+03 -1.32988E+03 -1.53349E+02  7.00000E+00  5.00000E-01  1.00000E+00 -4.77145E-06 -1.26623E-05  8.15007E-08 -1.42211E+05 -5.03448E+03 -2.32280E+03  1.68283E+03  1.24892E+03  1.51442E+02  7.00000E+00  5.00000E-01  5.00000E-01 -4.77304E-06 -1.26761E-05  4.57473E-17 -1.42242E+05 -5.10495E+03 -2.35300E+03  1.60855E+03 -1.28109E+03 -2.03123E+02  7.00000E+00  0.00000E+00  5.00000E-01 -6.40136E-06 -1.27712E-05  4.57891E-17 -1.17286E+05  3.47921E+03  1.13088E+03  1.35814E+03  1.22879E+03  1.45481E+02  7.00000E+00  0.00000E+00  1.00000E+00 -6.39947E-06 -1.27571E-05  1.09755E-07 -1.17316E+05  3.40875E+03  1.10068E+03  1.28431E+03 -1.30122E+03 -1.53351E+02
   6.50000E+00  1.00000E+00  5.00000E-01 -2.98389E-06 -1.10048E-05  3.99254E-17 -1.04555E+05 -3.74970E+03 -1.26592E+03 -1.08374E+04  1.20590E+03  1.26248E+02  6.50000E+00  1.00000E+00  0.00000E+00 -2.98285E-06 -1.09907E-05 -5.64539E-08 -1.04522E+05 -3.67272E+03 -1.23293E+03 -1.07414E+04 -1.27767E+03 -1.32591E+02  6.50000E+00  5.00000E-01  0.00000E+00 -4.49430E-06 -1.10612E-05 -8.46354E-08 -7.95605E+04  4.83366E+03  2.35029E+03 -1.10695E+04  1.22790E+03  1.01976E+02  6.50000E+00  5.00000E-01  5.00000E-01 -4.49589E-06 -1.10755E-05  4.00125E-17 -7.95275E+04  4.91064E+03  2.38328E+03 -1.09739E+04 -1.25567E+03 -1.03333E+02  7.00000E+00  1.00000E+00  5.00000E-01 -3.16866E-06 -1.26080E-05  4.56194E-17 -1.05292E+05 -4.95015E+03 -2.51994E+03 -2.63159E+03  1.17991E+03  1.26248E+02  7.00000E+00  1.00000E+00  0.00000E+00 -3.16761E-06 -1.25944E-05 -5.43630E-08 -1.05260E+05 -4.87483E+03 -2.48766E+03 -2.53561E+03 -1.25013E+03 -1.32591E+02  7.00000E+00  5.00000E-01  0.00000E+00 -4.77145E-06 -1.26623E-05 -8.15007E-08 -8.02166E+04  3.71351E+03  1.28363E+03 -2.86364E+03  1.20143E+03  1.01975E+02  7.00000E+00  5.00000E-01  5.00000E-01 -4.77304E-06 -1.26761E-05  4.57473E-17 -8.01843E+04  3.78882E+03  1.31591E+03 -2.76814E+03 -1.22861E+03 -1.03334E+02
   6.50000E+00  1.00000E+00  1.00000E+00 -2.98285E-06 -1.09907E-05  5.64539E-08 -1.04522E+05 -3.67272E+03 -1.23293E+03 -1.07414E+04  1.27767E+03  1.32591E+02  6.50000E+00  1.00000E+00  5.00000E-01 -2.98389E-06 -1.10048E-05  3.99254E-17 -1.04555E+05 -3.74970E+03 -1.26592E+03 -1.08374E+04 -1.20590E+03 -1.26248E+02  6.50000E+00  5.00000E-01  5.00000E-01 -4.49589E-06 -1.10755E-05  4.00125E-17 -7.95275E+04  4.91064E+03  2.38328E+03 -1.09739E+04  1.25567E+03  1.03333E+02  6.50000E+00  5.00000E-01  1.00000E+00 -4.49430E-06 -1.10612E-05  8.46354E-08 -7.95605E+04  4.83366E+03  2.35029E+03 -1.10695E+04 -1.22790E+03 -1.01976E+02  7.00000E+00  1.00000E+00  1.00000E+00 -3.16761E-06 -1.25944E-05  5.43630E-08 -1.05260E+05 -4.87483E+03 -2.48766E+03 -2.53561E+03  1.25013E+03  1.32591E+02  7.00000E+00  1.00000E+00  5.00000E-01 -3.16866E-06 -1.26080E-05  4.56194E-17 -1.05292E+05 -4.95015E+03 -2.51994E+03 -2.63159E+03 -1.17991E+03 -1.26248E+02  7.00000E+00  5.00000E-01  5.00000E-01 -4.77304E-06 -1.26761E-05  4.57473E-17 -8.01843E+04  3.78882E+03  1.31591E+03 -2.76814E+03  1.22861E+03  1.03334E+02  7.00000E+00  5.00000E-01  1.00000E+00 -4.77145E-06 -1.26623E-05  8.15007E-08 -8.02166E+04  3.71351E+03  1.28363E+03 -2.86364E+03 -1.20143E+03 -1.01975E+02
   6.50000E+00  1.50000E+00  5.00000E-01 -1.48794E-06 -1.09624E-05  3.97488E-17 -6.77183E+04 -3.94323E+03 -1.46011E+03 -1.36712E+04  1.24058E+03  8.32299E+01  6.50000E+00  1.50000E+00  0.00000E+00 -1.48741E-06 -1.09483E-05 -2.82376E-08 -6.77166E+04 -3.93908E+03 -1.45833E+03 -1.35785E+04 -1.24606E+03 -8.28701E+01  6.50000E+00  1.00000E+00  0.00000E+00 -2.98285E-06 -1.09907E-05 -5.64539E-08 -4.27281E+04  4.63547E+03  2.14530E+03 -1.38105E+04  1.24177E+03  5.62844E+01  6.50000E+00  1.00000E+00  5.00000E-01 -2.98389E-06 -1.10048E-05  3.99254E-17 -4.27263E+04  4.63962E+03  2.14708E+03 -1.37178E+04 -1.24488E+03 -5.62230E+01  7.00000E+00  1.50000E+00  5.00000E-01 -1.58032E-06 -1.25672E-05  4.54074E-17 -6.81765E+04 -4.68000E+03 -2.25044E+03 -5.46542E+03  1.21384E+03  8.32278E+01  7.00000E+00  1.50000E+00  0.00000E+00 -1.57980E-06 -1.25536E-05 -2.71918E-08 -6.81747E+04 -4.67594E+03 -2.24870E+03 -5.37269E+03 -1.21921E+03 -8.28722E+01  7.00000E+00  1.00000E+00  0.00000E+00 -3.16761E-06 -1.25944E-05 -5.43630E-08 -4.31058E+04  3.97908E+03  1.54254E+03 -5.60475E+03  1.21500E+03  5.62824E+01  7.00000E+00  1.00000E+00  5.00000E-01 -3.16866E-06 -1.26080E-05  4.56194E-17 -4.31041E+04  3.98314E+03  1.54428E+03 -5.51204E+03 -1.21805E+03 -5.62249E+01
   6.50000E+00  1.50000E+00  1.00000E+00 -1.48741E-06 -1.09483E-05  2.82376E-08 -6.77166E+04 -3.93908E+03 -1.45833E+03 -1.35785E+04  1.24606E+03  8.28701E+01  6.50000E+00  1.50000E+00  5.00000E-01 -1.48794E-06 -1.09624E-05  3.97488E-17 -6.77183E+04 -3.94323E+03 -1.46011E+03 -1.36712E+04 -1.24058E+03 -8.32299E+01  6.50000E+00  1.00000E+00  5.00000E-01 -2.98389E-06 -1.10048E-05  3.99254E-17 -4.27263E+04  4.63962E+03  2.14708E+03 -1.37178E+04  1.24488E+03  5.62230E+01  6.50000E+00  1.00000E+00  1.00000E+00 -2.98285E-06 -1.09907E-05  5.64539E-08 -4.27281E+04  4.63547E+03  2.14530E+03 -1.38105E+04 -1.24177E+03 -5.62844E+01  7.00000E+00  1.50000E+00  1.00000E+00 -1.57980E-06 -1.25536E-05  2.71918E-08 -6.81747E+04 -4.67594E+03 -2.24870E+03 -5.37269E+03  1.21921E+03  8.28722E+01  7.00000E+00  1.50000E+00  5.00000E-01 -1.58032E-06 -1.25672E-05  4.54074E-17 -6.81765E+04 -4.68000E+03 -2.25044E+03 -5.46542E+03 -1.21384E+03 -8.32278E+01  7.00000E+00  1.00000E+00  5.00000E-01 -3.16866E-06 -1.26080E-05  4.56194E-17 -4.31041E+04  3.98314E+03  1.54428E+03 -5.51204E+03  1.21805E+03  5.62249E+01  7.00000E+00  1.00000E+00  1.00000E+00 -3.16761E-06 -1.25944E-05  5.43630E-08 -4.31058E+04  3.97908E+03  1.54254E+03 -5.60475E+03 -1.21500E+03 -5.62824E+01
   6.50000E+00  2.00000E+00  5.00000E-01  1.06938E-20 -1.09483E-05  3.94803E-17 -3.09004E+04 -4.17146E+03 -1.68318E+03 -1.51121E+04  1.24468E+03  3.66116E+01  6.50000E+00  2.00000E+00  0.00000E+00  5.48361E-18 -1.09342E-05  3.95221E-17 -3.09008E+04 -4.17228E+03 -1.68353E+03 -1.50192E+04 -1.24384E+03 -3.66493E+01  6.50000E+00  1.50000E+00  0.00000E+00 -1.48741E-06 -1.09483E-05 -2.82376E-08 -5.91313E+03  4.40437E+03  1.91561E+03 -1.51585E+04  1.24445E+03  9.81004E+00  6.50000E+00  1.50000E+00  5.00000E-01 -1.48794E-06 -1.09624E-05  3.97488E-17 -5.91348E+03  4.40355E+03  1.91526E+03 -1.50656E+04 -1.24407E+03 -9.82015E+00  7.00000E+00  2.00000E+00  5.00000E-01  1.06409E-20 -1.25536E-05  4.51101E-17 -3.10800E+04 -4.44389E+03 -2.00925E+03 -6.90635E+03  1.21786E+03  3.66100E+01  7.00000E+00  2.00000E+00  0.00000E+00  5.76561E-18 -1.25400E-05  4.51493E-17 -3.10803E+04 -4.44469E+03 -2.00959E+03 -6.81346E+03 -1.21703E+03 -3.66508E+01  7.00000E+00  1.50000E+00  0.00000E+00 -1.57980E-06 -1.25536E-05 -2.71918E-08 -6.01223E+03  4.21239E+03  1.77725E+03 -6.95279E+03  1.21763E+03  9.80963E+00  7.00000E+00  1.50000E+00  5.00000E-01 -1.58032E-06 -1.25672E-05  4.54074E-17 -6.01258E+03  4.21159E+03  1.77690E+03 -6.85989E+03 -1.21726E+03 -9.82056E+00
   6.50000E+00  2.00000E+00  1.00000E+00 -5.46011E-18 -1.09342E-05  3.95239E-17 -3.09008E+04 -4.17228E+03 -1.68353E+03 -1.50192E+04  1.24384E+03  3.66493E+01  6.50000E+00  2.00000E+00  5.00000E-01  1.06938E-20 -1.09483E-05  3.94803E-17 -3.09004E+04 -4.17146E+03 -1.68318E+03 -1.51121E+04 -1.24468E+03 -3.66116E+01  6.50000E+00  1.50000E+00  5.00000E-01 -1.48794E-06 -1.09624E-05  3.97488E-17 -5.91348E+03  4.40355E+03  1.91526E+03 -1.50656E+04  1.24407E+03  9.82015E+00  6.50000E+00  1.50000E+00  1.00000E+00 -1.48741E-06 -1.09483E-05  2.82376E-08 -5.91313E+03  4.40437E+03  1.91561E+03 -1.51585E+04 -1.24445E+03 -9.81004E+00  7.00000E+00  2.00000E+00  1.00000E+00 -5.74116E-18 -1.25400E-05  4.51498E-17 -3.10803E+04 -4.44469E+03 -2.00959E+03 -6.81346E+03  1.21703E+03  3.66508E+01  7.00000E+00  2.00000E+00  5.00000E-01  1.06409E-20 -1.25536E-05  4.51101E-17 -3.10800E+04 -4.44389E+03 -2.00925E+03 -6.90635E+03 -1.21786E+03 -3.66100E+01  7.00000E+00  1.50000E+00  5.00000E-01 -1.58032E-06 -1.25672E-05  4.54074E-17 -6.01258E+03  4.21159E+03  1.77690E+03 -6.85989E+03  1.21726E+03  9.82056E+00  7.00000E+00  1.50000E+00  1.00000E+00 -1.57980E-06 -1.25536E-05  2.71918E-08 -6.01223E+03  4.21239E+03  1.77725E+03 -6.95279E+03 -1.21763E+03 -9.80963E+00
   6.50000E+00  2.50000E+00  5.00000E-01  1.48794E-06 -1.09624E-05  3.91195E-17  5.91313E+03 -4.40437E+03 -1.91561E+03 -1.51585E+04  1.24445E+03 -9.81004E+00  6.50000E+00  2.50000E+00  0.00000E+00  1.48741E-06 -1.09483E-05  2.82376E-08  5.91348E+03 -4.40355E+03 -1.91526E+03 -1.50656E+04 -1.24407E+03  9.82015E+00  6.50000E+00  2.00000E+00  0.00000E+00  5.48361E-18 -1.09342E-05  3.95221E-17  3.09004E+04  4.17146E+03  1.68318E+03 -1.51121E+04  1.24468E+03 -3.66116E+01  6.50000E+00  2.00000E+00  5.00000E-01  1.06938E-20 -1.09483E-05  3.94803E-17  3.09008E+04  4.17228E+03  1.68353E+03 -1.50192E+04 -1.24384E+03  3.66493E+01  7.00000E+00  2.50000E+00  5.00000E-01  1.58032E-06 -1.25672E-05  4.47276E-17  6.01223E+03 -4.21239E+03 -1.77725E+03 -6.95279E+03  1.21763E+03 -9.80963E+00  7.00000E+00  2.50000E+00  0.00000E+00  1.57980E-06 -1.25536E-05  2.71918E-08  6.01258E+03 -4.21159E+03 -1.77690E+03 -6.85989E+03 -1.21726E+03  9.82056E+00  7.00000E+00  2.00000E+00  0.00000E+00  5.76561E-18 -1.25400E-05  4.51493E-17  3.10800E+04  4.44389E+03  2.00925E+03 -6.90635E+03  1.21786E+03 -3.66100E+01  7.00000E+00  2.00000E+00  5.00000E-01  1.06409E-20 -1.25536E-05  4.51101E-17  3.10803E+04  4.44469E+03  2.00959E+03 -6.81346E+03 -1.21703E+03  3.66508E+01
   6.50000E+00  2.50000E+00  1.00000E+00  1.48741E-06 -1.09483E-05 -2.82376E-08  5.91348E+03 -4.40355E+03 -1.91526E+03 -1.50656E+04  1.24407E+03 -9.82015E+00  6.50000E+00  2.50000E+00  5.00000E-01  1.48794E-06 -1.09624E-05  3.91195E-17  5.91313E+03 -4.40437E+03 -1.91561E+03 -1.51585E+04 -1.24445E+03  9.81004E+00  6.50000E+00  2.00000E+00  5.00000E-01  1.06938E-20 -1.09483E-05  3.94803E-17  3.09008E+04  4.17228E+03  1.68353E+03 -1.50192E+04  1.24384E+03 -3.66493E+01  6.50000E+00  2.00000E+00  1.00000E+00 -5.46011E-18 -1.09342E-05  3.95239E-17  3.09004E+04  4.17146E+03  1.68318E+03 -1.51121E+04 -1.24468E+03  3.66116E+01  7.00000E+00  2.50000E+00  1.00000E+00  1.57980E-06 -1.25536E-05 -2.71918E-08  6.01258E+03 -4.21159E+03 -1.77690E+03 -6.85989E+03  1.21726E+03 -9.82056E+00  7.00000E+00  2.50000E+00  5.00000E-01  1.58032E-06 -1.25672E-05  4.47276E-17  6.01223E+03 -4.21239E+03 -1.77725E+03 -6.95279E+03 -1.21763E+03  9.80963E+00  7.00000E+00  2.00000E+00  5.00000E-01  1.06409E-20 -1.25536E-05  4.51101E-17  3.10803E+04  4.44469E+03  2.00959E+03 -6.81346E+03  1.21703E+03 -3.66508E+01  7.00000E+00  2.00000E+00  1.00000E+00 -5.74116E-18 -1.25400E-05  4.51498E-17  3.10800E+04  4.44389E+03  2.00925E+03 -6.90635E+03 -1.21786E+03  3.66100E+01
   6.50000E+00  3.00000E+00  5.00000E-01  2.98389E-06 -1.10048E-05  3.86675E-17  4.27281E+04 -4.63547E+03 -2.14530E+03 -1.38105E+04  1.24177E+03 -5.62844E+01  6.50000E+00  3.00000E+00  0.00000E+00  2.98285E-06 -1.09907E-05  5.64539E-08  4.27263E+04 -4.63962E+03 -2.14708E+03 -1.37178E+04 -1.24488E+03  5.62230E+01  6.50000E+00  2.50000E+00  0.00000E+00  1.48741E-06 -1.09483E-05  2.82376E-08  6.77183E+04  3.94323E+03  1.46011E+03 -1.36712E+04  1.24058E+03 -8.32299E+01  6.50000E+00  2.50000E+00  5.00000E-01  1.48794E-06 -1.09624E-05  3.91195E-17  6.77166E+04  3.93908E+03  1.45833E+03 -1.35785E+04 -1.24606E+03  8.28701E+01  7.00000E+00  3.00000E+00  5.00000E-01  3.16866E-06 -1.26080E-05  4.42588E-17  4.31058E+04 -3.97908E+03 -1.54254E+03 -5.60475E+03  1.21500E+03 -5.62824E+01  7.00000E+00  3.00000E+00  0.00000E+00  3.16761E-06 -1.25944E-05  5.43630E-08  4.31041E+04 -3.98314E+03 -1.54428E+03 -5.51204E+03 -1.21805E+03  5.62249E+01  7.00000E+00  2.50000E+00  0.00000E+00  1.57980E-06 -1.25536E-05  2.71918E-08  6.81765E+04  4.68000E+03  2.25044E+03 -5.46542E+03  1.21384E+03 -8.32278E+01  7.00000E+00  2.50000E+00  5.00000E-01  1.58032E-06 -1.25672E-05  4.47276E-17  6.81747E+04  4.67594E+03  2.24870E+03 -5.37269E+03 -1.21921E+03  8.28722E+01
   6.50000E+00  3.00000E+00  1.00000E+00  2.98285E-06 -1.09907E-05 -5.64539E-08  4.27263E+04 -4.63962E+03 -2.14708E+03 -1.37178E+04  1.24488E+03 -5.62230E+01  6.50000E+00  3.00000E+00  5.00000E-01  2.98389E-06 -1.10048E-05  3.86675E-17  4.27281E+04 -4.63547E+03 -2.14530E+03 -1.38105E+04 -1.24177E+03  5.62844E+01  6.50000E+00  2.50000E+00  5.00000E-01  1.48794E-06 -1.09624E-05  3.91195E-17  6.77166E+04  3.93908E+03  1.45833E+03 -1.35785E+04  1.24606E+03 -8.28701E+01  6.50000E+00  2.50000E+00  1.00000E+00  1.48741E-06 -1.09483E-05 -2.82376E-08  6.77183E+04  3.94323E+03  1.46011E+03 -1.36712E+04 -1.24058E+03  8.32299E+01  7.00000E+00  3.00000E+00  1.00000E+00  3.16761E-06 -1.25944E-05 -5.43630E-08  4.31041E+04 -3.98314E+03 -1.54428E+03 -5.51204E+03  1.21805E+03 -5.62249E+01  7.00000E+00  3.00000E+00  5.00000E-01  3.16866E-06 -1.26080E-05  4.42588E-17  4.31058E+04 -3.97908E+03 -1.54254E+03 -5.60475E+03 -1.21500E+03  5.62824E+01  7.00000E+00  2.50000E+00  5.00000E-01  1.58032E-06 -1.25672E-05  4.47276E-17  6.81747E+04  4.67594E+03  2.24870E+03 -5.37269E+03  1.21921E+03 -8.28722E+01  7.00000E+00  2.50000E+00  1.00000E+00  1.57980E-06 -1.25536E-05 -2.71918E-08  6.81765E+04  4.68000E+03  2.25044E+03 -5.46542E+03 -1.21384E+03  8.32278E+01
   6.50000E+00  3.50000E+00  5.00000E-01  4.49589E-06 -1.10755E-05  3.81236E-17  7.95605E+04 -4.83366E+03 -2.35029E+03 -1.10695E+04  1.22790E+03 -1.01976E+02  6.50000E+00  3.50000E+00  0.00000E+00  4.49430E-06 -1.10612E-05  8.46354E-08  7.95275E+04 -4.91064E+03 -2.38328E+03 -1.09739E+04 -1.25567E+03  1.03333E+02  6.50000E+00  3.00000E+00  0.00000E+00  2.98285E-06 -1.09907E-05  5.64539E-08  1.04555E+05  3.74970E+03  1.26592E+03 -1.08374E+04  1.20590E+03 -1.26248E+02  6.50000E+00  3.00000E+00  5.00000E-01  2.98389E-06 -1.10048E-05  3.86675E-17  1.04522E+05  3.67272E+03  1.23293E+03 -1.07414E+04 -1.27767E+03  1.32591E+02  7.00000E+00  3.50000E+00  5.00000E-01  4.77304E-06 -1.26761E-05  4.37041E-17  8.02166E+04 -3.71351E+03 -1.28363E+03 -2.86364E+03  1.20143E+03 -1.01975E+02  7.00000E+00  3.50000E+00  0.00000E+00  4.77145E-06 -1.26623E-05  8.15007E-08  8.01843E+04 -3.78882E+03 -1.31591E+03 -2.76814E+03 -1.22861E+03  1.03334E+02  7.00000E+00  3.00000E+00  0.00000E+00  3.16761E-06 -1.25944E-05  5.43630E-08  1.05292E+05  4.95015E+03  2.51994E+03 -2.63159E+03  1.17991E+03 -1.26248E+02  7.00000E+00  3.00000E+00  5.00000E-01  3.16866E-06 -1.26080E-05  4.42588E-17  1.05260E+05  4.87483E+03  2.48766E+03 -2.53561E+03 -1.25013E+03  1.32591E+02
   6.50000E+00  3.50000E+00  1.00000E+00  4.49430E-06 -1.10612E-05 -8.46354E-08  7.95275E+04 -4.91064E+03 -2.38328E+03 -1.09739E+04  1.25567E+03 -1.03333E+02  6.50000E+00  3.50000E+00  5.00000E-01  4.49589E-06 -1.10755E-05  3.81236E-17  7.95605E+04 -4.83366E+03 -2.35029E+03 -1.10695E+04 -1.22790E+03  1.01976E+02  6.50000E+00  3.00000E+00  5.00000E-01  2.98389E-06 -1.10048E-05  3.86675E-17  1.04522E+05  3.67272E+03  1.23293E+03 -1.07414E+04  1.27767E+03 -1.32591E+02  6.50000E+00  3.00000E+00  1.00000E+00  2.98285E-06 -1.09907E-05 -5.64539E-08  1.04555E+05  3.74970E+03  1.26592E+03 -1.08374E+04 -1.20590E+03  1.26248E+02  7.00000E+00  3.50000E+00  1.00000E+00  4.77145E-06 -1.26623E-05 -8.15007E-08  8.01843E+04 -3.78882E+03 -1.31591E+03 -2.76814E+03  1.22861E+03 -1.03334E+02  7.00000E+00  3.50000E+00  5.00000E-01  4.77304E-06 -1.26761E-05  4.37041E-17  8.02166E+04 -3.71351E+03 -1.28363E+03 -2.86364E+03 -1.20143E+03  1.01975E+02  7.00000E+00  3.00000E+00  5.00000E-01  3.16866E-06 -1.26080E-05  4.42588E-17  1.05260E+05  4.87483E+03  2.48766E+03 -2.53561E+03  1.25013E+03 -1.32591E+02  7.00000E+00  3.00000E+00  1.00000E+00  3.16761E-06 -1.25944E-05 -5.43630E-08  1.05292E+05  4.95015E+03  2.51994E+03 -2.63159E+03 -1.17991E+03  1.26248E+02
   6.50000E+00  4.00000E+00  5.00000E-01  6.03183E-06 -1.11743E-05  3.74872E-17  1.16382E+05 -4.99186E+03 -2.63296E+03 -6.92149E+03  1.32988E+03 -1.53349E+02  6.50000E+00  4.00000E+00  0.00000E+00  6.02994E-06 -1.11597E-05  1.13976E-07  1.16351E+05 -5.06387E+03 -2.66383E+03 -6.84766E+03 -1.25586E+03  1.45483E+02  6.50000E+00  3.50000E+00  0.00000E+00  4.49430E-06 -1.10612E-05  8.46354E-08  1.41223E+05  3.43824E+03  6.25657E+02 -6.59725E+03  1.30931E+03 -2.03119E+02  6.50000E+00  3.50000E+00  5.00000E-01  4.49589E-06 -1.10755E-05  3.81236E-17  1.41193E+05  3.36622E+03  5.94790E+02 -6.52297E+03 -1.27643E+03  1.51446E+02  7.00000E+00  4.00000E+00  5.00000E-01  6.40136E-06 -1.27712E-05  4.30621E-17  1.17316E+05 -3.40875E+03 -1.10068E+03  1.28431E+03  1.30122E+03 -1.53351E+02  7.00000E+00  4.00000E+00  0.00000E+00  6.39947E-06 -1.27571E-05  1.09755E-07  1.17286E+05 -3.47921E+03 -1.13088E+03  1.35814E+03 -1.22879E+03  1.45481E+02  7.00000E+00  3.50000E+00  0.00000E+00  4.77145E-06 -1.26623E-05  8.15007E-08  1.42242E+05  5.10495E+03  2.35300E+03  1.60855E+03  1.28109E+03 -2.03123E+02  7.00000E+00  3.50000E+00  5.00000E-01  4.77304E-06 -1.26761E-05  4.37041E-17  1.42211E+05  5.03448E+03  2.32280E+03  1.68283E+03 -1.24892E+03  1.51442E+02
   6.50000E+00  4.00000E+00  1.00000E+00  6.02994E-06 -1.11597E-05 -1.13976E-07  1.16351E+05 -5.06387E+03 -2.66383E+03 -6.84766E+03  1.25586E+03 -1.45483E+02  6.50000E+00  4.00000E+00  5.00000E-01  6.03183E-06 -1.11743E-05  3.74872E-17  1.16382E+05 -4.99186E+03 -2.63296E+03 -6.92149E+03 -1.32988E+03  1.53349E+02  6.50000E+00  3.50000E+00  5.00000E-01  4.49589E-06 -1.10755E-05  3.81236E-17  1.41193E+05  3.36622E+03  5.94790E+02 -6.52297E+03  1.27643E+03 -1.51446E+02  6.50000E+00  3.50000E+00  1.00000E+00  4.49430E-06 -1.10612E-05 -8.46354E-08  1.41223E+05  3.43824E+03  6.25657E+02 -6.59725E+03 -1.30931E+03  2.03119E+02  7.00000E+00  4.00000E+00  1.00000E+00  6.39947E-06 -1.27571E-05 -1.09755E-07  1.17286E+05 -3.47921E+03 -1.13088E+03  1.35814E+03  1.22879E+03 -1.45481E+02  7.00000E+00  4.00000E+00  5.00000E-01  6.40136E-06 -1.27712E-05  4.30621E-17  1.17316E+05 -3.40875E+03 -1.10068E+03  1.28431E+03 -1.30122E+03  1.53351E+02  7.00000E+00  3.50000E+00  5.00000E-01  4.77304E-06 -1.26761E-05  4.37041E-17  1.42211E+05  5.03448E+03  2.32280E+03  1.68283E+03  1.24892E+03 -1.51442E+02  7.00000E+00  3.50000E+00  1.00000E+00  4.77145E-06 -1.26623E-05 -8.15007E-08  1.42242E+05  5.10495E+03  2.35300E+03  1.60855E+03 -1.28109E+03  2.03123E+02
   7.00000E+00  5.00000E-01  5.00000E-01 -4.77304E-06 -1.26761E-05  4.57473E-17 -1.35875E+05 -3.27703E+03 -5.69468E+02 -6.44237E+03  1.26043E+03  2.03115E+02  7.00000E+00  5.00000E-01  0.00000E+00 -4.77145E-06 -1.26623E-05 -8.15007E-08 -1.35845E+05 -3.20770E+03 -5.39756E+02 -6.36810E+03 -1.22878E+03 -1.51443E+02  7.00000E+00  0.00000E+00  0.00000E+00 -6.39947E-06 -1.27571E-05 -1.09755E-07 -1.11972E+05  4.83336E+03  2.56250E+03 -6.76662E+03  1.28024E+03  1.53348E+02  7.00000E+00  0.00000E+00  5.00000E-01 -6.40136E-06 -1.27712E-05  4.57891E-17 -1.11943E+05  4.90268E+03  2.59221E+03 -6.69279E+03 -1.20897E+03 -1.45481E+02  7.50000E+00  5.00000E-01  5.00000E-01 -5.03973E-06 -1.43673E-05  5.17519E-17 -1.36893E+05 -4.94372E+03 -2.29679E+03  1.45376E+03  1.23221E+03  2.03117E+02  7.50000E+00  5.00000E-01  0.00000E+00 -5.03814E-06 -1.43540E-05 -7.83660E-08 -1.36864E+05 -4.87595E+03 -2.26774E+03  1.52803E+03 -1.20127E+03 -1.51441E+02  7.50000E+00  0.00000E+00  0.00000E+00 -6.75506E-06 -1.44452E-05 -1.05533E-07 -1.12907E+05  3.25025E+03  1.03023E+03  1.12951E+03  1.25157E+03  1.53349E+02  7.50000E+00  0.00000E+00  5.00000E-01 -6.75695E-06 -1.44587E-05  5.18389E-17 -1.12878E+05  3.31803E+03  1.05928E+03  1.20334E+03 -1.18190E+03 -1.45480E+02
   7.00000E+00  5.00000E-01  1.00000E+00 -4.77145E-06 -1.26623E-05  8.15007E-08 -1.35845E+05 -3.20770E+03 -5.39756E+02 -6.36810E+03  1.22878E+03  1.51443E+02  7.00000E+00  5.00000E-01  5.00000E-01 -4.77304E-06 -1.26761E-05  4.57473E-17 -1.35875E+05 -3.27703E+03 -5.69468E+02 -6.44237E+03 -1.26043E+03 -2.03115E+02  7.00000E+00  0.00000E+00  5.00000E-01 -6.40136E-06 -1.27712E-05  4.57891E-17 -1.11943E+05  4.90268E+03  2.59221E+03 -6.69279E+03  1.20897E+03  1.45481E+02  7.00000E+00  0.00000E+00  1.00000E+00 -6.39947E-06 -1.27571E-05  1.09755E-07 -1.11972E+05  4.83336E+03  2.56250E+03 -6.76662E+03 -1.28024E+03 -1.53348E+02  7.50000E+00  5.00000E-01  1.00000E+00 -5.03814E-06 -1.43540E-05  7.83660E-08 -1.36864E+05 -4.87595E+03 -2.26774E+03  1.52803E+03  1.20127E+03  1.51441E+02  7.50000E+00  5.00000E-01  5.00000E-01 -5.03973E-06 -1.43673E-05  5.17519E-17 -1.36893E+05 -4.94372E+03 -2.29679E+03  1.45376E+03 -1.23221E+03 -2.03117E+02  7.50000E+00  0.00000E+00  5.00000E-01 -6.75695E-06 -1.44587E-05  5.18389E-17 -1.12878E+05  3.31803E+03  1.05928E+03  1.20334E+03  1.18190E+03  1.45480E+02  7.50000E+00  0.00000E+00  1.00000E+00 -6.75506E-06 -1.44452E-05  1.05533E-07 -1.12907E+05  3.25025E+03  1.03023E+03  1.12951E+03 -1.25157E+03 -1.53349E+02
   7.00000E+00  1.00000E+00  5.00000E-01 -3.16866E-06 -1.26080E-05  4.56194E-17 -1.00596E+05 -3.58547E+03 -1.19447E+03 -1.06825E+04  1.16089E+03  1.26248E+02  7.00000E+00  1.00000E+00  0.00000E+00 -3.16761E-06 -1.25944E-05 -5.43630E-08 -1.00564E+05 -3.51137E+03 -1.16271E+03 -1.05865E+04 -1.22997E+03 -1.32591E+02  7.00000E+00  5.00000E-01  0.00000E+00 -4.77145E-06 -1.26623E-05 -8.15007E-08 -7.65459E+04  4.67245E+03  2.28173E+03 -1.09146E+04  1.18206E+03  1.01977E+02  7.00000E+00  5.00000E-01  5.00000E-01 -4.77304E-06 -1.26761E-05  4.57473E-17 -7.65141E+04  4.74655E+03  2.31349E+03 -1.08191E+04 -1.20880E+03 -1.03334E+02  7.50000E+00  1.00000E+00  5.00000E-01 -3.34645E-06 -1.43018E-05  5.15843E-17 -1.01332E+05 -4.78595E+03 -2.44850E+03 -2.78638E+03  1.13490E+03  1.26248E+02  7.50000E+00  1.00000E+00  0.00000E+00 -3.34541E-06 -1.42887E-05 -5.22722E-08 -1.01301E+05 -4.71351E+03 -2.41745E+03 -2.69040E+03 -1.20243E+03 -1.32590E+02  7.50000E+00  5.00000E-01  0.00000E+00 -5.03814E-06 -1.43540E-05 -7.83660E-08 -7.72020E+04  3.55226E+03  1.21505E+03 -3.01844E+03  1.15559E+03  1.01977E+02  7.50000E+00  5.00000E-01  5.00000E-01 -5.03973E-06 -1.43673E-05  5.17519E-17 -7.71709E+04  3.62470E+03  1.24610E+03 -2.92294E+03 -1.18174E+03 -1.03334E+02
   7.00000E+00  1.00000E+00  1.00000E+00 -3.16761E-06 -1.25944E-05  5.43630E-08 -1.00564E+05 -3.51137E+03 -1.16271E+03 -1.05865E+04  1.22997E+03  1.32591E+02  7.00000E+00  1.00000E+00  5.00000E-01 -3.16866E-06 -1.26080E-05  4.56194E-17 -1.00596E+05 -3.58547E+03 -1.19447E+03 -1.06825E+04 -1.16089E+03 -1.26248E+02  7.00000E+00  5.00000E-01  5.00000E-01 -4.77304E-06 -1.26761E-05  4.57473E-17 -7.65141E+04  4.74655E+03  2.31349E+03 -1.08191E+04  1.20880E+03  1.03334E+02  7.00000E+00  5.00000E-01  1.00000E+00 -4.77145E-06 -1.26623E-05  8.15007E-08 -7.65459E+04  4.67245E+03  2.28173E+03 -1.09146E+04 -1.18206E+03 -1.01977E+02  7.50000E+00  1.00000E+00  1.00000E+00 -3.34541E-06 -1.42887E-05  5.22722E-08 -1.01301E+05 -4.71351E+03 -2.41745E+03 -2.69040E+03  1.20243E+03  1.32590E+02  7.50000E+00  1.00000E+00  5.00000E-01 -3.34645E-06 -1.43018E-05  5.15843E-17 -1.01332E+05 -4.78595E+03 -2.44850E+03 -2.78638E+03 -1.13490E+03 -1.26248E+02  7.50000E+00  5.00000E-01  5.00000E-01 -5.03973E-06 -1.43673E-05  5.17519E-17 -7.71709E+04  3.62470E+03  1.24610E+03 -2.92294E+03  1.18174E+03  1.03334E+02  7.50000E+00  5.00000E-01  1.00000E+00 -5.03814E-06 -1.43540E-05  7.83660E-08 -7.72020E+04  3.55226E+03  1.21505E+03 -3.01844E+03 -1.15559E+03 -1.01977E+02
   7.00000E+00  1.50000E+00  5.00000E-01 -1.58032E-06 -1.25672E-05  4.54074E-17 -6.51544E+04 -3.78044E+03 -1.39008E+03 -1.35164E+04  1.19427E+03  8.32303E+01  7.00000E+00  1.50000E+00  0.00000E+00 -1.57980E-06 -1.25536E-05 -2.71918E-08 -6.51526E+04 -3.77645E+03 -1.38837E+03 -1.34236E+04 -1.19955E+03 -8.28722E+01  7.00000E+00  1.00000E+00  0.00000E+00 -3.16761E-06 -1.25944E-05 -5.43630E-08 -4.11087E+04  4.47302E+03  2.07574E+03 -1.36557E+04  1.19541E+03  5.62849E+01  7.00000E+00  1.00000E+00  5.00000E-01 -3.16866E-06 -1.26080E-05  4.56194E-17 -4.11069E+04  4.47701E+03  2.07745E+03 -1.35630E+04 -1.19841E+03 -5.62250E+01  7.50000E+00  1.50000E+00  5.00000E-01 -1.66922E-06 -1.42626E-05  5.13377E-17 -6.56125E+04 -4.51726E+03 -2.18044E+03 -5.62026E+03  1.16753E+03  8.32298E+01  7.50000E+00  1.50000E+00  0.00000E+00 -1.66869E-06 -1.42495E-05 -2.61460E-08 -6.56108E+04 -4.51336E+03 -2.17877E+03 -5.52752E+03 -1.17269E+03 -8.28727E+01  7.50000E+00  1.00000E+00  0.00000E+00 -3.34541E-06 -1.42887E-05 -5.22722E-08 -4.14864E+04  3.81658E+03  1.47295E+03 -5.75959E+03  1.16865E+03  5.62843E+01  7.50000E+00  1.00000E+00  5.00000E-01 -3.34645E-06 -1.43018E-05  5.15843E-17 -4.14847E+04  3.82048E+03  1.47463E+03 -5.66688E+03 -1.17158E+03 -5.62256E+01
   7.00000E+00  1.50000E+00  1.00000E+00 -1.57980E-06 -1.25536E-05  2.71918E-08 -6.51526E+04 -3.77645E+03 -1.38837E+03 -1.34236E+04  1.19955E+03  8.28722E+01  7.00000E+00  1.50000E+00  5.00000E-01 -1.58032E-06 -1.25672E-05  4.54074E-17 -6.51544E+04 -3.78044E+03 -1.39008E+03 -1.35164E+04 -1.19427E+03 -8.32303E+01  7.00000E+00  1.00000E+00  5.00000E-01 -3.16866E-06 -1.26080E-05  4.56194E-17 -4.11069E+04  4.47701E+03  2.07745E+03 -1.35630E+04  1.19841E+03  5.62250E+01  7.00000E+00  1.00000E+00  1.00000E+00 -3.16761E-06 -1.25944E-05  5.43630E-08 -4.11087E+04  4.47302E+03  2.07574E+03 -1.36557E+04 -1.19541E+03 -5.62849E+01  7.50000E+00  1.50000E+00  1.00000E+00 -1.66869E-06 -1.42495E-05  2.61460E-08 -6.56108E+04 -4.51336E+03 -2.17877E+03 -5.52752E+03  1.17269E+03  8.28727E+01  7.50000E+00  1.50000E+00  5.00000E-01 -1.66922E-06 -1.42626E-05  5.13377E-17 -6.56125E+04 -4.51726E+03 -2.18044E+03 -5.62026E+03 -1.16753E+03 -8.32298E+01  7.50000E+00  1.00000E+00  5.00000E-01 -3.34645E-06 -1.43018E-05  5.15843E-17 -4.14847E+04  3.82048E+03  1.47463E+03 -5.66688E+03  1.17158E+03  5.62256E+01  7.50000E+00  1.00000E+00  1.00000E+00 -3.34541E-06 -1.42887E-05  5.22722E-08 -4.14864E+04  3.81658E+03  1.47295E+03 -5.75959E+03 -1.16865E+03 -5.62843E+01
   7.00000E+00  2.00000E+00  5.00000E-01  1.06409E-20 -1.25536E-05  4.51101E-17 -2.97311E+04 -4.00888E+03 -1.61351E+03 -1.49573E+04  1.19822E+03  3.66121E+01  7.00000E+00  2.00000E+00  0.00000E+00  5.76561E-18 -1.25400E-05  4.51493E-17 -2.97314E+04 -4.00967E+03 -1.61385E+03 -1.48644E+04 -1.19741E+03 -3.66508E+01  7.00000E+00  1.50000E+00  0.00000E+00 -1.57980E-06 -1.25536E-05 -2.71918E-08 -5.68812E+03  4.24184E+03  1.84595E+03 -1.50038E+04  1.19800E+03  9.81017E+00  7.00000E+00  1.50000E+00  5.00000E-01 -1.58032E-06 -1.25672E-05  4.54074E-17 -5.68846E+03  4.24105E+03  1.84562E+03 -1.49109E+04 -1.19763E+03 -9.82056E+00  7.50000E+00  2.00000E+00  5.00000E-01  1.25467E-20 -1.42495E-05  5.10114E-17 -2.99106E+04 -4.28133E+03 -1.93959E+03 -7.06124E+03  1.17140E+03  3.66115E+01  7.50000E+00  2.00000E+00  0.00000E+00  6.02837E-18 -1.42364E-05  5.10491E-17 -2.99110E+04 -4.28210E+03 -1.93993E+03 -6.96834E+03 -1.17060E+03 -3.66514E+01  7.50000E+00  1.50000E+00  0.00000E+00 -1.66869E-06 -1.42495E-05 -2.61460E-08 -5.78723E+03  4.04984E+03  1.70758E+03 -7.10768E+03  1.17118E+03  9.81003E+00  7.50000E+00  1.50000E+00  5.00000E-01 -1.66922E-06 -1.42626E-05  5.13377E-17 -5.78757E+03  4.04906E+03  1.70725E+03 -7.01478E+03 -1.17082E+03 -9.82070E+00
   7.00000E+00  2.00000E+00  1.00000E+00 -5.74116E-18 -1.25400E-05  4.51498E-17 -2.97314E+04 -4.00967E+03 -1.61385E+03 -1.48644E+04  1.19741E+03  3.66508E+01  7.00000E+00  2.00000E+00  5.00000E-01  1.06409E-20 -1.25536E-05  4.51101E-17 -2.97311E+04 -4.00888E+03 -1.61351E+03 -1.49573E+04 -1.19822E+03 -3.66121E+01  7.00000E+00  1.50000E+00  5.00000E-01 -1.58032E-06 -1.25672E-05  4.54074E-17 -5.68846E+03  4.24105E+03  1.84562E+03 -1.49109E+04  1.19763E+03  9.82056E+00  7.00000E+00  1.50000E+00  1.00000E+00 -1.57980E-06 -1.25536E-05  2.71918E-08 -5.68812E+03  4.24184E+03  1.84595E+03 -1.50038E+04 -1.19800E+03 -9.81017E+00  7.50000E+00  2.00000E+00  1.00000E+00 -6.00225E-18 -1.42364E-05  5.10474E-17 -2.99110E+04 -4.28210E+03 -1.93993E+03 -6.96834E+03  1.17060E+03  3.66514E+01  7.50000E+00  2.00000E+00  5.00000E-01  1.25467E-20 -1.42495E-05  5.10114E-17 -2.99106E+04 -4.28133E+03 -1.93959E+03 -7.06124E+03 -1.17140E+03 -3.66115E+01  7.50000E+00  1.50000E+00  5.00000E-01 -1.66922E-06 -1.42626E-05  5.13377E-17 -5.78757E+03  4.04906E+03  1.70725E+03 -7.01478E+03  1.17082E+03  9.82070E+00  7.50000E+00  1.50000E+00  1.00000E+00 -1.66869E-06 -1.42495E-05  2.61460E-08 -5.78723E+03  4.04984E+03  1.70758E+03 -7.10768E+03 -1.17118E+03 -9.81003E+00
   7.00000E+00  2.50000E+00  5.00000E-01  1.58032E-06 -1.25672E-05  4.47276E-17  5.68812E+03 -4.24184E+03 -1.84595E+03 -1.50038E+04  1.19800E+03 -9.81017E+00  7.00000E+00  2.50000E+00  0.00000E+00  1.57980E-06 -1.25536E-05  2.71918E-08  5.68846E+03 -4.24105E+03 -1.84562E+03 -1.49109E+04 -1.19763E+03  9.82056E+00  7.00000E+00  2.00000E+00  0.00000E+00  5.76561E-18 -1.25400E-05  4.51493E-17  2.97311E+04  4.00888E+03  1.61351E+03 -1.49573E+04  1.19822E+03 -3.66121E+01  7.00000E+00  2.00000E+00  5.00000E-01  1.06409E-20 -1.25536E-05  4.51101E-17  2.97314E+04  4.00967E+03  1.61385E+03 -1.48644E+04 -1.19741E+03  3.66508E+01  7.50000E+00  2.50000E+00  5.00000E-01  1.66922E-06 -1.42626E-05  5.06057E-17  5.78723E+03 -4.04984E+03 -1.70758E+03 -7.10768E+03  1.17118E+03 -9.81003E+00  7.50000E+00  2.50000E+00  0.00000E+00  1.66869E-06 -1.42495E-05  2.61460E-08  5.78757E+03 -4.04906E+03 -1.70725E+03 -7.01478E+03 -1.17082E+03  9.82070E+00  7.50000E+00  2.00000E+00  0.00000E+00  6.02837E-18 -1.42364E-05  5.10491E-17  2.99106E+04  4.28133E+03  1.93959E+03 -7.06124E+03  1.17140E+03 -3.66115E+01  7.50000E+00  2.00000E+00  5.00000E-01  1.25467E-20 -1.42495E-05  5.10114E-17  2.99110E+04  4.28210E+03  1.93993E+03 -6.96834E+03 -1.17060E+03  3.66514E+01
   7.00000E+00  2.50000E+00  1.00000E+00  1.57980E-06 -1.25536E-05 -2.71918E-08  5.68846E+03 -4.24105E+03 -1.84562E+03 -1.49109E+04  1.19763E+03 -9.82056E+00  7.00000E+00  2.50000E+00  5.00000E-01  1.58032E-06 -1.25672E-05  4.47276E-17  5.68812E+03 -4.24184E+03 -1.84595E+03 -1.50038E+04 -1.19800E+03  9.81017E+00  7.00000E+00  2.00000E+00  5.00000E-01  1.06409E-20 -1.25536E-05  4.51101E-17  2.97314E+04  4.00967E+03  1.61385E+03 -1.48644E+04  1.19741E+03 -3.66508E+01  7.00000E+00  2.00000E+00  1.00000E+00 -5.74116E-18 -1.25400E-05  4.51498E-17  2.97311E+04  4.00888E+03  1.61351E+03 -1.49573E+04 -1.19822E+03  3.66121E+01  7.50000E+00  2.50000E+00  1.00000E+00  1.66869E-06 -1.42495E-05 -2.61460E-08  5.78757E+03 -4.04906E+03 -1.70725E+03 -7.01478E+03  1.17082E+03 -9.82070E+00  7.50000E+00  2.50000E+00  5.00000E-01  1.66922E-06 -1.42626E-05  5.06057E-17  5.78723E+03 -4.04984E+03 -1.70758E+03 -7.10768E+03 -1.17118E+03  9.81003E+00  7.50000E+00  2.00000E+00  5.00000E-01  1.25467E-20 -1.42495E-05  5.10114E-17  2.99110E+04  4.28210E+03  1.93993E+03 -6.96834E+03  1.17060E+03 -3.66514E+01  7.50000E+00  2.00000E+00  1.00000E+00 -6.00225E-18 -1.42364E-05  5.10474E-17  2.99106E+04  4.28133E+03  1.93959E+03 -7.06124E+03 -1.17140E+03  3.66115E+01
   7.00000E+00  3.00000E+00  5.00000E-01  3.16866E-06 -1.26080E-05  4.42588E-17  4.11087E+04 -4.47302E+03 -2.07574E+03 -1.36557E+04  1.19541E+03 -5.62849E+01  7.00000E+00  3.00000E+00  0.00000E+00  3.16761E-06 -1.25944E-05  5.43630E-08  4.11069E+04 -4.47701E+03 -2.07745E+03 -1.35630E+04 -1.19841E+03  5.62250E+01  7.00000E+00  2.50000E+00  0.00000E+00  1.57980E-06 -1.25536E-05  2.71918E-08  6.51544E+04  3.78044E+03  1.39008E+03 -1.35164E+04  1.19427E+03 -8.32303E+01  7.00000E+00  2.50000E+00  5.00000E-01  1.58032E-06 -1.25672E-05  4.47276E-17  6.51526E+04  3.77645E+03  1.38837E+03 -1.34236E+04 -1.19955E+03  8.28722E+01  7.50000E+00  3.00000E+00  5.00000E-01  3.34645E-06 -1.43018E-05  5.01229E-17  4.14864E+04 -3.81658E+03 -1.47295E+03 -5.75959E+03  1.16865E+03 -5.62843E+01  7.50000E+00  3.00000E+00  0.00000E+00  3.34541E-06 -1.42887E-05  5.22722E-08  4.14847E+04 -3.82048E+03 -1.47463E+03 -5.66688E+03 -1.17158E+03  5.62256E+01  7.50000E+00  2.50000E+00  0.00000E+00  1.66869E-06 -1.42495E-05  2.61460E-08  6.56125E+04  4.51726E+03  2.18044E+03 -5.62026E+03  1.16753E+03 -8.32298E+01  7.50000E+00  2.50000E+00  5.00000E-01  1.66922E-06 -1.42626E-05  5.06057E-17  6.56108E+04  4.51336E+03  2.17877E+03 -5.52752E+03 -1.17269E+03  8.28727E+01
   7.00000E+00  3.00000E+00  1.00000E+00  3.16761E-06 -1.25944E-05 -5.43630E-08  4.11069E+04 -4.47701E+03 -2.07745E+03 -1.35630E+04  1.19841E+03 -5.62250E+01  7.00000E+00  3.00000E+00  5.00000E-01  3.16866E-06 -1.26080E-05  4.42588E-17  4.11087E+04 -4.47302E+03 -2.07574E+03 -1.36557E+04 -1.19541E+03  5.62849E+01  7.00000E+00  2.50000E+00  5.00000E-01  1.58032E-06 -1.25672E-05  4.47276E-17  6.51526E+04  3.77645E+03  1.38837E+03 -1.34236E+04  1.19955E+03 -8.28722E+01  7.00000E+00  2.50000E+00  1.00000E+00  1.57980E-06 -1.25536E-05 -2.71918E-08  6.51544E+04  3.78044E+03  1.39008E+03 -1.35164E+04 -1.19427E+03  8.32303E+01  7.50000E+00  3.00000E+00  1.00000E+00  3.34541E-06 -1.42887E-05 -5.22722E-08  4.14847E+04 -3.82048E+03 -1.47463E+03 -5.66688E+03  1.17158E+03 -5.62256E+01  7.50000E+00  3.00000E+00  5.00000E-01  3.34645E-06 -1.43018E-05  5.01229E-17  4.14864E+04 -3.81658E+03 -1.47295E+03 -5.75959E+03 -1.16865E+03  5.62843E+01  7.50000E+00  2.50000E+00  5.00000E-01  1.66922E-06 -1.42626E-05  5.06057E-17  6.56108E+04  4.51336E+03  2.17877E+03 -5.52752E+03  1.17269E+03 -8.28727E+01  7.50000E+00  2.50000E+00  1.00000E+00  1.66869E-06 -1.42495E-05 -2.61460E-08  6.56125E+04  4.51726E+03  2.18044E+03 -5.62026E+03 -1.16753E+03  8.32298E+01
   7.00000E+00  3.50000E+00  5.00000E-01  4.77304E-06 -1.26761E-05  4.37041E-17  7.65459E+04 -4.67245E+03 -2.28173E+03 -1.09146E+04  1.18206E+03 -1.01977E+02  7.00000E+00  3.50000E+00  0.00000E+00  4.77145E-06 -1.26623E-05  8.15007E-08  7.65141E+04 -4.74655E+03 -2.31349E+03 -1.08191E+04 -1.20880E+03  1.03334E+02  7.00000E+00  3.00000E+00  0.00000E+00  3.16761E-06 -1.25944E-05  5.43630E-08  1.00596E+05  3.58547E+03  1.19447E+03 -1.06825E+04  1.16089E+03 -1.26248E+02  7.00000E+00  3.00000E+00  5.00000E-01  3.16866E-06 -1.26080E-05  4.42588E-17  1.00564E+05  3.51137E+03  1.16271E+03 -1.05865E+04 -1.22997E+03  1.32591E+02  7.50000E+00  3.50000E+00  5.00000E-01  5.03973E-06 -1.43673E-05  4.95584E-17  7.72020E+04 -3.55226E+03 -1.21505E+03 -3.01844E+03  1.15559E+03 -1.01977E+02  7.50000E+00  3.50000E+00  0.00000E+00  5.03814E-06 -1.43540E-05  7.83660E-08  7.71709E+04 -3.62470E+03 -1.24610E+03 -2.92294E+03 -1.18174E+03  1.03334E+02  7.50000E+00  3.00000E+00  0.00000E+00  3.34541E-06 -1.42887E-05  5.22722E-08  1.01332E+05  4.78595E+03  2.44850E+03 -2.78638E+03  1.13490E+03 -1.26248E+02  7.50000E+00  3.00000E+00  5.00000E-01  3.34645E-06 -1.43018E-05  5.01229E-17  1.01301E+05  4.71351E+03  2.41745E+03 -2.69040E+03 -1.20243E+03  1.32590E+02
   7.00000E+00  3.50000E+00  1.00000E+00  4.77145E-06 -1.26623E-05 -8.15007E-08  7.65141E+04 -4.74655E+03 -2.31349E+03 -1.08191E+04  1.20880E+03 -1.03334E+02  7.00000E+00  3.50000E+00  5.00000E-01  4.77304E-06 -1.26761E-05  4.37041E-17  7.65459E+04 -4.67245E+03 -2.28173E+03 -1.09146E+04 -1.18206E+03  1.01977E+02  7.00000E+00  3.00000E+00  5.00000E-01  3.16866E-06 -1.26080E-05  4.42588E-17  1.00564E+05  3.51137E+03  1.16271E+03 -1.05865E+04  1.22997E+03 -1.32591E+02  7.00000E+00  3.00000E+00  1.00000E+00  3.16761E-06 -1.25944E-05 -5.43630E-08  1.00596E+05  3.58547E+03  1.19447E+03 -1.06825E+04 -1.16089E+03  1.26248E+02  7.50000E+00  3.50000E+00  1.00000E+00  5.03814E-06 -1.43540E-05 -7.83660E-08  7.71709E+04 -3.62470E+03 -1.24610E+03 -2.92294E+03  1.18174E+03 -1.03334E+02  7.50000E+00  3.50000E+00  5.00000E-01  5.03973E-06 -1.43673E-05  4.95584E-17  7.72020E+04 -3.55226E+03 -1.21505E+03 -3.01844E+03 -1.15559E+03  1.01977E+02  7.50000E+00  3.00000E+00  5.00000E-01  3.34645E-06 -1.43018E-05  5.01229E-17  1.01301E+05  4.71351E+03  2.41745E+03 -2.69040E+03  1.20243E+03 -1.32590E+02  7.50000E+00  3.00000E+00  1.00000E+00  3.34541E-06 -1.42887E-05 -5.22722E-08  1.01332E+05  4.78595E+03  2.44850E+03 -2.78638E+03 -1.13490E+03  1.26248E+02
   7.00000E+00  4.00000E+00  5.00000E-01  6.40136E-06 -1.27712E-05  4.30621E-17  1.11972E+05 -4.83336E+03 -2.56250E+03 -6.76662E+03  1.28024E+03 -1.53348E+02  7.00000E+00  4.00000E+00  0.00000E+00  6.39947E-06 -1.27571E-05  1.09755E-07  1.11943E+05 -4.90268E+03 -2.59221E+03 -6.69279E+03 -1.20897E+03  1.45481E+02  7.00000E+00  3.50000E+00  0.00000E+00  4.77145E-06 -1.26623E-05  8.15007E-08  1.35875E+05  3.27703E+03  5.69468E+02 -6.44237E+03  1.26043E+03 -2.03115E+02  7.00000E+00  3.50000E+00  5.00000E-01  4.77304E-06 -1.26761E-05  4.37041E-17  1.35845E+05  3.20770E+03  5.39756E+02 -6.36810E+03 -1.22878E+03  1.51443E+02  7.50000E+00  4.00000E+00  5.00000E-01  6.75695E-06 -1.44587E-05  4.89123E-17  1.12907E+05 -3.25025E+03 -1.03023E+03  1.12951E+03  1.25157E+03 -1.53349E+02  7.50000E+00  4.00000E+00  0.00000E+00  6.75506E-06 -1.44452E-05  1.05533E-07  1.12878E+05 -3.31803E+03 -1.05928E+03  1.20334E+03 -1.18190E+03  1.45480E+02  7.50000E+00  3.50000E+00  0.00000E+00  5.03814E-06 -1.43540E-05  7.83660E-08  1.36893E+05  4.94372E+03  2.29679E+03  1.45376E+03  1.23221E+03 -2.03117E+02  7.50000E+00  3.50000E+00  5.00000E-01  5.03973E-06 -1.43673E-05  4.95584E-17  1.36864E+05  4.87595E+03  2.26774E+03  1.52803E+03 -1.20127E+03  1.51441E+02
   7.00000E+00  4.00000E+00  1.00000E+00  6.39947E-06 -1.27571E-05 -1.09755E-07  1.11943E+05 -4.90268E+03 -2.59221E+03 -6.69279E+03  1.20897E+03 -1.45481E+02  7.00000E+00  4.00000E+00  5.00000E-01  6.40136E-06 -1.27712E-05  4.30621E-17  1.11972E+05 -4.83336E+03 -2.56250E+03 -6.76662E+03 -1.28024E+03  1.53348E+02  7.00000E+00  3.50000E+00  5.00000E-01  4.77304E-06 -1.26761E-05  4.37041E-17  1.35845E+05  3.20770E+03  5.39756E+02 -6.36810E+03  1.22878E+03 -1.51443E+02  7.00000E+00  3.50000E+00  1.00000E+00  4.77145E-06 -1.26623E-05 -8.15007E-08  1.35875E+05  3.27703E+03  5.69468E+02 -6.44237E+03 -1.26043E+03  2.03115E+02  7.50000E+00  4.00000E+00  1.00000E+00  6.75506E-06 -1.44452E-05 -1.05533E-07  1.12878E+05 -3.31803E+03 -1.05928E+03  1.20334E+03  1.18190E+03 -1.45480E+02  7.50000E+00  4.00000E+00  5.00000E-01  6.75695E-06 -1.44587E-05  4.89123E-17  1.12907E+05 -3.25025E+03 -1.03023E+03  1.12951E+03 -1.25157E+03  1.53349E+02  7.50000E+00  3.50000E+00  5.00000E-01  5.03973E-06 -1.43673E-05  4.95584E-17  1.36864E+05  4.87595E+03  2.26774E+03  1.52803E+03  1.20127E+03 -1.51441E+02  7.50000E+00  3.50000E+00  1.00000E+00  5.03814E-06 -1.43540E-05 -7.83660E-08  1.36893E+05  4.94372E+03  2.29679E+03  1.45376E+03 -1.23221E+03  2.03117E+02
   7.50000E+00  5.00000E-01  5.00000E-01 -5.03973E-06 -1.43673E-05  5.17519E-17 -1.30527E+05 -3.11583E+03 -5.13272E+02 -6.28753E+03  1.21155E+03  2.03114E+02  7.50000E+00  5.00000E-01  0.00000E+00 -5.03814E-06 -1.43540E-05 -7.83660E-08 -1.30498E+05 -3.04919E+03 -4.84714E+02 -6.21326E+03 -1.18113E+03 -1.51441E+02  7.50000E+00  0.00000E+00  0.00000E+00 -6.75506E-06 -1.44452E-05 -1.05533E-07 -1.07563E+05  4.67486E+03  2.49205E+03 -6.61177E+03  1.23059E+03  1.53347E+02  7.50000E+00  0.00000E+00  5.00000E-01 -6.75695E-06 -1.44587E-05  5.18389E-17 -1.07534E+05  4.74149E+03  2.52061E+03 -6.53795E+03 -1.16209E+03 -1.45480E+02  8.00000E+00  5.00000E-01  5.00000E-01 -5.29597E-06 -1.61457E-05  5.80087E-17 -1.31545E+05 -4.78252E+03 -2.24058E+03  1.29894E+03  1.18334E+03  2.03115E+02  8.00000E+00  5.00000E-01  0.00000E+00 -5.29437E-06 -1.61329E-05 -7.52314E-08 -1.31517E+05 -4.71744E+03 -2.21269E+03  1.37321E+03 -1.15362E+03 -1.51440E+02  8.00000E+00  0.00000E+00  0.00000E+00 -7.09670E-06 -1.62205E-05 -1.01312E-07 -1.08498E+05  3.09176E+03  9.59784E+02  9.74699E+02  1.20193E+03  1.53348E+02  8.00000E+00  0.00000E+00  5.00000E-01 -7.09859E-06 -1.62334E-05  5.81453E-17 -1.08470E+05  3.15684E+03  9.87678E+02  1.04852E+03 -1.13502E+03 -1.45480E+02
   7.50000E+00  5.00000E-01  1.00000E+00 -5.03814E-06 -1.43540E-05  7.83660E-08 -1.30498E+05 -3.04919E+03 -4.84714E+02 -6.21326E+03  1.18113E+03  1.51441E+02  7.50000E+00  5.00000E-01  5.00000E-01 -5.03973E-06 -1.43673E-05  5.17519E-17 -1.30527E+05 -3.11583E+03 -5.13272E+02 -6.28753E+03 -1.21155E+03 -2.03114E+02  7.50000E+00  0.00000E+00  5.00000E-01 -6.75695E-06 -1.44587E-05  5.18389E-17 -1.07534E+05  4.74149E+03  2.52061E+03 -6.53795E+03  1.16209E+03  1.45480E+02  7.50000E+00  0.00000E+00  1.00000E+00 -6.75506E-06 -1.44452E-05  1.05533E-07 -1.07563E+05  4.67486E+03  2.49205E+03 -6.61177E+03 -1.23059E+03 -1.53347E+02  8.00000E+00  5.00000E-01  1.00000E+00 -5.29437E-06 -1.61329E-05  7.52314E-08 -1.31517E+05 -4.71744E+03 -2.21269E+03  1.37321E+03  1.15362E+03  1.51440E+02  8.00000E+00  5.00000E-01  5.00000E-01 -5.29597E-06 -1.61457E-05  5.80087E-17 -1.31545E+05 -4.78252E+03 -2.24058E+03  1.29894E+03 -1.18334E+03 -2.03115E+02  8.00000E+00  0.00000E+00  5.00000E-01 -7.09859E-06 -1.62334E-05  5.81453E-17 -1.08470E+05  3.15684E+03  9.87678E+02  1.04852E+03  1.13502E+03  1.45480E+02  8.00000E+00  0.00000E+00  1.00000E+00 -7.09670E-06 -1.62205E-05  1.01312E-07 -1.08498E+05  3.09176E+03  9.59784E+02  9.74699E+02 -1.20193E+03 -1.53348E+02
   7.50000E+00  1.00000E+00  5.00000E-01 -3.34645E-06 -1.43018E-05  5.15843E-17 -9.66367E+04 -3.42129E+03 -1.12303E+03 -1.05277E+04  1.11587E+03  1.26248E+02  7.50000E+00  1.00000E+00  0.00000E+00 -3.34541E-06 -1.42887E-05 -5.22722E-08 -9.66062E+04 -3.35006E+03 -1.09250E+03 -1.04317E+04 -1.18228E+03 -1.32590E+02  7.50000E+00  5.00000E-01  0.00000E+00 -5.03814E-06 -1.43540E-05 -7.83660E-08 -7.35313E+04  4.51121E+03  2.21317E+03 -1.07597E+04  1.13622E+03  1.01977E+02  7.50000E+00  5.00000E-01  5.00000E-01 -5.03973E-06 -1.43673E-05  5.17519E-17 -7.35007E+04  4.58244E+03  2.24370E+03 -1.06642E+04 -1.16192E+03 -1.03334E+02  8.00000E+00  1.00000E+00  5.00000E-01 -3.51727E-06 -1.60828E-05  5.77980E-17 -9.73731E+04 -4.62178E+03 -2.37707E+03 -2.94118E+03  1.08988E+03  1.26248E+02  8.00000E+00  1.00000E+00  0.00000E+00 -3.51623E-06 -1.60702E-05 -5.01813E-08 -9.73432E+04 -4.55221E+03 -2.34725E+03 -2.84521E+03 -1.15474E+03 -1.32590E+02  8.00000E+00  5.00000E-01  0.00000E+00 -5.29437E-06 -1.61329E-05 -7.52314E-08 -7.41873E+04  3.39100E+03  1.14648E+03 -3.17325E+03  1.10976E+03  1.01977E+02  8.00000E+00  5.00000E-01  5.00000E-01 -5.29597E-06 -1.61457E-05  5.80087E-17 -7.41575E+04  3.46057E+03  1.17629E+03 -3.07775E+03 -1.13486E+03 -1.03334E+02
   7.50000E+00  1.00000E+00  1.00000E+00 -3.34541E-06 -1.42887E-05  5.22722E-08 -9.66062E+04 -3.35006E+03 -1.09250E+03 -1.04317E+04  1.18228E+03  1.32590E+02  7.50000E+00  1.00000E+00  5.00000E-01 -3.34645E-06 -1.43018E-05  5.15843E-17 -9.66367E+04 -3.42129E+03 -1.12303E+03 -1.05277E+04 -1.11587E+03 -1.26248E+02  7.50000E+00  5.00000E-01  5.00000E-01 -5.03973E-06 -1.43673E-05  5.17519E-17 -7.35007E+04  4.58244E+03  2.24370E+03 -1.06642E+04  1.16192E+03  1.03334E+02  7.50000E+00  5.00000E-01  1.00000E+00 -5.03814E-06 -1.43540E-05  7.83660E-08 -7.35313E+04  4.51121E+03  2.21317E+03 -1.07597E+04 -1.13622E+03 -1.01977E+02  8.00000E+00  1.00000E+00  1.00000E+00 -3.51623E-06 -1.60702E-05  5.01813E-08 -9.73432E+04 -4.55221E+03 -2.34725E+03 -2.84521E+03  1.15474E+03  1.32590E+02  8.00000E+00  1.00000E+00  5.00000E-01 -3.51727E-06 -1.60828E-05  5.77980E-17 -9.73731E+04 -4.62178E+03 -2.37707E+03 -2.94118E+03 -1.08988E+03 -1.26248E+02  8.00000E+00  5.00000E-01  5.00000E-01 -5.29597E-06 -1.61457E-05  5.80087E-17 -7.41575E+04  3.46057E+03  1.17629E+03 -3.07775E+03  1.13486E+03  1.03334E+02  8.00000E+00  5.00000E-01  1.00000E+00 -5.29437E-06 -1.61329E-05  7.52314E-08 -7.41873E+04  3.39100E+03  1.14648E+03 -3.17325E+03 -1.10976E+03 -1.01977E+02
   7.50000E+00  1.50000E+00  5.00000E-01 -1.66922E-06 -1.42626E-05  5.13377E-17 -6.25903E+04 -3.61770E+03 -1.32006E+03 -1.33616E+04  1.14796E+03  8.32304E+01  7.50000E+00  1.50000E+00  0.00000E+00 -1.66869E-06 -1.42495E-05 -2.61460E-08 -6.25887E+04 -3.61386E+03 -1.31842E+03 -1.32688E+04 -1.15303E+03 -8.28727E+01  7.50000E+00  1.00000E+00  0.00000E+00 -3.34541E-06 -1.42887E-05 -5.22722E-08 -3.94892E+04  4.31052E+03  2.00617E+03 -1.35009E+04  1.14906E+03  5.62851E+01  7.50000E+00  1.00000E+00  5.00000E-01 -3.34645E-06 -1.43018E-05  5.15843E-17 -3.94875E+04  4.31435E+03  2.00781E+03 -1.34082E+04 -1.15194E+03 -5.62256E+01  8.00000E+00  1.50000E+00  5.00000E-01 -1.75463E-06 -1.60451E-05  5.75195E-17 -6.30485E+04 -4.35454E+03 -2.11044E+03 -5.77508E+03  1.12122E+03  8.32303E+01  8.00000E+00  1.50000E+00  0.00000E+00 -1.75410E-06 -1.60326E-05 -2.51001E-08 -6.30469E+04 -4.35080E+03 -2.10883E+03 -5.68235E+03 -1.12618E+03 -8.28727E+01  8.00000E+00  1.00000E+00  0.00000E+00 -3.51623E-06 -1.60702E-05 -5.01813E-08 -3.98669E+04  3.65406E+03  1.40337E+03 -5.91443E+03  1.12229E+03  5.62849E+01  8.00000E+00  1.00000E+00  5.00000E-01 -3.51727E-06 -1.60828E-05  5.77980E-17 -3.98653E+04  3.65781E+03  1.40497E+03 -5.82172E+03 -1.12511E+03 -5.62257E+01
   7.50000E+00  1.50000E+00  1.00000E+00 -1.66869E-06 -1.42495E-05  2.61460E-08 -6.25887E+04 -3.61386E+03 -1.31842E+03 -1.32688E+04  1.15303E+03  8.28727E+01  7.50000E+00  1.50000E+00  5.00000E-01 -1.66922E-06 -1.42626E-05  5.13377E-17 -6.25903E+04 -3.61770E+03 -1.32006E+03 -1.33616E+04 -1.14796E+03 -8.32304E+01  7.50000E+00  1.00000E+00  5.00000E-01 -3.34645E-06 -1.43018E-05  5.15843E-17 -3.94875E+04  4.31435E+03  2.00781E+03 -1.34082E+04  1.15194E+03  5.62256E+01  7.50000E+00  1.00000E+00  1.00000E+00 -3.34541E-06 -1.42887E-05  5.22722E-08 -3.94892E+04  4.31052E+03  2.00617E+03 -1.35009E+04 -1.14906E+03 -5.62851E+01  8.00000E+00  1.50000E+00  1.00000E+00 -1.75410E-06 -1.60326E-05  2.51001E-08 -6.30469E+04 -4.35080E+03 -2.10883E+03 -5.68235E+03  1.12618E+03  8.28727E+01  8.00000E+00  1.50000E+00  5.00000E-01 -1.75463E-06 -1.60451E-05  5.75195E-17 -6.30485E+04 -4.35454E+03 -2.11044E+03 -5.77508E+03 -1.12122E+03 -8.32303E+01  8.00000E+00  1.00000E+00  5.00000E-01 -3.51727E-06 -1.60828E-05  5.77980E-17 -3.98653E+04  3.65781E+03  1.40497E+03 -5.82172E+03  1.12511E+03  5.62257E+01  8.00000E+00  1.00000E+00  1.00000E+00 -3.51623E-06 -1.60702E-05  5.01813E-08 -3.98669E+04  3.65406E+03  1.40337E+03 -5.91443E+03 -1.12229E+03 -5.62849E+01
   7.50000E+00  2.00000E+00  5.00000E-01  1.25467E-20 -1.42495E-05  5.10114E-17 -2.85616E+04 -3.84631E+03 -1.54384E+03 -1.48026E+04  1.15176E+03  3.66122E+01  7.50000E+00  2.00000E+00  0.00000E+00  6.02837E-18 -1.42364E-05  5.10491E-17 -2.85620E+04 -3.84707E+03 -1.54416E+03 -1.47097E+04 -1.15098E+03 -3.66514E+01  7.50000E+00  1.50000E+00  0.00000E+00 -1.66869E-06 -1.42495E-05 -2.61460E-08 -5.46311E+03  4.07928E+03  1.77629E+03 -1.48490E+04  1.15154E+03  9.81021E+00  7.50000E+00  1.50000E+00  5.00000E-01 -1.66922E-06 -1.42626E-05  5.13377E-17 -5.46344E+03  4.07852E+03  1.77596E+03 -1.47561E+04 -1.15119E+03 -9.82070E+00  8.00000E+00  2.00000E+00  5.00000E-01  1.34996E-20 -1.60326E-05  5.71649E-17 -2.87412E+04 -4.11878E+03 -1.86993E+03 -7.21609E+03  1.12493E+03  3.66121E+01  8.00000E+00  2.00000E+00  0.00000E+00  6.26774E-18 -1.60200E-05  5.71993E-17 -2.87415E+04 -4.11952E+03 -1.87025E+03 -7.12319E+03 -1.12417E+03 -3.66515E+01  8.00000E+00  1.50000E+00  0.00000E+00 -1.75410E-06 -1.60326E-05 -2.51001E-08 -5.56223E+03  3.88727E+03  1.63791E+03 -7.26254E+03  1.12472E+03  9.81017E+00  8.00000E+00  1.50000E+00  5.00000E-01 -1.75463E-06 -1.60451E-05  5.75195E-17 -5.56255E+03  3.88653E+03  1.63759E+03 -7.16963E+03 -1.12438E+03 -9.82074E+00
   7.50000E+00  2.00000E+00  1.00000E+00 -6.00225E-18 -1.42364E-05  5.10474E-17 -2.85620E+04 -3.84707E+03 -1.54416E+03 -1.47097E+04  1.15098E+03  3.66514E+01  7.50000E+00  2.00000E+00  5.00000E-01  1.25467E-20 -1.42495E-05  5.10114E-17 -2.85616E+04 -3.84631E+03 -1.54384E+03 -1.48026E+04 -1.15176E+03 -3.66122E+01  7.50000E+00  1.50000E+00  5.00000E-01 -1.66922E-06 -1.42626E-05  5.13377E-17 -5.46344E+03  4.07852E+03  1.77596E+03 -1.47561E+04  1.15119E+03  9.82070E+00  7.50000E+00  1.50000E+00  1.00000E+00 -1.66869E-06 -1.42495E-05  2.61460E-08 -5.46311E+03  4.07928E+03  1.77629E+03 -1.48490E+04 -1.15154E+03 -9.81021E+00  8.00000E+00  2.00000E+00  1.00000E+00 -6.24040E-18 -1.60200E-05  5.71990E-17 -2.87415E+04 -4.11952E+03 -1.87025E+03 -7.12319E+03  1.12417E+03  3.66515E+01  8.00000E+00  2.00000E+00  5.00000E-01  1.34996E-20 -1.60326E-05  5.71649E-17 -2.87412E+04 -4.11878E+03 -1.86993E+03 -7.21609E+03 -1.12493E+03 -3.66121E+01  8.00000E+00  1.50000E+00  5.00000E-01 -1.75463E-06 -1.60451E-05  5.75195E-17 -5.56255E+03  3.88653E+03  1.63759E+03 -7.16963E+03  1.12438E+03  9.82074E+00  8.00000E+00  1.50000E+00  1.00000E+00 -1.75410E-06 -1.60326E-05  2.51001E-08 -5.56223E+03  3.88727E+03  1.63791E+03 -7.26254E+03 -1.12472E+03 -9.81017E+00
   7.50000E+00  2.50000E+00  5.00000E-01  1.66922E-06 -1.42626E-05  5.06057E-17  5.46311E+03 -4.07928E+03 -1.77629E+03 -1.48490E+04  1.15154E+03 -9.81021E+00  7.50000E+00  2.50000E+00  0.00000E+00  1.66869E-06 -1.42495E-05  2.61460E-08  5.46344E+03 -4.07852E+03 -1.77596E+03 -1.47561E+04 -1.15119E+03  9.82070E+00  7.50000E+00  2.00000E+00  0.00000E+00  6.02837E-18 -1.42364E-05  5.10491E-17  2.85616E+04  3.84631E+03  1.54384E+03 -1.48026E+04  1.15176E+03 -3.66122E+01  7.50000E+00  2.00000E+00  5.00000E-01  1.25467E-20 -1.42495E-05  5.10114E-17  2.85620E+04  3.84707E+03  1.54416E+03 -1.47097E+04 -1.15098E+03  3.66514E+01  8.00000E+00  2.50000E+00  5.00000E-01  1.75463E-06 -1.60451E-05  5.67401E-17  5.56223E+03 -3.88727E+03 -1.63791E+03 -7.26254E+03  1.12472E+03 -9.81017E+00  8.00000E+00  2.50000E+00  0.00000E+00  1.75410E-06 -1.60326E-05  2.51001E-08  5.56255E+03 -3.88653E+03 -1.63759E+03 -7.16963E+03 -1.12438E+03  9.82074E+00  8.00000E+00  2.00000E+00  0.00000E+00  6.26774E-18 -1.60200E-05  5.71993E-17  2.87412E+04  4.11878E+03  1.86993E+03 -7.21609E+03  1.12493E+03 -3.66121E+01  8.00000E+00  2.00000E+00  5.00000E-01  1.34996E-20 -1.60326E-05  5.71649E-17  2.87415E+04  4.11952E+03  1.87025E+03 -7.12319E+03 -1.12417E+03  3.66515E+01
   7.50000E+00  2.50000E+00  1.00000E+00  1.66869E-06 -1.42495E-05 -2.61460E-08  5.46344E+03 -4.07852E+03 -1.77596E+03 -1.47561E+04  1.15119E+03 -9.82070E+00  7.50000E+00  2.50000E+00  5.00000E-01  1.66922E-06 -1.42626E-05  5.06057E-17  5.46311E+03 -4.07928E+03 -1.77629E+03 -1.48490E+04 -1.15154E+03  9.81021E+00  7.50000E+00  2.00000E+00  5.00000E-01  1.25467E-20 -1.42495E-05  5.10114E-17  2.85620E+04  3.84707E+03  1.54416E+03 -1.47097E+04  1.15098E+03 -3.66514E+01  7.50000E+00  2.00000E+00  1.00000E+00 -6.00225E-18 -1.42364E-05  5.10474E-17  2.85616E+04  3.84631E+03  1.54384E+03 -1.48026E+04 -1.15176E+03  3.66122E+01  8.00000E+00  2.50000E+00  1.00000E+00  1.75410E-06 -1.60326E-05 -2.51001E-08  5.56255E+03 -3.88653E+03 -1.63759E+03 -7.16963E+03  1.12438E+03 -9.82074E+00  8.00000E+00  2.50000E+00  5.00000E-01  1.75463E-06 -1.60451E-05  5.67401E-17  5.56223E+03 -3.88727E+03 -1.63791E+03 -7.26254E+03 -1.12472E+03  9.81017E+00  8.00000E+00  2.00000E+00  5.00000E-01  1.34996E-20 -1.60326E-05  5.71649E-17  2.87415E+04  4.11952E+03  1.87025E+03 -7.12319E+03  1.12417E+03 -3.66515E+01  8.00000E+00  2.00000E+00  1.00000E+00 -6.24040E-18 -1.60200E-05  5.71990E-17  2.87412E+04  4.11878E+03  1.86993E+03 -7.21609E+03 -1.12493E+03  3.66121E+01
   7.50000E+00  3.00000E+00  5.00000E-01  3.34645E-06 -1.43018E-05  5.01229E-17  3.94892E+04 -4.31052E+03 -2.00617E+03 -1.35009E+04  1.14906E+03 -5.62851E+01  7.50000E+00  3.00000E+00  0.00000E+00  3.34541E-06 -1.42887E-05  5.22722E-08  3.94875E+04 -4.31435E+03 -2.00781E+03 -1.34082E+04 -1.15194E+03  5.62256E+01  7.50000E+00  2.50000E+00  0.00000E+00  1.66869E-06 -1.42495E-05  2.61460E-08  6.25903E+04  3.61770E+03  1.32006E+03 -1.33616E+04  1.14796E+03 -8.32304E+01  7.50000E+00  2.50000E+00  5.00000E-01  1.66922E-06 -1.42626E-05  5.06057E-17  6.25887E+04  3.61386E+03  1.31842E+03 -1.32688E+04 -1.15303E+03  8.28727E+01  8.00000E+00  3.00000E+00  5.00000E-01  3.51727E-06 -1.60828E-05  5.62421E-17  3.98669E+04 -3.65406E+03 -1.40337E+03 -5.91443E+03  1.12229E+03 -5.62849E+01  8.00000E+00  3.00000E+00  0.00000E+00  3.51623E-06 -1.60702E-05  5.01813E-08  3.98653E+04 -3.65781E+03 -1.40497E+03 -5.82172E+03 -1.12511E+03  5.62257E+01  8.00000E+00  2.50000E+00  0.00000E+00  1.75410E-06 -1.60326E-05  2.51001E-08  6.30485E+04  4.35454E+03  2.11044E+03 -5.77508E+03  1.12122E+03 -8.32303E+01  8.00000E+00  2.50000E+00  5.00000E-01  1.75463E-06 -1.60451E-05  5.67401E-17  6.30469E+04  4.35080E+03  2.10883E+03 -5.68235E+03 -1.12618E+03  8.28727E+01
   7.50000E+00  3.00000E+00  1.00000E+00  3.34541E-06 -1.42887E-05 -5.22722E-08  3.94875E+04 -4.31435E+03 -2.00781E+03 -1.34082E+04  1.15194E+03 -5.62256E+01  7.50000E+00  3.00000E+00  5.00000E-01  3.34645E-06 -1.43018E-05  5.01229E-17  3.94892E+04 -4.31052E+03 -2.00617E+03 -1.35009E+04 -1.14906E+03  5.62851E+01  7.50000E+00  2.50000E+00  5.00000E-01  1.66922E-06 -1.42626E-05  5.06057E-17  6.25887E+04  3.61386E+03  1.31842E+03 -1.32688E+04  1.15303E+03 -8.28727E+01  7.50000E+00  2.50000E+00  1.00000E+00  1.66869E-06 -1.42495E-05 -2.61460E-08  6.25903E+04  3.61770E+03  1.32006E+03 -1.33616E+04 -1.14796E+03  8.32304E+01  8.00000E+00  3.00000E+00  1.00000E+00  3.51623E-06 -1.60702E-05 -5.01813E-08  3.98653E+04 -3.65781E+03 -1.40497E+03 -5.82172E+03  1.12511E+03 -5.62257E+01  8.00000E+00  3.00000E+00  5.00000E-01  3.51727E-06 -1.60828E-05  5.62421E-17  3.98669E+04 -3.65406E+03 -1.40337E+03 -5.91443E+03 -1.12229E+03  5.62849E+01  8.00000E+00  2.50000E+00  5.00000E-01  1.75463E-06 -1.60451E-05  5.67401E-17  6.30469E+04  4.35080E+03  2.10883E+03 -5.68235E+03  1.12618E+03 -8.28727E+01  8.00000E+00  2.50000E+00  1.00000E+00  1.75410E-06 -1.60326E-05 -2.51001E-08  6.30485E+04  4.35454E+03  2.11044E+03 -5.77508E+03 -1.12122E+03  8.32303E+01
   7.50000E+00  3.50000E+00  5.00000E-01  5.03973E-06 -1.43673E-05  4.95584E-17  7.35313E+04 -4.51121E+03 -2.21317E+03 -1.07597E+04  1.13622E+03 -1.01977E+02  7.50000E+00  3.50000E+00  0.00000E+00  5.03814E-06 -1.43540E-05  7.83660E-08  7.35007E+04 -4.58244E+03 -2.24370E+03 -1.06642E+04 -1.16192E+03  1.03334E+02  7.50000E+00  3.00000E+00  0.00000E+00  3.34541E-06 -1.42887E-05  5.22722E-08  9.66367E+04  3.42129E+03  1.12303E+03 -1.05277E+04  1.11587E+03 -1.26248E+02  7.50000E+00  3.00000E+00  5.00000E-01  3.34645E-06 -1.43018E-05  5.01229E-17  9.66062E+04  3.35006E+03  1.09250E+03 -1.04317E+04 -1.18228E+03  1.32590E+02  8.00000E+00  3.50000E+00  5.00000E-01  5.29597E-06 -1.61457E-05  5.56664E-17  7.41873E+04 -3.39100E+03 -1.14648E+03 -3.17325E+03  1.10976E+03 -1.01977E+02  8.00000E+00  3.50000E+00  0.00000E+00  5.29437E-06 -1.61329E-05  7.52314E-08  7.41575E+04 -3.46057E+03 -1.17629E+03 -3.07775E+03 -1.13486E+03  1.03334E+02  8.00000E+00  3.00000E+00  0.00000E+00  3.51623E-06 -1.60702E-05  5.01813E-08  9.73731E+04  4.62178E+03  2.37707E+03 -2.94118E+03  1.08988E+03 -1.26248E+02  8.00000E+00  3.00000E+00  5.00000E-01  3.51727E-06 -1.60828E-05  5.62421E-17  9.73432E+04  4.55221E+03  2.34725E+03 -2.84521E+03 -1.15474E+03  1.32590E+02
   7.50000E+00  3.50000E+00  1.00000E+00  5.03814E-06 -1.43540E-05 -7.83660E-08  7.35007E+04 -4.58244E+03 -2.24370E+03 -1.06642E+04  1.16192E+03 -1.03334E+02  7.50000E+00  3.50000E+00  5.00000E-01  5.03973E-06 -1.43673E-05  4.95584E-17  7.35313E+04 -4.51121E+03 -2.21317E+03 -1.07597E+04 -1.13622E+03  1.01977E+02  7.50000E+00  3.00000E+00  5.00000E-01  3.34645E-06 -1.43018E-05  5.01229E-17  9.66062E+04  3.35006E+03  1.09250E+03 -1.04317E+04  1.18228E+03 -1.32590E+02  7.50000E+00  3.00000E+00  1.00000E+00  3.34541E-06 -1.42887E-05 -5.22722E-08  9.66367E+04  3.42129E+03  1.12303E+03 -1.05277E+04 -1.11587E+03  1.26248E+02  8.00000E+00  3.50000E+00  1.00000E+00  5.29437E-06 -1.61329E-05 -7.52314E-08  7.41575E+04 -3.46057E+03 -1.17629E+03 -3.07775E+03  1.13486E+03 -1.03334E+02  8.00000E+00  3.50000E+00  5.00000E-01  5.29597E-06 -1.61457E-05  5.56664E-17  7.41873E+04 -3.39100E+03 -1.14648E+03 -3.17325E+03 -1.10976E+03  1.01977E+02  8.00000E+00  3.00000E+00  5.00000E-01  3.51727E-06 -1.60828E-05  5.62421E-17  9.73432E+04  4.55221E+03  2.34725E+03 -2.84521E+03  1.15474E+03 -1.32590E+02  8.00000E+00  3.00000E+00  1.00000E+00  3.51623E-06 -1.60702E-05 -5.01813E-08  9.73731E+04  4.62178E+03  2.37707E+03 -2.94118E+03 -1.08988E+03  1.26248E+02
   7.50000E+00  4.00000E+00  5.00000E-01  6.75695E-06 -1.44587E-05  4.89123E-17  1.07563E+05 -4.67486E+03 -2.49205E+03 -6.61177E+03  1.23059E+03 -1.53347E+02  7.50000E+00  4.00000E+00  0.00000E+00  6.75506E-06 -1.44452E-05  1.05533E-07  1.07534E+05 -4.74149E+03 -2.52061E+03 -6.53795E+03 -1.16209E+03  1.45480E+02  7.50000E+00  3.50000E+00  0.00000E+00  5.03814E-06 -1.43540E-05  7.83660E-08  1.30527E+05  3.11583E+03  5.13272E+02 -6.28753E+03  1.21155E+03 -2.03114E+02  7.50000E+00  3.50000E+00  5.00000E-01  5.03973E-06 -1.43673E-05  4.95584E-17  1.30498E+05  3.04919E+03  4.84714E+02 -6.21326E+03 -1.18113E+03  1.51441E+02  8.00000E+00  4.00000E+00  5.00000E-01  7.09859E-06 -1.62334E-05  5.50190E-17  1.08498E+05 -3.09176E+03 -9.59784E+02  9.74699E+02  1.20193E+03 -1.53348E+02  8.00000E+00  4.00000E+00  0.00000E+00  7.09670E-06 -1.62205E-05  1.01312E-07  1.08470E+05 -3.15684E+03 -9.87678E+02  1.04852E+03 -1.13502E+03  1.45480E+02  8.00000E+00  3.50000E+00  0.00000E+00  5.29437E-06 -1.61329E-05  7.52314E-08  1.31545E+05  4.78252E+03  2.24058E+03  1.29894E+03  1.18334E+03 -2.03115E+02  8.00000E+00  3.50000E+00  5.00000E-01  5.29597E-06 -1.61457E-05  5.56664E-17  1.31517E+05  4.71744E+03  2.21269E+03  1.37321E+03 -1.15362E+03  1.51440E+02
   7.50000E+00  4.00000E+00  1.00000E+00  6.75506E-06 -1.44452E-05 -1.05533E-07  1.07534E+05 -4.74149E+03 -2.52061E+03 -6.53795E+03  1.16209E+03 -1.45480E+02  7.50000E+00  4.00000E+00  5.00000E-01  6.75695E-06 -1.44587E-05  4.89123E-17  1.07563E+05 -4.67486E+03 -2.49205E+03 -6.61177E+03 -1.23059E+03  1.53347E+02  7.50000E+00  3.50000E+00  5.00000E-01  5.03973E-06 -1.43673E-05  4.95584E-17  1.30498E+05  3.04919E+03  4.84714E+02 -6.21326E+03  1.18113E+03 -1.51441E+02  7.50000E+00  3.50000E+00  1.00000E+00  5.03814E-06 -1.43540E-05 -7.83660E-08  1.30527E+05  3.11583E+03  5.13272E+02 -6.28753E+03 -1.21155E+03  2.03114E+02  8.00000E+00  4.00000E+00  1.00000E+00  7.09670E-06 -1.62205E-05 -1.01312E-07  1.08470E+05 -3.15684E+03 -9.87678E+02  1.04852E+03  1.13502E+03 -1.45480E+02  8.00000E+00  4.00000E+00  5.00000E-01  7.09859E-06 -1.62334E-05  5.50190E-17  1.08498E+05 -3.09176E+03 -9.59784E+02  9.74699E+02 -1.20193E+03  1.53348E+02  8.00000E+00  3.50000E+00  5.00000E-01  5.29597E-06 -1.61457E-05  5.56664E-17  1.31517E+05  4.71744E+03  2.21269E+03  1.37321E+03  1.15362E+03 -1.51440E+02  8.00000E+00  3.50000E+00  1.00000E+00  5.29437E-06 -1.61329E-05 -7.52314E-08  1.31545E+05  4.78252E+03  2.24058E+03  1.29894E+03 -1.18334E+03  2.03115E+02
   8.00000E+00  5.00000E-01  5.00000E-01 -5.29597E-06 -1.61457E-05  5.80087E-17 -1.25178E+05 -2.95463E+03 -4.57073E+02 -6.13270E+03  1.16268E+03  2.03114E+02  8.00000E+00  5.00000E-01  0.00000E+00 -5.29437E-06 -1.61329E-05 -7.52314E-08 -1.25151E+05 -2.89069E+03 -4.29667E+02 -6.05843E+03 -1.13348E+03 -1.51440E+02  8.00000E+00  0.00000E+00  0.00000E+00 -7.09670E-06 -1.62205E-05 -1.01312E-07 -1.03154E+05  4.51636E+03  2.42160E+03 -6.45694E+03  1.18095E+03  1.53347E+02  8.00000E+00  0.00000E+00  5.00000E-01 -7.09859E-06 -1.62334E-05  5.81453E-17 -1.03126E+05  4.58030E+03  2.44901E+03 -6.38312E+03 -1.11521E+03 -1.45479E+02  8.50000E+00  5.00000E-01  5.00000E-01 -5.54174E-06 -1.80077E-05  6.44848E-17 -1.26196E+05 -4.62133E+03 -2.18438E+03  1.14412E+03  1.13446E+03  2.03114E+02  8.50000E+00  5.00000E-01  0.00000E+00 -5.54015E-06 -1.79955E-05 -7.20967E-08 -1.26170E+05 -4.55893E+03 -2.15764E+03  1.21839E+03 -1.10597E+03 -1.51440E+02  8.50000E+00  0.00000E+00  0.00000E+00 -7.42440E-06 -1.80794E-05 -9.70906E-08 -1.04088E+05  2.93326E+03  8.89338E+02  8.19877E+02  1.15229E+03  1.53347E+02  8.50000E+00  0.00000E+00  5.00000E-01 -7.42629E-06 -1.80918E-05  6.46721E-17 -1.04061E+05  2.99565E+03  9.16079E+02  8.93699E+02 -1.08814E+03 -1.45479E+02
   8.00000E+00  5.00000E-01  1.00000E+00 -5.29437E-06 -1.61329E-05  7.52314E-08 -1.25151E+05 -2.89069E+03 -4.29667E+02 -6.05843E+03  1.13348E+03  1.51440E+02  8.00000E+00  5.00000E-01  5.00000E-01 -5.29597E-06 -1.61457E-05  5.80087E-17 -1.25178E+05 -2.95463E+03 -4.57073E+02 -6.13270E+03 -1.16268E+03 -2.03114E+02  8.00000E+00  0.00000E+00  5.00000E-01 -7.09859E-06 -1.62334E-05  5.81453E-17 -1.03126E+05  4.58030E+03  2.44901E+03 -6.38312E+03  1.11521E+03  1.45479E+02  8.00000E+00  0.00000E+00  1.00000E+00 -7.09670E-06 -1.62205E-05  1.01312E-07 -1.03154E+05  4.51636E+03  2.42160E+03 -6.45694E+03 -1.18095E+03 -1.53347E+02  8.50000E+00  5.00000E-01  1.00000E+00 -5.54015E-06 -1.79955E-05  7.20967E-08 -1.26170E+05 -4.55893E+03 -2.15764E+03  1.21839E+03  1.10597E+03  1.51440E+02  8.50000E+00  5.00000E-01  5.00000E-01 -5.54174E-06 -1.80077E-05  6.44848E-17 -1.26196E+05 -4.62133E+03 -2.18438E+03  1.14412E+03 -1.13446E+03 -2.03114E+02  8.50000E+00  0.00000E+00  5.00000E-01 -7.42629E-06 -1.80918E-05  6.46721E-17 -1.04061E+05  2.99565E+03  9.16079E+02  8.93699E+02  1.08814E+03  1.45479E+02  8.50000E+00  0.00000E+00  1.00000E+00 -7.42440E-06 -1.80794E-05  9.70906E-08 -1.04088E+05  2.93326E+03  8.89338E+02  8.19877E+02 -1.15229E+03 -1.53347E+02
   8.00000E+00  1.00000E+00  5.00000E-01 -3.51727E-06 -1.60828E-05  5.77980E-17 -9.26773E+04 -3.25713E+03 -1.05160E+03 -1.03728E+04  1.07085E+03  1.26247E+02  8.00000E+00  1.00000E+00  0.00000E+00 -3.51623E-06 -1.60702E-05 -5.01813E-08 -9.26480E+04 -3.18877E+03 -1.02230E+03 -1.02768E+04 -1.13458E+03 -1.32590E+02  8.00000E+00  5.00000E-01  0.00000E+00 -5.29437E-06 -1.61329E-05 -7.52314E-08 -7.05166E+04  4.34995E+03  2.14461E+03 -1.06049E+04  1.09038E+03  1.01977E+02  8.00000E+00  5.00000E-01  5.00000E-01 -5.29597E-06 -1.61457E-05  5.80087E-17 -7.04873E+04  4.41831E+03  2.17390E+03 -1.05094E+04 -1.11505E+03 -1.03334E+02  8.50000E+00  1.00000E+00  5.00000E-01 -3.68112E-06 -1.79474E-05  6.42372E-17 -9.34137E+04 -4.45763E+03 -2.30563E+03 -3.09600E+03  1.04486E+03  1.26248E+02  8.50000E+00  1.00000E+00  0.00000E+00 -3.68008E-06 -1.79354E-05 -4.80904E-08 -9.33851E+04 -4.39093E+03 -2.27705E+03 -3.00003E+03 -1.10704E+03 -1.32589E+02  8.50000E+00  5.00000E-01  0.00000E+00 -5.54015E-06 -1.79955E-05 -7.20967E-08 -7.11727E+04  3.22973E+03  1.07791E+03 -3.32807E+03  1.06392E+03  1.01977E+02  8.50000E+00  5.00000E-01  5.00000E-01 -5.54174E-06 -1.80077E-05  6.44848E-17 -7.11441E+04  3.29643E+03  1.10650E+03 -3.23257E+03 -1.08799E+03 -1.03334E+02
   8.00000E+00  1.00000E+00  1.00000E+00 -3.51623E-06 -1.60702E-05  5.01813E-08 -9.26480E+04 -3.18877E+03 -1.02230E+03 -1.02768E+04  1.13458E+03  1.32590E+02  8.00000E+00  1.00000E+00  5.00000E-01 -3.51727E-06 -1.60828E-05  5.77980E-17 -9.26773E+04 -3.25713E+03 -1.05160E+03 -1.03728E+04 -1.07085E+03 -1.26247E+02  8.00000E+00  5.00000E-01  5.00000E-01 -5.29597E-06 -1.61457E-05  5.80087E-17 -7.04873E+04  4.41831E+03  2.17390E+03 -1.05094E+04  1.11505E+03  1.03334E+02  8.00000E+00  5.00000E-01  1.00000E+00 -5.29437E-06 -1.61329E-05  7.52314E-08 -7.05166E+04  4.34995E+03  2.14461E+03 -1.06049E+04 -1.09038E+03 -1.01977E+02  8.50000E+00  1.00000E+00  1.00000E+00 -3.68008E-06 -1.79354E-05  4.80904E-08 -9.33851E+04 -4.39093E+03 -2.27705E+03 -3.00003E+03  1.10704E+03  1.32589E+02  8.50000E+00  1.00000E+00  5.00000E-01 -3.68112E-06 -1.79474E-05  6.42372E-17 -9.34137E+04 -4.45763E+03 -2.30563E+03 -3.09600E+03 -1.04486E+03 -1.26248E+02  8.50000E+00  5.00000E-01  5.00000E-01 -5.54174E-06 -1.80077E-05  6.44848E-17 -7.11441E+04  3.29643E+03  1.10650E+03 -3.23257E+03  1.08799E+03  1.03334E+02  8.50000E+00  5.00000E-01  1.00000E+00 -5.54015E-06 -1.79955E-05  7.20967E-08 -7.11727E+04  3.22973E+03  1.07791E+03 -3.32807E+03 -1.06392E+03 -1.01977E+02
   8.00000E+00  1.50000E+00  5.00000E-01 -1.75463E-06 -1.60451E-05  5.75195E-17 -6.00263E+04 -3.45498E+03 -1.25005E+03 -1.32067E+04  1.10165E+03  8.32303E+01  8.00000E+00  1.50000E+00  0.00000E+00 -1.75410E-06 -1.60326E-05 -2.51001E-08 -6.00247E+04 -3.45130E+03 -1.24847E+03 -1.31140E+04 -1.10652E+03 -8.28727E+01  8.00000E+00  1.00000E+00  0.00000E+00 -3.51623E-06 -1.60702E-05 -5.01813E-08 -3.78697E+04  4.14800E+03  1.93659E+03 -1.33461E+04  1.10270E+03  5.62851E+01  8.00000E+00  1.00000E+00  5.00000E-01 -3.51727E-06 -1.60828E-05  5.77980E-17 -3.78681E+04  4.15168E+03  1.93817E+03 -1.32534E+04 -1.10547E+03 -5.62257E+01  8.50000E+00  1.50000E+00  5.00000E-01 -1.83655E-06 -1.79113E-05  6.39249E-17 -6.04844E+04 -4.19184E+03 -2.04043E+03 -5.92991E+03  1.07491E+03  8.32304E+01  8.50000E+00  1.50000E+00  0.00000E+00 -1.83603E-06 -1.78993E-05 -2.40543E-08 -6.04829E+04 -4.18825E+03 -2.03889E+03 -5.83718E+03 -1.07966E+03 -8.28727E+01  8.50000E+00  1.00000E+00  0.00000E+00 -3.68008E-06 -1.79354E-05 -4.80904E-08 -3.82474E+04  3.49153E+03  1.33379E+03 -6.06925E+03  1.07594E+03  5.62851E+01  8.50000E+00  1.00000E+00  5.00000E-01 -3.68112E-06 -1.79474E-05  6.42372E-17 -3.82459E+04  3.49512E+03  1.33532E+03 -5.97655E+03 -1.07864E+03 -5.62257E+01
   8.00000E+00  1.50000E+00  1.00000E+00 -1.75410E-06 -1.60326E-05  2.51001E-08 -6.00247E+04 -3.45130E+03 -1.24847E+03 -1.31140E+04  1.10652E+03  8.28727E+01  8.00000E+00  1.50000E+00  5.00000E-01 -1.75463E-06 -1.60451E-05  5.75195E-17 -6.00263E+04 -3.45498E+03 -1.25005E+03 -1.32067E+04 -1.10165E+03 -8.32303E+01  8.00000E+00  1.00000E+00  5.00000E-01 -3.51727E-06 -1.60828E-05  5.77980E-17 -3.78681E+04  4.15168E+03  1.93817E+03 -1.32534E+04  1.10547E+03  5.62257E+01  8.00000E+00  1.00000E+00  1.00000E+00 -3.51623E-06 -1.60702E-05  5.01813E-08 -3.78697E+04  4.14800E+03  1.93659E+03 -1.33461E+04 -1.10270E+03 -5.62851E+01  8.50000E+00  1.50000E+00  1.00000E+00 -1.83603E-06 -1.78993E-05  2.40543E-08 -6.04829E+04 -4.18825E+03 -2.03889E+03 -5.83718E+03  1.07966E+03  8.28727E+01  8.50000E+00  1.50000E+00  5.00000E-01 -1.83655E-06 -1.79113E-05  6.39249E-17 -6.04844E+04 -4.19184E+03 -2.04043E+03 -5.92991E+03 -1.07491E+03 -8.32304E+01  8.50000E+00  1.00000E+00  5.00000E-01 -3.68112E-06 -1.79474E-05  6.42372E-17 -3.82459E+04  3.49512E+03  1.33532E+03 -5.97655E+03  1.07864E+03  5.62257E+01  8.50000E+00  1.00000E+00  1.00000E+00 -3.68008E-06 -1.79354E-05  4.80904E-08 -3.82474E+04  3.49153E+03  1.33379E+03 -6.06925E+03 -1.07594E+03 -5.62851E+01
   8.00000E+00  2.00000E+00  5.00000E-01  1.34996E-20 -1.60326E-05  5.71649E-17 -2.73922E+04 -3.68375E+03 -1.47417E+03 -1.46477E+04  1.10530E+03  3.66122E+01  8.00000E+00  2.00000E+00  0.00000E+00  6.26774E-18 -1.60200E-05  5.71993E-17 -2.73925E+04 -3.68448E+03 -1.47448E+03 -1.45548E+04 -1.10455E+03 -3.66515E+01  8.00000E+00  1.50000E+00  0.00000E+00 -1.75410E-06 -1.60326E-05 -2.51001E-08 -5.23810E+03  3.91671E+03  1.70661E+03 -1.46942E+04  1.10509E+03  9.81021E+00  8.00000E+00  1.50000E+00  5.00000E-01 -1.75463E-06 -1.60451E-05  5.75195E-17 -5.23842E+03  3.91598E+03  1.70630E+03 -1.46013E+04 -1.10475E+03 -9.82074E+00  8.50000E+00  2.00000E+00  5.00000E-01  1.28114E-20 -1.78993E-05  6.35487E-17 -2.75718E+04 -3.95622E+03 -1.80027E+03 -7.37092E+03  1.07847E+03  3.66122E+01  8.50000E+00  2.00000E+00  0.00000E+00  6.48615E-18 -1.78873E-05  6.35796E-17 -2.75721E+04 -3.95693E+03 -1.80057E+03 -7.27802E+03 -1.07774E+03 -3.66515E+01  8.50000E+00  1.50000E+00  0.00000E+00 -1.83603E-06 -1.78993E-05 -2.40543E-08 -5.33722E+03  3.72469E+03  1.56823E+03 -7.41737E+03  1.07827E+03  9.81021E+00  8.50000E+00  1.50000E+00  5.00000E-01 -1.83655E-06 -1.79113E-05  6.39249E-17 -5.33753E+03  3.72398E+03  1.56793E+03 -7.32447E+03 -1.07794E+03 -9.82075E+00
   8.00000E+00  2.00000E+00  1.00000E+00 -6.24040E-18 -1.60200E-05  5.71990E-17 -2.73925E+04 -3.68448E+03 -1.47448E+03 -1.45548E+04  1.10455E+03  3.66515E+01  8.00000E+00  2.00000E+00  5.00000E-01  1.34996E-20 -1.60326E-05  5.71649E-17 -2.73922E+04 -3.68375E+03 -1.47417E+03 -1.46477E+04 -1.10530E+03 -3.66122E+01  8.00000E+00  1.50000E+00  5.00000E-01 -1.75463E-06 -1.60451E-05  5.75195E-17 -5.23842E+03  3.91598E+03  1.70630E+03 -1.46013E+04  1.10475E+03  9.82074E+00  8.00000E+00  1.50000E+00  1.00000E+00 -1.75410E-06 -1.60326E-05  2.51001E-08 -5.23810E+03  3.91671E+03  1.70661E+03 -1.46942E+04 -1.10509E+03 -9.81021E+00  8.50000E+00  2.00000E+00  1.00000E+00 -6.45991E-18 -1.78873E-05  6.35772E-17 -2.75721E+04 -3.95693E+03 -1.80057E+03 -7.27802E+03  1.07774E+03  3.66515E+01  8.50000E+00  2.00000E+00  5.00000E-01  1.28114E-20 -1.78993E-05  6.35487E-17 -2.75718E+04 -3.95622E+03 -1.80027E+03 -7.37092E+03 -1.07847E+03 -3.66122E+01  8.50000E+00  1.50000E+00  5.00000E-01 -1.83655E-06 -1.79113E-05  6.39249E-17 -5.33753E+03  3.72398E+03  1.56793E+03 -7.32447E+03  1.07794E+03  9.82075E+00  8.50000E+00  1.50000E+00  1.00000E+00 -1.83603E-06 -1.78993E-05  2.40543E-08 -5.33722E+03  3.72469E+03  1.56823E+03 -7.41737E+03 -1.07827E+03 -9.81021E+00
   8.00000E+00  2.50000E+00  5.00000E-01  1.75463E-06 -1.60451E-05  5.67401E-17  5.23810E+03 -3.91671E+03 -1.70661E+03 -1.46942E+04  1.10509E+03 -9.81021E+00  8.00000E+00  2.50000E+00  0.00000E+00  1.75410E-06 -1.60326E-05  2.51001E-08  5.23842E+03 -3.91598E+03 -1.70630E+03 -1.46013E+04 -1.10475E+03  9.82074E+00  8.00000E+00  2.00000E+00  0.00000E+00  6.26774E-18 -1.60200E-05  5.71993E-17  2.73922E+04  3.68375E+03  1.47417E+03 -1.46477E+04  1.10530E+03 -3.66122E+01  8.00000E+00  2.00000E+00  5.00000E-01  1.34996E-20 -1.60326E-05  5.71649E-17  2.73925E+04  3.68448E+03  1.47448E+03 -1.45548E+04 -1.10455E+03  3.66515E+01  8.50000E+00  2.50000E+00  5.00000E-01  1.83655E-06 -1.79113E-05  6.31028E-17  5.33722E+03 -3.72469E+03 -1.56823E+03 -7.41737E+03  1.07827E+03 -9.81021E+00  8.50000E+00  2.50000E+00  0.00000E+00  1.83603E-06 -1.78993E-05  2.40543E-08  5.33753E+03 -3.72398E+03 -1.56793E+03 -7.32447E+03 -1.07794E+03  9.82075E+00  8.50000E+00  2.00000E+00  0.00000E+00  6.48615E-18 -1.78873E-05  6.35796E-17  2.75718E+04  3.95622E+03  1.80027E+03 -7.37092E+03  1.07847E+03 -3.66122E+01  8.50000E+00  2.00000E+00  5.00000E-01  1.28114E-20 -1.78993E-05  6.35487E-17  2.75721E+04  3.95693E+03  1.80057E+03 -7.27802E+03 -1.07774E+03  3.66515E+01
   8.00000E+00  2.50000E+00  1.00000E+00  1.75410E-06 -1.60326E-05 -2.51001E-08  5.23842E+03 -3.91598E+03 -1.70630E+03 -1.46013E+04  1.10475E+03 -9.82074E+00  8.00000E+00  2.50000E+00  5.00000E-01  1.75463E-06 -1.60451E-05  5.67401E-17  5.23810E+03 -3.91671E+03 -1.70661E+03 -1.46942E+04 -1.10509E+03  9.81021E+00  8.00000E+00  2.00000E+00  5.00000E-01  1.34996E-20 -1.60326E-05  5.71649E-17  2.73925E+04  3.68448E+03  1.47448E+03 -1.45548E+04  1.10455E+03 -3.66515E+01  8.00000E+00  2.00000E+00  1.00000E+00 -6.24040E-18 -1.60200E-05  5.71990E-17  2.73922E+04  3.68375E+03  1.47417E+03 -1.46477E+04 -1.10530E+03  3.66122E+01  8.50000E+00  2.50000E+00  1.00000E+00  1.83603E-06 -1.78993E-05 -2.40543E-08  5.33753E+03 -3.72398E+03 -1.56793E+03 -7.32447E+03  1.07794E+03 -9.82075E+00  8.50000E+00  2.50000E+00  5.00000E-01  1.83655E-06 -1.79113E-05  6.31028E-17  5.33722E+03 -3.72469E+03 -1.56823E+03 -7.41737E+03 -1.07827E+03  9.81021E+00  8.50000E+00  2.00000E+00  5.00000E-01  1.28114E-20 -1.78993E-05  6.35487E-17  2.75721E+04  3.95693E+03  1.80057E+03 -7.27802E+03  1.07774E+03 -3.66515E+01  8.50000E+00  2.00000E+00  1.00000E+00 -6.45991E-18 -1.78873E-05  6.35772E-17  2.75718E+04  3.95622E+03  1.80027E+03 -7.37092E+03 -1.07847E+03  3.66122E+01
   8.00000E+00  3.00000E+00  5.00000E-01  3.51727E-06 -1.60828E-05  5.62421E-17  3.78697E+04 -4.14800E+03 -1.93659E+03 -1.33461E+04  1.10270E+03 -5.62851E+01  8.00000E+00  3.00000E+00  0.00000E+00  3.51623E-06 -1.60702E-05  5.01813E-08  3.78681E+04 -4.15168E+03 -1.93817E+03 -1.32534E+04 -1.10547E+03  5.62257E+01  8.00000E+00  2.50000E+00  0.00000E+00  1.75410E-06 -1.60326E-05  2.51001E-08  6.00263E+04  3.45498E+03  1.25005E+03 -1.32067E+04  1.10165E+03 -8.32303E+01  8.00000E+00  2.50000E+00  5.00000E-01  1.75463E-06 -1.60451E-05  5.67401E-17  6.00247E+04  3.45130E+03  1.24847E+03 -1.31140E+04 -1.10652E+03  8.28727E+01  8.50000E+00  3.00000E+00  5.00000E-01  3.68112E-06 -1.79474E-05  6.25903E-17  3.82474E+04 -3.49153E+03 -1.33379E+03 -6.06925E+03  1.07594E+03 -5.62851E+01  8.50000E+00  3.00000E+00  0.00000E+00  3.68008E-06 -1.79354E-05  4.80904E-08  3.82459E+04 -3.49512E+03 -1.33532E+03 -5.97655E+03 -1.07864E+03  5.62257E+01  8.50000E+00  2.50000E+00  0.00000E+00  1.83603E-06 -1.78993E-05  2.40543E-08  6.04844E+04  4.19184E+03  2.04043E+03 -5.92991E+03  1.07491E+03 -8.32304E+01  8.50000E+00  2.50000E+00  5.00000E-01  1.83655E-06 -1.79113E-05  6.31028E-17  6.04829E+04  4.18825E+03  2.03889E+03 -5.83718E+03 -1.07966E+03  8.28727E+01
   8.00000E+00  3.00000E+00  1.00000E+00  3.51623E-06 -1.60702E-05 -5.01813E-08  3.78681E+04 -4.15168E+03 -1.93817E+03 -1.32534E+04  1.10547E+03 -5.62257E+01  8.00000E+00  3.00000E+00  5.00000E-01  3.51727E-06 -1.60828E-05  5.62421E-17  3.78697E+04 -4.14800E+03 -1.93659E+03 -1.33461E+04 -1.10270E+03  5.62851E+01  8.00000E+00  2.50000E+00  5.00000E-01  1.75463E-06 -1.60451E-05  5.67401E-17  6.00247E+04  3.45130E+03  1.24847E+03 -1.31140E+04  1.10652E+03 -8.28727E+01  8.00000E+00  2.50000E+00  1.00000E+00  1.75410E-06 -1.60326E-05 -2.51001E-08  6.00263E+04  3.45498E+03  1.25005E+03 -1.32067E+04 -1.10165E+03  8.32303E+01  8.50000E+00  3.00000E+00  1.00000E+00  3.68008E-06 -1.79354E-05 -4.80904E-08  3.82459E+04 -3.49512E+03 -1.33532E+03 -5.97655E+03  1.07864E+03 -5.62257E+01  8.50000E+00  3.00000E+00  5.00000E-01  3.68112E-06 -1.79474E-05  6.25903E-17  3.82474E+04 -3.49153E+03 -1.33379E+03 -6.06925E+03 -1.07594E+03  5.62851E+01  8.50000E+00  2.50000E+00  5.00000E-01  1.83655E-06 -1.79113E-05  6.31028E-17  6.04829E+04  4.18825E+03  2.03889E+03 -5.83718E+03  1.07966E+03 -8.28727E+01  8.50000E+00  2.50000E+00  1.00000E+00  1.83603E-06 -1.78993E-05 -2.40543E-08  6.04844E+04  4.19184E+03  2.04043E+03 -5.92991E+03 -1.07491E+03  8.32304E+01
   8.00000E+00  3.50000E+00  5.00000E-01  5.29597E-06 -1.61457E-05  5.56664E-17  7.05166E+04 -4.34995E+03 -2.14461E+03 -1.06049E+04  1.09038E+03 -1.01977E+02  8.00000E+00  3.50000E+00  0.00000E+00  5.29437E-06 -1.61329E-05  7.52314E-08  7.04873E+04 -4.41831E+03 -2.17390E+03 -1.05094E+04 -1.11505E+03  1.03334E+02  8.00000E+00  3.00000E+00  0.00000E+00  3.51623E-06 -1.60702E-05  5.01813E-08  9.26773E+04  3.25713E+03  1.05160E+03 -1.03728E+04  1.07085E+03 -1.26247E+02  8.00000E+00  3.00000E+00  5.00000E-01  3.51727E-06 -1.60828E-05  5.62421E-17  9.26480E+04  3.18877E+03  1.02230E+03 -1.02768E+04 -1.13458E+03  1.32590E+02  8.50000E+00  3.50000E+00  5.00000E-01  5.54174E-06 -1.80077E-05  6.20017E-17  7.11727E+04 -3.22973E+03 -1.07791E+03 -3.32807E+03  1.06392E+03 -1.01977E+02  8.50000E+00  3.50000E+00  0.00000E+00  5.54015E-06 -1.79955E-05  7.20967E-08  7.11441E+04 -3.29643E+03 -1.10650E+03 -3.23257E+03 -1.08799E+03  1.03334E+02  8.50000E+00  3.00000E+00  0.00000E+00  3.68008E-06 -1.79354E-05  4.80904E-08  9.34137E+04  4.45763E+03  2.30563E+03 -3.09600E+03  1.04486E+03 -1.26248E+02  8.50000E+00  3.00000E+00  5.00000E-01  3.68112E-06 -1.79474E-05  6.25903E-17  9.33851E+04  4.39093E+03  2.27705E+03 -3.00003E+03 -1.10704E+03  1.32589E+02
   8.00000E+00  3.50000E+00  1.00000E+00  5.29437E-06 -1.61329E-05 -7.52314E-08  7.04873E+04 -4.41831E+03 -2.17390E+03 -1.05094E+04  1.11505E+03 -1.03334E+02  8.00000E+00  3.50000E+00  5.00000E-01  5.29597E-06 -1.61457E-05  5.56664E-17  7.05166E+04 -4.34995E+03 -2.14461E+03 -1.06049E+04 -1.09038E+03  1.01977E+02  8.00000E+00  3.00000E+00  5.00000E-01  3.51727E-06 -1.60828E-05  5.62421E-17  9.26480E+04  3.18877E+03  1.02230E+03 -1.02768E+04  1.13458E+03 -1.32590E+02  8.00000E+00  3.00000E+00  1.00000E+00  3.51623E-06 -1.60702E-05 -5.01813E-08  9.26773E+04  3.25713E+03  1.05160E+03 -1.03728E+04 -1.07085E+03  1.26247E+02  8.50000E+00  3.50000E+00  1.00000E+00  5.54015E-06 -1.79955E-05 -7.20967E-08  7.11441E+04 -3.29643E+03 -1.10650E+03 -3.23257E+03  1.08799E+03 -1.03334E+02  8.50000E+00  3.50000E+00  5.00000E-01  5.54174E-06 -1.80077E-05  6.20017E-17  7.11727E+04 -3.22973E+03 -1.07791E+03 -3.32807E+03 -1.06392E+03  1.01977E+02  8.50000E+00  3.00000E+00  5.00000E-01  3.68112E-06 -1.79474E-05  6.25903E-17  9.33851E+04  4.39093E+03  2.27705E+03 -3.00003E+03  1.10704E+03 -1.32589E+02  8.50000E+00  3.00000E+00  1.00000E+00  3.68008E-06 -1.79354E-05 -4.80904E-08  9.34137E+04  4.45763E+03  2.30563E+03 -3.09600E+03 -1.04486E+03  1.26248E+02
   8.00000E+00  4.00000E+00  5.00000E-01  7.09859E-06 -1.62334E-05  5.50190E-17  1.03154E+05 -4.51636E+03 -2.42160E+03 -6.45694E+03  1.18095E+03 -1.53347E+02  8.00000E+00  4.00000E+00  0.00000E+00  7.09670E-06 -1.62205E-05  1.01312E-07  1.03126E+05 -4.58030E+03 -2.44901E+03 -6.38312E+03 -1.11521E+03  1.45479E+02  8.00000E+00  3.50000E+00  0.00000E+00  5.29437E-06 -1.61329E-05  7.52314E-08  1.25178E+05  2.95463E+03  4.57073E+02 -6.13270E+03  1.16268E+03 -2.03114E+02  8.00000E+00  3.50000E+00  5.00000E-01  5.29597E-06 -1.61457E-05  5.56664E-17  1.25151E+05  2.89069E+03  4.29667E+02 -6.05843E+03 -1.13348E+03  1.51440E+02  8.50000E+00  4.00000E+00  5.00000E-01  7.42629E-06 -1.80918E-05  6.13523E-17  1.04088E+05 -2.93326E+03 -8.89338E+02  8.19877E+02  1.15229E+03 -1.53347E+02  8.50000E+00  4.00000E+00  0.00000E+00  7.42440E-06 -1.80794E-05  9.70906E-08  1.04061E+05 -2.99565E+03 -9.16079E+02  8.93699E+02 -1.08814E+03  1.45479E+02  8.50000E+00  3.50000E+00  0.00000E+00  5.54015E-06 -1.79955E-05  7.20967E-08  1.26196E+05  4.62133E+03  2.18438E+03  1.14412E+03  1.13446E+03 -2.03114E+02  8.50000E+00  3.50000E+00  5.00000E-01  5.54174E-06 -1.80077E-05  6.20017E-17  1.26170E+05  4.55893E+03  2.15764E+03  1.21839E+03 -1.10597E+03  1.51440E+02
   8.00000E+00  4.00000E+00  1.00000E+00  7.09670E-06 -1.62205E-05 -1.01312E-07  1.03126E+05 -4.58030E+03 -2.44901E+03 -6.38312E+03  1.11521E+03 -1.45479E+02  8.00000E+00  4.00000E+00  5.00000E-01  7.09859E-06 -1.62334E-05  5.50190E-17  1.03154E+05 -4.51636E+03 -2.42160E+03 -6.45694E+03 -1.18095E+03  1.53347E+02  8.00000E+00  3.50000E+00  5.00000E-01  5.29597E-06 -1.61457E-05  5.56664E-17  1.25151E+05  2.89069E+03  4.29667E+02 -6.05843E+03  1.13348E+03 -1.51440E+02  8.00000E+00  3.50000E+00  1.00000E+00  5.29437E-06 -1.61329E-05 -7.52314E-08  1.25178E+05  2.95463E+03  4.57073E+02 -6.13270E+03 -1.16268E+03  2.03114E+02  8.50000E+00  4.00000E+00  1.00000E+00  7.42440E-06 -1.80794E-05 -9.70906E-08  1.04061E+05 -2.99565E+03 -9.16079E+02  8.93699E+02  1.08814E+03 -1.45479E+02  8.50000E+00  4.00000E+00  5.00000E-01  7.42629E-06 -1.80918E-05  6.13523E-17  1.04088E+05 -2.93326E+03 -8.89338E+02  8.19877E+02 -1.15229E+03  1.53347E+02  8.50000E+00  3.50000E+00  5.00000E-01  5.54174E-06 -1.80077E-05  6.20017E-17  1.26170E+05  4.55893E+03  2.15764E+03  1.21839E+03  1.10597E+03 -1.51440E+02  8.50000E+00  3.50000E+00  1.00000E+00  5.54015E-06 -1.79955E-05 -7.20967E-08  1.26196E+05  4.62133E+03  2.18438E+03  1.14412E+03 -1.13446E+03  2.03114E+02
   8.50000E+00  5.00000E-01  5.00000E-01 -5.54174E-06 -1.80077E-05  6.44848E-17 -1.19830E+05 -2.79344E+03 -4.00873E+02 -5.97787E+03  1.11380E+03  2.03114E+02  8.50000E+00  5.00000E-01  0.00000E+00 -5.54015E-06 -1.79955E-05 -7.20967E-08 -1.19803E+05 -2.73218E+03 -3.74619E+02 -5.90360E+03 -1.08583E+03 -1.51440E+02  8.50000E+00  0.00000E+00  0.00000E+00 -7.42440E-06 -1.80794E-05 -9.70906E-08 -9.87441E+04  4.35785E+03  2.35115E+03 -6.30211E+03  1.13131E+03  1.53347E+02  8.50000E+00  0.00000E+00  5.00000E-01 -7.42629E-06 -1.80918E-05  6.46721E-17 -9.87179E+04  4.41911E+03  2.37741E+03 -6.22829E+03 -1.06833E+03 -1.45479E+02  9.00000E+00  5.00000E-01  5.00000E-01 -5.77706E-06 -1.99499E-05  7.11705E-17 -1.20848E+05 -4.46013E+03 -2.12818E+03  9.89298E+02  1.08558E+03  2.03114E+02  9.00000E+00  5.00000E-01  0.00000E+00 -5.77546E-06 -1.99382E-05 -6.89621E-08 -1.20822E+05 -4.40043E+03 -2.10259E+03  1.06356E+03 -1.05832E+03 -1.51440E+02  9.00000E+00  0.00000E+00  0.00000E+00 -7.73816E-06 -2.00185E-05 -9.28692E-08 -9.96787E+04  2.77475E+03  8.18893E+02  6.65052E+02  1.10264E+03  1.53347E+02  9.00000E+00  0.00000E+00  5.00000E-01 -7.74005E-06 -2.00304E-05  7.13970E-17 -9.96531E+04  2.83446E+03  8.44482E+02  7.38874E+02 -1.04126E+03 -1.45479E+02
   8.50000E+00  5.00000E-01  1.00000E+00 -5.54015E-06 -1.79955E-05  7.20967E-08 -1.19803E+05 -2.73218E+03 -3.74619E+02 -5.90360E+03  1.08583E+03  1.51440E+02  8.50000E+00  5.00000E-01  5.00000E-01 -5.54174E-06 -1.80077E-05  6.44848E-17 -1.19830E+05 -2.79344E+03 -4.00873E+02 -5.97787E+03 -1.11380E+03 -2.03114E+02  8.50000E+00  0.00000E+00  5.00000E-01 -7.42629E-06 -1.80918E-05  6.46721E-17 -9.87179E+04  4.41911E+03  2.37741E+03 -6.22829E+03  1.06833E+03  1.45479E+02  8.50000E+00  0.00000E+00  1.00000E+00 -7.42440E-06 -1.80794E-05  9.70906E-08 -9.87441E+04  4.35785E+03  2.35115E+03 -6.30211E+03 -1.13131E+03 -1.53347E+02  9.00000E+00  5.00000E-01  1.00000E+00 -5.77546E-06 -1.99382E-05  6.89621E-08 -1.20822E+05 -4.40043E+03 -2.10259E+03  1.06356E+03  1.05832E+03  1.51440E+02  9.00000E+00  5.00000E-01  5.00000E-01 -5.77706E-06 -1.99499E-05  7.11705E-17 -1.20848E+05 -4.46013E+03 -2.12818E+03  9.89298E+02 -1.08558E+03 -2.03114E+02  9.00000E+00  0.00000E+00  5.00000E-01 -7.74005E-06 -2.00304E-05  7.13970E-17 -9.96531E+04  2.83446E+03  8.44482E+02  7.38874E+02  1.04126E+03  1.45479E+02  9.00000E+00  0.00000E+00  1.00000E+00 -7.73816E-06 -2.00185E-05  9.28692E-08 -9.96787E+04  2.77475E+03  8.18893E+02  6.65052E+02 -1.10264E+03 -1.53347E+02
   8.50000E+00  1.00000E+00  5.00000E-01 -3.68112E-06 -1.79474E-05  6.42372E-17 -8.87179E+04 -3.09298E+03 -9.80167E+02 -1.02180E+04  1.02584E+03  1.26247E+02  8.50000E+00  1.00000E+00  0.00000E+00 -3.68008E-06 -1.79354E-05 -4.80904E-08 -8.86899E+04 -3.02749E+03 -9.52103E+02 -1.01220E+04 -1.08689E+03 -1.32589E+02  8.50000E+00  5.00000E-01  0.00000E+00 -5.54015E-06 -1.79955E-05 -7.20967E-08 -6.75019E+04  4.18869E+03  2.07604E+03 -1.04501E+04  1.04455E+03  1.01977E+02  8.50000E+00  5.00000E-01  5.00000E-01 -5.54174E-06 -1.80077E-05  6.44848E-17 -6.74739E+04  4.25417E+03  2.10411E+03 -1.03546E+04 -1.06818E+03 -1.03334E+02  9.00000E+00  1.00000E+00  5.00000E-01 -3.83800E-06 -1.98923E-05  7.08835E-17 -8.94543E+04 -4.29348E+03 -2.23420E+03 -3.25082E+03  9.99849E+02  1.26248E+02  9.00000E+00  1.00000E+00  0.00000E+00 -3.83695E-06 -1.98808E-05 -4.59995E-08 -8.94269E+04 -4.22966E+03 -2.20685E+03 -3.15485E+03 -1.05935E+03 -1.32589E+02  9.00000E+00  5.00000E-01  0.00000E+00 -5.77546E-06 -1.99382E-05 -6.89621E-08 -6.81580E+04  3.06847E+03  1.00935E+03 -3.48290E+03  1.01808E+03  1.01977E+02  9.00000E+00  5.00000E-01  5.00000E-01 -5.77706E-06 -1.99499E-05  7.11705E-17 -6.81307E+04  3.13229E+03  1.03670E+03 -3.38740E+03 -1.04112E+03 -1.03334E+02
   8.50000E+00  1.00000E+00  1.00000E+00 -3.68008E-06 -1.79354E-05  4.80904E-08 -8.86899E+04 -3.02749E+03 -9.52103E+02 -1.01220E+04  1.08689E+03  1.32589E+02  8.50000E+00  1.00000E+00  5.00000E-01 -3.68112E-06 -1.79474E-05  6.42372E-17 -8.87179E+04 -3.09298E+03 -9.80167E+02 -1.02180E+04 -1.02584E+03 -1.26247E+02  8.50000E+00  5.00000E-01  5.00000E-01 -5.54174E-06 -1.80077E-05  6.44848E-17 -6.74739E+04  4.25417E+03  2.10411E+03 -1.03546E+04  1.06818E+03  1.03334E+02  8.50000E+00  5.00000E-01  1.00000E+00 -5.54015E-06 -1.79955E-05  7.20967E-08 -6.75019E+04  4.18869E+03  2.07604E+03 -1.04501E+04 -1.04455E+03 -1.01977E+02  9.00000E+00  1.00000E+00  1.00000E+00 -3.83695E-06 -1.98808E-05  4.59995E-08 -8.94269E+04 -4.22966E+03 -2.20685E+03 -3.15485E+03  1.05935E+03  1.32589E+02  9.00000E+00  1.00000E+00  5.00000E-01 -3.83800E-06 -1.98923E-05  7.08835E-17 -8.94543E+04 -4.29348E+03 -2.23420E+03 -3.25082E+03 -9.99849E+02 -1.26248E+02  9.00000E+00  5.00000E-01  5.00000E-01 -5.77706E-06 -1.99499E-05  7.11705E-17 -6.81307E+04  3.13229E+03  1.03670E+03 -3.38740E+03  1.04112E+03  1.03334E+02  9.00000E+00  5.00000E-01  1.00000E+00 -5.77546E-06 -1.99382E-05  6.89621E-08 -6.81580E+04  3.06847E+03  1.00935E+03 -3.48290E+03 -1.01808E+03 -1.01977E+02
   8.50000E+00  1.50000E+00  5.00000E-01 -1.83655E-06 -1.79113E-05  6.39249E-17 -5.74622E+04 -3.29227E+03 -1.18004E+03 -1.30519E+04  1.05534E+03  8.32303E+01  8.50000E+00  1.50000E+00  0.00000E+00 -1.83603E-06 -1.78993E-05 -2.40543E-08 -5.74607E+04 -3.28875E+03 -1.17853E+03 -1.29592E+04 -1.06000E+03 -8.28727E+01  8.50000E+00  1.00000E+00  0.00000E+00 -3.68008E-06 -1.79354E-05 -4.80904E-08 -3.62501E+04  3.98546E+03  1.86701E+03 -1.31912E+04  1.05635E+03  5.62851E+01  8.50000E+00  1.00000E+00  5.00000E-01 -3.68112E-06 -1.79474E-05  6.42372E-17 -3.62486E+04  3.98899E+03  1.86852E+03 -1.30985E+04 -1.05900E+03 -5.62257E+01  9.00000E+00  1.50000E+00  5.00000E-01 -1.91499E-06 -1.98577E-05  7.05397E-17 -5.79204E+04 -4.02914E+03 -1.97042E+03 -6.08474E+03  1.02860E+03  8.32304E+01  9.00000E+00  1.50000E+00  0.00000E+00 -1.91447E-06 -1.98462E-05 -2.30085E-08 -5.79189E+04 -4.02570E+03 -1.96894E+03 -5.99200E+03 -1.03315E+03 -8.28727E+01  9.00000E+00  1.00000E+00  0.00000E+00 -3.83695E-06 -1.98808E-05 -4.59995E-08 -3.66279E+04  3.32899E+03  1.26420E+03 -6.22408E+03  1.02959E+03  5.62851E+01  9.00000E+00  1.00000E+00  5.00000E-01 -3.83800E-06 -1.98923E-05  7.08835E-17 -3.66265E+04  3.33242E+03  1.26567E+03 -6.13137E+03 -1.03217E+03 -5.62257E+01
   8.50000E+00  1.50000E+00  1.00000E+00 -1.83603E-06 -1.78993E-05  2.40543E-08 -5.74607E+04 -3.28875E+03 -1.17853E+03 -1.29592E+04  1.06000E+03  8.28727E+01  8.50000E+00  1.50000E+00  5.00000E-01 -1.83655E-06 -1.79113E-05  6.39249E-17 -5.74622E+04 -3.29227E+03 -1.18004E+03 -1.30519E+04 -1.05534E+03 -8.32303E+01  8.50000E+00  1.00000E+00  5.00000E-01 -3.68112E-06 -1.79474E-05  6.42372E-17 -3.62486E+04  3.98899E+03  1.86852E+03 -1.30985E+04  1.05900E+03  5.62257E+01  8.50000E+00  1.00000E+00  1.00000E+00 -3.68008E-06 -1.79354E-05  4.80904E-08 -3.62501E+04  3.98546E+03  1.86701E+03 -1.31912E+04 -1.05635E+03 -5.62851E+01  9.00000E+00  1.50000E+00  1.00000E+00 -1.91447E-06 -1.98462E-05  2.30085E-08 -5.79189E+04 -4.02570E+03 -1.96894E+03 -5.99200E+03  1.03315E+03  8.28727E+01  9.00000E+00  1.50000E+00  5.00000E-01 -1.91499E-06 -1.98577E-05  7.05397E-17 -5.79204E+04 -4.02914E+03 -1.97042E+03 -6.08474E+03 -1.02860E+03 -8.32304E+01  9.00000E+00  1.00000E+00  5.00000E-01 -3.83800E-06 -1.98923E-05  7.08835E-17 -3.66265E+04  3.33242E+03  1.26567E+03 -6.13137E+03  1.03217E+03  5.62257E+01  9.00000E+00  1.00000E+00  1.00000E+00 -3.83695E-06 -1.98808E-05  4.59995E-08 -3.66279E+04  3.32899E+03  1.26420E+03 -6.22408E+03 -1.02959E+03 -5.62851E+01
   8.50000E+00  2.00000E+00  5.00000E-01  1.28114E-20 -1.78993E-05  6.35487E-17 -2.62228E+04 -3.52120E+03 -1.40450E+03 -1.44929E+04  1.05883E+03  3.66122E+01  8.50000E+00  2.00000E+00  0.00000E+00  6.48615E-18 -1.78873E-05  6.35796E-17 -2.62231E+04 -3.52190E+03 -1.40480E+03 -1.44000E+04 -1.05811E+03 -3.66515E+01  8.50000E+00  1.50000E+00  0.00000E+00 -1.83603E-06 -1.78993E-05 -2.40543E-08 -5.01309E+03  3.75413E+03  1.63694E+03 -1.45394E+04  1.05863E+03  9.81021E+00  8.50000E+00  1.50000E+00  5.00000E-01 -1.83655E-06 -1.79113E-05  6.39249E-17 -5.01339E+03  3.75343E+03  1.63664E+03 -1.44465E+04 -1.05831E+03 -9.82075E+00  9.00000E+00  2.00000E+00  5.00000E-01  1.28643E-20 -1.98462E-05  7.01369E-17 -2.64023E+04 -3.79367E+03 -1.73060E+03 -7.52575E+03  1.03201E+03  3.66122E+01  9.00000E+00  2.00000E+00  0.00000E+00  6.68391E-18 -1.98347E-05  7.01627E-17 -2.64026E+04 -3.79435E+03 -1.73089E+03 -7.43285E+03 -1.03131E+03 -3.66515E+01  9.00000E+00  1.50000E+00  0.00000E+00 -1.91447E-06 -1.98462E-05 -2.30085E-08 -5.11222E+03  3.56211E+03  1.49855E+03 -7.57220E+03  1.03181E+03  9.81021E+00  9.00000E+00  1.50000E+00  5.00000E-01 -1.91499E-06 -1.98577E-05  7.05397E-17 -5.11251E+03  3.56143E+03  1.49826E+03 -7.47930E+03 -1.03150E+03 -9.82075E+00
   8.50000E+00  2.00000E+00  1.00000E+00 -6.45991E-18 -1.78873E-05  6.35772E-17 -2.62231E+04 -3.52190E+03 -1.40480E+03 -1.44000E+04  1.05811E+03  3.66515E+01  8.50000E+00  2.00000E+00  5.00000E-01  1.28114E-20 -1.78993E-05  6.35487E-17 -2.62228E+04 -3.52120E+03 -1.40450E+03 -1.44929E+04 -1.05883E+03 -3.66122E+01  8.50000E+00  1.50000E+00  5.00000E-01 -1.83655E-06 -1.79113E-05  6.39249E-17 -5.01339E+03  3.75343E+03  1.63664E+03 -1.44465E+04  1.05831E+03  9.82075E+00  8.50000E+00  1.50000E+00  1.00000E+00 -1.83603E-06 -1.78993E-05  2.40543E-08 -5.01309E+03  3.75413E+03  1.63694E+03 -1.45394E+04 -1.05863E+03 -9.81021E+00  9.00000E+00  2.00000E+00  1.00000E+00 -6.65816E-18 -1.98347E-05  7.01673E-17 -2.64026E+04 -3.79435E+03 -1.73089E+03 -7.43285E+03  1.03131E+03  3.66515E+01  9.00000E+00  2.00000E+00  5.00000E-01  1.28643E-20 -1.98462E-05  7.01369E-17 -2.64023E+04 -3.79367E+03 -1.73060E+03 -7.52575E+03 -1.03201E+03 -3.66122E+01  9.00000E+00  1.50000E+00  5.00000E-01 -1.91499E-06 -1.98577E-05  7.05397E-17 -5.11251E+03  3.56143E+03  1.49826E+03 -7.47930E+03  1.03150E+03  9.82075E+00  9.00000E+00  1.50000E+00  1.00000E+00 -1.91447E-06 -1.98462E-05  2.30085E-08 -5.11222E+03  3.56211E+03  1.49855E+03 -7.57220E+03 -1.03181E+03 -9.81021E+00
   8.50000E+00  2.50000E+00  5.00000E-01  1.83655E-06 -1.79113E-05  6.31028E-17  5.01309E+03 -3.75413E+03 -1.63694E+03 -1.45394E+04  1.05863E+03 -9.81021E+00  8.50000E+00  2.50000E+00  0.00000E+00  1.83603E-06 -1.78993E-05  2.40543E-08  5.01339E+03 -3.75343E+03 -1.63664E+03 -1.44465E+04 -1.05831E+03  9.82075E+00  8.50000E+00  2.00000E+00  0.00000E+00  6.48615E-18 -1.78873E-05  6.35796E-17  2.62228E+04  3.52120E+03  1.40450E+03 -1.44929E+04  1.05883E+03 -3.66122E+01  8.50000E+00  2.00000E+00  5.00000E-01  1.28114E-20 -1.78993E-05  6.35487E-17  2.62231E+04  3.52190E+03  1.40480E+03 -1.44000E+04 -1.05811E+03  3.66515E+01  9.00000E+00  2.50000E+00  5.00000E-01  1.91499E-06 -1.98577E-05  6.96736E-17  5.11222E+03 -3.56211E+03 -1.49855E+03 -7.57220E+03  1.03181E+03 -9.81021E+00  9.00000E+00  2.50000E+00  0.00000E+00  1.91447E-06 -1.98462E-05  2.30085E-08  5.11251E+03 -3.56143E+03 -1.49826E+03 -7.47930E+03 -1.03150E+03  9.82075E+00  9.00000E+00  2.00000E+00  0.00000E+00  6.68391E-18 -1.98347E-05  7.01627E-17  2.64023E+04  3.79367E+03  1.73060E+03 -7.52575E+03  1.03201E+03 -3.66122E+01  9.00000E+00  2.00000E+00  5.00000E-01  1.28643E-20 -1.98462E-05  7.01369E-17  2.64026E+04  3.79435E+03  1.73089E+03 -7.43285E+03 -1.03131E+03  3.66515E+01
   8.50000E+00  2.50000E+00  1.00000E+00  1.83603E-06 -1.78993E-05 -2.40543E-08  5.01339E+03 -3.75343E+03 -1.63664E+03 -1.44465E+04  1.05831E+03 -9.82075E+00  8.50000E+00  2.50000E+00  5.00000E-01  1.83655E-06 -1.79113E-05  6.31028E-17  5.01309E+03 -3.75413E+03 -1.63694E+03 -1.45394E+04 -1.05863E+03  9.81021E+00  8.50000E+00  2.00000E+00  5.00000E-01  1.28114E-20 -1.78993E-05  6.35487E-17  2.62231E+04  3.52190E+03  1.40480E+03 -1.44000E+04  1.05811E+03 -3.66515E+01  8.50000E+00  2.00000E+00  1.00000E+00 -6.45991E-18 -1.78873E-05  6.35772E-17  2.62228E+04  3.52120E+03  1.40450E+03 -1.44929E+04 -1.05883E+03  3.66122E+01  9.00000E+00  2.50000E+00  1.00000E+00  1.91447E-06 -1.98462E-05 -2.30085E-08  5.11251E+03 -3.56143E+03 -1.49826E+03 -7.47930E+03  1.03150E+03 -9.82075E+00  9.00000E+00  2.50000E+00  5.00000E-01  1.91499E-06 -1.98577E-05  6.96736E-17  5.11222E+03 -3.56211E+03 -1.49855E+03 -7.57220E+03 -1.03181E+03  9.81021E+00  9.00000E+00  2.00000E+00  5.00000E-01  1.28643E-20 -1.98462E-05  7.01369E-17  2.64026E+04  3.79435E+03  1.73089E+03 -7.43285E+03  1.03131E+03 -3.66515E+01  9.00000E+00  2.00000E+00  1.00000E+00 -6.65816E-18 -1.98347E-05  7.01673E-17  2.64023E+04  3.79367E+03  1.73060E+03 -7.52575E+03 -1.03201E+03  3.66122E+01
   8.50000E+00  3.00000E+00  5.00000E-01  3.68112E-06 -1.79474E-05  6.25903E-17  3.62501E+04 -3.98546E+03 -1.86701E+03 -1.31912E+04  1.05635E+03 -5.62851E+01  8.50000E+00  3.00000E+00  0.00000E+00  3.68008E-06 -1.79354E-05  4.80904E-08  3.62486E+04 -3.98899E+03 -1.86852E+03 -1.30985E+04 -1.05900E+03  5.62257E+01  8.50000E+00  2.50000E+00  0.00000E+00  1.83603E-06 -1.78993E-05  2.40543E-08  5.74622E+04  3.29227E+03  1.18004E+03 -1.30519E+04  1.05534E+03 -8.32303E+01  8.50000E+00  2.50000E+00  5.00000E-01  1.83655E-06 -1.79113E-05  6.31028E-17  5.74607E+04  3.28875E+03  1.17853E+03 -1.29592E+04 -1.06000E+03  8.28727E+01  9.00000E+00  3.00000E+00  5.00000E-01  3.83800E-06 -1.98923E-05  6.91427E-17  3.66279E+04 -3.32899E+03 -1.26420E+03 -6.22408E+03  1.02959E+03 -5.62851E+01  9.00000E+00  3.00000E+00  0.00000E+00  3.83695E-06 -1.98808E-05  4.59995E-08  3.66265E+04 -3.33242E+03 -1.26567E+03 -6.13137E+03 -1.03217E+03  5.62257E+01  9.00000E+00  2.50000E+00  0.00000E+00  1.91447E-06 -1.98462E-05  2.30085E-08  5.79204E+04  4.02914E+03  1.97042E+03 -6.08474E+03  1.02860E+03 -8.32304E+01  9.00000E+00  2.50000E+00  5.00000E-01  1.91499E-06 -1.98577E-05  6.96736E-17  5.79189E+04  4.02570E+03  1.96894E+03 -5.99200E+03 -1.03315E+03  8.28727E+01
   8.50000E+00  3.00000E+00  1.00000E+00  3.68008E-06 -1.79354E-05 -4.80904E-08  3.62486E+04 -3.98899E+03 -1.86852E+03 -1.30985E+04  1.05900E+03 -5.62257E+01  8.50000E+00  3.00000E+00  5.00000E-01  3.68112E-06 -1.79474E-05  6.25903E-17  3.62501E+04 -3.98546E+03 -1.86701E+03 -1.31912E+04 -1.05635E+03  5.62851E+01  8.50000E+00  2.50000E+00  5.00000E-01  1.83655E-06 -1.79113E-05  6.31028E-17  5.74607E+04  3.28875E+03  1.17853E+03 -1.29592E+04  1.06000E+03 -8.28727E+01  8.50000E+00  2.50000E+00  1.00000E+00  1.83603E-06 -1.78993E-05 -2.40543E-08  5.74622E+04  3.29227E+03  1.18004E+03 -1.30519E+04 -1.05534E+03  8.32303E+01  9.00000E+00  3.00000E+00  1.00000E+00  3.83695E-06 -1.98808E-05 -4.59995E-08  3.66265E+04 -3.33242E+03 -1.26567E+03 -6.13137E+03  1.03217E+03 -5.62257E+01  9.00000E+00  3.00000E+00  5.00000E-01  3.83800E-06 -1.98923E-05  6.91427E-17  3.66279E+04 -3.32899E+03 -1.26420E+03 -6.22408E+03 -1.02959E+03  5.62851E+01  9.00000E+00  2.50000E+00  5.00000E-01  1.91499E-06 -1.98577E-05  6.96736E-17  5.79189E+04  4.02570E+03  1.96894E+03 -5.99200E+03  1.03315E+03 -8.28727E+01  9.00000E+00  2.50000E+00  1.00000E+00  1.91447E-06 -1.98462E-05 -2.30085E-08  5.79204E+04  4.02914E+03  1.97042E+03 -6.08474E+03 -1.02860E+03  8.32304E+01
   8.50000E+00  3.50000E+00  5.00000E-01  5.54174E-06 -1.80077E-05  6.20017E-17  6.75019E+04 -4.18869E+03 -2.07604E+03 -1.04501E+04  1.04455E+03 -1.01977E+02  8.50000E+00  3.50000E+00  0.00000E+00  5.54015E-06 -1.79955E-05  7.20967E-08  6.74739E+04 -4.25417E+03 -2.10411E+03 -1.03546E+04 -1.06818E+03  1.03334E+02  8.50000E+00  3.00000E+00  0.00000E+00  3.68008E-06 -1.79354E-05  4.80904E-08  8.87179E+04  3.09298E+03  9.80167E+02 -1.02180E+04  1.02584E+03 -1.26247E+02  8.50000E+00  3.00000E+00  5.00000E-01  3.68112E-06 -1.79474E-05  6.25903E-17  8.86899E+04  3.02749E+03  9.52103E+02 -1.01220E+04 -1.08689E+03  1.32589E+02  9.00000E+00  3.50000E+00  5.00000E-01  5.77706E-06 -1.99499E-05  6.85462E-17  6.81580E+04 -3.06847E+03 -1.00935E+03 -3.48290E+03  1.01808E+03 -1.01977E+02  9.00000E+00  3.50000E+00  0.00000E+00  5.77546E-06 -1.99382E-05  6.89621E-08  6.81307E+04 -3.13229E+03 -1.03670E+03 -3.38740E+03 -1.04112E+03  1.03334E+02  9.00000E+00  3.00000E+00  0.00000E+00  3.83695E-06 -1.98808E-05  4.59995E-08  8.94543E+04  4.29348E+03  2.23420E+03 -3.25082E+03  9.99849E+02 -1.26248E+02  9.00000E+00  3.00000E+00  5.00000E-01  3.83800E-06 -1.98923E-05  6.91427E-17  8.94269E+04  4.22966E+03  2.20685E+03 -3.15485E+03 -1.05935E+03  1.32589E+02
   8.50000E+00  3.50000E+00  1.00000E+00  5.54015E-06 -1.79955E-05 -7.20967E-08  6.74739E+04 -4.25417E+03 -2.10411E+03 -1.03546E+04  1.06818E+03 -1.03334E+02  8.50000E+00  3.50000E+00  5.00000E-01  5.54174E-06 -1.80077E-05  6.20017E-17  6.75019E+04 -4.18869E+03 -2.07604E+03 -1.04501E+04 -1.04455E+03  1.01977E+02  8.50000E+00  3.00000E+00  5.00000E-01  3.68112E-06 -1.79474E-05  6.25903E-17  8.86899E+04  3.02749E+03  9.52103E+02 -1.01220E+04  1.08689E+03 -1.32589E+02  8.50000E+00  3.00000E+00  1.00000E+00  3.68008E-06 -1.79354E-05 -4.80904E-08  8.87179E+04  3.09298E+03  9.80167E+02 -1.02180E+04 -1.02584E+03  1.26247E+02  9.00000E+00  3.50000E+00  1.00000E+00  5.77546E-06 -1.99382E-05 -6.89621E-08  6.81307E+04 -3.13229E+03 -1.03670E+03 -3.38740E+03  1.04112E+03 -1.03334E+02  9.00000E+00  3.50000E+00  5.00000E-01  5.77706E-06 -1.99499E-05  6.85462E-17  6.81580E+04 -3.06847E+03 -1.00935E+03 -3.48290E+03 -1.01808E+03  1.01977E+02  9.00000E+00  3.00000E+00  5.00000E-01  3.83800E-06 -1.98923E-05  6.91427E-17  8.94269E+04  4.22966E+03  2.20685E+03 -3.15485E+03  1.05935E+03 -1.32589E+02  9.00000E+00  3.00000E+00  1.00000E+00  3.83695E-06 -1.98808E-05 -4.59995E-08  8.94543E+04  4.29348E+03  2.23420E+03 -3.25082E+03 -9.99849E+02  1.26248E+02
   8.50000E+00  4.00000E+00  5.00000E-01  7.42629E-06 -1.80918E-05  6.13523E-17  9.87441E+04 -4.35785E+03 -2.35115E+03 -6.30211E+03  1.13131E+03 -1.53347E+02  8.50000E+00  4.00000E+00  0.00000E+00  7.42440E-06 -1.80794E-05  9.70906E-08  9.87179E+04 -4.41911E+03 -2.37741E+03 -6.22829E+03 -1.06833E+03  1.45479E+02  8.50000E+00  3.50000E+00  0.00000E+00  5.54015E-06 -1.79955E-05  7.20967E-08  1.19830E+05  2.79344E+03  4.00873E+02 -5.97787E+03  1.11380E+03 -2.03114E+02  8.50000E+00  3.50000E+00  5.00000E-01  5.54174E-06 -1.80077E-05  6.20017E-17  1.19803E+05  2.73218E+03  3.74619E+02 -5.90360E+03 -1.08583E+03  1.51440E+02  9.00000E+00  4.00000E+00  5.00000E-01  7.74005E-06 -2.00304E-05  6.78971E-17  9.96787E+04 -2.77475E+03 -8.18893E+02  6.65052E+02  1.10264E+03 -1.53347E+02  9.00000E+00  4.00000E+00  0.00000E+00  7.73816E-06 -2.00185E-05  9.28692E-08  9.96531E+04 -2.83446E+03 -8.44482E+02  7.38874E+02 -1.04126E+03  1.45479E+02  9.00000E+00  3.50000E+00  0.00000E+00  5.77546E-06 -1.99382E-05  6.89621E-08  1.20848E+05  4.46013E+03  2.12818E+03  9.89298E+02  1.08558E+03 -2.03114E+02  9.00000E+00  3.50000E+00  5.00000E-01  5.77706E-06 -1.99499E-05  6.85462E-17  1.20822E+05  4.40043E+03  2.10259E+03  1.06356E+03 -1.05832E+03  1.51440E+02
   8.50000E+00  4.00000E+00  1.00000E+00  7.42440E-06 -1.80794E-05 -9.70906E-08  9.87179E+04 -4.41911E+03 -2.37741E+03 -6.22829E+03  1.06833E+03 -1.45479E+02  8.50000E+00  4.00000E+00  5.00000E-01  7.42629E-06 -1.80918E-05  6.13523E-17  9.87441E+04 -4.35785E+03 -2.35115E+03 -6.30211E+03 -1.13131E+03  1.53347E+02  8.50000E+00  3.50000E+00  5.00000E-01  5.54174E-06 -1.80077E-05  6.20017E-17  1.19803E+05  2.73218E+03  3.74619E+02 -5.90360E+03  1.08583E+03 -1.51440E+02  8.50000E+00  3.50000E+00  1.00000E+00  5.54015E-06 -1.79955E-05 -7.20967E-08  1.19830E+05  2.79344E+03  4.00873E+02 -5.97787E+03 -1.11380E+03  2.03114E+02  9.00000E+00  4.00000E+00  1.00000E+00  7.73816E-06 -2.00185E-05 -9.28692E-08  9.96531E+04 -2.83446E+03 -8.44482E+02  7.38874E+02  1.04126E+03 -1.45479E+02  9.00000E+00  4.00000E+00  5.00000E-01  7.74005E-06 -2.00304E-05  6.78971E-17  9.96787E+04 -2.77475E+03 -8.18893E+02  6.65052E+02 -1.10264E+03  1.53347E+02  9.00000E+00  3.50000E+00  5.00000E-01  5.77706E-06 -1.99499E-05  6.85462E-17  1.20822E+05  4.40043E+03  2.10259E+03  1.06356E+03  1.05832E+03 -1.51440E+02  9.00000E+00  3.50000E+00  1.00000E+00  5.77546E-06 -1.99382E-05 -6.89621E-08  1.20848E+05  4.46013E+03  2.12818E+03  9.89298E+02 -1.08558E+03  2.03114E+02
   9.00000E+00  5.00000E-01  5.00000E-01 -5.77706E-06 -1.99499E-05  7.11705E-17 -1.14481E+05 -2.63225E+03 -3.44671E+02 -5.82304E+03  1.06493E+03  2.03114E+02  9.00000E+00  5.00000E-01  0.00000E+00 -5.77546E-06 -1.99382E-05 -6.89621E-08 -1.14456E+05 -2.57368E+03 -3.19570E+02 -5.74878E+03 -1.03818E+03 -1.51440E+02  9.00000E+00  0.00000E+00  0.00000E+00 -7.73816E-06 -2.00185E-05 -9.28692E-08 -9.43347E+04  4.19935E+03  2.28071E+03 -6.14729E+03  1.08166E+03  1.53347E+02  9.00000E+00  0.00000E+00  5.00000E-01 -7.74005E-06 -2.00304E-05  7.13970E-17 -9.43096E+04  4.25792E+03  2.30581E+03 -6.07347E+03 -1.02145E+03 -1.45479E+02  9.50000E+00  5.00000E-01  5.00000E-01 -6.00192E-06 -2.19688E-05  7.80433E-17 -1.15500E+05 -4.29894E+03 -2.07198E+03  8.34472E+02  1.03671E+03  2.03114E+02  9.50000E+00  5.00000E-01  0.00000E+00 -6.00032E-06 -2.19576E-05 -6.58274E-08 -1.15475E+05 -4.24192E+03 -2.04754E+03  9.08738E+02 -1.01067E+03 -1.51440E+02  9.50000E+00  0.00000E+00  0.00000E+00 -8.03797E-06 -2.20342E-05 -8.86479E-08 -9.52693E+04  2.61625E+03  7.48447E+02  5.10226E+02  1.05300E+03  1.53347E+02  9.50000E+00  0.00000E+00  5.00000E-01 -8.03986E-06 -2.20456E-05  7.83142E-17 -9.52449E+04  2.67327E+03  7.72884E+02  5.84049E+02 -9.94384E+02 -1.45479E+02
   9.00000E+00  5.00000E-01  1.00000E+00 -5.77546E-06 -1.99382E-05  6.89621E-08 -1.14456E+05 -2.57368E+03 -3.19570E+02 -5.74878E+03  1.03818E+03  1.51440E+02  9.00000E+00  5.00000E-01  5.00000E-01 -5.77706E-06 -1.99499E-05  7.11705E-17 -1.14481E+05 -2.63225E+03 -3.44671E+02 -5.82304E+03 -1.06493E+03 -2.03114E+02  9.00000E+00  0.00000E+00  5.00000E-01 -7.74005E-06 -2.00304E-05  7.13970E-17 -9.43096E+04  4.25792E+03  2.30581E+03 -6.07347E+03  1.02145E+03  1.45479E+02  9.00000E+00  0.00000E+00  1.00000E+00 -7.73816E-06 -2.00185E-05  9.28692E-08 -9.43347E+04  4.19935E+03  2.28071E+03 -6.14729E+03 -1.08166E+03 -1.53347E+02  9.50000E+00  5.00000E-01  1.00000E+00 -6.00032E-06 -2.19576E-05  6.58274E-08 -1.15475E+05 -4.24192E+03 -2.04754E+03  9.08738E+02  1.01067E+03  1.51440E+02  9.50000E+00  5.00000E-01  5.00000E-01 -6.00192E-06 -2.19688E-05  7.80433E-17 -1.15500E+05 -4.29894E+03 -2.07198E+03  8.34472E+02 -1.03671E+03 -2.03114E+02  9.50000E+00  0.00000E+00  5.00000E-01 -8.03986E-06 -2.20456E-05  7.83142E-17 -9.52449E+04  2.67327E+03  7.72884E+02  5.84049E+02  9.94384E+02  1.45479E+02  9.50000E+00  0.00000E+00  1.00000E+00 -8.03797E-06 -2.20342E-05  8.86479E-08 -9.52693E+04  2.61625E+03  7.48447E+02  5.10226E+02 -1.05300E+03 -1.53347E+02
   9.00000E+00  1.00000E+00  5.00000E-01 -3.83800E-06 -1.98923E-05  7.08835E-17 -8.47585E+04 -2.92883E+03 -9.08736E+02 -1.00632E+04  9.80824E+02  1.26247E+02  9.00000E+00  1.00000E+00  0.00000E+00 -3.83695E-06 -1.98808E-05 -4.59995E-08 -8.47317E+04 -2.86622E+03 -8.81904E+02 -9.96719E+03 -1.03919E+03 -1.32589E+02  9.00000E+00  5.00000E-01  0.00000E+00 -5.77546E-06 -1.99382E-05 -6.89621E-08 -6.44873E+04  4.02742E+03  2.00748E+03 -1.02952E+04  9.98712E+02  1.01977E+02  9.00000E+00  5.00000E-01  5.00000E-01 -5.77706E-06 -1.99499E-05  7.11705E-17 -6.44604E+04  4.09003E+03  2.03431E+03 -1.01997E+04 -1.02130E+03 -1.03334E+02  9.50000E+00  1.00000E+00  5.00000E-01 -3.98790E-06 -2.19138E-05  7.77202E-17 -8.54949E+04 -4.12934E+03 -2.16277E+03 -3.40565E+03  9.54834E+02  1.26247E+02  9.50000E+00  1.00000E+00  0.00000E+00 -3.98686E-06 -2.19028E-05 -4.39086E-08 -8.54688E+04 -4.06839E+03 -2.13665E+03 -3.30968E+03 -1.01166E+03 -1.32589E+02  9.50000E+00  5.00000E-01  0.00000E+00 -6.00032E-06 -2.19576E-05 -6.58274E-08 -6.51433E+04  2.90720E+03  9.40783E+02 -3.63772E+03  9.72248E+02  1.01977E+02  9.50000E+00  5.00000E-01  5.00000E-01 -6.00192E-06 -2.19688E-05  7.80433E-17 -6.51172E+04  2.96815E+03  9.66904E+02 -3.54222E+03 -9.94242E+02 -1.03334E+02
   9.00000E+00  1.00000E+00  1.00000E+00 -3.83695E-06 -1.98808E-05  4.59995E-08 -8.47317E+04 -2.86622E+03 -8.81904E+02 -9.96719E+03  1.03919E+03  1.32589E+02  9.00000E+00  1.00000E+00  5.00000E-01 -3.83800E-06 -1.98923E-05  7.08835E-17 -8.47585E+04 -2.92883E+03 -9.08736E+02 -1.00632E+04 -9.80824E+02 -1.26247E+02  9.00000E+00  5.00000E-01  5.00000E-01 -5.77706E-06 -1.99499E-05  7.11705E-17 -6.44604E+04  4.09003E+03  2.03431E+03 -1.01997E+04  1.02130E+03  1.03334E+02  9.00000E+00  5.00000E-01  1.00000E+00 -5.77546E-06 -1.99382E-05  6.89621E-08 -6.44873E+04  4.02742E+03  2.00748E+03 -1.02952E+04 -9.98712E+02 -1.01977E+02  9.50000E+00  1.00000E+00  1.00000E+00 -3.98686E-06 -2.19028E-05  4.39086E-08 -8.54688E+04 -4.06839E+03 -2.13665E+03 -3.30968E+03  1.01166E+03  1.32589E+02  9.50000E+00  1.00000E+00  5.00000E-01 -3.98790E-06 -2.19138E-05  7.77202E-17 -8.54949E+04 -4.12934E+03 -2.16277E+03 -3.40565E+03 -9.54834E+02 -1.26247E+02  9.50000E+00  5.00000E-01  5.00000E-01 -6.00192E-06 -2.19688E-05  7.80433E-17 -6.51172E+04  2.96815E+03  9.66904E+02 -3.54222E+03  9.94242E+02  1.03334E+02  9.50000E+00  5.00000E-01  1.00000E+00 -6.00032E-06 -2.19576E-05  6.58274E-08 -6.51433E+04  2.90720E+03  9.40783E+02 -3.63772E+03 -9.72248E+02 -1.01977E+02
   9.00000E+00  1.50000E+00  5.00000E-01 -1.91499E-06 -1.98577E-05  7.05397E-17 -5.48982E+04 -3.12957E+03 -1.11003E+03 -1.28971E+04  1.00903E+03  8.32303E+01  9.00000E+00  1.50000E+00  0.00000E+00 -1.91447E-06 -1.98462E-05 -2.30085E-08 -5.48967E+04 -3.12620E+03 -1.10858E+03 -1.28043E+04 -1.01349E+03 -8.28727E+01  9.00000E+00  1.00000E+00  0.00000E+00 -3.83695E-06 -1.98808E-05 -4.59995E-08 -3.46306E+04  3.82292E+03  1.79743E+03 -1.30364E+04  1.00999E+03  5.62851E+01  9.00000E+00  1.00000E+00  5.00000E-01 -3.83800E-06 -1.98923E-05  7.08835E-17 -3.46292E+04  3.82629E+03  1.79887E+03 -1.29437E+04 -1.01253E+03 -5.62257E+01  9.50000E+00  1.50000E+00  5.00000E-01 -1.98994E-06 -2.18808E-05  7.73405E-17 -5.53563E+04 -3.86644E+03 -1.90041E+03 -6.23956E+03  9.82295E+02  8.32303E+01  9.50000E+00  1.50000E+00  0.00000E+00 -1.98942E-06 -2.18699E-05 -2.19626E-08 -5.53549E+04 -3.86316E+03 -1.89900E+03 -6.14683E+03 -9.86633E+02 -8.28726E+01  9.50000E+00  1.00000E+00  0.00000E+00 -3.98686E-06 -2.19028E-05 -4.39086E-08 -3.50084E+04  3.16644E+03  1.19462E+03 -6.37891E+03  9.83232E+02  5.62851E+01  9.50000E+00  1.00000E+00  5.00000E-01 -3.98790E-06 -2.19138E-05  7.77202E-17 -3.50070E+04  3.16972E+03  1.19603E+03 -6.28620E+03 -9.85696E+02 -5.62257E+01
   9.00000E+00  1.50000E+00  1.00000E+00 -1.91447E-06 -1.98462E-05  2.30085E-08 -5.48967E+04 -3.12620E+03 -1.10858E+03 -1.28043E+04  1.01349E+03  8.28727E+01  9.00000E+00  1.50000E+00  5.00000E-01 -1.91499E-06 -1.98577E-05  7.05397E-17 -5.48982E+04 -3.12957E+03 -1.11003E+03 -1.28971E+04 -1.00903E+03 -8.32303E+01  9.00000E+00  1.00000E+00  5.00000E-01 -3.83800E-06 -1.98923E-05  7.08835E-17 -3.46292E+04  3.82629E+03  1.79887E+03 -1.29437E+04  1.01253E+03  5.62257E+01  9.00000E+00  1.00000E+00  1.00000E+00 -3.83695E-06 -1.98808E-05  4.59995E-08 -3.46306E+04  3.82292E+03  1.79743E+03 -1.30364E+04 -1.00999E+03 -5.62851E+01  9.50000E+00  1.50000E+00  1.00000E+00 -1.98942E-06 -2.18699E-05  2.19626E-08 -5.53549E+04 -3.86316E+03 -1.89900E+03 -6.14683E+03  9.86633E+02  8.28726E+01  9.50000E+00  1.50000E+00  5.00000E-01 -1.98994E-06 -2.18808E-05  7.73405E-17 -5.53563E+04 -3.86644E+03 -1.90041E+03 -6.23956E+03 -9.82295E+02 -8.32303E+01  9.50000E+00  1.00000E+00  5.00000E-01 -3.98790E-06 -2.19138E-05  7.77202E-17 -3.50070E+04  3.16972E+03  1.19603E+03 -6.28620E+03  9.85696E+02  5.62257E+01  9.50000E+00  1.00000E+00  1.00000E+00 -3.98686E-06 -2.19028E-05  4.39086E-08 -3.50084E+04  3.16644E+03  1.19462E+03 -6.37891E+03 -9.83232E+02 -5.62851E+01
   9.00000E+00  2.00000E+00  5.00000E-01  1.28643E-20 -1.98462E-05  7.01369E-17 -2.50533E+04 -3.35864E+03 -1.33483E+03 -1.43381E+04  1.01237E+03  3.66122E+01  9.00000E+00  2.00000E+00  0.00000E+00  6.68391E-18 -1.98347E-05  7.01627E-17 -2.50536E+04 -3.35931E+03 -1.33512E+03 -1.42452E+04 -1.01168E+03 -3.66515E+01  9.00000E+00  1.50000E+00  0.00000E+00 -1.91447E-06 -1.98462E-05 -2.30085E-08 -4.78809E+03  3.59155E+03  1.56726E+03 -1.43845E+04  1.01218E+03  9.81021E+00  9.00000E+00  1.50000E+00  5.00000E-01 -1.91499E-06 -1.98577E-05  7.05397E-17 -4.78837E+03  3.59088E+03  1.56697E+03 -1.42916E+04 -1.01187E+03 -9.82075E+00  9.50000E+00  2.00000E+00  5.00000E-01  1.10644E-20 -2.18699E-05  7.69124E-17 -2.52329E+04 -3.63112E+03 -1.66093E+03 -7.68058E+03  9.85544E+02  3.66122E+01  9.50000E+00  2.00000E+00  0.00000E+00  6.86499E-18 -2.18589E-05  7.69374E-17 -2.52332E+04 -3.63177E+03 -1.66121E+03 -7.58768E+03 -9.84875E+02 -3.66515E+01  9.50000E+00  1.50000E+00  0.00000E+00 -1.98942E-06 -2.18699E-05 -2.19626E-08 -4.88721E+03  3.39953E+03  1.42888E+03 -7.72703E+03  9.85358E+02  9.81021E+00  9.50000E+00  1.50000E+00  5.00000E-01 -1.98994E-06 -2.18808E-05  7.73405E-17 -4.88749E+03  3.39888E+03  1.42860E+03 -7.63412E+03 -9.85061E+02 -9.82074E+00
   9.00000E+00  2.00000E+00  1.00000E+00 -6.65816E-18 -1.98347E-05  7.01673E-17 -2.50536E+04 -3.35931E+03 -1.33512E+03 -1.42452E+04  1.01168E+03  3.66515E+01  9.00000E+00  2.00000E+00  5.00000E-01  1.28643E-20 -1.98462E-05  7.01369E-17 -2.50533E+04 -3.35864E+03 -1.33483E+03 -1.43381E+04 -1.01237E+03 -3.66122E+01  9.00000E+00  1.50000E+00  5.00000E-01 -1.91499E-06 -1.98577E-05  7.05397E-17 -4.78837E+03  3.59088E+03  1.56697E+03 -1.42916E+04  1.01187E+03  9.82075E+00  9.00000E+00  1.50000E+00  1.00000E+00 -1.91447E-06 -1.98462E-05  2.30085E-08 -4.78809E+03  3.59155E+03  1.56726E+03 -1.43845E+04 -1.01218E+03 -9.81021E+00  9.50000E+00  2.00000E+00  1.00000E+00 -6.83668E-18 -2.18589E-05  7.69363E-17 -2.52332E+04 -3.63177E+03 -1.66121E+03 -7.58768E+03  9.84875E+02  3.66515E+01  9.50000E+00  2.00000E+00  5.00000E-01  1.10644E-20 -2.18699E-05  7.69124E-17 -2.52329E+04 -3.63112E+03 -1.66093E+03 -7.68058E+03 -9.85544E+02 -3.66122E+01  9.50000E+00  1.50000E+00  5.00000E-01 -1.98994E-06 -2.18808E-05  7.73405E-17 -4.88749E+03  3.39888E+03  1.42860E+03 -7.63412E+03  9.85061E+02  9.82074E+00  9.50000E+00  1.50000E+00  1.00000E+00 -1.98942E-06 -2.18699E-05  2.19626E-08 -4.88721E+03  3.39953E+03  1.42888E+03 -7.72703E+03 -9.85358E+02 -9.81021E+00
   9.00000E+00  2.50000E+00  5.00000E-01  1.91499E-06 -1.98577E-05  6.96736E-17  4.78809E+03 -3.59155E+03 -1.56726E+03 -1.43845E+04  1.01218E+03 -9.81021E+00  9.00000E+00  2.50000E+00  0.00000E+00  1.91447E-06 -1.98462E-05  2.30085E-08  4.78837E+03 -3.59088E+03 -1.56697E+03 -1.42916E+04 -1.01187E+03  9.82075E+00  9.00000E+00  2.00000E+00  0.00000E+00  6.68391E-18 -1.98347E-05  7.01627E-17  2.50533E+04  3.35864E+03  1.33483E+03 -1.43381E+04  1.01237E+03 -3.66122E+01  9.00000E+00  2.00000E+00  5.00000E-01  1.28643E-20 -1.98462E-05  7.01369E-17  2.50536E+04  3.35931E+03  1.33512E+03 -1.42452E+04 -1.01168E+03  3.66515E+01  9.50000E+00  2.50000E+00  5.00000E-01  1.98994E-06 -2.18808E-05  7.64265E-17  4.88721E+03 -3.39953E+03 -1.42888E+03 -7.72703E+03  9.85358E+02 -9.81021E+00  9.50000E+00  2.50000E+00  0.00000E+00  1.98942E-06 -2.18699E-05  2.19626E-08  4.88749E+03 -3.39888E+03 -1.42860E+03 -7.63412E+03 -9.85061E+02  9.82074E+00  9.50000E+00  2.00000E+00  0.00000E+00  6.86499E-18 -2.18589E-05  7.69374E-17  2.52329E+04  3.63112E+03  1.66093E+03 -7.68058E+03  9.85544E+02 -3.66122E+01  9.50000E+00  2.00000E+00  5.00000E-01  1.10644E-20 -2.18699E-05  7.69124E-17  2.52332E+04  3.63177E+03  1.66121E+03 -7.58768E+03 -9.84875E+02  3.66515E+01
   9.00000E+00  2.50000E+00  1.00000E+00  1.91447E-06 -1.98462E-05 -2.30085E-08  4.78837E+03 -3.59088E+03 -1.56697E+03 -1.42916E+04  1.01187E+03 -9.82075E+00  9.00000E+00  2.50000E+00  5.00000E-01  1.91499E-06 -1.98577E-05  6.96736E-17  4.78809E+03 -3.59155E+03 -1.56726E+03 -1.43845E+04 -1.01218E+03  9.81021E+00  9.00000E+00  2.00000E+00  5.00000E-01  1.28643E-20 -1.98462E-05  7.01369E-17  2.50536E+04  3.35931E+03  1.33512E+03 -1.42452E+04  1.01168E+03 -3.66515E+01  9.00000E+00  2.00000E+00  1.00000E+00 -6.65816E-18 -1.98347E-05  7.01673E-17  2.50533E+04  3.35864E+03  1.33483E+03 -1.43381E+04 -1.01237E+03  3.66122E+01  9.50000E+00  2.50000E+00  1.00000E+00  1.98942E-06 -2.18699E-05 -2.19626E-08  4.88749E+03 -3.39888E+03 -1.42860E+03 -7.63412E+03  9.85061E+02 -9.82074E+00  9.50000E+00  2.50000E+00  5.00000E-01  1.98994E-06 -2.18808E-05  7.64265E-17  4.88721E+03 -3.39953E+03 -1.42888E+03 -7.72703E+03 -9.85358E+02  9.81021E+00  9.50000E+00  2.00000E+00  5.00000E-01  1.10644E-20 -2.18699E-05  7.69124E-17  2.52332E+04  3.63177E+03  1.66121E+03 -7.58768E+03  9.84875E+02 -3.66515E+01  9.50000E+00  2.00000E+00  1.00000E+00 -6.83668E-18 -2.18589E-05  7.69363E-17  2.52329E+04  3.63112E+03  1.66093E+03 -7.68058E+03 -9.85544E+02  3.66122E+01
   9.00000E+00  3.00000E+00  5.00000E-01  3.83800E-06 -1.98923E-05  6.91427E-17  3.46306E+04 -3.82292E+03 -1.79743E+03 -1.30364E+04  1.00999E+03 -5.62851E+01  9.00000E+00  3.00000E+00  0.00000E+00  3.83695E-06 -1.98808E-05  4.59995E-08  3.46292E+04 -3.82629E+03 -1.79887E+03 -1.29437E+04 -1.01253E+03  5.62257E+01  9.00000E+00  2.50000E+00  0.00000E+00  1.91447E-06 -1.98462E-05  2.30085E-08  5.48982E+04  3.12957E+03  1.11003E+03 -1.28971E+04  1.00903E+03 -8.32303E+01  9.00000E+00  2.50000E+00  5.00000E-01  1.91499E-06 -1.98577E-05  6.96736E-17  5.48967E+04  3.12620E+03  1.10858E+03 -1.28043E+04 -1.01349E+03  8.28727E+01  9.50000E+00  3.00000E+00  5.00000E-01  3.98790E-06 -2.19138E-05  7.58819E-17  3.50084E+04 -3.16644E+03 -1.19462E+03 -6.37891E+03  9.83232E+02 -5.62851E+01  9.50000E+00  3.00000E+00  0.00000E+00  3.98686E-06 -2.19028E-05  4.39086E-08  3.50070E+04 -3.16972E+03 -1.19603E+03 -6.28620E+03 -9.85696E+02  5.62257E+01  9.50000E+00  2.50000E+00  0.00000E+00  1.98942E-06 -2.18699E-05  2.19626E-08  5.53563E+04  3.86644E+03  1.90041E+03 -6.23956E+03  9.82295E+02 -8.32303E+01  9.50000E+00  2.50000E+00  5.00000E-01  1.98994E-06 -2.18808E-05  7.64265E-17  5.53549E+04  3.86316E+03  1.89900E+03 -6.14683E+03 -9.86633E+02  8.28726E+01
   9.00000E+00  3.00000E+00  1.00000E+00  3.83695E-06 -1.98808E-05 -4.59995E-08  3.46292E+04 -3.82629E+03 -1.79887E+03 -1.29437E+04  1.01253E+03 -5.62257E+01  9.00000E+00  3.00000E+00  5.00000E-01  3.83800E-06 -1.98923E-05  6.91427E-17  3.46306E+04 -3.82292E+03 -1.79743E+03 -1.30364E+04 -1.00999E+03  5.62851E+01  9.00000E+00  2.50000E+00  5.00000E-01  1.91499E-06 -1.98577E-05  6.96736E-17  5.48967E+04  3.12620E+03  1.10858E+03 -1.28043E+04  1.01349E+03 -8.28727E+01  9.00000E+00  2.50000E+00  1.00000E+00  1.91447E-06 -1.98462E-05 -2.30085E-08  5.48982E+04  3.12957E+03  1.11003E+03 -1.28971E+04 -1.00903E+03  8.32303E+01  9.50000E+00  3.00000E+00  1.00000E+00  3.98686E-06 -2.19028E-05 -4.39086E-08  3.50070E+04 -3.16972E+03 -1.19603E+03 -6.28620E+03  9.85696E+02 -5.62257E+01  9.50000E+00  3.00000E+00  5.00000E-01  3.98790E-06 -2.19138E-05  7.58819E-17  3.50084E+04 -3.16644E+03 -1.19462E+03 -6.37891E+03 -9.83232E+02  5.62851E+01  9.50000E+00  2.50000E+00  5.00000E-01  1.98994E-06 -2.18808E-05  7.64265E-17  5.53549E+04  3.86316E+03  1.89900E+03 -6.14683E+03  9.86633E+02 -8.28726E+01  9.50000E+00  2.50000E+00  1.00000E+00  1.98942E-06 -2.18699E-05 -2.19626E-08  5.53563E+04  3.86644E+03  1.90041E+03 -6.23956E+03 -9.82295E+02  8.32303E+01
   9.00000E+00  3.50000E+00  5.00000E-01  5.77706E-06 -1.99499E-05  6.85462E-17  6.44873E+04 -4.02742E+03 -2.00748E+03 -1.02952E+04  9.98712E+02 -1.01977E+02  9.00000E+00  3.50000E+00  0.00000E+00  5.77546E-06 -1.99382E-05  6.89621E-08  6.44604E+04 -4.09003E+03 -2.03431E+03 -1.01997E+04 -1.02130E+03  1.03334E+02  9.00000E+00  3.00000E+00  0.00000E+00  3.83695E-06 -1.98808E-05  4.59995E-08  8.47585E+04  2.92883E+03  9.08736E+02 -1.00632E+04  9.80824E+02 -1.26247E+02  9.00000E+00  3.00000E+00  5.00000E-01  3.83800E-06 -1.98923E-05  6.91427E-17  8.47317E+04  2.86622E+03  8.81904E+02 -9.96719E+03 -1.03919E+03  1.32589E+02  9.50000E+00  3.50000E+00  5.00000E-01  6.00192E-06 -2.19688E-05  7.52778E-17  6.51433E+04 -2.90720E+03 -9.40783E+02 -3.63772E+03  9.72248E+02 -1.01977E+02  9.50000E+00  3.50000E+00  0.00000E+00  6.00032E-06 -2.19576E-05  6.58274E-08  6.51172E+04 -2.96815E+03 -9.66904E+02 -3.54222E+03 -9.94242E+02  1.03334E+02  9.50000E+00  3.00000E+00  0.00000E+00  3.98686E-06 -2.19028E-05  4.39086E-08  8.54949E+04  4.12934E+03  2.16277E+03 -3.40565E+03  9.54834E+02 -1.26247E+02  9.50000E+00  3.00000E+00  5.00000E-01  3.98790E-06 -2.19138E-05  7.58819E-17  8.54688E+04  4.06839E+03  2.13665E+03 -3.30968E+03 -1.01166E+03  1.32589E+02
   9.00000E+00  3.50000E+00  1.00000E+00  5.77546E-06 -1.99382E-05 -6.89621E-08  6.44604E+04 -4.09003E+03 -2.03431E+03 -1.01997E+04  1.02130E+03 -1.03334E+02  9.00000E+00  3.50000E+00  5.00000E-01  5.77706E-06 -1.99499E-05  6.85462E-17  6.44873E+04 -4.02742E+03 -2.00748E+03 -1.02952E+04 -9.98712E+02  1.01977E+02  9.00000E+00  3.00000E+00  5.00000E-01  3.83800E-06 -1.98923E-05  6.91427E-17  8.47317E+04  2.86622E+03  8.81904E+02 -9.96719E+03  1.03919E+03 -1.32589E+02  9.00000E+00  3.00000E+00  1.00000E+00  3.83695E-06 -1.98808E-05 -4.59995E-08  8.47585E+04  2.92883E+03  9.08736E+02 -1.00632E+04 -9.80824E+02  1.26247E+02  9.50000E+00  3.50000E+00  1.00000E+00  6.00032E-06 -2.19576E-05 -6.58274E-08  6.51172E+04 -2.96815E+03 -9.66904E+02 -3.54222E+03  9.94242E+02 -1.03334E+02  9.50000E+00  3.50000E+00  5.00000E-01  6.00192E-06 -2.19688E-05  7.52778E-17  6.51433E+04 -2.90720E+03 -9.40783E+02 -3.63772E+03 -9.72248E+02  1.01977E+02  9.50000E+00  3.00000E+00  5.00000E-01  3.98790E-06 -2.19138E-05  7.58819E-17  8.54688E+04  4.06839E+03  2.13665E+03 -3.30968E+03  1.01166E+03 -1.32589E+02  9.50000E+00  3.00000E+00  1.00000E+00  3.98686E-06 -2.19028E-05 -4.39086E-08  8.54949E+04  4.12934E+03  2.16277E+03 -3.40565E+03 -9.54834E+02  1.26247E+02
   9.00000E+00  4.00000E+00  5.00000E-01  7.74005E-06 -2.00304E-05  6.78971E-17  9.43347E+04 -4.19935E+03 -2.28071E+03 -6.14729E+03  1.08166E+03 -1.53347E+02  9.00000E+00  4.00000E+00  0.00000E+00  7.73816E-06 -2.00185E-05  9.28692E-08  9.43096E+04 -4.25792E+03 -2.30581E+03 -6.07347E+03 -1.02145E+03  1.45479E+02  9.00000E+00  3.50000E+00  0.00000E+00  5.77546E-06 -1.99382E-05  6.89621E-08  1.14481E+05  2.63225E+03  3.44671E+02 -5.82304E+03  1.06493E+03 -2.03114E+02  9.00000E+00  3.50000E+00  5.00000E-01  5.77706E-06 -1.99499E-05  6.85462E-17  1.14456E+05  2.57368E+03  3.19570E+02 -5.74878E+03 -1.03818E+03  1.51440E+02  9.50000E+00  4.00000E+00  5.00000E-01  8.03986E-06 -2.20456E-05  7.46143E-17  9.52693E+04 -2.61625E+03 -7.48447E+02  5.10226E+02  1.05300E+03 -1.53347E+02  9.50000E+00  4.00000E+00  0.00000E+00  8.03797E-06 -2.20342E-05  8.86479E-08  9.52449E+04 -2.67327E+03 -7.72884E+02  5.84049E+02 -9.94384E+02  1.45479E+02  9.50000E+00  3.50000E+00  0.00000E+00  6.00032E-06 -2.19576E-05  6.58274E-08  1.15500E+05  4.29894E+03  2.07198E+03  8.34472E+02  1.03671E+03 -2.03114E+02  9.50000E+00  3.50000E+00  5.00000E-01  6.00192E-06 -2.19688E-05  7.52778E-17  1.15475E+05  4.24192E+03  2.04754E+03  9.08738E+02 -1.01067E+03  1.51440E+02
   9.00000E+00  4.00000E+00  1.00000E+00  7.73816E-06 -2.00185E-05 -9.28692E-08  9.43096E+04 -4.25792E+03 -2.30581E+03 -6.07347E+03  1.02145E+03 -1.45479E+02  9.00000E+00  4.00000E+00  5.00000E-01  7.74005E-06 -2.00304E-05  6.78971E-17  9.43347E+04 -4.19935E+03 -2.28071E+03 -6.14729E+03 -1.08166E+03  1.53347E+02  9.00000E+00  3.50000E+00  5.00000E-01  5.77706E-06 -1.99499E-05  6.85462E-17  1.14456E+05  2.57368E+03  3.19570E+02 -5.74878E+03  1.03818E+03 -1.51440E+02  9.00000E+00  3.50000E+00  1.00000E+00  5.77546E-06 -1.99382E-05 -6.89621E-08  1.14481E+05  2.63225E+03  3.44671E+02 -5.82304E+03 -1.06493E+03  2.03114E+02  9.50000E+00  4.00000E+00  1.00000E+00  8.03797E-06 -2.20342E-05 -8.86479E-08  9.52449E+04 -2.67327E+03 -7.72884E+02  5.84049E+02  9.94384E+02 -1.45479E+02  9.50000E+00  4.00000E+00  5.00000E-01  8.03986E-06 -2.20456E-05  7.46143E-17  9.52693E+04 -2.61625E+03 -7.48447E+02  5.10226E+02 -1.05300E+03  1.53347E+02  9.50000E+00  3.50000E+00  5.00000E-01  6.00192E-06 -2.19688E-05  7.52778E-17  1.15475E+05  4.24192E+03  2.04754E+03  9.08738E+02  1.01067E+03 -1.51440E+02  9.50000E+00  3.50000E+00  1.00000E+00  6.00032E-06 -2.19576E-05 -6.58274E-08  1.15500E+05  4.29894E+03  2.07198E+03  8.34472E+02 -1.03671E+03  2.03114E+02
   9.50000E+00  5.00000E-01  5.00000E-01 -6.00192E-06 -2.19688E-05  7.80433E-17 -1.09133E+05 -2.47106E+03 -2.88470E+02 -5.66822E+03  1.01605E+03  2.03114E+02  9.50000E+00  5.00000E-01  0.00000E+00 -6.00032E-06 -2.19576E-05 -6.58274E-08 -1.09109E+05 -2.41518E+03 -2.64520E+02 -5.59395E+03 -9.90537E+02 -1.51440E+02  9.50000E+00  0.00000E+00  0.00000E+00 -8.03797E-06 -2.20342E-05 -8.86479E-08 -8.99253E+04  4.04085E+03  2.21026E+03 -5.99246E+03  1.03202E+03  1.53347E+02  9.50000E+00  0.00000E+00  5.00000E-01 -8.03986E-06 -2.20456E-05  7.83142E-17 -8.99014E+04  4.09673E+03  2.23421E+03 -5.91864E+03 -9.74570E+02 -1.45479E+02  1.00000E+01  5.00000E-01  5.00000E-01 -6.21631E-06 -2.40609E-05  8.50879E-17 -1.10151E+05 -4.13775E+03 -2.01578E+03  6.79646E+02  9.87834E+02  2.03114E+02  1.00000E+01  5.00000E-01  0.00000E+00 -6.21472E-06 -2.40503E-05 -6.26928E-08 -1.10128E+05 -4.08342E+03 -1.99249E+03  7.53912E+02 -9.63027E+02 -1.51440E+02  1.00000E+01  0.00000E+00  0.00000E+00 -8.32383E-06 -2.41232E-05 -8.44266E-08 -9.08599E+04  2.45775E+03  6.78002E+02  3.55400E+02  1.00336E+03  1.53347E+02  1.00000E+01  0.00000E+00  5.00000E-01 -8.32572E-06 -2.41341E-05  8.53979E-17 -9.08366E+04  2.51208E+03  7.01287E+02  4.29223E+02 -9.47504E+02 -1.45479E+02
   9.50000E+00  5.00000E-01  1.00000E+00 -6.00032E-06 -2.19576E-05  6.58274E-08 -1.09109E+05 -2.41518E+03 -2.64520E+02 -5.59395E+03  9.90537E+02  1.51440E+02  9.50000E+00  5.00000E-01  5.00000E-01 -6.00192E-06 -2.19688E-05  7.80433E-17 -1.09133E+05 -2.47106E+03 -2.88470E+02 -5.66822E+03 -1.01605E+03 -2.03114E+02  9.50000E+00  0.00000E+00  5.00000E-01 -8.03986E-06 -2.20456E-05  7.83142E-17 -8.99014E+04  4.09673E+03  2.23421E+03 -5.91864E+03  9.74570E+02  1.45479E+02  9.50000E+00  0.00000E+00  1.00000E+00 -8.03797E-06 -2.20342E-05  8.86479E-08 -8.99253E+04  4.04085E+03  2.21026E+03 -5.99246E+03 -1.03202E+03 -1.53347E+02  1.00000E+01  5.00000E-01  1.00000E+00 -6.21472E-06 -2.40503E-05  6.26928E-08 -1.10128E+05 -4.08342E+03 -1.99249E+03  7.53912E+02  9.63027E+02  1.51440E+02  1.00000E+01  5.00000E-01  5.00000E-01 -6.21631E-06 -2.40609E-05  8.50879E-17 -1.10151E+05 -4.13775E+03 -2.01578E+03  6.79646E+02 -9.87834E+02 -2.03114E+02  1.00000E+01  0.00000E+00  5.00000E-01 -8.32572E-06 -2.41341E-05  8.53979E-17 -9.08366E+04  2.51208E+03  7.01287E+02  4.29223E+02  9.47504E+02  1.45479E+02  1.00000E+01  0.00000E+00  1.00000E+00 -8.32383E-06 -2.41232E-05  8.44266E-08 -9.08599E+04  2.45775E+03  6.78002E+02  3.55400E+02 -1.00336E+03 -1.53347E+02
   9.50000E+00  1.00000E+00  5.00000E-01 -3.98790E-06 -2.19138E-05  7.77202E-17 -8.07992E+04 -2.76469E+03 -8.37306E+02 -9.90834E+03  9.35808E+02  1.26247E+02  9.50000E+00  1.00000E+00  0.00000E+00 -3.98686E-06 -2.19028E-05 -4.39086E-08 -8.07736E+04 -2.70495E+03 -8.11705E+02 -9.81236E+03 -9.91498E+02 -1.32589E+02  9.50000E+00  5.00000E-01  0.00000E+00 -6.00032E-06 -2.19576E-05 -6.58274E-08 -6.14726E+04  3.86615E+03  1.93892E+03 -1.01404E+04  9.52876E+02  1.01977E+02  9.50000E+00  5.00000E-01  5.00000E-01 -6.00192E-06 -2.19688E-05  7.80433E-17 -6.14470E+04  3.92588E+03  1.96452E+03 -1.00449E+04 -9.74431E+02 -1.03334E+02  1.00000E+01  1.00000E+00  5.00000E-01 -4.13084E-06 -2.40085E-05  8.47253E-17 -8.15355E+04 -3.96520E+03 -2.09134E+03 -3.56048E+03  9.09819E+02  1.26247E+02  1.00000E+01  1.00000E+00  0.00000E+00 -4.12979E-06 -2.39981E-05 -4.18177E-08 -8.15106E+04 -3.90712E+03 -2.06645E+03 -3.46450E+03 -9.63962E+02 -1.32589E+02  1.00000E+01  5.00000E-01  0.00000E+00 -6.21472E-06 -2.40503E-05 -6.26928E-08 -6.21287E+04  2.74593E+03  8.72219E+02 -3.79255E+03  9.26412E+02  1.01977E+02  1.00000E+01  5.00000E-01  5.00000E-01 -6.21631E-06 -2.40609E-05  8.50879E-17 -6.21038E+04  2.80400E+03  8.97109E+02 -3.69705E+03 -9.47369E+02 -1.03334E+02
   9.50000E+00  1.00000E+00  1.00000E+00 -3.98686E-06 -2.19028E-05  4.39086E-08 -8.07736E+04 -2.70495E+03 -8.11705E+02 -9.81236E+03  9.91498E+02  1.32589E+02  9.50000E+00  1.00000E+00  5.00000E-01 -3.98790E-06 -2.19138E-05  7.77202E-17 -8.07992E+04 -2.76469E+03 -8.37306E+02 -9.90834E+03 -9.35808E+02 -1.26247E+02  9.50000E+00  5.00000E-01  5.00000E-01 -6.00192E-06 -2.19688E-05  7.80433E-17 -6.14470E+04  3.92588E+03  1.96452E+03 -1.00449E+04  9.74431E+02  1.03334E+02  9.50000E+00  5.00000E-01  1.00000E+00 -6.00032E-06 -2.19576E-05  6.58274E-08 -6.14726E+04  3.86615E+03  1.93892E+03 -1.01404E+04 -9.52876E+02 -1.01977E+02  1.00000E+01  1.00000E+00  1.00000E+00 -4.12979E-06 -2.39981E-05  4.18177E-08 -8.15106E+04 -3.90712E+03 -2.06645E+03 -3.46450E+03  9.63962E+02  1.32589E+02  1.00000E+01  1.00000E+00  5.00000E-01 -4.13084E-06 -2.40085E-05  8.47253E-17 -8.15355E+04 -3.96520E+03 -2.09134E+03 -3.56048E+03 -9.09819E+02 -1.26247E+02  1.00000E+01  5.00000E-01  5.00000E-01 -6.21631E-06 -2.40609E-05  8.50879E-17 -6.21038E+04  2.80400E+03  8.97109E+02 -3.69705E+03  9.47369E+02  1.03334E+02  1.00000E+01  5.00000E-01  1.00000E+00 -6.21472E-06 -2.40503E-05  6.26928E-08 -6.21287E+04  2.74593E+03  8.72219E+02 -3.79255E+03 -9.26412E+02 -1.01977E+02
   9.50000E+00  1.50000E+00  5.00000E-01 -1.98994E-06 -2.18808E-05  7.73405E-17 -5.23341E+04 -2.96687E+03 -1.04002E+03 -1.27422E+04  9.62722E+02  8.32303E+01  9.50000E+00  1.50000E+00  0.00000E+00 -1.98942E-06 -2.18699E-05 -2.19626E-08 -5.23327E+04 -2.96366E+03 -1.03864E+03 -1.26495E+04 -9.66973E+02 -8.28726E+01  9.50000E+00  1.00000E+00  0.00000E+00 -3.98686E-06 -2.19028E-05 -4.39086E-08 -3.30111E+04  3.66038E+03  1.72784E+03 -1.28816E+04  9.63640E+02  5.62851E+01  9.50000E+00  1.00000E+00  5.00000E-01 -3.98790E-06 -2.19138E-05  7.77202E-17 -3.30097E+04  3.66359E+03  1.72922E+03 -1.27889E+04 -9.66055E+02 -5.62257E+01  1.00000E+01  1.50000E+00  5.00000E-01 -2.06141E-06 -2.39771E-05  8.43159E-17 -5.27923E+04 -3.70374E+03 -1.83040E+03 -6.39439E+03  9.35985E+02  8.32303E+01  1.00000E+01  1.50000E+00  0.00000E+00 -2.06089E-06 -2.39667E-05 -2.09168E-08 -5.27909E+04 -3.70062E+03 -1.82906E+03 -6.30165E+03 -9.40118E+02 -8.28726E+01  1.00000E+01  1.00000E+00  0.00000E+00 -4.12979E-06 -2.39981E-05 -4.18177E-08 -3.33889E+04  3.00390E+03  1.12504E+03 -6.53373E+03  9.36878E+02  5.62851E+01  1.00000E+01  1.00000E+00  5.00000E-01 -4.13084E-06 -2.40085E-05  8.47253E-17 -3.33876E+04  3.00702E+03  1.12638E+03 -6.44102E+03 -9.39225E+02 -5.62257E+01
   9.50000E+00  1.50000E+00  1.00000E+00 -1.98942E-06 -2.18699E-05  2.19626E-08 -5.23327E+04 -2.96366E+03 -1.03864E+03 -1.26495E+04  9.66973E+02  8.28726E+01  9.50000E+00  1.50000E+00  5.00000E-01 -1.98994E-06 -2.18808E-05  7.73405E-17 -5.23341E+04 -2.96687E+03 -1.04002E+03 -1.27422E+04 -9.62722E+02 -8.32303E+01  9.50000E+00  1.00000E+00  5.00000E-01 -3.98790E-06 -2.19138E-05  7.77202E-17 -3.30097E+04  3.66359E+03  1.72922E+03 -1.27889E+04  9.66055E+02  5.62257E+01  9.50000E+00  1.00000E+00  1.00000E+00 -3.98686E-06 -2.19028E-05  4.39086E-08 -3.30111E+04  3.66038E+03  1.72784E+03 -1.28816E+04 -9.63640E+02 -5.62851E+01  1.00000E+01  1.50000E+00  1.00000E+00 -2.06089E-06 -2.39667E-05  2.09168E-08 -5.27909E+04 -3.70062E+03 -1.82906E+03 -6.30165E+03  9.40118E+02  8.28726E+01  1.00000E+01  1.50000E+00  5.00000E-01 -2.06141E-06 -2.39771E-05  8.43159E-17 -5.27923E+04 -3.70374E+03 -1.83040E+03 -6.39439E+03 -9.35985E+02 -8.32303E+01  1.00000E+01  1.00000E+00  5.00000E-01 -4.13084E-06 -2.40085E-05  8.47253E-17 -3.33876E+04  3.00702E+03  1.12638E+03 -6.44102E+03  9.39225E+02  5.62257E+01  1.00000E+01  1.00000E+00  1.00000E+00 -4.12979E-06 -2.39981E-05  4.18177E-08 -3.33889E+04  3.00390E+03  1.12504E+03 -6.53373E+03 -9.36878E+02 -5.62851E+01
   9.50000E+00  2.00000E+00  5.00000E-01  1.10644E-20 -2.18699E-05  7.69124E-17 -2.38839E+04 -3.19609E+03 -1.26516E+03 -1.41833E+04  9.65906E+02  3.66122E+01  9.50000E+00  2.00000E+00  0.00000E+00  6.86499E-18 -2.18589E-05  7.69374E-17 -2.38841E+04 -3.19673E+03 -1.26544E+03 -1.40904E+04 -9.65251E+02 -3.66515E+01  9.50000E+00  1.50000E+00  0.00000E+00 -1.98942E-06 -2.18699E-05 -2.19626E-08 -4.56308E+03  3.42897E+03  1.49758E+03 -1.42297E+04  9.65724E+02  9.81021E+00  9.50000E+00  1.50000E+00  5.00000E-01 -1.98994E-06 -2.18808E-05  7.73405E-17 -4.56335E+03  3.42833E+03  1.49731E+03 -1.41368E+04 -9.65433E+02 -9.82074E+00  1.00000E+01  2.00000E+00  5.00000E-01  1.10114E-20 -2.39667E-05  8.38573E-17 -2.40634E+04 -3.46856E+03 -1.59126E+03 -7.83540E+03  9.39081E+02  3.66122E+01  1.00000E+01  2.00000E+00  0.00000E+00  7.02640E-18 -2.39562E-05  8.38776E-17 -2.40637E+04 -3.46918E+03 -1.59153E+03 -7.74250E+03 -9.38443E+02 -3.66515E+01  1.00000E+01  1.50000E+00  0.00000E+00 -2.06089E-06 -2.39667E-05 -2.09168E-08 -4.66220E+03  3.23694E+03  1.35920E+03 -7.88185E+03  9.38904E+02  9.81021E+00  1.00000E+01  1.50000E+00  5.00000E-01 -2.06141E-06 -2.39771E-05  8.43159E-17 -4.66247E+03  3.23632E+03  1.35893E+03 -7.78895E+03 -9.38620E+02 -9.82074E+00
   9.50000E+00  2.00000E+00  1.00000E+00 -6.83668E-18 -2.18589E-05  7.69363E-17 -2.38841E+04 -3.19673E+03 -1.26544E+03 -1.40904E+04  9.65251E+02  3.66515E+01  9.50000E+00  2.00000E+00  5.00000E-01  1.10644E-20 -2.18699E-05  7.69124E-17 -2.38839E+04 -3.19609E+03 -1.26516E+03 -1.41833E+04 -9.65906E+02 -3.66122E+01  9.50000E+00  1.50000E+00  5.00000E-01 -1.98994E-06 -2.18808E-05  7.73405E-17 -4.56335E+03  3.42833E+03  1.49731E+03 -1.41368E+04  9.65433E+02  9.82074E+00  9.50000E+00  1.50000E+00  1.00000E+00 -1.98942E-06 -2.18699E-05  2.19626E-08 -4.56308E+03  3.42897E+03  1.49758E+03 -1.42297E+04 -9.65724E+02 -9.81021E+00  1.00000E+01  2.00000E+00  1.00000E+00 -7.00200E-18 -2.39562E-05  8.38808E-17 -2.40637E+04 -3.46918E+03 -1.59153E+03 -7.74250E+03  9.38443E+02  3.66515E+01  1.00000E+01  2.00000E+00  5.00000E-01  1.10114E-20 -2.39667E-05  8.38573E-17 -2.40634E+04 -3.46856E+03 -1.59126E+03 -7.83540E+03 -9.39081E+02 -3.66122E+01  1.00000E+01  1.50000E+00  5.00000E-01 -2.06141E-06 -2.39771E-05  8.43159E-17 -4.66247E+03  3.23632E+03  1.35893E+03 -7.78895E+03  9.38620E+02  9.82074E+00  1.00000E+01  1.50000E+00  1.00000E+00 -2.06089E-06 -2.39667E-05  2.09168E-08 -4.66220E+03  3.23694E+03  1.35920E+03 -7.88185E+03 -9.38904E+02 -9.81021E+00
   9.50000E+00  2.50000E+00  5.00000E-01  1.98994E-06 -2.18808E-05  7.64265E-17  4.56308E+03 -3.42897E+03 -1.49758E+03 -1.42297E+04  9.65724E+02 -9.81021E+00  9.50000E+00  2.50000E+00  0.00000E+00  1.98942E-06 -2.18699E-05  2.19626E-08  4.56335E+03 -3.42833E+03 -1.49731E+03 -1.41368E+04 -9.65433E+02  9.82074E+00  9.50000E+00  2.00000E+00  0.00000E+00  6.86499E-18 -2.18589E-05  7.69374E-17  2.38839E+04  3.19609E+03  1.26516E+03 -1.41833E+04  9.65906E+02 -3.66122E+01  9.50000E+00  2.00000E+00  5.00000E-01  1.10644E-20 -2.18699E-05  7.69124E-17  2.38841E+04  3.19673E+03  1.26544E+03 -1.40904E+04 -9.65251E+02  3.66515E+01  1.00000E+01  2.50000E+00  5.00000E-01  2.06141E-06 -2.39771E-05  8.33490E-17  4.66220E+03 -3.23694E+03 -1.35920E+03 -7.88185E+03  9.38904E+02 -9.81021E+00  1.00000E+01  2.50000E+00  0.00000E+00  2.06089E-06 -2.39667E-05  2.09168E-08  4.66247E+03 -3.23632E+03 -1.35893E+03 -7.78895E+03 -9.38620E+02  9.82074E+00  1.00000E+01  2.00000E+00  0.00000E+00  7.02640E-18 -2.39562E-05  8.38776E-17  2.40634E+04  3.46856E+03  1.59126E+03 -7.83540E+03  9.39081E+02 -3.66122E+01  1.00000E+01  2.00000E+00  5.00000E-01  1.10114E-20 -2.39667E-05  8.38573E-17  2.40637E+04  3.46918E+03  1.59153E+03 -7.74250E+03 -9.38443E+02  3.66515E+01
   9.50000E+00  2.50000E+00  1.00000E+00  1.98942E-06 -2.18699E-05 -2.19626E-08  4.56335E+03 -3.42833E+03 -1.49731E+03 -1.41368E+04  9.65433E+02 -9.82074E+00  9.50000E+00  2.50000E+00  5.00000E-01  1.98994E-06 -2.18808E-05  7.64265E-17  4.56308E+03 -3.42897E+03 -1.49758E+03 -1.42297E+04 -9.65724E+02  9.81021E+00  9.50000E+00  2.00000E+00  5.00000E-01  1.10644E-20 -2.18699E-05  7.69124E-17  2.38841E+04  3.19673E+03  1.26544E+03 -1.40904E+04  9.65251E+02 -3.66515E+01  9.50000E+00  2.00000E+00  1.00000E+00 -6.83668E-18 -2.18589E-05  7.69363E-17  2.38839E+04  3.19609E+03  1.26516E+03 -1.41833E+04 -9.65906E+02  3.66122E+01  1.00000E+01  2.50000E+00  1.00000E+00  2.06089E-06 -2.39667E-05 -2.09168E-08  4.66247E+03 -3.23632E+03 -1.35893E+03 -7.78895E+03  9.38620E+02 -9.82074E+00  1.00000E+01  2.50000E+00  5.00000E-01  2.06141E-06 -2.39771E-05  8.33490E-17  4.66220E+03 -3.23694E+03 -1.35920E+03 -7.88185E+03 -9.38904E+02  9.81021E+00  1.00000E+01  2.00000E+00  5.00000E-01  1.10114E-20 -2.39667E-05  8.38573E-17  2.40637E+04  3.46918E+03  1.59153E+03 -7.74250E+03  9.38443E+02 -3.66515E+01  1.00000E+01  2.00000E+00  1.00000E+00 -7.00200E-18 -2.39562E-05  8.38808E-17  2.40634E+04  3.46856E+03  1.59126E+03 -7.83540E+03 -9.39081E+02  3.66122E+01
   9.50000E+00  3.00000E+00  5.00000E-01  3.98790E-06 -2.19138E-05  7.58819E-17  3.30111E+04 -3.66038E+03 -1.72784E+03 -1.28816E+04  9.63640E+02 -5.62851E+01  9.50000E+00  3.00000E+00  0.00000E+00  3.98686E-06 -2.19028E-05  4.39086E-08  3.30097E+04 -3.66359E+03 -1.72922E+03 -1.27889E+04 -9.66055E+02  5.62257E+01  9.50000E+00  2.50000E+00  0.00000E+00  1.98942E-06 -2.18699E-05  2.19626E-08  5.23341E+04  2.96687E+03  1.04002E+03 -1.27422E+04  9.62722E+02 -8.32303E+01  9.50000E+00  2.50000E+00  5.00000E-01  1.98994E-06 -2.18808E-05  7.64265E-17  5.23327E+04  2.96366E+03  1.03864E+03 -1.26495E+04 -9.66973E+02  8.28726E+01  1.00000E+01  3.00000E+00  5.00000E-01  4.13084E-06 -2.40085E-05  8.27919E-17  3.33889E+04 -3.00390E+03 -1.12504E+03 -6.53373E+03  9.36878E+02 -5.62851E+01  1.00000E+01  3.00000E+00  0.00000E+00  4.12979E-06 -2.39981E-05  4.18177E-08  3.33876E+04 -3.00702E+03 -1.12638E+03 -6.44102E+03 -9.39225E+02  5.62257E+01  1.00000E+01  2.50000E+00  0.00000E+00  2.06089E-06 -2.39667E-05  2.09168E-08  5.27923E+04  3.70374E+03  1.83040E+03 -6.39439E+03  9.35985E+02 -8.32303E+01  1.00000E+01  2.50000E+00  5.00000E-01  2.06141E-06 -2.39771E-05  8.33490E-17  5.27909E+04  3.70062E+03  1.82906E+03 -6.30165E+03 -9.40118E+02  8.28726E+01
   9.50000E+00  3.00000E+00  1.00000E+00  3.98686E-06 -2.19028E-05 -4.39086E-08  3.30097E+04 -3.66359E+03 -1.72922E+03 -1.27889E+04  9.66055E+02 -5.62257E+01  9.50000E+00  3.00000E+00  5.00000E-01  3.98790E-06 -2.19138E-05  7.58819E-17  3.30111E+04 -3.66038E+03 -1.72784E+03 -1.28816E+04 -9.63640E+02  5.62851E+01  9.50000E+00  2.50000E+00  5.00000E-01  1.98994E-06 -2.18808E-05  7.64265E-17  5.23327E+04  2.96366E+03  1.03864E+03 -1.26495E+04  9.66973E+02 -8.28726E+01  9.50000E+00  2.50000E+00  1.00000E+00  1.98942E-06 -2.18699E-05 -2.19626E-08  5.23341E+04  2.96687E+03  1.04002E+03 -1.27422E+04 -9.62722E+02  8.32303E+01  1.00000E+01  3.00000E+00  1.00000E+00  4.12979E-06 -2.39981E-05 -4.18177E-08  3.33876E+04 -3.00702E+03 -1.12638E+03 -6.44102E+03  9.39225E+02 -5.62257E+01  1.00000E+01  3.00000E+00  5.00000E-01  4.13084E-06 -2.40085E-05  8.27919E-17  3.33889E+04 -3.00390E+03 -1.12504E+03 -6.53373E+03 -9.36878E+02  5.62851E+01  1.00000E+01  2.50000E+00  5.00000E-01  2.06141E-06 -2.39771E-05  8.33490E-17  5.27909E+04  3.70062E+03  1.82906E+03 -6.30165E+03  9.40118E+02 -8.28726E+01  1.00000E+01  2.50000E+00  1.00000E+00  2.06089E-06 -2.39667E-05 -2.09168E-08  5.27923E+04  3.70374E+03  1.83040E+03 -6.39439E+03 -9.35985E+02  8.32303E+01
   9.50000E+00  3.50000E+00  5.00000E-01  6.00192E-06 -2.19688E-05  7.52778E-17  6.14726E+04 -3.86615E+03 -1.93892E+03 -1.01404E+04  9.52876E+02 -1.01977E+02  9.50000E+00  3.50000E+00  0.00000E+00  6.00032E-06 -2.19576E-05  6.58274E-08  6.14470E+04 -3.92588E+03 -1.96452E+03 -1.00449E+04 -9.74431E+02  1.03334E+02  9.50000E+00  3.00000E+00  0.00000E+00  3.98686E-06 -2.19028E-05  4.39086E-08  8.07992E+04  2.76469E+03  8.37306E+02 -9.90834E+03  9.35808E+02 -1.26247E+02  9.50000E+00  3.00000E+00  5.00000E-01  3.98790E-06 -2.19138E-05  7.58819E-17  8.07736E+04  2.70495E+03  8.11705E+02 -9.81236E+03 -9.91498E+02  1.32589E+02  1.00000E+01  3.50000E+00  5.00000E-01  6.21631E-06 -2.40609E-05  8.21800E-17  6.21287E+04 -2.74593E+03 -8.72219E+02 -3.79255E+03  9.26412E+02 -1.01977E+02  1.00000E+01  3.50000E+00  0.00000E+00  6.21472E-06 -2.40503E-05  6.26928E-08  6.21038E+04 -2.80400E+03 -8.97109E+02 -3.69705E+03 -9.47369E+02  1.03334E+02  1.00000E+01  3.00000E+00  0.00000E+00  4.12979E-06 -2.39981E-05  4.18177E-08  8.15355E+04  3.96520E+03  2.09134E+03 -3.56048E+03  9.09819E+02 -1.26247E+02  1.00000E+01  3.00000E+00  5.00000E-01  4.13084E-06 -2.40085E-05  8.27919E-17  8.15106E+04  3.90712E+03  2.06645E+03 -3.46450E+03 -9.63962E+02  1.32589E+02
   9.50000E+00  3.50000E+00  1.00000E+00  6.00032E-06 -2.19576E-05 -6.58274E-08  6.14470E+04 -3.92588E+03 -1.96452E+03 -1.00449E+04  9.74431E+02 -1.03334E+02  9.50000E+00  3.50000E+00  5.00000E-01  6.00192E-06 -2.19688E-05  7.52778E-17  6.14726E+04 -3.86615E+03 -1.93892E+03 -1.01404E+04 -9.52876E+02  1.01977E+02  9.50000E+00  3.00000E+00  5.00000E-01  3.98790E-06 -2.19138E-05  7.58819E-17  8.07736E+04  2.70495E+03  8.11705E+02 -9.81236E+03  9.91498E+02 -1.32589E+02  9.50000E+00  3.00000E+00  1.00000E+00  3.98686E-06 -2.19028E-05 -4.39086E-08  8.07992E+04  2.76469E+03  8.37306E+02 -9.90834E+03 -9.35808E+02  1.26247E+02  1.00000E+01  3.50000E+00  1.00000E+00  6.21472E-06 -2.40503E-05 -6.26928E-08  6.21038E+04 -2.80400E+03 -8.97109E+02 -3.69705E+03  9.47369E+02 -1.03334E+02  1.00000E+01  3.50000E+00  5.00000E-01  6.21631E-06 -2.40609E-05  8.21800E-17  6.21287E+04 -2.74593E+03 -8.72219E+02 -3.79255E+03 -9.26412E+02  1.01977E+02  1.00000E+01  3.00000E+00  5.00000E-01  4.13084E-06 -2.40085E-05  8.27919E-17  8.15106E+04  3.90712E+03  2.06645E+03 -3.46450E+03  9.63962E+02 -1.32589E+02  1.00000E+01  3.00000E+00  1.00000E+00  4.12979E-06 -2.39981E-05 -4.18177E-08  8.15355E+04  3.96520E+03  2.09134E+03 -3.56048E+03 -9.09819E+02  1.26247E+02
   9.50000E+00  4.00000E+00  5.00000E-01  8.03986E-06 -2.20456E-05  7.46143E-17  8.99253E+04 -4.04085E+03 -2.21026E+03 -5.99246E+03  1.03202E+03 -1.53347E+02  9.50000E+00  4.00000E+00  0.00000E+00  8.03797E-06 -2.20342E-05  8.86479E-08  8.99014E+04 -4.09673E+03 -2.23421E+03 -5.91864E+03 -9.74570E+02  1.45479E+02  9.50000E+00  3.50000E+00  0.00000E+00  6.00032E-06 -2.19576E-05  6.58274E-08  1.09133E+05  2.47106E+03  2.88470E+02 -5.66822E+03  1.01605E+03 -2.03114E+02  9.50000E+00  3.50000E+00  5.00000E-01  6.00192E-06 -2.19688E-05  7.52778E-17  1.09109E+05  2.41518E+03  2.64520E+02 -5.59395E+03 -9.90537E+02  1.51440E+02  1.00000E+01  4.00000E+00  5.00000E-01  8.32572E-06 -2.41341E-05  8.15185E-17  9.08599E+04 -2.45775E+03 -6.78002E+02  3.55400E+02  1.00336E+03 -1.53347E+02  1.00000E+01  4.00000E+00  0.00000E+00  8.32383E-06 -2.41232E-05  8.44266E-08  9.08366E+04 -2.51208E+03 -7.01287E+02  4.29223E+02 -9.47504E+02  1.45479E+02  1.00000E+01  3.50000E+00  0.00000E+00  6.21472E-06 -2.40503E-05  6.26928E-08  1.10151E+05  4.13775E+03  2.01578E+03  6.79646E+02  9.87834E+02 -2.03114E+02  1.00000E+01  3.50000E+00  5.00000E-01  6.21631E-06 -2.40609E-05  8.21800E-17  1.10128E+05  4.08342E+03  1.99249E+03  7.53912E+02 -9.63027E+02  1.51440E+02
   9.50000E+00  4.00000E+00  1.00000E+00  8.03797E-06 -2.20342E-05 -8.86479E-08  8.99014E+04 -4.09673E+03 -2.23421E+03 -5.91864E+03  9.74570E+02 -1.45479E+02  9.50000E+00  4.00000E+00  5.00000E-01  8.03986E-06 -2.20456E-05  7.46143E-17  8.99253E+04 -4.04085E+03 -2.21026E+03 -5.99246E+03 -1.03202E+03  1.53347E+02  9.50000E+00  3.50000E+00  5.00000E-01  6.00192E-06 -2.19688E-05  7.52778E-17  1.09109E+05  2.41518E+03  2.64520E+02 -5.59395E+03  9.90537E+02 -1.51440E+02  9.50000E+00  3.50000E+00  1.00000E+00  6.00032E-06 -2.19576E-05 -6.58274E-08  1.09133E+05  2.47106E+03  2.88470E+02 -5.66822E+03 -1.01605E+03  2.03114E+02  1.00000E+01  4.00000E+00  1.00000E+00  8.32383E-06 -2.41232E-05 -8.44266E-08  9.08366E+04 -2.51208E+03 -7.01287E+02  4.29223E+02  9.47504E+02 -1.45479E+02  1.00000E+01  4.00000E+00  5.00000E-01  8.32572E-06 -2.41341E-05  8.15185E-17  9.08599E+04 -2.45775E+03 -6.78002E+02  3.55400E+02 -1.00336E+03  1.53347E+02  1.00000E+01  3.50000E+00  5.00000E-01  6.21631E-06 -2.40609E-05  8.21800E-17  1.10128E+05  4.08342E+03  1.99249E+03  7.53912E+02  9.63027E+02 -1.51440E+02  1.00000E+01  3.50000E+00  1.00000E+00  6.21472E-06 -2.40503E-05 -6.26928E-08  1.10151E+05  4.13775E+03  2.01578E+03  6.79646E+02 -9.87834E+02  2.03114E+02
   1.00000E+01  5.00000E-01  5.00000E-01 -6.21631E-06 -2.40609E-05  8.50879E-17 -1.03785E+05 -2.30987E+03 -2.32269E+02 -5.51339E+03  9.67177E+02  2.03114E+02  1.00000E+01  5.00000E-01  0.00000E+00 -6.21472E-06 -2.40503E-05 -6.26928E-08 -1.03762E+05 -2.25668E+03 -2.09471E+02 -5.43912E+03 -9.42889E+02 -1.51440E+02  1.00000E+01  0.00000E+00  0.00000E+00 -8.32383E-06 -2.41232E-05 -8.44266E-08 -8.55159E+04  3.88235E+03  2.13982E+03 -5.83764E+03  9.82376E+02  1.53347E+02  1.00000E+01  0.00000E+00  5.00000E-01 -8.32572E-06 -2.41341E-05  8.53979E-17 -8.54931E+04  3.93554E+03  2.16262E+03 -5.76381E+03 -9.27690E+02 -1.45479E+02  1.05000E+01  5.00000E-01  5.00000E-01 -6.42026E-06 -2.62228E-05  9.22802E-17 -1.04803E+05 -3.97656E+03 -1.95958E+03  5.24821E+02  9.38959E+02  2.03114E+02  1.05000E+01  5.00000E-01  0.00000E+00 -6.41866E-06 -2.62126E-05 -5.95582E-08 -1.04781E+05 -3.92492E+03 -1.93744E+03  5.99086E+02 -9.15379E+02 -1.51440E+02  1.05000E+01  0.00000E+00  0.00000E+00 -8.59575E-06 -2.62820E-05 -8.02053E-08 -8.64505E+04  2.29925E+03  6.07557E+02  2.00575E+02  9.53714E+02  1.53347E+02  1.05000E+01  0.00000E+00  5.00000E-01 -8.59764E-06 -2.62922E-05  9.26365E-17 -8.64284E+04  2.35089E+03  6.29689E+02  2.74397E+02 -9.00624E+02 -1.45479E+02
   1.00000E+01  5.00000E-01  1.00000E+00 -6.21472E-06 -2.40503E-05  6.26928E-08 -1.03762E+05 -2.25668E+03 -2.09471E+02 -5.43912E+03  9.42889E+02  1.51440E+02  1.00000E+01  5.00000E-01  5.00000E-01 -6.21631E-06 -2.40609E-05  8.50879E-17 -1.03785E+05 -2.30987E+03 -2.32269E+02 -5.51339E+03 -9.67177E+02 -2.03114E+02  1.00000E+01  0.00000E+00  5.00000E-01 -8.32572E-06 -2.41341E-05  8.53979E-17 -8.54931E+04  3.93554E+03  2.16262E+03 -5.76381E+03  9.27690E+02  1.45479E+02  1.00000E+01  0.00000E+00  1.00000E+00 -8.32383E-06 -2.41232E-05  8.44266E-08 -8.55159E+04  3.88235E+03  2.13982E+03 -5.83764E+03 -9.82376E+02 -1.53347E+02  1.05000E+01  5.00000E-01  1.00000E+00 -6.41866E-06 -2.62126E-05  5.95582E-08 -1.04781E+05 -3.92492E+03 -1.93744E+03  5.99086E+02  9.15379E+02  1.51440E+02  1.05000E+01  5.00000E-01  5.00000E-01 -6.42026E-06 -2.62228E-05  9.22802E-17 -1.04803E+05 -3.97656E+03 -1.95958E+03  5.24821E+02 -9.38959E+02 -2.03114E+02  1.05000E+01  0.00000E+00  5.00000E-01 -8.59764E-06 -2.62922E-05  9.26365E-17 -8.64284E+04  2.35089E+03  6.29689E+02  2.74397E+02  9.00624E+02  1.45479E+02  1.05000E+01  0.00000E+00  1.00000E+00 -8.59575E-06 -2.62820E-05  8.02053E-08 -8.64505E+04  2.29925E+03  6.07557E+02  2.00575E+02 -9.53714E+02 -1.53347E+02
   1.00000E+01  1.00000E+00  5.00000E-01 -4.13084E-06 -2.40085E-05  8.47253E-17 -7.68398E+04 -2.60054E+03 -7.65875E+02 -9.75351E+03  8.90793E+02  1.26247E+02  1.00000E+01  1.00000E+00  0.00000E+00 -4.12979E-06 -2.39981E-05 -4.18177E-08 -7.68154E+04 -2.54368E+03 -7.41506E+02 -9.65754E+03 -9.43804E+02 -1.32589E+02  1.00000E+01  5.00000E-01  0.00000E+00 -6.21472E-06 -2.40503E-05 -6.26928E-08 -5.84579E+04  3.70488E+03  1.87035E+03 -9.98559E+03  9.07039E+02  1.01977E+02  1.00000E+01  5.00000E-01  5.00000E-01 -6.21631E-06 -2.40609E-05  8.50879E-17 -5.84336E+04  3.76174E+03  1.89472E+03 -9.89009E+03 -9.27558E+02 -1.03334E+02  1.05000E+01  1.00000E+00  5.00000E-01 -4.26680E-06 -2.61730E-05  9.18817E-17 -7.75761E+04 -3.80105E+03 -2.01991E+03 -3.71530E+03  8.64804E+02  1.26247E+02  1.05000E+01  1.00000E+00  0.00000E+00 -4.26575E-06 -2.61630E-05 -3.97268E-08 -7.75525E+04 -3.74585E+03 -1.99625E+03 -3.61933E+03 -9.16268E+02 -1.32589E+02  1.05000E+01  5.00000E-01  0.00000E+00 -6.41866E-06 -2.62126E-05 -5.95582E-08 -5.91140E+04  2.58466E+03  8.03655E+02 -3.94737E+03  8.80576E+02  1.01977E+02  1.05000E+01  5.00000E-01  5.00000E-01 -6.42026E-06 -2.62228E-05  9.22802E-17 -5.90904E+04  2.63986E+03  8.27313E+02 -3.85187E+03 -9.00496E+02 -1.03334E+02
   1.00000E+01  1.00000E+00  1.00000E+00 -4.12979E-06 -2.39981E-05  4.18177E-08 -7.68154E+04 -2.54368E+03 -7.41506E+02 -9.65754E+03  9.43804E+02  1.32589E+02  1.00000E+01  1.00000E+00  5.00000E-01 -4.13084E-06 -2.40085E-05  8.47253E-17 -7.68398E+04 -2.60054E+03 -7.65875E+02 -9.75351E+03 -8.90793E+02 -1.26247E+02  1.00000E+01  5.00000E-01  5.00000E-01 -6.21631E-06 -2.40609E-05  8.50879E-17 -5.84336E+04  3.76174E+03  1.89472E+03 -9.89009E+03  9.27558E+02  1.03334E+02  1.00000E+01  5.00000E-01  1.00000E+00 -6.21472E-06 -2.40503E-05  6.26928E-08 -5.84579E+04  3.70488E+03  1.87035E+03 -9.98559E+03 -9.07039E+02 -1.01977E+02  1.05000E+01  1.00000E+00  1.00000E+00 -4.26575E-06 -2.61630E-05  3.97268E-08 -7.75525E+04 -3.74585E+03 -1.99625E+03 -3.61933E+03  9.16268E+02  1.32589E+02  1.05000E+01  1.00000E+00  5.00000E-01 -4.26680E-06 -2.61730E-05  9.18817E-17 -7.75761E+04 -3.80105E+03 -2.01991E+03 -3.71530E+03 -8.64804E+02 -1.26247E+02  1.05000E+01  5.00000E-01  5.00000E-01 -6.42026E-06 -2.62228E-05  9.22802E-17 -5.90904E+04  2.63986E+03  8.27313E+02 -3.85187E+03  9.00496E+02  1.03334E+02  1.05000E+01  5.00000E-01  1.00000E+00 -6.41866E-06 -2.62126E-05  5.95582E-08 -5.91140E+04  2.58466E+03  8.03655E+02 -3.94737E+03 -8.80576E+02 -1.01977E+02
   1.00000E+01  1.50000E+00  5.00000E-01 -2.06141E-06 -2.39771E-05  8.43159E-17 -4.97700E+04 -2.80418E+03 -9.70007E+02 -1.25874E+04  9.16412E+02  8.32303E+01  1.00000E+01  1.50000E+00  0.00000E+00 -2.06089E-06 -2.39667E-05 -2.09168E-08 -4.97687E+04 -2.80112E+03 -9.68695E+02 -1.24947E+04 -9.20459E+02 -8.28726E+01  1.00000E+01  1.00000E+00  0.00000E+00 -4.12979E-06 -2.39981E-05 -4.18177E-08 -3.13916E+04  3.49783E+03  1.65826E+03 -1.27268E+04  9.17286E+02  5.62851E+01  1.00000E+01  1.00000E+00  5.00000E-01 -4.13084E-06 -2.40085E-05  8.47253E-17 -3.13903E+04  3.50089E+03  1.65957E+03 -1.26341E+04 -9.19585E+02 -5.62257E+01  1.05000E+01  1.50000E+00  5.00000E-01 -2.12939E-06 -2.61432E-05  9.14426E-17 -5.02282E+04 -3.54104E+03 -1.76039E+03 -6.54921E+03  8.89675E+02  8.32303E+01  1.05000E+01  1.50000E+00  0.00000E+00 -2.12887E-06 -2.61332E-05 -1.98709E-08 -5.02269E+04 -3.53807E+03 -1.75911E+03 -6.45648E+03 -8.93604E+02 -8.28726E+01  1.05000E+01  1.00000E+00  0.00000E+00 -4.26575E-06 -2.61630E-05 -3.97268E-08 -3.17694E+04  2.84136E+03  1.05546E+03 -6.68856E+03  8.90524E+02  5.62851E+01  1.05000E+01  1.00000E+00  5.00000E-01 -4.26680E-06 -2.61730E-05  9.18817E-17 -3.17681E+04  2.84433E+03  1.05673E+03 -6.59585E+03 -8.92755E+02 -5.62257E+01
   1.00000E+01  1.50000E+00  1.00000E+00 -2.06089E-06 -2.39667E-05  2.09168E-08 -4.97687E+04 -2.80112E+03 -9.68695E+02 -1.24947E+04  9.20459E+02  8.28726E+01  1.00000E+01  1.50000E+00  5.00000E-01 -2.06141E-06 -2.39771E-05  8.43159E-17 -4.97700E+04 -2.80418E+03 -9.70007E+02 -1.25874E+04 -9.16412E+02 -8.32303E+01  1.00000E+01  1.00000E+00  5.00000E-01 -4.13084E-06 -2.40085E-05  8.47253E-17 -3.13903E+04  3.50089E+03  1.65957E+03 -1.26341E+04  9.19585E+02  5.62257E+01  1.00000E+01  1.00000E+00  1.00000E+00 -4.12979E-06 -2.39981E-05  4.18177E-08 -3.13916E+04  3.49783E+03  1.65826E+03 -1.27268E+04 -9.17286E+02 -5.62851E+01  1.05000E+01  1.50000E+00  1.00000E+00 -2.12887E-06 -2.61332E-05  1.98709E-08 -5.02269E+04 -3.53807E+03 -1.75911E+03 -6.45648E+03  8.93604E+02  8.28726E+01  1.05000E+01  1.50000E+00  5.00000E-01 -2.12939E-06 -2.61432E-05  9.14426E-17 -5.02282E+04 -3.54104E+03 -1.76039E+03 -6.54921E+03 -8.89675E+02 -8.32303E+01  1.05000E+01  1.00000E+00  5.00000E-01 -4.26680E-06 -2.61730E-05  9.18817E-17 -3.17681E+04  2.84433E+03  1.05673E+03 -6.59585E+03  8.92755E+02  5.62257E+01  1.05000E+01  1.00000E+00  1.00000E+00 -4.26575E-06 -2.61630E-05  3.97268E-08 -3.17694E+04  2.84136E+03  1.05546E+03 -6.68856E+03 -8.90524E+02 -5.62851E+01
   1.00000E+01  2.00000E+00  5.00000E-01  1.10114E-20 -2.39667E-05  8.38573E-17 -2.27144E+04 -3.03354E+03 -1.19549E+03 -1.40284E+04  9.19443E+02  3.66122E+01  1.00000E+01  2.00000E+00  0.00000E+00  7.02640E-18 -2.39562E-05  8.38776E-17 -2.27147E+04 -3.03415E+03 -1.19575E+03 -1.39355E+04 -9.18819E+02 -3.66515E+01  1.00000E+01  1.50000E+00  0.00000E+00 -2.06089E-06 -2.39667E-05 -2.09168E-08 -4.33807E+03  3.26638E+03  1.42791E+03 -1.40749E+04  9.19270E+02  9.81021E+00  1.00000E+01  1.50000E+00  5.00000E-01 -2.06141E-06 -2.39771E-05  8.43159E-17 -4.33833E+03  3.26578E+03  1.42764E+03 -1.39820E+04 -9.18992E+02 -9.82074E+00  1.05000E+01  2.00000E+00  5.00000E-01  9.21148E-21 -2.61332E-05  9.09550E-17 -2.28940E+04 -3.30601E+03 -1.52159E+03 -7.99023E+03  8.92618E+02  3.66122E+01  1.05000E+01  2.00000E+00  0.00000E+00  7.17310E-18 -2.61233E-05  9.09762E-17 -2.28942E+04 -3.30660E+03 -1.52185E+03 -7.89733E+03 -8.92012E+02 -3.66515E+01  1.05000E+01  1.50000E+00  0.00000E+00 -2.12887E-06 -2.61332E-05 -1.98709E-08 -4.43720E+03  3.07436E+03  1.28952E+03 -8.03668E+03  8.92449E+02  9.81021E+00  1.05000E+01  1.50000E+00  5.00000E-01 -2.12939E-06 -2.61432E-05  9.14426E-17 -4.43745E+03  3.07377E+03  1.28927E+03 -7.94377E+03 -8.92180E+02 -9.82074E+00
   1.00000E+01  2.00000E+00  1.00000E+00 -7.00200E-18 -2.39562E-05  8.38808E-17 -2.27147E+04 -3.03415E+03 -1.19575E+03 -1.39355E+04  9.18819E+02  3.66515E+01  1.00000E+01  2.00000E+00  5.00000E-01  1.10114E-20 -2.39667E-05  8.38573E-17 -2.27144E+04 -3.03354E+03 -1.19549E+03 -1.40284E+04 -9.19443E+02 -3.66122E+01  1.00000E+01  1.50000E+00  5.00000E-01 -2.06141E-06 -2.39771E-05  8.43159E-17 -4.33833E+03  3.26578E+03  1.42764E+03 -1.39820E+04  9.18992E+02  9.82074E+00  1.00000E+01  1.50000E+00  1.00000E+00 -2.06089E-06 -2.39667E-05  2.09168E-08 -4.33807E+03  3.26638E+03  1.42791E+03 -1.40749E+04 -9.19270E+02 -9.81021E+00  1.05000E+01  2.00000E+00  1.00000E+00 -7.15047E-18 -2.61233E-05  9.09817E-17 -2.28942E+04 -3.30660E+03 -1.52185E+03 -7.89733E+03  8.92012E+02  3.66515E+01  1.05000E+01  2.00000E+00  5.00000E-01  9.21148E-21 -2.61332E-05  9.09550E-17 -2.28940E+04 -3.30601E+03 -1.52159E+03 -7.99023E+03 -8.92618E+02 -3.66122E+01  1.05000E+01  1.50000E+00  5.00000E-01 -2.12939E-06 -2.61432E-05  9.14426E-17 -4.43745E+03  3.07377E+03  1.28927E+03 -7.94377E+03  8.92180E+02  9.82074E+00  1.05000E+01  1.50000E+00  1.00000E+00 -2.12887E-06 -2.61332E-05  1.98709E-08 -4.43720E+03  3.07436E+03  1.28952E+03 -8.03668E+03 -8.92449E+02 -9.81021E+00
   1.00000E+01  2.50000E+00  5.00000E-01  2.06141E-06 -2.39771E-05  8.33490E-17  4.33807E+03 -3.26638E+03 -1.42791E+03 -1.40749E+04  9.19270E+02 -9.81021E+00  1.00000E+01  2.50000E+00  0.00000E+00  2.06089E-06 -2.39667E-05  2.09168E-08  4.33833E+03 -3.26578E+03 -1.42764E+03 -1.39820E+04 -9.18992E+02  9.82074E+00  1.00000E+01  2.00000E+00  0.00000E+00  7.02640E-18 -2.39562E-05  8.38776E-17  2.27144E+04  3.03354E+03  1.19549E+03 -1.40284E+04  9.19443E+02 -3.66122E+01  1.00000E+01  2.00000E+00  5.00000E-01  1.10114E-20 -2.39667E-05  8.38573E-17  2.27147E+04  3.03415E+03  1.19575E+03 -1.39355E+04 -9.18819E+02  3.66515E+01  1.05000E+01  2.50000E+00  5.00000E-01  2.12939E-06 -2.61432E-05  9.04315E-17  4.43720E+03 -3.07436E+03 -1.28952E+03 -8.03668E+03  8.92449E+02 -9.81021E+00  1.05000E+01  2.50000E+00  0.00000E+00  2.12887E-06 -2.61332E-05  1.98709E-08  4.43745E+03 -3.07377E+03 -1.28927E+03 -7.94377E+03 -8.92180E+02  9.82074E+00  1.05000E+01  2.00000E+00  0.00000E+00  7.17310E-18 -2.61233E-05  9.09762E-17  2.28940E+04  3.30601E+03  1.52159E+03 -7.99023E+03  8.92618E+02 -3.66122E+01  1.05000E+01  2.00000E+00  5.00000E-01  9.21148E-21 -2.61332E-05  9.09550E-17  2.28942E+04  3.30660E+03  1.52185E+03 -7.89733E+03 -8.92012E+02  3.66515E+01
   1.00000E+01  2.50000E+00  1.00000E+00  2.06089E-06 -2.39667E-05 -2.09168E-08  4.33833E+03 -3.26578E+03 -1.42764E+03 -1.39820E+04  9.18992E+02 -9.82074E+00  1.00000E+01  2.50000E+00  5.00000E-01  2.06141E-06 -2.39771E-05  8.33490E-17  4.33807E+03 -3.26638E+03 -1.42791E+03 -1.40749E+04 -9.19270E+02  9.81021E+00  1.00000E+01  2.00000E+00  5.00000E-01  1.10114E-20 -2.39667E-05  8.38573E-17  2.27147E+04  3.03415E+03  1.19575E+03 -1.39355E+04  9.18819E+02 -3.66515E+01  1.00000E+01  2.00000E+00  1.00000E+00 -7.00200E-18 -2.39562E-05  8.38808E-17  2.27144E+04  3.03354E+03  1.19549E+03 -1.40284E+04 -9.19443E+02  3.66122E+01  1.05000E+01  2.50000E+00  1.00000E+00  2.12887E-06 -2.61332E-05 -1.98709E-08  4.43745E+03 -3.07377E+03 -1.28927E+03 -7.94377E+03  8.92180E+02 -9.82074E+00  1.05000E+01  2.50000E+00  5.00000E-01  2.12939E-06 -2.61432E-05  9.04315E-17  4.43720E+03 -3.07436E+03 -1.28952E+03 -8.03668E+03 -8.92449E+02  9.81021E+00  1.05000E+01  2.00000E+00  5.00000E-01  9.21148E-21 -2.61332E-05  9.09550E-17  2.28942E+04  3.30660E+03  1.52185E+03 -7.89733E+03  8.92012E+02 -3.66515E+01  1.05000E+01  2.00000E+00  1.00000E+00 -7.15047E-18 -2.61233E-05  9.09817E-17  2.28940E+04  3.30601E+03  1.52159E+03 -7.99023E+03 -8.92618E+02  3.66122E+01
   1.00000E+01  3.00000E+00  5.00000E-01  4.13084E-06 -2.40085E-05  8.27919E-17  3.13916E+04 -3.49783E+03 -1.65826E+03 -1.27268E+04  9.17286E+02 -5.62851E+01  1.00000E+01  3.00000E+00  0.00000E+00  4.12979E-06 -2.39981E-05  4.18177E-08  3.13903E+04 -3.50089E+03 -1.65957E+03 -1.26341E+04 -9.19585E+02  5.62257E+01  1.00000E+01  2.50000E+00  0.00000E+00  2.06089E-06 -2.39667E-05  2.09168E-08  4.97700E+04  2.80418E+03  9.70007E+02 -1.25874E+04  9.16412E+02 -8.32303E+01  1.00000E+01  2.50000E+00  5.00000E-01  2.06141E-06 -2.39771E-05  8.33490E-17  4.97687E+04  2.80112E+03  9.68695E+02 -1.24947E+04 -9.20459E+02  8.28726E+01  1.05000E+01  3.00000E+00  5.00000E-01  4.26680E-06 -2.61730E-05  8.98545E-17  3.17694E+04 -2.84136E+03 -1.05546E+03 -6.68856E+03  8.90524E+02 -5.62851E+01  1.05000E+01  3.00000E+00  0.00000E+00  4.26575E-06 -2.61630E-05  3.97268E-08  3.17681E+04 -2.84433E+03 -1.05673E+03 -6.59585E+03 -8.92755E+02  5.62257E+01  1.05000E+01  2.50000E+00  0.00000E+00  2.12887E-06 -2.61332E-05  1.98709E-08  5.02282E+04  3.54104E+03  1.76039E+03 -6.54921E+03  8.89675E+02 -8.32303E+01  1.05000E+01  2.50000E+00  5.00000E-01  2.12939E-06 -2.61432E-05  9.04315E-17  5.02269E+04  3.53807E+03  1.75911E+03 -6.45648E+03 -8.93604E+02  8.28726E+01
   1.00000E+01  3.00000E+00  1.00000E+00  4.12979E-06 -2.39981E-05 -4.18177E-08  3.13903E+04 -3.50089E+03 -1.65957E+03 -1.26341E+04  9.19585E+02 -5.62257E+01  1.00000E+01  3.00000E+00  5.00000E-01  4.13084E-06 -2.40085E-05  8.27919E-17  3.13916E+04 -3.49783E+03 -1.65826E+03 -1.27268E+04 -9.17286E+02  5.62851E+01  1.00000E+01  2.50000E+00  5.00000E-01  2.06141E-06 -2.39771E-05  8.33490E-17  4.97687E+04  2.80112E+03  9.68695E+02 -1.24947E+04  9.20459E+02 -8.28726E+01  1.00000E+01  2.50000E+00  1.00000E+00  2.06089E-06 -2.39667E-05 -2.09168E-08  4.97700E+04  2.80418E+03  9.70007E+02 -1.25874E+04 -9.16412E+02  8.32303E+01  1.05000E+01  3.00000E+00  1.00000E+00  4.26575E-06 -2.61630E-05 -3.97268E-08  3.17681E+04 -2.84433E+03 -1.05673E+03 -6.59585E+03  8.92755E+02 -5.62257E+01  1.05000E+01  3.00000E+00  5.00000E-01  4.26680E-06 -2.61730E-05  8.98545E-17  3.17694E+04 -2.84136E+03 -1.05546E+03 -6.68856E+03 -8.90524E+02  5.62851E+01  1.05000E+01  2.50000E+00  5.00000E-01  2.12939E-06 -2.61432E-05  9.04315E-17  5.02269E+04  3.53807E+03  1.75911E+03 -6.45648E+03  8.93604E+02 -8.28726E+01  1.05000E+01  2.50000E+00  1.00000E+00  2.12887E-06 -2.61332E-05 -1.98709E-08  5.02282E+04  3.54104E+03  1.76039E+03 -6.54921E+03 -8.89675E+02  8.32303E+01
   1.00000E+01  3.50000E+00  5.00000E-01  6.21631E-06 -2.40609E-05  8.21800E-17  5.84579E+04 -3.70488E+03 -1.87035E+03 -9.98559E+03  9.07039E+02 -1.01977E+02  1.00000E+01  3.50000E+00  0.00000E+00  6.21472E-06 -2.40503E-05  6.26928E-08  5.84336E+04 -3.76174E+03 -1.89472E+03 -9.89009E+03 -9.27558E+02  1.03334E+02  1.00000E+01  3.00000E+00  0.00000E+00  4.12979E-06 -2.39981E-05  4.18177E-08  7.68398E+04  2.60054E+03  7.65875E+02 -9.75351E+03  8.90793E+02 -1.26247E+02  1.00000E+01  3.00000E+00  5.00000E-01  4.13084E-06 -2.40085E-05  8.27919E-17  7.68154E+04  2.54368E+03  7.41506E+02 -9.65754E+03 -9.43804E+02  1.32589E+02  1.05000E+01  3.50000E+00  5.00000E-01  6.42026E-06 -2.62228E-05  8.92369E-17  5.91140E+04 -2.58466E+03 -8.03655E+02 -3.94737E+03  8.80576E+02 -1.01977E+02  1.05000E+01  3.50000E+00  0.00000E+00  6.41866E-06 -2.62126E-05  5.95582E-08  5.90904E+04 -2.63986E+03 -8.27313E+02 -3.85187E+03 -9.00496E+02  1.03334E+02  1.05000E+01  3.00000E+00  0.00000E+00  4.26575E-06 -2.61630E-05  3.97268E-08  7.75761E+04  3.80105E+03  2.01991E+03 -3.71530E+03  8.64804E+02 -1.26247E+02  1.05000E+01  3.00000E+00  5.00000E-01  4.26680E-06 -2.61730E-05  8.98545E-17  7.75525E+04  3.74585E+03  1.99625E+03 -3.61933E+03 -9.16268E+02  1.32589E+02
   1.00000E+01  3.50000E+00  1.00000E+00  6.21472E-06 -2.40503E-05 -6.26928E-08  5.84336E+04 -3.76174E+03 -1.89472E+03 -9.89009E+03  9.27558E+02 -1.03334E+02  1.00000E+01  3.50000E+00  5.00000E-01  6.21631E-06 -2.40609E-05  8.21800E-17  5.84579E+04 -3.70488E+03 -1.87035E+03 -9.98559E+03 -9.07039E+02  1.01977E+02  1.00000E+01  3.00000E+00  5.00000E-01  4.13084E-06 -2.40085E-05  8.27919E-17  7.68154E+04  2.54368E+03  7.41506E+02 -9.65754E+03  9.43804E+02 -1.32589E+02  1.00000E+01  3.00000E+00  1.00000E+00  4.12979E-06 -2.39981E-05 -4.18177E-08  7.68398E+04  2.60054E+03  7.65875E+02 -9.75351E+03 -8.90793E+02  1.26247E+02  1.05000E+01  3.50000E+00  1.00000E+00  6.41866E-06 -2.62126E-05 -5.95582E-08  5.90904E+04 -2.63986E+03 -8.27313E+02 -3.85187E+03  9.00496E+02 -1.03334E+02  1.05000E+01  3.50000E+00  5.00000E-01  6.42026E-06 -2.62228E-05  8.92369E-17  5.91140E+04 -2.58466E+03 -8.03655E+02 -3.94737E+03 -8.80576E+02  1.01977E+02  1.05000E+01  3.00000E+00  5.00000E-01  4.26680E-06 -2.61730E-05  8.98545E-17  7.75525E+04  3.74585E+03  1.99625E+03 -3.61933E+03  9.16268E+02 -1.32589E+02  1.05000E+01  3.00000E+00  1.00000E+00  4.26575E-06 -2.61630E-05 -3.97268E-08  7.75761E+04  3.80105E+03  2.01991E+03 -3.71530E+03 -8.64804E+02  1.26247E+02
   1.00000E+01  4.00000E+00  5.00000E-01  8.32572E-06 -2.41341E-05  8.15185E-17  8.55159E+04 -3.88235E+03 -2.13982E+03 -5.83764E+03  9.82376E+02 -1.53347E+02  1.00000E+01  4.00000E+00  0.00000E+00  8.32383E-06 -2.41232E-05  8.44266E-08  8.54931E+04 -3.93554E+03 -2.16262E+03 -5.76381E+03 -9.27690E+02  1.45479E+02  1.00000E+01  3.50000E+00  0.00000E+00  6.21472E-06 -2.40503E-05  6.26928E-08  1.03785E+05  2.30987E+03  2.32269E+02 -5.51339E+03  9.67177E+02 -2.03114E+02  1.00000E+01  3.50000E+00  5.00000E-01  6.21631E-06 -2.40609E-05  8.21800E-17  1.03762E+05  2.25668E+03  2.09471E+02 -5.43912E+03 -9.42889E+02  1.51440E+02  1.05000E+01  4.00000E+00  5.00000E-01  8.59764E-06 -2.62922E-05  8.85756E-17  8.64505E+04 -2.29925E+03 -6.07557E+02  2.00575E+02  9.53714E+02 -1.53347E+02  1.05000E+01  4.00000E+00  0.00000E+00  8.59575E-06 -2.62820E-05  8.02053E-08  8.64284E+04 -2.35089E+03 -6.29689E+02  2.74397E+02 -9.00624E+02  1.45479E+02  1.05000E+01  3.50000E+00  0.00000E+00  6.41866E-06 -2.62126E-05  5.95582E-08  1.04803E+05  3.97656E+03  1.95958E+03  5.24821E+02  9.38959E+02 -2.03114E+02  1.05000E+01  3.50000E+00  5.00000E-01  6.42026E-06 -2.62228E-05  8.92369E-17  1.04781E+05  3.92492E+03  1.93744E+03  5.99086E+02 -9.15379E+02  1.51440E+02
   1.00000E+01  4.00000E+00  1.00000E+00  8.32383E-06 -2.41232E-05 -8.44266E-08  8.54931E+04 -3.93554E+03 -2.16262E+03 -5.76381E+03  9.27690E+02 -1.45479E+02  1.00000E+01  4.00000E+00  5.00000E-01  8.32572E-06 -2.41341E-05  8.15185E-17  8.55159E+04 -3.88235E+03 -2.13982E+03 -5.83764E+03 -9.82376E+02  1.53347E+02  1.00000E+01  3.50000E+00  5.00000E-01  6.21631E-06 -2.40609E-05  8.21800E-17  1.03762E+05  2.25668E+03  2.09471E+02 -5.43912E+03  9.42889E+02 -1.51440E+02  1.00000E+01  3.50000E+00  1.00000E+00  6.21472E-06 -2.40503E-05 -6.26928E-08  1.03785E+05  2.30987E+03  2.32269E+02 -5.51339E+03 -9.67177E+02  2.03114E+02  1.05000E+01  4.00000E+00  1.00000E+00  8.59575E-06 -2.62820E-05 -8.02053E-08  8.64284E+04 -2.35089E+03 -6.29689E+02  2.74397E+02  9.00624E+02 -1.45479E+02  1.05000E+01  4.00000E+00  5.00000E-01  8.59764E-06 -2.62922E-05  8.85756E-17  8.64505E+04 -2.29925E+03 -6.07557E+02  2.00575E+02 -9.53714E+02  1.53347E+02  1.05000E+01  3.50000E+00  5.00000E-01  6.42026E-06 -2.62228E-05  8.92369E-17  1.04781E+05  3.92492E+03  1.93744E+03  5.99086E+02  9.15379E+02 -1.51440E+02  1.05000E+01  3.50000E+00  1.00000E+00  6.41866E-06 -2.62126E-05 -5.95582E-08  1.04803E+05  3.97656E+03  1.95958E+03  5.24821E+02 -9.38959E+02  2.03114E+02
   1.05000E+01  5.00000E-01  5.00000E-01 -6.42026E-06 -2.62228E-05  9.22802E-17 -9.84362E+04 -2.14868E+03 -1.76068E+02 -5.35856E+03  9.18302E+02  2.03114E+02  1.05000E+01  5.00000E-01  0.00000E+00 -6.41866E-06 -2.62126E-05 -5.95582E-08 -9.84145E+04 -2.09817E+03 -1.54422E+02 -5.28430E+03 -8.95241E+02 -1.51440E+02  1.05000E+01  0.00000E+00  0.00000E+00 -8.59575E-06 -2.62820E-05 -8.02053E-08 -8.11065E+04  3.72385E+03  2.06937E+03 -5.68281E+03  9.32732E+02  1.53347E+02  1.05000E+01  0.00000E+00  5.00000E-01 -8.59764E-06 -2.62922E-05  9.26365E-17 -8.10849E+04  3.77435E+03  2.09102E+03 -5.60899E+03 -8.80810E+02 -1.45479E+02  1.10000E+01  5.00000E-01  5.00000E-01 -6.61374E-06 -2.84508E-05  9.96033E-17 -9.94544E+04 -3.81537E+03 -1.90338E+03  3.69995E+02  8.90084E+02  2.03114E+02  1.10000E+01  5.00000E-01  0.00000E+00 -6.61214E-06 -2.84412E-05 -5.64235E-08 -9.94334E+04 -3.76642E+03 -1.88239E+03  4.44261E+02 -8.67731E+02 -1.51440E+02  1.10000E+01  0.00000E+00  0.00000E+00 -8.85373E-06 -2.85069E-05 -7.59839E-08 -8.20411E+04  2.14074E+03  5.37111E+02  4.57487E+01  9.04071E+02  1.53347E+02  1.10000E+01  0.00000E+00  5.00000E-01 -8.85562E-06 -2.85167E-05  1.00005E-16 -8.20202E+04  2.18970E+03  5.58092E+02  1.19571E+02 -8.53744E+02 -1.45479E+02
   1.05000E+01  5.00000E-01  1.00000E+00 -6.41866E-06 -2.62126E-05  5.95582E-08 -9.84145E+04 -2.09817E+03 -1.54422E+02 -5.28430E+03  8.95241E+02  1.51440E+02  1.05000E+01  5.00000E-01  5.00000E-01 -6.42026E-06 -2.62228E-05  9.22802E-17 -9.84362E+04 -2.14868E+03 -1.76068E+02 -5.35856E+03 -9.18302E+02 -2.03114E+02  1.05000E+01  0.00000E+00  5.00000E-01 -8.59764E-06 -2.62922E-05  9.26365E-17 -8.10849E+04  3.77435E+03  2.09102E+03 -5.60899E+03  8.80810E+02  1.45479E+02  1.05000E+01  0.00000E+00  1.00000E+00 -8.59575E-06 -2.62820E-05  8.02053E-08 -8.11065E+04  3.72385E+03  2.06937E+03 -5.68281E+03 -9.32732E+02 -1.53347E+02  1.10000E+01  5.00000E-01  1.00000E+00 -6.61214E-06 -2.84412E-05  5.64235E-08 -9.94334E+04 -3.76642E+03 -1.88239E+03  4.44261E+02  8.67731E+02  1.51440E+02  1.10000E+01  5.00000E-01  5.00000E-01 -6.61374E-06 -2.84508E-05  9.96033E-17 -9.94544E+04 -3.81537E+03 -1.90338E+03  3.69995E+02 -8.90084E+02 -2.03114E+02  1.10000E+01  0.00000E+00  5.00000E-01 -8.85562E-06 -2.85167E-05  1.00005E-16 -8.20202E+04  2.18970E+03  5.58092E+02  1.19571E+02  8.53744E+02  1.45479E+02  1.10000E+01  0.00000E+00  1.00000E+00 -8.85373E-06 -2.85069E-05  7.59839E-08 -8.20411E+04  2.14074E+03  5.37111E+02  4.57487E+01 -9.04071E+02 -1.53347E+02
   1.05000E+01  1.00000E+00  5.00000E-01 -4.26680E-06 -2.61730E-05  9.18817E-17 -7.28804E+04 -2.43640E+03 -6.94445E+02 -9.59869E+03  8.45778E+02  1.26247E+02  1.05000E+01  1.00000E+00  0.00000E+00 -4.26575E-06 -2.61630E-05 -3.97268E-08 -7.28573E+04 -2.38241E+03 -6.71307E+02 -9.50271E+03 -8.96110E+02 -1.32589E+02  1.05000E+01  5.00000E-01  0.00000E+00 -6.41866E-06 -2.62126E-05 -5.95582E-08 -5.54433E+04  3.54361E+03  1.80179E+03 -9.83076E+03  8.61203E+02  1.01977E+02  1.05000E+01  5.00000E-01  5.00000E-01 -6.42026E-06 -2.62228E-05  9.22802E-17 -5.54201E+04  3.59760E+03  1.82493E+03 -9.73526E+03 -8.80685E+02 -1.03334E+02  1.10000E+01  1.00000E+00  5.00000E-01 -4.39578E-06 -2.84037E-05  9.91741E-17 -7.36168E+04 -3.63691E+03 -1.94848E+03 -3.87013E+03  8.19788E+02  1.26247E+02  1.10000E+01  1.00000E+00  0.00000E+00 -4.39474E-06 -2.83943E-05 -3.76359E-08 -7.35943E+04 -3.58458E+03 -1.92606E+03 -3.77415E+03 -8.68574E+02 -1.32589E+02  1.10000E+01  5.00000E-01  0.00000E+00 -6.61214E-06 -2.84412E-05 -5.64235E-08 -5.60993E+04  2.42339E+03  7.35090E+02 -4.10220E+03  8.34740E+02  1.01977E+02  1.10000E+01  5.00000E-01  5.00000E-01 -6.61374E-06 -2.84508E-05  9.96033E-17 -5.60769E+04  2.47572E+03  7.57517E+02 -4.00670E+03 -8.53622E+02 -1.03334E+02
   1.05000E+01  1.00000E+00  1.00000E+00 -4.26575E-06 -2.61630E-05  3.97268E-08 -7.28573E+04 -2.38241E+03 -6.71307E+02 -9.50271E+03  8.96110E+02  1.32589E+02  1.05000E+01  1.00000E+00  5.00000E-01 -4.26680E-06 -2.61730E-05  9.18817E-17 -7.28804E+04 -2.43640E+03 -6.94445E+02 -9.59869E+03 -8.45778E+02 -1.26247E+02  1.05000E+01  5.00000E-01  5.00000E-01 -6.42026E-06 -2.62228E-05  9.22802E-17 -5.54201E+04  3.59760E+03  1.82493E+03 -9.73526E+03  8.80685E+02  1.03334E+02  1.05000E+01  5.00000E-01  1.00000E+00 -6.41866E-06 -2.62126E-05  5.95582E-08 -5.54433E+04  3.54361E+03  1.80179E+03 -9.83076E+03 -8.61203E+02 -1.01977E+02  1.10000E+01  1.00000E+00  1.00000E+00 -4.39474E-06 -2.83943E-05  3.76359E-08 -7.35943E+04 -3.58458E+03 -1.92606E+03 -3.77415E+03  8.68574E+02  1.32589E+02  1.10000E+01  1.00000E+00  5.00000E-01 -4.39578E-06 -2.84037E-05  9.91741E-17 -7.36168E+04 -3.63691E+03 -1.94848E+03 -3.87013E+03 -8.19788E+02 -1.26247E+02  1.10000E+01  5.00000E-01  5.00000E-01 -6.61374E-06 -2.84508E-05  9.96033E-17 -5.60769E+04  2.47572E+03  7.57517E+02 -4.00670E+03  8.53622E+02  1.03334E+02  1.10000E+01  5.00000E-01  1.00000E+00 -6.61214E-06 -2.84412E-05  5.64235E-08 -5.60993E+04  2.42339E+03  7.35090E+02 -4.10220E+03 -8.34740E+02 -1.01977E+02
   1.05000E+01  1.50000E+00  5.00000E-01 -2.12939E-06 -2.61432E-05  9.14426E-17 -4.72060E+04 -2.64148E+03 -8.99997E+02 -1.24326E+04  8.70102E+02  8.32303E+01  1.05000E+01  1.50000E+00  0.00000E+00 -2.12887E-06 -2.61332E-05 -1.98709E-08 -4.72047E+04 -2.63857E+03 -8.98752E+02 -1.23399E+04 -8.73945E+02 -8.28726E+01  1.05000E+01  1.00000E+00  0.00000E+00 -4.26575E-06 -2.61630E-05 -3.97268E-08 -2.97721E+04  3.33529E+03  1.58868E+03 -1.25719E+04  8.70932E+02  5.62851E+01  1.05000E+01  1.00000E+00  5.00000E-01 -4.26680E-06 -2.61730E-05  9.18817E-17 -2.97708E+04  3.33820E+03  1.58992E+03 -1.24792E+04 -8.73115E+02 -5.62257E+01  1.10000E+01  1.50000E+00  5.00000E-01 -2.19388E-06 -2.83754E-05  9.87035E-17 -4.76642E+04 -3.37835E+03 -1.69038E+03 -6.70404E+03  8.43365E+02  8.32303E+01  1.10000E+01  1.50000E+00  0.00000E+00 -2.19336E-06 -2.83660E-05 -1.88251E-08 -4.76629E+04 -3.37553E+03 -1.68917E+03 -6.61130E+03 -8.47089E+02 -8.28726E+01  1.10000E+01  1.00000E+00  0.00000E+00 -4.39474E-06 -2.83943E-05 -3.76359E-08 -3.01499E+04  2.67881E+03  9.85873E+02 -6.84338E+03  8.44169E+02  5.62851E+01  1.10000E+01  1.00000E+00  5.00000E-01 -4.39578E-06 -2.84037E-05  9.91741E-17 -3.01487E+04  2.68163E+03  9.87079E+02 -6.75068E+03 -8.46285E+02 -5.62257E+01
   1.05000E+01  1.50000E+00  1.00000E+00 -2.12887E-06 -2.61332E-05  1.98709E-08 -4.72047E+04 -2.63857E+03 -8.98752E+02 -1.23399E+04  8.73945E+02  8.28726E+01  1.05000E+01  1.50000E+00  5.00000E-01 -2.12939E-06 -2.61432E-05  9.14426E-17 -4.72060E+04 -2.64148E+03 -8.99997E+02 -1.24326E+04 -8.70102E+02 -8.32303E+01  1.05000E+01  1.00000E+00  5.00000E-01 -4.26680E-06 -2.61730E-05  9.18817E-17 -2.97708E+04  3.33820E+03  1.58992E+03 -1.24792E+04  8.73115E+02  5.62257E+01  1.05000E+01  1.00000E+00  1.00000E+00 -4.26575E-06 -2.61630E-05  3.97268E-08 -2.97721E+04  3.33529E+03  1.58868E+03 -1.25719E+04 -8.70932E+02 -5.62851E+01  1.10000E+01  1.50000E+00  1.00000E+00 -2.19336E-06 -2.83660E-05  1.88251E-08 -4.76629E+04 -3.37553E+03 -1.68917E+03 -6.61130E+03  8.47089E+02  8.28726E+01  1.10000E+01  1.50000E+00  5.00000E-01 -2.19388E-06 -2.83754E-05  9.87035E-17 -4.76642E+04 -3.37835E+03 -1.69038E+03 -6.70404E+03 -8.43365E+02 -8.32303E+01  1.10000E+01  1.00000E+00  5.00000E-01 -4.39578E-06 -2.84037E-05  9.91741E-17 -3.01487E+04  2.68163E+03  9.87079E+02 -6.75068E+03  8.46285E+02  5.62257E+01  1.10000E+01  1.00000E+00  1.00000E+00 -4.39474E-06 -2.83943E-05  3.76359E-08 -3.01499E+04  2.67881E+03  9.85873E+02 -6.84338E+03 -8.44169E+02 -5.62851E+01
   1.05000E+01  2.00000E+00  5.00000E-01  9.21148E-21 -2.61332E-05  9.09550E-17 -2.15450E+04 -2.87099E+03 -1.12583E+03 -1.38736E+04  8.72980E+02  3.66122E+01  1.05000E+01  2.00000E+00  0.00000E+00  7.17310E-18 -2.61233E-05  9.09762E-17 -2.15452E+04 -2.87156E+03 -1.12607E+03 -1.37807E+04 -8.72387E+02 -3.66515E+01  1.05000E+01  1.50000E+00  0.00000E+00 -2.12887E-06 -2.61332E-05 -1.98709E-08 -4.11307E+03  3.10380E+03  1.35823E+03 -1.39201E+04  8.72815E+02  9.81021E+00  1.05000E+01  1.50000E+00  5.00000E-01 -2.12939E-06 -2.61432E-05  9.14426E-17 -4.11331E+03  3.10323E+03  1.35798E+03 -1.38272E+04 -8.72552E+02 -9.82074E+00  1.10000E+01  2.00000E+00  5.00000E-01  1.05879E-20 -2.83660E-05  9.81980E-17 -2.17245E+04 -3.14346E+03 -1.45192E+03 -8.14505E+03  8.46155E+02  3.66122E+01  1.10000E+01  2.00000E+00  0.00000E+00  7.30309E-18 -2.83566E-05  9.82157E-17 -2.17248E+04 -3.14402E+03 -1.45216E+03 -8.05215E+03 -8.45580E+02 -3.66515E+01  1.10000E+01  1.50000E+00  0.00000E+00 -2.19336E-06 -2.83660E-05 -1.88251E-08 -4.21219E+03  2.91178E+03  1.21984E+03 -8.19151E+03  8.45995E+02  9.81021E+00  1.10000E+01  1.50000E+00  5.00000E-01 -2.19388E-06 -2.83754E-05  9.87035E-17 -4.21243E+03  2.91122E+03  1.21960E+03 -8.09860E+03 -8.45740E+02 -9.82074E+00
   1.05000E+01  2.00000E+00  1.00000E+00 -7.15047E-18 -2.61233E-05  9.09817E-17 -2.15452E+04 -2.87156E+03 -1.12607E+03 -1.37807E+04  8.72387E+02  3.66515E+01  1.05000E+01  2.00000E+00  5.00000E-01  9.21148E-21 -2.61332E-05  9.09550E-17 -2.15450E+04 -2.87099E+03 -1.12583E+03 -1.38736E+04 -8.72980E+02 -3.66122E+01  1.05000E+01  1.50000E+00  5.00000E-01 -2.12939E-06 -2.61432E-05  9.14426E-17 -4.11331E+03  3.10323E+03  1.35798E+03 -1.38272E+04  8.72552E+02  9.82074E+00  1.05000E+01  1.50000E+00  1.00000E+00 -2.12887E-06 -2.61332E-05  1.98709E-08 -4.11307E+03  3.10380E+03  1.35823E+03 -1.39201E+04 -8.72815E+02 -9.81021E+00  1.10000E+01  2.00000E+00  1.00000E+00 -7.28173E-18 -2.83566E-05  9.82142E-17 -2.17248E+04 -3.14402E+03 -1.45216E+03 -8.05215E+03  8.45580E+02  3.66515E+01  1.10000E+01  2.00000E+00  5.00000E-01  1.05879E-20 -2.83660E-05  9.81980E-17 -2.17245E+04 -3.14346E+03 -1.45192E+03 -8.14505E+03 -8.46155E+02 -3.66122E+01  1.10000E+01  1.50000E+00  5.00000E-01 -2.19388E-06 -2.83754E-05  9.87035E-17 -4.21243E+03  2.91122E+03  1.21960E+03 -8.09860E+03  8.45740E+02  9.82074E+00  1.10000E+01  1.50000E+00  1.00000E+00 -2.19336E-06 -2.83660E-05  1.88251E-08 -4.21219E+03  2.91178E+03  1.21984E+03 -8.19151E+03 -8.45995E+02 -9.81021E+00
   1.05000E+01  2.50000E+00  5.00000E-01  2.12939E-06 -2.61432E-05  9.04315E-17  4.11307E+03 -3.10380E+03 -1.35823E+03 -1.39201E+04  8.72815E+02 -9.81021E+00  1.05000E+01  2.50000E+00  0.00000E+00  2.12887E-06 -2.61332E-05  1.98709E-08  4.11331E+03 -3.10323E+03 -1.35798E+03 -1.38272E+04 -8.72552E+02  9.82074E+00  1.05000E+01  2.00000E+00  0.00000E+00  7.17310E-18 -2.61233E-05  9.09762E-17  2.15450E+04  2.87099E+03  1.12583E+03 -1.38736E+04  8.72980E+02 -3.66122E+01  1.05000E+01  2.00000E+00  5.00000E-01  9.21148E-21 -2.61332E-05  9.09550E-17  2.15452E+04  2.87156E+03  1.12607E+03 -1.37807E+04 -8.72387E+02  3.66515E+01  1.10000E+01  2.50000E+00  5.00000E-01  2.19388E-06 -2.83754E-05  9.76533E-17  4.21219E+03 -2.91178E+03 -1.21984E+03 -8.19151E+03  8.45995E+02 -9.81021E+00  1.10000E+01  2.50000E+00  0.00000E+00  2.19336E-06 -2.83660E-05  1.88251E-08  4.21243E+03 -2.91122E+03 -1.21960E+03 -8.09860E+03 -8.45740E+02  9.82074E+00  1.10000E+01  2.00000E+00  0.00000E+00  7.30309E-18 -2.83566E-05  9.82157E-17  2.17245E+04  3.14346E+03  1.45192E+03 -8.14505E+03  8.46155E+02 -3.66122E+01  1.10000E+01  2.00000E+00  5.00000E-01  1.05879E-20 -2.83660E-05  9.81980E-17  2.17248E+04  3.14402E+03  1.45216E+03 -8.05215E+03 -8.45580E+02  3.66515E+01
   1.05000E+01  2.50000E+00  1.00000E+00  2.12887E-06 -2.61332E-05 -1.98709E-08  4.11331E+03 -3.10323E+03 -1.35798E+03 -1.38272E+04  8.72552E+02 -9.82074E+00  1.05000E+01  2.50000E+00  5.00000E-01  2.12939E-06 -2.61432E-05  9.04315E-17  4.11307E+03 -3.10380E+03 -1.35823E+03 -1.39201E+04 -8.72815E+02  9.81021E+00  1.05000E+01  2.00000E+00  5.00000E-01  9.21148E-21 -2.61332E-05  9.09550E-17  2.15452E+04  2.87156E+03  1.12607E+03 -1.37807E+04  8.72387E+02 -3.66515E+01  1.05000E+01  2.00000E+00  1.00000E+00 -7.15047E-18 -2.61233E-05  9.09817E-17  2.15450E+04  2.87099E+03  1.12583E+03 -1.38736E+04 -8.72980E+02  3.66122E+01  1.10000E+01  2.50000E+00  1.00000E+00  2.19336E-06 -2.83660E-05 -1.88251E-08  4.21243E+03 -2.91122E+03 -1.21960E+03 -8.09860E+03  8.45740E+02 -9.82074E+00  1.10000E+01  2.50000E+00  5.00000E-01  2.19388E-06 -2.83754E-05  9.76533E-17  4.21219E+03 -2.91178E+03 -1.21984E+03 -8.19151E+03 -8.45995E+02  9.81021E+00  1.10000E+01  2.00000E+00  5.00000E-01  1.05879E-20 -2.83660E-05  9.81980E-17  2.17248E+04  3.14402E+03  1.45216E+03 -8.05215E+03  8.45580E+02 -3.66515E+01  1.10000E+01  2.00000E+00  1.00000E+00 -7.28173E-18 -2.83566E-05  9.82142E-17  2.17245E+04  3.14346E+03  1.45192E+03 -8.14505E+03 -8.46155E+02  3.66122E+01
   1.05000E+01  3.00000E+00  5.00000E-01  4.26680E-06 -2.61730E-05  8.98545E-17  2.97721E+04 -3.33529E+03 -1.58868E+03 -1.25719E+04  8.70932E+02 -5.62851E+01  1.05000E+01  3.00000E+00  0.00000E+00  4.26575E-06 -2.61630E-05  3.97268E-08  2.97708E+04 -3.33820E+03 -1.58992E+03 -1.24792E+04 -8.73115E+02  5.62257E+01  1.05000E+01  2.50000E+00  0.00000E+00  2.12887E-06 -2.61332E-05  1.98709E-08  4.72060E+04  2.64148E+03  8.99997E+02 -1.24326E+04  8.70102E+02 -8.32303E+01  1.05000E+01  2.50000E+00  5.00000E-01  2.12939E-06 -2.61432E-05  9.04315E-17  4.72047E+04  2.63857E+03  8.98752E+02 -1.23399E+04 -8.73945E+02  8.28726E+01  1.10000E+01  3.00000E+00  5.00000E-01  4.39578E-06 -2.84037E-05  9.70656E-17  3.01499E+04 -2.67881E+03 -9.85873E+02 -6.84338E+03  8.44169E+02 -5.62851E+01  1.10000E+01  3.00000E+00  0.00000E+00  4.39474E-06 -2.83943E-05  3.76359E-08  3.01487E+04 -2.68163E+03 -9.87079E+02 -6.75068E+03 -8.46285E+02  5.62257E+01  1.10000E+01  2.50000E+00  0.00000E+00  2.19336E-06 -2.83660E-05  1.88251E-08  4.76642E+04  3.37835E+03  1.69038E+03 -6.70404E+03  8.43365E+02 -8.32303E+01  1.10000E+01  2.50000E+00  5.00000E-01  2.19388E-06 -2.83754E-05  9.76533E-17  4.76629E+04  3.37553E+03  1.68917E+03 -6.61130E+03 -8.47089E+02  8.28726E+01
   1.05000E+01  3.00000E+00  1.00000E+00  4.26575E-06 -2.61630E-05 -3.97268E-08  2.97708E+04 -3.33820E+03 -1.58992E+03 -1.24792E+04  8.73115E+02 -5.62257E+01  1.05000E+01  3.00000E+00  5.00000E-01  4.26680E-06 -2.61730E-05  8.98545E-17  2.97721E+04 -3.33529E+03 -1.58868E+03 -1.25719E+04 -8.70932E+02  5.62851E+01  1.05000E+01  2.50000E+00  5.00000E-01  2.12939E-06 -2.61432E-05  9.04315E-17  4.72047E+04  2.63857E+03  8.98752E+02 -1.23399E+04  8.73945E+02 -8.28726E+01  1.05000E+01  2.50000E+00  1.00000E+00  2.12887E-06 -2.61332E-05 -1.98709E-08  4.72060E+04  2.64148E+03  8.99997E+02 -1.24326E+04 -8.70102E+02  8.32303E+01  1.10000E+01  3.00000E+00  1.00000E+00  4.39474E-06 -2.83943E-05 -3.76359E-08  3.01487E+04 -2.68163E+03 -9.87079E+02 -6.75068E+03  8.46285E+02 -5.62257E+01  1.10000E+01  3.00000E+00  5.00000E-01  4.39578E-06 -2.84037E-05  9.70656E-17  3.01499E+04 -2.67881E+03 -9.85873E+02 -6.84338E+03 -8.44169E+02  5.62851E+01  1.10000E+01  2.50000E+00  5.00000E-01  2.19388E-06 -2.83754E-05  9.76533E-17  4.76629E+04  3.37553E+03  1.68917E+03 -6.61130E+03  8.47089E+02 -8.28726E+01  1.10000E+01  2.50000E+00  1.00000E+00  2.19336E-06 -2.83660E-05 -1.88251E-08  4.76642E+04  3.37835E+03  1.69038E+03 -6.70404E+03 -8.43365E+02  8.32303E+01
   1.05000E+01  3.50000E+00  5.00000E-01  6.42026E-06 -2.62228E-05  8.92369E-17  5.54433E+04 -3.54361E+03 -1.80179E+03 -9.83076E+03  8.61203E+02 -1.01977E+02  1.05000E+01  3.50000E+00  0.00000E+00  6.41866E-06 -2.62126E-05  5.95582E-08  5.54201E+04 -3.59760E+03 -1.82493E+03 -9.73526E+03 -8.80685E+02  1.03334E+02  1.05000E+01  3.00000E+00  0.00000E+00  4.26575E-06 -2.61630E-05  3.97268E-08  7.28804E+04  2.43640E+03  6.94445E+02 -9.59869E+03  8.45778E+02 -1.26247E+02  1.05000E+01  3.00000E+00  5.00000E-01  4.26680E-06 -2.61730E-05  8.98545E-17  7.28573E+04  2.38241E+03  6.71307E+02 -9.50271E+03 -8.96110E+02  1.32589E+02  1.10000E+01  3.50000E+00  5.00000E-01  6.61374E-06 -2.84508E-05  9.64332E-17  5.60993E+04 -2.42339E+03 -7.35090E+02 -4.10220E+03  8.34740E+02 -1.01977E+02  1.10000E+01  3.50000E+00  0.00000E+00  6.61214E-06 -2.84412E-05  5.64235E-08  5.60769E+04 -2.47572E+03 -7.57517E+02 -4.00670E+03 -8.53622E+02  1.03334E+02  1.10000E+01  3.00000E+00  0.00000E+00  4.39474E-06 -2.83943E-05  3.76359E-08  7.36168E+04  3.63691E+03  1.94848E+03 -3.87013E+03  8.19788E+02 -1.26247E+02  1.10000E+01  3.00000E+00  5.00000E-01  4.39578E-06 -2.84037E-05  9.70656E-17  7.35943E+04  3.58458E+03  1.92606E+03 -3.77415E+03 -8.68574E+02  1.32589E+02
   1.05000E+01  3.50000E+00  1.00000E+00  6.41866E-06 -2.62126E-05 -5.95582E-08  5.54201E+04 -3.59760E+03 -1.82493E+03 -9.73526E+03  8.80685E+02 -1.03334E+02  1.05000E+01  3.50000E+00  5.00000E-01  6.42026E-06 -2.62228E-05  8.92369E-17  5.54433E+04 -3.54361E+03 -1.80179E+03 -9.83076E+03 -8.61203E+02  1.01977E+02  1.05000E+01  3.00000E+00  5.00000E-01  4.26680E-06 -2.61730E-05  8.98545E-17  7.28573E+04  2.38241E+03  6.71307E+02 -9.50271E+03  8.96110E+02 -1.32589E+02  1.05000E+01  3.00000E+00  1.00000E+00  4.26575E-06 -2.61630E-05 -3.97268E-08  7.28804E+04  2.43640E+03  6.94445E+02 -9.59869E+03 -8.45778E+02  1.26247E+02  1.10000E+01  3.50000E+00  1.00000E+00  6.61214E-06 -2.84412E-05 -5.64235E-08  5.60769E+04 -2.47572E+03 -7.57517E+02 -4.00670E+03  8.53622E+02 -1.03334E+02  1.10000E+01  3.50000E+00  5.00000E-01  6.61374E-06 -2.84508E-05  9.64332E-17  5.60993E+04 -2.42339E+03 -7.35090E+02 -4.10220E+03 -8.34740E+02  1.01977E+02  1.10000E+01  3.00000E+00  5.00000E-01  4.39578E-06 -2.84037E-05  9.70656E-17  7.35943E+04  3.58458E+03  1.92606E+03 -3.77415E+03  8.68574E+02 -1.32589E+02  1.10000E+01  3.00000E+00  1.00000E+00  4.39474E-06 -2.83943E-05 -3.76359E-08  7.36168E+04  3.63691E+03  1.94848E+03 -3.87013E+03 -8.19788E+02  1.26247E+02
   1.05000E+01  4.00000E+00  5.00000E-01  8.59764E-06 -2.62922E-05  8.85756E-17  8.11065E+04 -3.72385E+03 -2.06937E+03 -5.68281E+03  9.32732E+02 -1.53347E+02  1.05000E+01  4.00000E+00  0.00000E+00  8.59575E-06 -2.62820E-05  8.02053E-08  8.10849E+04 -3.77435E+03 -2.09102E+03 -5.60899E+03 -8.80810E+02  1.45479E+02  1.05000E+01  3.50000E+00  0.00000E+00  6.41866E-06 -2.62126E-05  5.95582E-08  9.84362E+04  2.14868E+03  1.76068E+02 -5.35856E+03  9.18302E+02 -2.03114E+02  1.05000E+01  3.50000E+00  5.00000E-01  6.42026E-06 -2.62228E-05  8.92369E-17  9.84145E+04  2.09817E+03  1.54422E+02 -5.28430E+03 -8.95241E+02  1.51440E+02  1.10000E+01  4.00000E+00  5.00000E-01  8.85562E-06 -2.85167E-05  9.57615E-17  8.20411E+04 -2.14074E+03 -5.37111E+02  4.57487E+01  9.04071E+02 -1.53347E+02  1.10000E+01  4.00000E+00  0.00000E+00  8.85373E-06 -2.85069E-05  7.59839E-08  8.20202E+04 -2.18970E+03 -5.58092E+02  1.19571E+02 -8.53744E+02  1.45479E+02  1.10000E+01  3.50000E+00  0.00000E+00  6.61214E-06 -2.84412E-05  5.64235E-08  9.94544E+04  3.81537E+03  1.90338E+03  3.69995E+02  8.90084E+02 -2.03114E+02  1.10000E+01  3.50000E+00  5.00000E-01  6.61374E-06 -2.84508E-05  9.64332E-17  9.94334E+04  3.76642E+03  1.88239E+03  4.44261E+02 -8.67731E+02  1.51440E+02
   1.05000E+01  4.00000E+00  1.00000E+00  8.59575E-06 -2.62820E-05 -8.02053E-08  8.10849E+04 -3.77435E+03 -2.09102E+03 -5.60899E+03  8.80810E+02 -1.45479E+02  1.05000E+01  4.00000E+00  5.00000E-01  8.59764E-06 -2.62922E-05  8.85756E-17  8.11065E+04 -3.72385E+03 -2.06937E+03 -5.68281E+03 -9.32732E+02  1.53347E+02  1.05000E+01  3.50000E+00  5.00000E-01  6.42026E-06 -2.62228E-05  8.92369E-17  9.84145E+04  2.09817E+03  1.54422E+02 -5.28430E+03  8.95241E+02 -1.51440E+02  1.05000E+01  3.50000E+00  1.00000E+00  6.41866E-06 -2.62126E-05 -5.95582E-08  9.84362E+04  2.14868E+03  1.76068E+02 -5.35856E+03 -9.18302E+02  2.03114E+02  1.10000E+01  4.00000E+00  1.00000E+00  8.85373E-06 -2.85069E-05 -7.59839E-08  8.20202E+04 -2.18970E+03 -5.58092E+02  1.19571E+02  8.53744E+02 -1.45479E+02  1.10000E+01  4.00000E+00  5.00000E-01  8.85562E-06 -2.85167E-05  9.57615E-17  8.20411E+04 -2.14074E+03 -5.37111E+02  4.57487E+01 -9.04071E+02  1.53347E+02  1.10000E+01  3.50000E+00  5.00000E-01  6.61374E-06 -2.84508E-05  9.64332E-17  9.94334E+04  3.76642E+03  1.88239E+03  4.44261E+02  8.67731E+02 -1.51440E+02  1.10000E+01  3.50000E+00  1.00000E+00  6.61214E-06 -2.84412E-05 -5.64235E-08  9.94544E+04  3.81537E+03  1.90338E+03  3.69995E+02 -8.90084E+02  2.03114E+02
   1.10000E+01  5.00000E-01  5.00000E-01 -6.61374E-06 -2.84508E-05  9.96033E-17 -9.30878E+04 -1.98749E+03 -1.19867E+02 -5.20374E+03  8.69427E+02  2.03114E+02  1.10000E+01  5.00000E-01  0.00000E+00 -6.61214E-06 -2.84412E-05 -5.64235E-08 -9.30673E+04 -1.93967E+03 -9.93732E+01 -5.12947E+03 -8.47593E+02 -1.51440E+02  1.10000E+01  0.00000E+00  0.00000E+00 -8.85373E-06 -2.85069E-05 -7.59839E-08 -7.66971E+04  3.56534E+03  1.99893E+03 -5.52798E+03  8.83089E+02  1.53347E+02  1.10000E+01  0.00000E+00  5.00000E-01 -8.85562E-06 -2.85167E-05  1.00005E-16 -7.66766E+04  3.61316E+03  2.01942E+03 -5.45416E+03 -8.33931E+02 -1.45479E+02  1.15000E+01  5.00000E-01  5.00000E-01 -6.79676E-06 -3.07417E-05  1.07043E-16 -9.41060E+04 -3.65418E+03 -1.84717E+03  2.15169E+02  8.41208E+02  2.03114E+02  1.15000E+01  5.00000E-01  0.00000E+00 -6.79517E-06 -3.07326E-05 -5.32889E-08 -9.40862E+04 -3.60791E+03 -1.82735E+03  2.89435E+02 -8.20083E+02 -1.51440E+02  1.15000E+01  0.00000E+00  0.00000E+00 -9.09776E-06 -3.07946E-05 -7.17626E-08 -7.76317E+04  1.98224E+03  4.66666E+02 -1.09077E+02  8.54427E+02  1.53347E+02  1.15000E+01  0.00000E+00  5.00000E-01 -9.09965E-06 -3.08038E-05  1.07474E-16 -7.76119E+04  2.02851E+03  4.86494E+02 -3.52547E+01 -8.06864E+02 -1.45479E+02
   1.10000E+01  5.00000E-01  1.00000E+00 -6.61214E-06 -2.84412E-05  5.64235E-08 -9.30673E+04 -1.93967E+03 -9.93732E+01 -5.12947E+03  8.47593E+02  1.51440E+02  1.10000E+01  5.00000E-01  5.00000E-01 -6.61374E-06 -2.84508E-05  9.96033E-17 -9.30878E+04 -1.98749E+03 -1.19867E+02 -5.20374E+03 -8.69427E+02 -2.03114E+02  1.10000E+01  0.00000E+00  5.00000E-01 -8.85562E-06 -2.85167E-05  1.00005E-16 -7.66766E+04  3.61316E+03  2.01942E+03 -5.45416E+03  8.33931E+02  1.45479E+02  1.10000E+01  0.00000E+00  1.00000E+00 -8.85373E-06 -2.85069E-05  7.59839E-08 -7.66971E+04  3.56534E+03  1.99893E+03 -5.52798E+03 -8.83089E+02 -1.53347E+02  1.15000E+01  5.00000E-01  1.00000E+00 -6.79517E-06 -3.07326E-05  5.32889E-08 -9.40862E+04 -3.60791E+03 -1.82735E+03  2.89435E+02  8.20083E+02  1.51440E+02  1.15000E+01  5.00000E-01  5.00000E-01 -6.79676E-06 -3.07417E-05  1.07043E-16 -9.41060E+04 -3.65418E+03 -1.84717E+03  2.15169E+02 -8.41208E+02 -2.03114E+02  1.15000E+01  0.00000E+00  5.00000E-01 -9.09965E-06 -3.08038E-05  1.07474E-16 -7.76119E+04  2.02851E+03  4.86494E+02 -3.52547E+01  8.06864E+02  1.45479E+02  1.15000E+01  0.00000E+00  1.00000E+00 -9.09776E-06 -3.07946E-05  7.17626E-08 -7.76317E+04  1.98224E+03  4.66666E+02 -1.09077E+02 -8.54427E+02 -1.53347E+02
   1.10000E+01  1.00000E+00  5.00000E-01 -4.39578E-06 -2.84037E-05  9.91741E-17 -6.89210E+04 -2.27226E+03 -6.23014E+02 -9.44386E+03  8.00763E+02  1.26247E+02  1.10000E+01  1.00000E+00  0.00000E+00 -4.39474E-06 -2.83943E-05 -3.76359E-08 -6.88991E+04 -2.22114E+03 -6.01108E+02 -9.34789E+03 -8.48416E+02 -1.32589E+02  1.10000E+01  5.00000E-01  0.00000E+00 -6.61214E-06 -2.84412E-05 -5.64235E-08 -5.24286E+04  3.38234E+03  1.73322E+03 -9.67593E+03  8.15367E+02  1.01977E+02  1.10000E+01  5.00000E-01  5.00000E-01 -6.61374E-06 -2.84508E-05  9.96033E-17 -5.24067E+04  3.43345E+03  1.75513E+03 -9.58043E+03 -8.33811E+02 -1.03334E+02  1.15000E+01  1.00000E+00  5.00000E-01 -4.51780E-06 -3.06971E-05  1.06578E-16 -6.96574E+04 -3.47277E+03 -1.87705E+03 -4.02495E+03  7.74773E+02  1.26247E+02  1.15000E+01  1.00000E+00  0.00000E+00 -4.51676E-06 -3.06882E-05 -3.55451E-08 -6.96362E+04 -3.42331E+03 -1.85586E+03 -3.92898E+03 -8.20880E+02 -1.32589E+02  1.15000E+01  5.00000E-01  0.00000E+00 -6.79517E-06 -3.07326E-05 -5.32889E-08 -5.30847E+04  2.26212E+03  6.66526E+02 -4.25703E+03  7.88903E+02  1.01977E+02  1.15000E+01  5.00000E-01  5.00000E-01 -6.79676E-06 -3.07417E-05  1.07043E-16 -5.30635E+04  2.31157E+03  6.87721E+02 -4.16153E+03 -8.06749E+02 -1.03334E+02
   1.10000E+01  1.00000E+00  1.00000E+00 -4.39474E-06 -2.83943E-05  3.76359E-08 -6.88991E+04 -2.22114E+03 -6.01108E+02 -9.34789E+03  8.48416E+02  1.32589E+02  1.10000E+01  1.00000E+00  5.00000E-01 -4.39578E-06 -2.84037E-05  9.91741E-17 -6.89210E+04 -2.27226E+03 -6.23014E+02 -9.44386E+03 -8.00763E+02 -1.26247E+02  1.10000E+01  5.00000E-01  5.00000E-01 -6.61374E-06 -2.84508E-05  9.96033E-17 -5.24067E+04  3.43345E+03  1.75513E+03 -9.58043E+03  8.33811E+02  1.03334E+02  1.10000E+01  5.00000E-01  1.00000E+00 -6.61214E-06 -2.84412E-05  5.64235E-08 -5.24286E+04  3.38234E+03  1.73322E+03 -9.67593E+03 -8.15367E+02 -1.01977E+02  1.15000E+01  1.00000E+00  1.00000E+00 -4.51676E-06 -3.06882E-05  3.55451E-08 -6.96362E+04 -3.42331E+03 -1.85586E+03 -3.92898E+03  8.20880E+02  1.32589E+02  1.15000E+01  1.00000E+00  5.00000E-01 -4.51780E-06 -3.06971E-05  1.06578E-16 -6.96574E+04 -3.47277E+03 -1.87705E+03 -4.02495E+03 -7.74773E+02 -1.26247E+02  1.15000E+01  5.00000E-01  5.00000E-01 -6.79676E-06 -3.07417E-05  1.07043E-16 -5.30635E+04  2.31157E+03  6.87721E+02 -4.16153E+03  8.06749E+02  1.03334E+02  1.15000E+01  5.00000E-01  1.00000E+00 -6.79517E-06 -3.07326E-05  5.32889E-08 -5.30847E+04  2.26212E+03  6.66526E+02 -4.25703E+03 -7.88903E+02 -1.01977E+02
   1.10000E+01  1.50000E+00  5.00000E-01 -2.19388E-06 -2.83754E-05  9.87035E-17 -4.46419E+04 -2.47878E+03 -8.29987E+02 -1.22778E+04  8.23792E+02  8.32303E+01  1.10000E+01  1.50000E+00  0.00000E+00 -2.19336E-06 -2.83660E-05 -1.88251E-08 -4.46407E+04 -2.47603E+03 -8.28808E+02 -1.21850E+04 -8.27430E+02 -8.28726E+01  1.10000E+01  1.00000E+00  0.00000E+00 -4.39474E-06 -2.83943E-05 -3.76359E-08 -2.81526E+04  3.17275E+03  1.51910E+03 -1.24171E+04  8.24578E+02  5.62851E+01  1.10000E+01  1.00000E+00  5.00000E-01 -4.39578E-06 -2.84037E-05  9.91741E-17 -2.81514E+04  3.17550E+03  1.52028E+03 -1.23244E+04 -8.26644E+02 -5.62257E+01  1.15000E+01  1.50000E+00  5.00000E-01 -2.25489E-06 -3.06704E-05  1.06086E-16 -4.51001E+04 -3.21565E+03 -1.62037E+03 -6.85886E+03  7.97055E+02  8.32303E+01  1.15000E+01  1.50000E+00  0.00000E+00 -2.25437E-06 -3.06616E-05 -1.77793E-08 -4.50990E+04 -3.21299E+03 -1.61923E+03 -6.76613E+03 -8.00575E+02 -8.28727E+01  1.15000E+01  1.00000E+00  0.00000E+00 -4.51676E-06 -3.06882E-05 -3.55451E-08 -2.85304E+04  2.51627E+03  9.16290E+02 -6.99821E+03  7.97815E+02  5.62851E+01  1.15000E+01  1.00000E+00  5.00000E-01 -4.51780E-06 -3.06971E-05  1.06578E-16 -2.85292E+04  2.51893E+03  9.17431E+02 -6.90550E+03 -7.99815E+02 -5.62257E+01
   1.10000E+01  1.50000E+00  1.00000E+00 -2.19336E-06 -2.83660E-05  1.88251E-08 -4.46407E+04 -2.47603E+03 -8.28808E+02 -1.21850E+04  8.27430E+02  8.28726E+01  1.10000E+01  1.50000E+00  5.00000E-01 -2.19388E-06 -2.83754E-05  9.87035E-17 -4.46419E+04 -2.47878E+03 -8.29987E+02 -1.22778E+04 -8.23792E+02 -8.32303E+01  1.10000E+01  1.00000E+00  5.00000E-01 -4.39578E-06 -2.84037E-05  9.91741E-17 -2.81514E+04  3.17550E+03  1.52028E+03 -1.23244E+04  8.26644E+02  5.62257E+01  1.10000E+01  1.00000E+00  1.00000E+00 -4.39474E-06 -2.83943E-05  3.76359E-08 -2.81526E+04  3.17275E+03  1.51910E+03 -1.24171E+04 -8.24578E+02 -5.62851E+01  1.15000E+01  1.50000E+00  1.00000E+00 -2.25437E-06 -3.06616E-05  1.77793E-08 -4.50990E+04 -3.21299E+03 -1.61923E+03 -6.76613E+03  8.00575E+02  8.28727E+01  1.15000E+01  1.50000E+00  5.00000E-01 -2.25489E-06 -3.06704E-05  1.06086E-16 -4.51001E+04 -3.21565E+03 -1.62037E+03 -6.85886E+03 -7.97055E+02 -8.32303E+01  1.15000E+01  1.00000E+00  5.00000E-01 -4.51780E-06 -3.06971E-05  1.06578E-16 -2.85292E+04  2.51893E+03  9.17431E+02 -6.90550E+03  7.99815E+02  5.62257E+01  1.15000E+01  1.00000E+00  1.00000E+00 -4.51676E-06 -3.06882E-05  3.55451E-08 -2.85304E+04  2.51627E+03  9.16290E+02 -6.99821E+03 -7.97815E+02 -5.62851E+01
   1.10000E+01  2.00000E+00  5.00000E-01  1.05879E-20 -2.83660E-05  9.81980E-17 -2.03755E+04 -2.70843E+03 -1.05616E+03 -1.37188E+04  8.26517E+02  3.66122E+01  1.10000E+01  2.00000E+00  0.00000E+00  7.30309E-18 -2.83566E-05  9.82157E-17 -2.03758E+04 -2.70898E+03 -1.05639E+03 -1.36259E+04 -8.25956E+02 -3.66515E+01  1.10000E+01  1.50000E+00  0.00000E+00 -2.19336E-06 -2.83660E-05 -1.88251E-08 -3.88806E+03  2.94122E+03  1.28855E+03 -1.37652E+04  8.26361E+02  9.81021E+00  1.10000E+01  1.50000E+00  5.00000E-01 -2.19388E-06 -2.83754E-05  9.87035E-17 -3.88829E+03  2.94067E+03  1.28832E+03 -1.36723E+04 -8.26112E+02 -9.82074E+00  1.15000E+01  2.00000E+00  5.00000E-01  1.13291E-20 -3.06615E-05  1.05566E-16 -2.05551E+04 -2.98091E+03 -1.38226E+03 -8.29988E+03  7.99691E+02  3.66122E+01  1.15000E+01  2.00000E+00  0.00000E+00  7.41651E-18 -3.06527E-05  1.05582E-16 -2.05553E+04 -2.98143E+03 -1.38248E+03 -8.20698E+03 -7.99149E+02 -3.66515E+01  1.15000E+01  1.50000E+00  0.00000E+00 -2.25437E-06 -3.06616E-05 -1.77793E-08 -3.98718E+03  2.74920E+03  1.15017E+03 -8.34633E+03  7.99541E+02  9.81021E+00  1.15000E+01  1.50000E+00  5.00000E-01 -2.25489E-06 -3.06704E-05  1.06086E-16 -3.98741E+03  2.74867E+03  1.14994E+03 -8.25343E+03 -7.99299E+02 -9.82075E+00
   1.10000E+01  2.00000E+00  1.00000E+00 -7.28173E-18 -2.83566E-05  9.82142E-17 -2.03758E+04 -2.70898E+03 -1.05639E+03 -1.36259E+04  8.25956E+02  3.66515E+01  1.10000E+01  2.00000E+00  5.00000E-01  1.05879E-20 -2.83660E-05  9.81980E-17 -2.03755E+04 -2.70843E+03 -1.05616E+03 -1.37188E+04 -8.26517E+02 -3.66122E+01  1.10000E+01  1.50000E+00  5.00000E-01 -2.19388E-06 -2.83754E-05  9.87035E-17 -3.88829E+03  2.94067E+03  1.28832E+03 -1.36723E+04  8.26112E+02  9.82074E+00  1.10000E+01  1.50000E+00  1.00000E+00 -2.19336E-06 -2.83660E-05  1.88251E-08 -3.88806E+03  2.94122E+03  1.28855E+03 -1.37652E+04 -8.26361E+02 -9.81021E+00  1.15000E+01  2.00000E+00  1.00000E+00 -7.39836E-18 -3.06527E-05  1.05581E-16 -2.05553E+04 -2.98143E+03 -1.38248E+03 -8.20698E+03  7.99149E+02  3.66515E+01  1.15000E+01  2.00000E+00  5.00000E-01  1.13291E-20 -3.06615E-05  1.05566E-16 -2.05551E+04 -2.98091E+03 -1.38226E+03 -8.29988E+03 -7.99691E+02 -3.66122E+01  1.15000E+01  1.50000E+00  5.00000E-01 -2.25489E-06 -3.06704E-05  1.06086E-16 -3.98741E+03  2.74867E+03  1.14994E+03 -8.25343E+03  7.99299E+02  9.82075E+00  1.15000E+01  1.50000E+00  1.00000E+00 -2.25437E-06 -3.06616E-05  1.77793E-08 -3.98718E+03  2.74920E+03  1.15017E+03 -8.34633E+03 -7.99541E+02 -9.81021E+00
   1.10000E+01  2.50000E+00  5.00000E-01  2.19388E-06 -2.83754E-05  9.76533E-17  3.88806E+03 -2.94122E+03 -1.28855E+03 -1.37652E+04  8.26361E+02 -9.81021E+00  1.10000E+01  2.50000E+00  0.00000E+00  2.19336E-06 -2.83660E-05  1.88251E-08  3.88829E+03 -2.94067E+03 -1.28832E+03 -1.36723E+04 -8.26112E+02  9.82074E+00  1.10000E+01  2.00000E+00  0.00000E+00  7.30309E-18 -2.83566E-05  9.82157E-17  2.03755E+04  2.70843E+03  1.05616E+03 -1.37188E+04  8.26517E+02 -3.66122E+01  1.10000E+01  2.00000E+00  5.00000E-01  1.05879E-20 -2.83660E-05  9.81980E-17  2.03758E+04  2.70898E+03  1.05639E+03 -1.36259E+04 -8.25956E+02  3.66515E+01  1.15000E+01  2.50000E+00  5.00000E-01  2.25489E-06 -3.06704E-05  1.05002E-16  3.98718E+03 -2.74920E+03 -1.15017E+03 -8.34633E+03  7.99541E+02 -9.81021E+00  1.15000E+01  2.50000E+00  0.00000E+00  2.25437E-06 -3.06616E-05  1.77793E-08  3.98741E+03 -2.74867E+03 -1.14994E+03 -8.25343E+03 -7.99299E+02  9.82075E+00  1.15000E+01  2.00000E+00  0.00000E+00  7.41651E-18 -3.06527E-05  1.05582E-16  2.05551E+04  2.98091E+03  1.38226E+03 -8.29988E+03  7.99691E+02 -3.66122E+01  1.15000E+01  2.00000E+00  5.00000E-01  1.13291E-20 -3.06615E-05  1.05566E-16  2.05553E+04  2.98143E+03  1.38248E+03 -8.20698E+03 -7.99149E+02  3.66515E+01
   1.10000E+01  2.50000E+00  1.00000E+00  2.19336E-06 -2.83660E-05 -1.88251E-08  3.88829E+03 -2.94067E+03 -1.28832E+03 -1.36723E+04  8.26112E+02 -9.82074E+00  1.10000E+01  2.50000E+00  5.00000E-01  2.19388E-06 -2.83754E-05  9.76533E-17  3.88806E+03 -2.94122E+03 -1.28855E+03 -1.37652E+04 -8.26361E+02  9.81021E+00  1.10000E+01  2.00000E+00  5.00000E-01  1.05879E-20 -2.83660E-05  9.81980E-17  2.03758E+04  2.70898E+03  1.05639E+03 -1.36259E+04  8.25956E+02 -3.66515E+01  1.10000E+01  2.00000E+00  1.00000E+00 -7.28173E-18 -2.83566E-05  9.82142E-17  2.03755E+04  2.70843E+03  1.05616E+03 -1.37188E+04 -8.26517E+02  3.66122E+01  1.15000E+01  2.50000E+00  1.00000E+00  2.25437E-06 -3.06616E-05 -1.77793E-08  3.98741E+03 -2.74867E+03 -1.14994E+03 -8.25343E+03  7.99299E+02 -9.82075E+00  1.15000E+01  2.50000E+00  5.00000E-01  2.25489E-06 -3.06704E-05  1.05002E-16  3.98718E+03 -2.74920E+03 -1.15017E+03 -8.34633E+03 -7.99541E+02  9.81021E+00  1.15000E+01  2.00000E+00  5.00000E-01  1.13291E-20 -3.06615E-05  1.05566E-16  2.05553E+04  2.98143E+03  1.38248E+03 -8.20698E+03  7.99149E+02 -3.66515E+01  1.15000E+01  2.00000E+00  1.00000E+00 -7.39836E-18 -3.06527E-05  1.05581E-16  2.05551E+04  2.98091E+03  1.38226E+03 -8.29988E+03 -7.99691E+02  3.66122E+01
   1.10000E+01  3.00000E+00  5.00000E-01  4.39578E-06 -2.84037E-05  9.70656E-17  2.81526E+04 -3.17275E+03 -1.51910E+03 -1.24171E+04  8.24578E+02 -5.62851E+01  1.10000E+01  3.00000E+00  0.00000E+00  4.39474E-06 -2.83943E-05  3.76359E-08  2.81514E+04 -3.17550E+03 -1.52028E+03 -1.23244E+04 -8.26644E+02  5.62257E+01  1.10000E+01  2.50000E+00  0.00000E+00  2.19336E-06 -2.83660E-05  1.88251E-08  4.46419E+04  2.47878E+03  8.29987E+02 -1.22778E+04  8.23792E+02 -8.32303E+01  1.10000E+01  2.50000E+00  5.00000E-01  2.19388E-06 -2.83754E-05  9.76533E-17  4.46407E+04  2.47603E+03  8.28808E+02 -1.21850E+04 -8.27430E+02  8.28726E+01  1.15000E+01  3.00000E+00  5.00000E-01  4.51780E-06 -3.06971E-05  1.04396E-16  2.85304E+04 -2.51627E+03 -9.16290E+02 -6.99821E+03  7.97815E+02 -5.62851E+01  1.15000E+01  3.00000E+00  0.00000E+00  4.51676E-06 -3.06882E-05  3.55451E-08  2.85292E+04 -2.51893E+03 -9.17431E+02 -6.90550E+03 -7.99815E+02  5.62257E+01  1.15000E+01  2.50000E+00  0.00000E+00  2.25437E-06 -3.06616E-05  1.77793E-08  4.51001E+04  3.21565E+03  1.62037E+03 -6.85886E+03  7.97055E+02 -8.32303E+01  1.15000E+01  2.50000E+00  5.00000E-01  2.25489E-06 -3.06704E-05  1.05002E-16  4.50990E+04  3.21299E+03  1.61923E+03 -6.76613E+03 -8.00575E+02  8.28727E+01
   1.10000E+01  3.00000E+00  1.00000E+00  4.39474E-06 -2.83943E-05 -3.76359E-08  2.81514E+04 -3.17550E+03 -1.52028E+03 -1.23244E+04  8.26644E+02 -5.62257E+01  1.10000E+01  3.00000E+00  5.00000E-01  4.39578E-06 -2.84037E-05  9.70656E-17  2.81526E+04 -3.17275E+03 -1.51910E+03 -1.24171E+04 -8.24578E+02  5.62851E+01  1.10000E+01  2.50000E+00  5.00000E-01  2.19388E-06 -2.83754E-05  9.76533E-17  4.46407E+04  2.47603E+03  8.28808E+02 -1.21850E+04  8.27430E+02 -8.28726E+01  1.10000E+01  2.50000E+00  1.00000E+00  2.19336E-06 -2.83660E-05 -1.88251E-08  4.46419E+04  2.47878E+03  8.29987E+02 -1.22778E+04 -8.23792E+02  8.32303E+01  1.15000E+01  3.00000E+00  1.00000E+00  4.51676E-06 -3.06882E-05 -3.55451E-08  2.85292E+04 -2.51893E+03 -9.17431E+02 -6.90550E+03  7.99815E+02 -5.62257E+01  1.15000E+01  3.00000E+00  5.00000E-01  4.51780E-06 -3.06971E-05  1.04396E-16  2.85304E+04 -2.51627E+03 -9.16290E+02 -6.99821E+03 -7.97815E+02  5.62851E+01  1.15000E+01  2.50000E+00  5.00000E-01  2.25489E-06 -3.06704E-05  1.05002E-16  4.50990E+04  3.21299E+03  1.61923E+03 -6.76613E+03  8.00575E+02 -8.28727E+01  1.15000E+01  2.50000E+00  1.00000E+00  2.25437E-06 -3.06616E-05 -1.77793E-08  4.51001E+04  3.21565E+03  1.62037E+03 -6.85886E+03 -7.97055E+02  8.32303E+01
   1.10000E+01  3.50000E+00  5.00000E-01  6.61374E-06 -2.84508E-05  9.64332E-17  5.24286E+04 -3.38234E+03 -1.73322E+03 -9.67593E+03  8.15367E+02 -1.01977E+02  1.10000E+01  3.50000E+00  0.00000E+00  6.61214E-06 -2.84412E-05  5.64235E-08  5.24067E+04 -3.43345E+03 -1.75513E+03 -9.58043E+03 -8.33811E+02  1.03334E+02  1.10000E+01  3.00000E+00  0.00000E+00  4.39474E-06 -2.83943E-05  3.76359E-08  6.89210E+04  2.27226E+03  6.23014E+02 -9.44386E+03  8.00763E+02 -1.26247E+02  1.10000E+01  3.00000E+00  5.00000E-01  4.39578E-06 -2.84037E-05  9.70656E-17  6.88991E+04  2.22114E+03  6.01108E+02 -9.34789E+03 -8.48416E+02  1.32589E+02  1.15000E+01  3.50000E+00  5.00000E-01  6.79676E-06 -3.07417E-05  1.03748E-16  5.30847E+04 -2.26212E+03 -6.66526E+02 -4.25703E+03  7.88903E+02 -1.01977E+02  1.15000E+01  3.50000E+00  0.00000E+00  6.79517E-06 -3.07326E-05  5.32889E-08  5.30635E+04 -2.31157E+03 -6.87721E+02 -4.16153E+03 -8.06749E+02  1.03334E+02  1.15000E+01  3.00000E+00  0.00000E+00  4.51676E-06 -3.06882E-05  3.55451E-08  6.96574E+04  3.47277E+03  1.87705E+03 -4.02495E+03  7.74773E+02 -1.26247E+02  1.15000E+01  3.00000E+00  5.00000E-01  4.51780E-06 -3.06971E-05  1.04396E-16  6.96362E+04  3.42331E+03  1.85586E+03 -3.92898E+03 -8.20880E+02  1.32589E+02
   1.10000E+01  3.50000E+00  1.00000E+00  6.61214E-06 -2.84412E-05 -5.64235E-08  5.24067E+04 -3.43345E+03 -1.75513E+03 -9.58043E+03  8.33811E+02 -1.03334E+02  1.10000E+01  3.50000E+00  5.00000E-01  6.61374E-06 -2.84508E-05  9.64332E-17  5.24286E+04 -3.38234E+03 -1.73322E+03 -9.67593E+03 -8.15367E+02  1.01977E+02  1.10000E+01  3.00000E+00  5.00000E-01  4.39578E-06 -2.84037E-05  9.70656E-17  6.88991E+04  2.22114E+03  6.01108E+02 -9.34789E+03  8.48416E+02 -1.32589E+02  1.10000E+01  3.00000E+00  1.00000E+00  4.39474E-06 -2.83943E-05 -3.76359E-08  6.89210E+04  2.27226E+03  6.23014E+02 -9.44386E+03 -8.00763E+02  1.26247E+02  1.15000E+01  3.50000E+00  1.00000E+00  6.79517E-06 -3.07326E-05 -5.32889E-08  5.30635E+04 -2.31157E+03 -6.87721E+02 -4.16153E+03  8.06749E+02 -1.03334E+02  1.15000E+01  3.50000E+00  5.00000E-01  6.79676E-06 -3.07417E-05  1.03748E-16  5.30847E+04 -2.26212E+03 -6.66526E+02 -4.25703E+03 -7.88903E+02  1.01977E+02  1.15000E+01  3.00000E+00  5.00000E-01  4.51780E-06 -3.06971E-05  1.04396E-16  6.96362E+04  3.42331E+03  1.85586E+03 -3.92898E+03  8.20880E+02 -1.32589E+02  1.15000E+01  3.00000E+00  1.00000E+00  4.51676E-06 -3.06882E-05 -3.55451E-08  6.96574E+04  3.47277E+03  1.87705E+03 -4.02495E+03 -7.74773E+02  1.26247E+02
   1.10000E+01  4.00000E+00  5.00000E-01  8.85562E-06 -2.85167E-05  9.57615E-17  7.66971E+04 -3.56534E+03 -1.99893E+03 -5.52798E+03  8.83089E+02 -1.53347E+02  1.10000E+01  4.00000E+00  0.00000E+00  8.85373E-06 -2.85069E-05  7.59839E-08  7.66766E+04 -3.61316E+03 -2.01942E+03 -5.45416E+03 -8.33931E+02  1.45479E+02  1.10000E+01  3.50000E+00  0.00000E+00  6.61214E-06 -2.84412E-05  5.64235E-08  9.30878E+04  1.98749E+03  1.19867E+02 -5.20374E+03  8.69427E+02 -2.03114E+02  1.10000E+01  3.50000E+00  5.00000E-01  6.61374E-06 -2.84508E-05  9.64332E-17  9.30673E+04  1.93967E+03  9.93732E+01 -5.12947E+03 -8.47593E+02  1.51440E+02  1.15000E+01  4.00000E+00  5.00000E-01  9.09965E-06 -3.08038E-05  1.03066E-16  7.76317E+04 -1.98224E+03 -4.66666E+02 -1.09077E+02  8.54427E+02 -1.53347E+02  1.15000E+01  4.00000E+00  0.00000E+00  9.09776E-06 -3.07946E-05  7.17626E-08  7.76119E+04 -2.02851E+03 -4.86494E+02 -3.52547E+01 -8.06864E+02  1.45479E+02  1.15000E+01  3.50000E+00  0.00000E+00  6.79517E-06 -3.07326E-05  5.32889E-08  9.41060E+04  3.65418E+03  1.84717E+03  2.15169E+02  8.41208E+02 -2.03114E+02  1.15000E+01  3.50000E+00  5.00000E-01  6.79676E-06 -3.07417E-05  1.03748E-16  9.40862E+04  3.60791E+03  1.82735E+03  2.89435E+02 -8.20083E+02  1.51440E+02
   1.10000E+01  4.00000E+00  1.00000E+00  8.85373E-06 -2.85069E-05 -7.59839E-08  7.66766E+04 -3.61316E+03 -2.01942E+03 -5.45416E+03  8.33931E+02 -1.45479E+02  1.10000E+01  4.00000E+00  5.00000E-01  8.85562E-06 -2.85167E-05  9.57615E-17  7.66971E+04 -3.56534E+03 -1.99893E+03 -5.52798E+03 -8.83089E+02  1.53347E+02  1.10000E+01  3.50000E+00  5.00000E-01  6.61374E-06 -2.84508E-05  9.64332E-17  9.30673E+04  1.93967E+03  9.93732E+01 -5.12947E+03  8.47593E+02 -1.51440E+02  1.10000E+01  3.50000E+00  1.00000E+00  6.61214E-06 -2.84412E-05 -5.64235E-08  9.30878E+04  1.98749E+03  1.19867E+02 -5.20374E+03 -8.69427E+02  2.03114E+02  1.15000E+01  4.00000E+00  1.00000E+00  9.09776E-06 -3.07946E-05 -7.17626E-08  7.76119E+04 -2.02851E+03 -4.86494E+02 -3.52547E+01  8.06864E+02 -1.45479E+02  1.15000E+01  4.00000E+00  5.00000E-01  9.09965E-06 -3.08038E-05  1.03066E-16  7.76317E+04 -1.98224E+03 -4.66666E+02 -1.09077E+02 -8.54427E+02  1.53347E+02  1.15000E+01  3.50000E+00  5.00000E-01  6.79676E-06 -3.07417E-05  1.03748E-16  9.40862E+04  3.60791E+03  1.82735E+03  2.89435E+02  8.20083E+02 -1.51440E+02  1.15000E+01  3.50000E+00  1.00000E+00  6.79517E-06 -3.07326E-05 -5.32889E-08  9.41060E+04  3.65418E+03  1.84717E+03  2.15169E+02 -8.41208E+02  2.03114E+02
   1.15000E+01  5.00000E-01  5.00000E-01 -6.79676E-06 -3.07417E-05  1.07043E-16 -8.77394E+04 -1.82630E+03 -6.36657E+01 -5.04891E+03  8.20551E+02  2.03114E+02  1.15000E+01  5.00000E-01  0.00000E+00 -6.79517E-06 -3.07326E-05 -5.32889E-08 -8.77200E+04 -1.78117E+03 -4.43242E+01 -4.97465E+03 -7.99945E+02 -1.51440E+02  1.15000E+01  0.00000E+00  0.00000E+00 -9.09776E-06 -3.07946E-05 -7.17626E-08 -7.22877E+04  3.40684E+03  1.92848E+03 -5.37316E+03  8.33446E+02  1.53347E+02  1.15000E+01  0.00000E+00  5.00000E-01 -9.09965E-06 -3.08038E-05  1.07474E-16 -7.22684E+04  3.45197E+03  1.94782E+03 -5.29934E+03 -7.87051E+02 -1.45479E+02  1.20000E+01  5.00000E-01  5.00000E-01 -6.96933E-06 -3.30917E-05  1.14587E-16 -8.87576E+04 -3.49299E+03 -1.79097E+03  6.03433E+01  7.92333E+02  2.03114E+02  1.20000E+01  5.00000E-01  0.00000E+00 -6.96773E-06 -3.30832E-05 -5.01542E-08 -8.87389E+04 -3.44941E+03 -1.77230E+03  1.34609E+02 -7.72436E+02 -1.51440E+02  1.20000E+01  0.00000E+00  0.00000E+00 -9.32785E-06 -3.31416E-05 -6.75413E-08 -7.32223E+04  1.82374E+03  3.96220E+02 -2.63903E+02  8.04784E+02  1.53347E+02  1.20000E+01  0.00000E+00  5.00000E-01 -9.32974E-06 -3.31503E-05  1.15054E-16 -7.32037E+04  1.86732E+03  4.14896E+02 -1.90080E+02 -7.59985E+02 -1.45479E+02
   1.15000E+01  5.00000E-01  1.00000E+00 -6.79517E-06 -3.07326E-05  5.32889E-08 -8.77200E+04 -1.78117E+03 -4.43242E+01 -4.97465E+03  7.99945E+02  1.51440E+02  1.15000E+01  5.00000E-01  5.00000E-01 -6.79676E-06 -3.07417E-05  1.07043E-16 -8.77394E+04 -1.82630E+03 -6.36657E+01 -5.04891E+03 -8.20551E+02 -2.03114E+02  1.15000E+01  0.00000E+00  5.00000E-01 -9.09965E-06 -3.08038E-05  1.07474E-16 -7.22684E+04  3.45197E+03  1.94782E+03 -5.29934E+03  7.87051E+02  1.45479E+02  1.15000E+01  0.00000E+00  1.00000E+00 -9.09776E-06 -3.07946E-05  7.17626E-08 -7.22877E+04  3.40684E+03  1.92848E+03 -5.37316E+03 -8.33446E+02 -1.53347E+02  1.20000E+01  5.00000E-01  1.00000E+00 -6.96773E-06 -3.30832E-05  5.01542E-08 -8.87389E+04 -3.44941E+03 -1.77230E+03  1.34609E+02  7.72436E+02  1.51440E+02  1.20000E+01  5.00000E-01  5.00000E-01 -6.96933E-06 -3.30917E-05  1.14587E-16 -8.87576E+04 -3.49299E+03 -1.79097E+03  6.03433E+01 -7.92333E+02 -2.03114E+02  1.20000E+01  0.00000E+00  5.00000E-01 -9.32974E-06 -3.31503E-05  1.15054E-16 -7.32037E+04  1.86732E+03  4.14896E+02 -1.90080E+02  7.59985E+02  1.45479E+02  1.20000E+01  0.00000E+00  1.00000E+00 -9.32785E-06 -3.31416E-05  6.75413E-08 -7.32223E+04  1.82374E+03  3.96220E+02 -2.63903E+02 -8.04784E+02 -1.53347E+02
   1.15000E+01  1.00000E+00  5.00000E-01 -4.51780E-06 -3.06971E-05  1.06578E-16 -6.49616E+04 -2.10811E+03 -5.51584E+02 -9.28904E+03  7.55747E+02  1.26248E+02  1.15000E+01  1.00000E+00  0.00000E+00 -4.51676E-06 -3.06882E-05 -3.55451E-08 -6.49410E+04 -2.05987E+03 -5.30909E+02 -9.19306E+03 -8.00722E+02 -1.32589E+02  1.15000E+01  5.00000E-01  0.00000E+00 -6.79517E-06 -3.07326E-05 -5.32889E-08 -4.94139E+04  3.22107E+03  1.66466E+03 -9.52111E+03  7.69531E+02  1.01977E+02  1.15000E+01  5.00000E-01  5.00000E-01 -6.79676E-06 -3.07417E-05  1.07043E-16 -4.93933E+04  3.26931E+03  1.68533E+03 -9.42561E+03 -7.86938E+02 -1.03334E+02  1.20000E+01  1.00000E+00  5.00000E-01 -4.63284E-06 -3.30498E-05  1.14101E-16 -6.56980E+04 -3.30862E+03 -1.80562E+03 -4.17978E+03  7.29758E+02  1.26247E+02  1.20000E+01  1.00000E+00  0.00000E+00 -4.63180E-06 -3.30415E-05 -3.34542E-08 -6.56780E+04 -3.26204E+03 -1.78566E+03 -4.08381E+03 -7.73185E+02 -1.32589E+02  1.20000E+01  5.00000E-01  0.00000E+00 -6.96773E-06 -3.30832E-05 -5.01542E-08 -5.00700E+04  2.10085E+03  5.97962E+02 -4.41185E+03  7.43067E+02  1.01977E+02  1.20000E+01  5.00000E-01  5.00000E-01 -6.96933E-06 -3.30917E-05  1.14587E-16 -5.00500E+04  2.14743E+03  6.17926E+02 -4.31635E+03 -7.59876E+02 -1.03334E+02
   1.15000E+01  1.00000E+00  1.00000E+00 -4.51676E-06 -3.06882E-05  3.55451E-08 -6.49410E+04 -2.05987E+03 -5.30909E+02 -9.19306E+03  8.00722E+02  1.32589E+02  1.15000E+01  1.00000E+00  5.00000E-01 -4.51780E-06 -3.06971E-05  1.06578E-16 -6.49616E+04 -2.10811E+03 -5.51584E+02 -9.28904E+03 -7.55747E+02 -1.26248E+02  1.15000E+01  5.00000E-01  5.00000E-01 -6.79676E-06 -3.07417E-05  1.07043E-16 -4.93933E+04  3.26931E+03  1.68533E+03 -9.42561E+03  7.86938E+02  1.03334E+02  1.15000E+01  5.00000E-01  1.00000E+00 -6.79517E-06 -3.07326E-05  5.32889E-08 -4.94139E+04  3.22107E+03  1.66466E+03 -9.52111E+03 -7.69531E+02 -1.01977E+02  1.20000E+01  1.00000E+00  1.00000E+00 -4.63180E-06 -3.30415E-05  3.34542E-08 -6.56780E+04 -3.26204E+03 -1.78566E+03 -4.08381E+03  7.73185E+02  1.32589E+02  1.20000E+01  1.00000E+00  5.00000E-01 -4.63284E-06 -3.30498E-05  1.14101E-16 -6.56980E+04 -3.30862E+03 -1.80562E+03 -4.17978E+03 -7.29758E+02 -1.26247E+02  1.20000E+01  5.00000E-01  5.00000E-01 -6.96933E-06 -3.30917E-05  1.14587E-16 -5.00500E+04  2.14743E+03  6.17926E+02 -4.31635E+03  7.59876E+02  1.03334E+02  1.20000E+01  5.00000E-01  1.00000E+00 -6.96773E-06 -3.30832E-05  5.01542E-08 -5.00700E+04  2.10085E+03  5.97962E+02 -4.41185E+03 -7.43067E+02 -1.01977E+02
   1.15000E+01  1.50000E+00  5.00000E-01 -2.25489E-06 -3.06704E-05  1.06086E-16 -4.20779E+04 -2.31608E+03 -7.59977E+02 -1.21229E+04  7.77482E+02  8.32304E+01  1.15000E+01  1.50000E+00  0.00000E+00 -2.25437E-06 -3.06616E-05 -1.77793E-08 -4.20768E+04 -2.31349E+03 -7.58864E+02 -1.20302E+04 -7.80916E+02 -8.28727E+01  1.15000E+01  1.00000E+00  0.00000E+00 -4.51676E-06 -3.06882E-05 -3.55451E-08 -2.65331E+04  3.01020E+03  1.44951E+03 -1.22623E+04  7.78224E+02  5.62851E+01  1.15000E+01  1.00000E+00  5.00000E-01 -4.51780E-06 -3.06971E-05  1.06578E-16 -2.65320E+04  3.01280E+03  1.45063E+03 -1.21696E+04 -7.80174E+02 -5.62257E+01  1.20000E+01  1.50000E+00  5.00000E-01 -2.31241E-06 -3.30247E-05  1.13585E-16 -4.25360E+04 -3.05295E+03 -1.55036E+03 -7.01369E+03  7.50745E+02  8.32303E+01  1.20000E+01  1.50000E+00  0.00000E+00 -2.31189E-06 -3.30164E-05 -1.67334E-08 -4.25350E+04 -3.05044E+03 -1.54928E+03 -6.92096E+03 -7.54061E+02 -8.28727E+01  1.20000E+01  1.00000E+00  0.00000E+00 -4.63180E-06 -3.30415E-05 -3.34542E-08 -2.69108E+04  2.35373E+03  8.46708E+02 -7.15304E+03  7.51461E+02  5.62851E+01  1.20000E+01  1.00000E+00  5.00000E-01 -4.63284E-06 -3.30498E-05  1.14101E-16 -2.69098E+04  2.35623E+03  8.47782E+02 -7.06033E+03 -7.53344E+02 -5.62257E+01
   1.15000E+01  1.50000E+00  1.00000E+00 -2.25437E-06 -3.06616E-05  1.77793E-08 -4.20768E+04 -2.31349E+03 -7.58864E+02 -1.20302E+04  7.80916E+02  8.28727E+01  1.15000E+01  1.50000E+00  5.00000E-01 -2.25489E-06 -3.06704E-05  1.06086E-16 -4.20779E+04 -2.31608E+03 -7.59977E+02 -1.21229E+04 -7.77482E+02 -8.32304E+01  1.15000E+01  1.00000E+00  5.00000E-01 -4.51780E-06 -3.06971E-05  1.06578E-16 -2.65320E+04  3.01280E+03  1.45063E+03 -1.21696E+04  7.80174E+02  5.62257E+01  1.15000E+01  1.00000E+00  1.00000E+00 -4.51676E-06 -3.06882E-05  3.55451E-08 -2.65331E+04  3.01020E+03  1.44951E+03 -1.22623E+04 -7.78224E+02 -5.62851E+01  1.20000E+01  1.50000E+00  1.00000E+00 -2.31189E-06 -3.30164E-05  1.67334E-08 -4.25350E+04 -3.05044E+03 -1.54928E+03 -6.92096E+03  7.54061E+02  8.28727E+01  1.20000E+01  1.50000E+00  5.00000E-01 -2.31241E-06 -3.30247E-05  1.13585E-16 -4.25360E+04 -3.05295E+03 -1.55036E+03 -7.01369E+03 -7.50745E+02 -8.32303E+01  1.20000E+01  1.00000E+00  5.00000E-01 -4.63284E-06 -3.30498E-05  1.14101E-16 -2.69098E+04  2.35623E+03  8.47782E+02 -7.06033E+03  7.53344E+02  5.62257E+01  1.20000E+01  1.00000E+00  1.00000E+00 -4.63180E-06 -3.30415E-05  3.34542E-08 -2.69108E+04  2.35373E+03  8.46708E+02 -7.15304E+03 -7.51461E+02 -5.62851E+01
   1.15000E+01  2.00000E+00  5.00000E-01  1.13291E-20 -3.06615E-05  1.05566E-16 -1.92061E+04 -2.54588E+03 -9.86488E+02 -1.35640E+04  7.80054E+02  3.66122E+01  1.15000E+01  2.00000E+00  0.00000E+00  7.41651E-18 -3.06527E-05  1.05582E-16 -1.92063E+04 -2.54640E+03 -9.86708E+02 -1.34711E+04 -7.79524E+02 -3.66515E+01  1.15000E+01  1.50000E+00  0.00000E+00 -2.25437E-06 -3.06616E-05 -1.77793E-08 -3.66305E+03  2.77864E+03  1.21887E+03 -1.36104E+04  7.79907E+02  9.81021E+00  1.15000E+01  1.50000E+00  5.00000E-01 -2.25489E-06 -3.06704E-05  1.06086E-16 -3.66327E+03  2.77812E+03  1.21865E+03 -1.35175E+04 -7.79671E+02 -9.82075E+00  1.20000E+01  2.00000E+00  5.00000E-01  1.05879E-20 -3.30163E-05  1.13040E-16 -1.93857E+04 -2.81835E+03 -1.31259E+03 -8.45471E+03  7.53228E+02  3.66122E+01  1.20000E+01  2.00000E+00  0.00000E+00  7.52239E-18 -3.30080E-05  1.13049E-16 -1.93859E+04 -2.81885E+03 -1.31280E+03 -8.36181E+03 -7.52717E+02 -3.66515E+01  1.20000E+01  1.50000E+00  0.00000E+00 -2.31189E-06 -3.30164E-05 -1.67334E-08 -3.76217E+03  2.58661E+03  1.08049E+03 -8.50116E+03  7.53086E+02  9.81021E+00  1.20000E+01  1.50000E+00  5.00000E-01 -2.31241E-06 -3.30247E-05  1.13585E-16 -3.76239E+03  2.58612E+03  1.08028E+03 -8.40825E+03 -7.52859E+02 -9.82075E+00
   1.15000E+01  2.00000E+00  1.00000E+00 -7.39836E-18 -3.06527E-05  1.05581E-16 -1.92063E+04 -2.54640E+03 -9.86708E+02 -1.34711E+04  7.79524E+02  3.66515E+01  1.15000E+01  2.00000E+00  5.00000E-01  1.13291E-20 -3.06615E-05  1.05566E-16 -1.92061E+04 -2.54588E+03 -9.86488E+02 -1.35640E+04 -7.80054E+02 -3.66122E+01  1.15000E+01  1.50000E+00  5.00000E-01 -2.25489E-06 -3.06704E-05  1.06086E-16 -3.66327E+03  2.77812E+03  1.21865E+03 -1.35175E+04  7.79671E+02  9.82075E+00  1.15000E+01  1.50000E+00  1.00000E+00 -2.25437E-06 -3.06616E-05  1.77793E-08 -3.66305E+03  2.77864E+03  1.21887E+03 -1.36104E+04 -7.79907E+02 -9.81021E+00  1.20000E+01  2.00000E+00  1.00000E+00 -7.50011E-18 -3.30080E-05  1.13056E-16 -1.93859E+04 -2.81885E+03 -1.31280E+03 -8.36181E+03  7.52717E+02  3.66515E+01  1.20000E+01  2.00000E+00  5.00000E-01  1.05879E-20 -3.30163E-05  1.13040E-16 -1.93857E+04 -2.81835E+03 -1.31259E+03 -8.45471E+03 -7.53228E+02 -3.66122E+01  1.20000E+01  1.50000E+00  5.00000E-01 -2.31241E-06 -3.30247E-05  1.13585E-16 -3.76239E+03  2.58612E+03  1.08028E+03 -8.40825E+03  7.52859E+02  9.82075E+00  1.20000E+01  1.50000E+00  1.00000E+00 -2.31189E-06 -3.30164E-05  1.67334E-08 -3.76217E+03  2.58661E+03  1.08049E+03 -8.50116E+03 -7.53086E+02 -9.81021E+00
   1.15000E+01  2.50000E+00  5.00000E-01  2.25489E-06 -3.06704E-05  1.05002E-16  3.66305E+03 -2.77864E+03 -1.21887E+03 -1.36104E+04  7.79907E+02 -9.81021E+00  1.15000E+01  2.50000E+00  0.00000E+00  2.25437E-06 -3.06616E-05  1.77793E-08  3.66327E+03 -2.77812E+03 -1.21865E+03 -1.35175E+04 -7.79671E+02  9.82075E+00  1.15000E+01  2.00000E+00  0.00000E+00  7.41651E-18 -3.06527E-05  1.05582E-16  1.92061E+04  2.54588E+03  9.86488E+02 -1.35640E+04  7.80054E+02 -3.66122E+01  1.15000E+01  2.00000E+00  5.00000E-01  1.13291E-20 -3.06615E-05  1.05566E-16  1.92063E+04  2.54640E+03  9.86708E+02 -1.34711E+04 -7.79524E+02  3.66515E+01  1.20000E+01  2.50000E+00  5.00000E-01  2.31241E-06 -3.30247E-05  1.12454E-16  3.76217E+03 -2.58661E+03 -1.08049E+03 -8.50116E+03  7.53086E+02 -9.81021E+00  1.20000E+01  2.50000E+00  0.00000E+00  2.31189E-06 -3.30164E-05  1.67334E-08  3.76239E+03 -2.58612E+03 -1.08028E+03 -8.40825E+03 -7.52859E+02  9.82075E+00  1.20000E+01  2.00000E+00  0.00000E+00  7.52239E-18 -3.30080E-05  1.13049E-16  1.93857E+04  2.81835E+03  1.31259E+03 -8.45471E+03  7.53228E+02 -3.66122E+01  1.20000E+01  2.00000E+00  5.00000E-01  1.05879E-20 -3.30163E-05  1.13040E-16  1.93859E+04  2.81885E+03  1.31280E+03 -8.36181E+03 -7.52717E+02  3.66515E+01
   1.15000E+01  2.50000E+00  1.00000E+00  2.25437E-06 -3.06616E-05 -1.77793E-08  3.66327E+03 -2.77812E+03 -1.21865E+03 -1.35175E+04  7.79671E+02 -9.82075E+00  1.15000E+01  2.50000E+00  5.00000E-01  2.25489E-06 -3.06704E-05  1.05002E-16  3.66305E+03 -2.77864E+03 -1.21887E+03 -1.36104E+04 -7.79907E+02  9.81021E+00  1.15000E+01  2.00000E+00  5.00000E-01  1.13291E-20 -3.06615E-05  1.05566E-16  1.92063E+04  2.54640E+03  9.86708E+02 -1.34711E+04  7.79524E+02 -3.66515E+01  1.15000E+01  2.00000E+00  1.00000E+00 -7.39836E-18 -3.06527E-05  1.05581E-16  1.92061E+04  2.54588E+03  9.86488E+02 -1.35640E+04 -7.80054E+02  3.66122E+01  1.20000E+01  2.50000E+00  1.00000E+00  2.31189E-06 -3.30164E-05 -1.67334E-08  3.76239E+03 -2.58612E+03 -1.08028E+03 -8.40825E+03  7.52859E+02 -9.82075E+00  1.20000E+01  2.50000E+00  5.00000E-01  2.31241E-06 -3.30247E-05  1.12454E-16  3.76217E+03 -2.58661E+03 -1.08049E+03 -8.50116E+03 -7.53086E+02  9.81021E+00  1.20000E+01  2.00000E+00  5.00000E-01  1.05879E-20 -3.30163E-05  1.13040E-16  1.93859E+04  2.81885E+03  1.31280E+03 -8.36181E+03  7.52717E+02 -3.66515E+01  1.20000E+01  2.00000E+00  1.00000E+00 -7.50011E-18 -3.30080E-05  1.13056E-16  1.93857E+04  2.81835E+03  1.31259E+03 -8.45471E+03 -7.53228E+02  3.66122E+01
   1.15000E+01  3.00000E+00  5.00000E-01  4.51780E-06 -3.06971E-05  1.04396E-16  2.65331E+04 -3.01020E+03 -1.44951E+03 -1.22623E+04  7.78224E+02 -5.62851E+01  1.15000E+01  3.00000E+00  0.00000E+00  4.51676E-06 -3.06882E-05  3.55451E-08  2.65320E+04 -3.01280E+03 -1.45063E+03 -1.21696E+04 -7.80174E+02  5.62257E+01  1.15000E+01  2.50000E+00  0.00000E+00  2.25437E-06 -3.06616E-05  1.77793E-08  4.20779E+04  2.31608E+03  7.59977E+02 -1.21229E+04  7.77482E+02 -8.32304E+01  1.15000E+01  2.50000E+00  5.00000E-01  2.25489E-06 -3.06704E-05  1.05002E-16  4.20768E+04  2.31349E+03  7.58864E+02 -1.20302E+04 -7.80916E+02  8.28727E+01  1.20000E+01  3.00000E+00  5.00000E-01  4.63284E-06 -3.30498E-05  1.11837E-16  2.69108E+04 -2.35373E+03 -8.46708E+02 -7.15304E+03  7.51461E+02 -5.62851E+01  1.20000E+01  3.00000E+00  0.00000E+00  4.63180E-06 -3.30415E-05  3.34542E-08  2.69098E+04 -2.35623E+03 -8.47782E+02 -7.06033E+03 -7.53344E+02  5.62257E+01  1.20000E+01  2.50000E+00  0.00000E+00  2.31189E-06 -3.30164E-05  1.67334E-08  4.25360E+04  3.05295E+03  1.55036E+03 -7.01369E+03  7.50745E+02 -8.32303E+01  1.20000E+01  2.50000E+00  5.00000E-01  2.31241E-06 -3.30247E-05  1.12454E-16  4.25350E+04  3.05044E+03  1.54928E+03 -6.92096E+03 -7.54061E+02  8.28727E+01
   1.15000E+01  3.00000E+00  1.00000E+00  4.51676E-06 -3.06882E-05 -3.55451E-08  2.65320E+04 -3.01280E+03 -1.45063E+03 -1.21696E+04  7.80174E+02 -5.62257E+01  1.15000E+01  3.00000E+00  5.00000E-01  4.51780E-06 -3.06971E-05  1.04396E-16  2.65331E+04 -3.01020E+03 -1.44951E+03 -1.22623E+04 -7.78224E+02  5.62851E+01  1.15000E+01  2.50000E+00  5.00000E-01  2.25489E-06 -3.06704E-05  1.05002E-16  4.20768E+04  2.31349E+03  7.58864E+02 -1.20302E+04  7.80916E+02 -8.28727E+01  1.15000E+01  2.50000E+00  1.00000E+00  2.25437E-06 -3.06616E-05 -1.77793E-08  4.20779E+04  2.31608E+03  7.59977E+02 -1.21229E+04 -7.77482E+02  8.32304E+01  1.20000E+01  3.00000E+00  1.00000E+00  4.63180E-06 -3.30415E-05 -3.34542E-08  2.69098E+04 -2.35623E+03 -8.47782E+02 -7.06033E+03  7.53344E+02 -5.62257E+01  1.20000E+01  3.00000E+00  5.00000E-01  4.63284E-06 -3.30498E-05  1.11837E-16  2.69108E+04 -2.35373E+03 -8.46708E+02 -7.15304E+03 -7.51461E+02  5.62851E+01  1.20000E+01  2.50000E+00  5.00000E-01  2.31241E-06 -3.30247E-05  1.12454E-16  4.25350E+04  3.05044E+03  1.54928E+03 -6.92096E+03  7.54061E+02 -8.28727E+01  1.20000E+01  2.50000E+00  1.00000E+00  2.31189E-06 -3.30164E-05 -1.67334E-08  4.25360E+04  3.05295E+03  1.55036E+03 -7.01369E+03 -7.50745E+02  8.32303E+01
   1.15000E+01  3.50000E+00  5.00000E-01  6.79676E-06 -3.07417E-05  1.03748E-16  4.94139E+04 -3.22107E+03 -1.66466E+03 -9.52111E+03  7.69531E+02 -1.01977E+02  1.15000E+01  3.50000E+00  0.00000E+00  6.79517E-06 -3.07326E-05  5.32889E-08  4.93933E+04 -3.26931E+03 -1.68533E+03 -9.42561E+03 -7.86938E+02  1.03334E+02  1.15000E+01  3.00000E+00  0.00000E+00  4.51676E-06 -3.06882E-05  3.55451E-08  6.49616E+04  2.10811E+03  5.51584E+02 -9.28904E+03  7.55747E+02 -1.26248E+02  1.15000E+01  3.00000E+00  5.00000E-01  4.51780E-06 -3.06971E-05  1.04396E-16  6.49410E+04  2.05987E+03  5.30909E+02 -9.19306E+03 -8.00722E+02  1.32589E+02  1.20000E+01  3.50000E+00  5.00000E-01  6.96933E-06 -3.30917E-05  1.11176E-16  5.00700E+04 -2.10085E+03 -5.97962E+02 -4.41185E+03  7.43067E+02 -1.01977E+02  1.20000E+01  3.50000E+00  0.00000E+00  6.96773E-06 -3.30832E-05  5.01542E-08  5.00500E+04 -2.14743E+03 -6.17926E+02 -4.31635E+03 -7.59876E+02  1.03334E+02  1.20000E+01  3.00000E+00  0.00000E+00  4.63180E-06 -3.30415E-05  3.34542E-08  6.56980E+04  3.30862E+03  1.80562E+03 -4.17978E+03  7.29758E+02 -1.26247E+02  1.20000E+01  3.00000E+00  5.00000E-01  4.63284E-06 -3.30498E-05  1.11837E-16  6.56780E+04  3.26204E+03  1.78566E+03 -4.08381E+03 -7.73185E+02  1.32589E+02
   1.15000E+01  3.50000E+00  1.00000E+00  6.79517E-06 -3.07326E-05 -5.32889E-08  4.93933E+04 -3.26931E+03 -1.68533E+03 -9.42561E+03  7.86938E+02 -1.03334E+02  1.15000E+01  3.50000E+00  5.00000E-01  6.79676E-06 -3.07417E-05  1.03748E-16  4.94139E+04 -3.22107E+03 -1.66466E+03 -9.52111E+03 -7.69531E+02  1.01977E+02  1.15000E+01  3.00000E+00  5.00000E-01  4.51780E-06 -3.06971E-05  1.04396E-16  6.49410E+04  2.05987E+03  5.30909E+02 -9.19306E+03  8.00722E+02 -1.32589E+02  1.15000E+01  3.00000E+00  1.00000E+00  4.51676E-06 -3.06882E-05 -3.55451E-08  6.49616E+04  2.10811E+03  5.51584E+02 -9.28904E+03 -7.55747E+02  1.26248E+02  1.20000E+01  3.50000E+00  1.00000E+00  6.96773E-06 -3.30832E-05 -5.01542E-08  5.00500E+04 -2.14743E+03 -6.17926E+02 -4.31635E+03  7.59876E+02 -1.03334E+02  1.20000E+01  3.50000E+00  5.00000E-01  6.96933E-06 -3.30917E-05  1.11176E-16  5.00700E+04 -2.10085E+03 -5.97962E+02 -4.41185E+03 -7.43067E+02  1.01977E+02  1.20000E+01  3.00000E+00  5.00000E-01  4.63284E-06 -3.30498E-05  1.11837E-16  6.56780E+04  3.26204E+03  1.78566E+03 -4.08381E+03  7.73185E+02 -1.32589E+02  1.20000E+01  3.00000E+00  1.00000E+00  4.63180E-06 -3.30415E-05 -3.34542E-08  6.56980E+04  3.30862E+03  1.80562E+03 -4.17978E+03 -7.29758E+02  1.26247E+02
   1.15000E+01  4.00000E+00  5.00000E-01  9.09965E-06 -3.08038E-05  1.03066E-16  7.22877E+04 -3.40684E+03 -1.92848E+03 -5.37316E+03  8.33446E+02 -1.53347E+02  1.15000E+01  4.00000E+00  0.00000E+00  9.09776E-06 -3.07946E-05  7.17626E-08  7.22684E+04 -3.45197E+03 -1.94782E+03 -5.29934E+03 -7.87051E+02  1.45479E+02  1.15000E+01  3.50000E+00  0.00000E+00  6.79517E-06 -3.07326E-05  5.32889E-08  8.77394E+04  1.82630E+03  6.36657E+01 -5.04891E+03  8.20551E+02 -2.03114E+02  1.15000E+01  3.50000E+00  5.00000E-01  6.79676E-06 -3.07417E-05  1.03748E-16  8.77200E+04  1.78117E+03  4.43242E+01 -4.97465E+03 -7.99945E+02  1.51440E+02  1.20000E+01  4.00000E+00  5.00000E-01  9.32974E-06 -3.31503E-05  1.10485E-16  7.32223E+04 -1.82374E+03 -3.96220E+02 -2.63903E+02  8.04784E+02 -1.53347E+02  1.20000E+01  4.00000E+00  0.00000E+00  9.32785E-06 -3.31416E-05  6.75413E-08  7.32037E+04 -1.86732E+03 -4.14896E+02 -1.90080E+02 -7.59985E+02  1.45479E+02  1.20000E+01  3.50000E+00  0.00000E+00  6.96773E-06 -3.30832E-05  5.01542E-08  8.87576E+04  3.49299E+03  1.79097E+03  6.03433E+01  7.92333E+02 -2.03114E+02  1.20000E+01  3.50000E+00  5.00000E-01  6.96933E-06 -3.30917E-05  1.11176E-16  8.87389E+04  3.44941E+03  1.77230E+03  1.34609E+02 -7.72436E+02  1.51440E+02
   1.15000E+01  4.00000E+00  1.00000E+00  9.09776E-06 -3.07946E-05 -7.17626E-08  7.22684E+04 -3.45197E+03 -1.94782E+03 -5.29934E+03  7.87051E+02 -1.45479E+02  1.15000E+01  4.00000E+00  5.00000E-01  9.09965E-06 -3.08038E-05  1.03066E-16  7.22877E+04 -3.40684E+03 -1.92848E+03 -5.37316E+03 -8.33446E+02  1.53347E+02  1.15000E+01  3.50000E+00  5.00000E-01  6.79676E-06 -3.07417E-05  1.03748E-16  8.77200E+04  1.78117E+03  4.43242E+01 -4.97465E+03  7.99945E+02 -1.51440E+02  1.15000E+01  3.50000E+00  1.00000E+00  6.79517E-06 -3.07326E-05 -5.32889E-08  8.77394E+04  1.82630E+03  6.36657E+01 -5.04891E+03 -8.20551E+02  2.03114E+02  1.20000E+01  4.00000E+00  1.00000E+00  9.32785E-06 -3.31416E-05 -6.75413E-08  7.32037E+04 -1.86732E+03 -4.14896E+02 -1.90080E+02  7.59985E+02 -1.45479E+02  1.20000E+01  4.00000E+00  5.00000E-01  9.32974E-06 -3.31503E-05  1.10485E-16  7.32223E+04 -1.82374E+03 -3.96220E+02 -2.63903E+02 -8.04784E+02  1.53347E+02  1.20000E+01  3.50000E+00  5.00000E-01  6.96933E-06 -3.30917E-05  1.11176E-16  8.87389E+04  3.44941E+03  1.77230E+03  1.34609E+02  7.72436E+02 -1.51440E+02  1.20000E+01  3.50000E+00  1.00000E+00  6.96773E-06 -3.30832E-05 -5.01542E-08  8.87576E+04  3.49299E+03  1.79097E+03  6.03433E+01 -7.92333E+02  2.03114E+02
   1.20000E+01  5.00000E-01  5.00000E-01 -6.96933E-06 -3.30917E-05  1.14587E-16 -8.23910E+04 -1.66511E+03 -7.46440E+00 -4.89409E+03  7.71676E+02  2.03114E+02  1.20000E+01  5.00000E-01  0.00000E+00 -6.96773E-06 -3.30832E-05 -5.01542E-08 -8.23728E+04 -1.62267E+03  1.07249E+01 -4.81982E+03 -7.52297E+02 -1.51440E+02  1.20000E+01  0.00000E+00  0.00000E+00 -9.32785E-06 -3.31416E-05 -6.75413E-08 -6.78783E+04  3.24834E+03  1.85804E+03 -5.21833E+03  7.83803E+02  1.53347E+02  1.20000E+01  0.00000E+00  5.00000E-01 -9.32974E-06 -3.31503E-05  1.15054E-16 -6.78601E+04  3.29078E+03  1.87622E+03 -5.14451E+03 -7.40171E+02 -1.45479E+02  1.25000E+01  5.00000E-01  5.00000E-01 -7.13143E-06 -3.54976E-05  1.22244E-16 -8.34092E+04 -3.33180E+03 -1.73477E+03 -9.44834E+01  7.43458E+02  2.03114E+02  1.25000E+01  5.00000E-01  0.00000E+00 -7.12984E-06 -3.54896E-05 -4.70196E-08 -8.33917E+04 -3.29091E+03 -1.71725E+03 -2.02177E+01 -7.24788E+02 -1.51440E+02  1.25000E+01  0.00000E+00  0.00000E+00 -9.54399E-06 -3.55444E-05 -6.33199E-08 -6.88129E+04  1.66524E+03  3.25774E+02 -4.18729E+02  7.55141E+02  1.53347E+02  1.25000E+01  0.00000E+00  5.00000E-01 -9.54588E-06 -3.55525E-05  1.22728E-16 -6.87954E+04  1.70613E+03  3.43298E+02 -3.44907E+02 -7.13105E+02 -1.45479E+02
   1.20000E+01  5.00000E-01  1.00000E+00 -6.96773E-06 -3.30832E-05  5.01542E-08 -8.23728E+04 -1.62267E+03  1.07249E+01 -4.81982E+03  7.52297E+02  1.51440E+02  1.20000E+01  5.00000E-01  5.00000E-01 -6.96933E-06 -3.30917E-05  1.14587E-16 -8.23910E+04 -1.66511E+03 -7.46440E+00 -4.89409E+03 -7.71676E+02 -2.03114E+02  1.20000E+01  0.00000E+00  5.00000E-01 -9.32974E-06 -3.31503E-05  1.15054E-16 -6.78601E+04  3.29078E+03  1.87622E+03 -5.14451E+03  7.40171E+02  1.45479E+02  1.20000E+01  0.00000E+00  1.00000E+00 -9.32785E-06 -3.31416E-05  6.75413E-08 -6.78783E+04  3.24834E+03  1.85804E+03 -5.21833E+03 -7.83803E+02 -1.53347E+02  1.25000E+01  5.00000E-01  1.00000E+00 -7.12984E-06 -3.54896E-05  4.70196E-08 -8.33917E+04 -3.29091E+03 -1.71725E+03 -2.02177E+01  7.24788E+02  1.51440E+02  1.25000E+01  5.00000E-01  5.00000E-01 -7.13143E-06 -3.54976E-05  1.22244E-16 -8.34092E+04 -3.33180E+03 -1.73477E+03 -9.44834E+01 -7.43458E+02 -2.03114E+02  1.25000E+01  0.00000E+00  5.00000E-01 -9.54588E-06 -3.55525E-05  1.22728E-16 -6.87954E+04  1.70613E+03  3.43298E+02 -3.44907E+02  7.13105E+02  1.45479E+02  1.25000E+01  0.00000E+00  1.00000E+00 -9.54399E-06 -3.55444E-05  6.33199E-08 -6.88129E+04  1.66524E+03  3.25774E+02 -4.18729E+02 -7.55141E+02 -1.53347E+02
   1.20000E+01  1.00000E+00  5.00000E-01 -4.63284E-06 -3.30498E-05  1.14101E-16 -6.10022E+04 -1.94397E+03 -4.80153E+02 -9.13421E+03  7.10732E+02  1.26248E+02  1.20000E+01  1.00000E+00  0.00000E+00 -4.63180E-06 -3.30415E-05 -3.34542E-08 -6.09828E+04 -1.89860E+03 -4.60709E+02 -9.03824E+03 -7.53028E+02 -1.32589E+02  1.20000E+01  5.00000E-01  0.00000E+00 -6.96773E-06 -3.30832E-05 -5.01542E-08 -4.63993E+04  3.05980E+03  1.59609E+03 -9.36628E+03  7.23694E+02  1.01977E+02  1.20000E+01  5.00000E-01  5.00000E-01 -6.96933E-06 -3.30917E-05  1.14587E-16 -4.63798E+04  3.10517E+03  1.61554E+03 -9.27078E+03 -7.40065E+02 -1.03334E+02  1.25000E+01  1.00000E+00  5.00000E-01 -4.74092E-06 -3.54583E-05  1.21726E-16 -6.17386E+04 -3.14447E+03 -1.73419E+03 -4.33461E+03  6.84742E+02  1.26247E+02  1.25000E+01  1.00000E+00  0.00000E+00 -4.73987E-06 -3.54505E-05 -3.13633E-08 -6.17199E+04 -3.10076E+03 -1.71546E+03 -4.23863E+03 -7.25491E+02 -1.32590E+02  1.25000E+01  5.00000E-01  0.00000E+00 -7.12984E-06 -3.54896E-05 -4.70196E-08 -4.70553E+04  1.93958E+03  5.29398E+02 -4.56668E+03  6.97231E+02  1.01977E+02  1.25000E+01  5.00000E-01  5.00000E-01 -7.13143E-06 -3.54976E-05  1.22244E-16 -4.70366E+04  1.98329E+03  5.48130E+02 -4.47118E+03 -7.13003E+02 -1.03334E+02
   1.20000E+01  1.00000E+00  1.00000E+00 -4.63180E-06 -3.30415E-05  3.34542E-08 -6.09828E+04 -1.89860E+03 -4.60709E+02 -9.03824E+03  7.53028E+02  1.32589E+02  1.20000E+01  1.00000E+00  5.00000E-01 -4.63284E-06 -3.30498E-05  1.14101E-16 -6.10022E+04 -1.94397E+03 -4.80153E+02 -9.13421E+03 -7.10732E+02 -1.26248E+02  1.20000E+01  5.00000E-01  5.00000E-01 -6.96933E-06 -3.30917E-05  1.14587E-16 -4.63798E+04  3.10517E+03  1.61554E+03 -9.27078E+03  7.40065E+02  1.03334E+02  1.20000E+01  5.00000E-01  1.00000E+00 -6.96773E-06 -3.30832E-05  5.01542E-08 -4.63993E+04  3.05980E+03  1.59609E+03 -9.36628E+03 -7.23694E+02 -1.01977E+02  1.25000E+01  1.00000E+00  1.00000E+00 -4.73987E-06 -3.54505E-05  3.13633E-08 -6.17199E+04 -3.10076E+03 -1.71546E+03 -4.23863E+03  7.25491E+02  1.32590E+02  1.25000E+01  1.00000E+00  5.00000E-01 -4.74092E-06 -3.54583E-05  1.21726E-16 -6.17386E+04 -3.14447E+03 -1.73419E+03 -4.33461E+03 -6.84742E+02 -1.26247E+02  1.25000E+01  5.00000E-01  5.00000E-01 -7.13143E-06 -3.54976E-05  1.22244E-16 -4.70366E+04  1.98329E+03  5.48130E+02 -4.47118E+03  7.13003E+02  1.03334E+02  1.25000E+01  5.00000E-01  1.00000E+00 -7.12984E-06 -3.54896E-05  4.70196E-08 -4.70553E+04  1.93958E+03  5.29398E+02 -4.56668E+03 -6.97231E+02 -1.01977E+02
   1.20000E+01  1.50000E+00  5.00000E-01 -2.31241E-06 -3.30247E-05  1.13585E-16 -3.95138E+04 -2.15338E+03 -6.89967E+02 -1.19681E+04  7.31172E+02  8.32304E+01  1.20000E+01  1.50000E+00  0.00000E+00 -2.31189E-06 -3.30164E-05 -1.67334E-08 -3.95128E+04 -2.15094E+03 -6.88921E+02 -1.18754E+04 -7.34401E+02 -8.28727E+01  1.20000E+01  1.00000E+00  0.00000E+00 -4.63180E-06 -3.30415E-05 -3.34542E-08 -2.49136E+04  2.84766E+03  1.37993E+03 -1.21075E+04  7.31870E+02  5.62851E+01  1.20000E+01  1.00000E+00  5.00000E-01 -4.63284E-06 -3.30498E-05  1.14101E-16 -2.49125E+04  2.85010E+03  1.38098E+03 -1.20148E+04 -7.33704E+02 -5.62257E+01  1.25000E+01  1.50000E+00  5.00000E-01 -2.36645E-06 -3.54348E-05  1.21184E-16 -3.99720E+04 -2.89024E+03 -1.48034E+03 -7.16852E+03  7.04435E+02  8.32303E+01  1.25000E+01  1.50000E+00  0.00000E+00 -2.36593E-06 -3.54269E-05 -1.56876E-08 -3.99710E+04 -2.88789E+03 -1.47934E+03 -7.07578E+03 -7.07546E+02 -8.28727E+01  1.25000E+01  1.00000E+00  0.00000E+00 -4.73987E-06 -3.54505E-05 -3.13633E-08 -2.52913E+04  2.19119E+03  7.77127E+02 -7.30786E+03  7.05107E+02  5.62851E+01  1.25000E+01  1.00000E+00  5.00000E-01 -4.74092E-06 -3.54583E-05  1.21726E-16 -2.52903E+04  2.19354E+03  7.78135E+02 -7.21515E+03 -7.06874E+02 -5.62257E+01
   1.20000E+01  1.50000E+00  1.00000E+00 -2.31189E-06 -3.30164E-05  1.67334E-08 -3.95128E+04 -2.15094E+03 -6.88921E+02 -1.18754E+04  7.34401E+02  8.28727E+01  1.20000E+01  1.50000E+00  5.00000E-01 -2.31241E-06 -3.30247E-05  1.13585E-16 -3.95138E+04 -2.15338E+03 -6.89967E+02 -1.19681E+04 -7.31172E+02 -8.32304E+01  1.20000E+01  1.00000E+00  5.00000E-01 -4.63284E-06 -3.30498E-05  1.14101E-16 -2.49125E+04  2.85010E+03  1.38098E+03 -1.20148E+04  7.33704E+02  5.62257E+01  1.20000E+01  1.00000E+00  1.00000E+00 -4.63180E-06 -3.30415E-05  3.34542E-08 -2.49136E+04  2.84766E+03  1.37993E+03 -1.21075E+04 -7.31870E+02 -5.62851E+01  1.25000E+01  1.50000E+00  1.00000E+00 -2.36593E-06 -3.54269E-05  1.56876E-08 -3.99710E+04 -2.88789E+03 -1.47934E+03 -7.07578E+03  7.07546E+02  8.28727E+01  1.25000E+01  1.50000E+00  5.00000E-01 -2.36645E-06 -3.54348E-05  1.21184E-16 -3.99720E+04 -2.89024E+03 -1.48034E+03 -7.16852E+03 -7.04435E+02 -8.32303E+01  1.25000E+01  1.00000E+00  5.00000E-01 -4.74092E-06 -3.54583E-05  1.21726E-16 -2.52903E+04  2.19354E+03  7.78135E+02 -7.21515E+03  7.06874E+02  5.62257E+01  1.25000E+01  1.00000E+00  1.00000E+00 -4.73987E-06 -3.54505E-05  3.13633E-08 -2.52913E+04  2.19119E+03  7.77127E+02 -7.30786E+03 -7.05107E+02 -5.62851E+01
   1.20000E+01  2.00000E+00  5.00000E-01  1.05879E-20 -3.30163E-05  1.13040E-16 -1.80366E+04 -2.38333E+03 -9.16820E+02 -1.34091E+04  7.33591E+02  3.66122E+01  1.20000E+01  2.00000E+00  0.00000E+00  7.52239E-18 -3.30080E-05  1.13049E-16 -1.80368E+04 -2.38381E+03 -9.17027E+02 -1.33162E+04 -7.33093E+02 -3.66515E+01  1.20000E+01  1.50000E+00  0.00000E+00 -2.31189E-06 -3.30164E-05 -1.67334E-08 -3.43805E+03  2.61605E+03  1.14920E+03 -1.34556E+04  7.33452E+02  9.81021E+00  1.20000E+01  1.50000E+00  5.00000E-01 -2.31241E-06 -3.30247E-05  1.13585E-16 -3.43825E+03  2.61557E+03  1.14899E+03 -1.33627E+04 -7.33231E+02 -9.82075E+00  1.25000E+01  2.00000E+00  5.00000E-01  1.33408E-20 -3.54269E-05  1.20609E-16 -1.82162E+04 -2.65580E+03 -1.24292E+03 -8.60953E+03  7.06765E+02  3.66122E+01  1.25000E+01  2.00000E+00  0.00000E+00  7.62031E-18 -3.54191E-05  1.20619E-16 -1.82164E+04 -2.65626E+03 -1.24312E+03 -8.51663E+03 -7.06285E+02 -3.66515E+01  1.25000E+01  1.50000E+00  0.00000E+00 -2.36593E-06 -3.54269E-05 -1.56876E-08 -3.53717E+03  2.42403E+03  1.01081E+03 -8.65598E+03  7.06632E+02  9.81021E+00  1.25000E+01  1.50000E+00  5.00000E-01 -2.36645E-06 -3.54348E-05  1.21184E-16 -3.53737E+03  2.42357E+03  1.01061E+03 -8.56307E+03 -7.06419E+02 -9.82075E+00
   1.20000E+01  2.00000E+00  1.00000E+00 -7.50011E-18 -3.30080E-05  1.13056E-16 -1.80368E+04 -2.38381E+03 -9.17027E+02 -1.33162E+04  7.33093E+02  3.66515E+01  1.20000E+01  2.00000E+00  5.00000E-01  1.05879E-20 -3.30163E-05  1.13040E-16 -1.80366E+04 -2.38333E+03 -9.16820E+02 -1.34091E+04 -7.33591E+02 -3.66122E+01  1.20000E+01  1.50000E+00  5.00000E-01 -2.31241E-06 -3.30247E-05  1.13585E-16 -3.43825E+03  2.61557E+03  1.14899E+03 -1.33627E+04  7.33231E+02  9.82075E+00  1.20000E+01  1.50000E+00  1.00000E+00 -2.31189E-06 -3.30164E-05  1.67334E-08 -3.43805E+03  2.61605E+03  1.14920E+03 -1.34556E+04 -7.33452E+02 -9.81021E+00  1.25000E+01  2.00000E+00  1.00000E+00 -7.59209E-18 -3.54191E-05  1.20620E-16 -1.82164E+04 -2.65626E+03 -1.24312E+03 -8.51663E+03  7.06285E+02  3.66515E+01  1.25000E+01  2.00000E+00  5.00000E-01  1.33408E-20 -3.54269E-05  1.20609E-16 -1.82162E+04 -2.65580E+03 -1.24292E+03 -8.60953E+03 -7.06765E+02 -3.66122E+01  1.25000E+01  1.50000E+00  5.00000E-01 -2.36645E-06 -3.54348E-05  1.21184E-16 -3.53737E+03  2.42357E+03  1.01061E+03 -8.56307E+03  7.06419E+02  9.82075E+00  1.25000E+01  1.50000E+00  1.00000E+00 -2.36593E-06 -3.54269E-05  1.56876E-08 -3.53717E+03  2.42403E+03  1.01081E+03 -8.65598E+03 -7.06632E+02 -9.81021E+00
   1.20000E+01  2.50000E+00  5.00000E-01  2.31241E-06 -3.30247E-05  1.12454E-16  3.43805E+03 -2.61605E+03 -1.14920E+03 -1.34556E+04  7.33452E+02 -9.81021E+00  1.20000E+01  2.50000E+00  0.00000E+00  2.31189E-06 -3.30164E-05  1.67334E-08  3.43825E+03 -2.61557E+03 -1.14899E+03 -1.33627E+04 -7.33231E+02  9.82075E+00  1.20000E+01  2.00000E+00  0.00000E+00  7.52239E-18 -3.30080E-05  1.13049E-16  1.80366E+04  2.38333E+03  9.16820E+02 -1.34091E+04  7.33591E+02 -3.66122E+01  1.20000E+01  2.00000E+00  5.00000E-01  1.05879E-20 -3.30163E-05  1.13040E-16  1.80368E+04  2.38381E+03  9.17027E+02 -1.33162E+04 -7.33093E+02  3.66515E+01  1.25000E+01  2.50000E+00  5.00000E-01  2.36645E-06 -3.54348E-05  1.20005E-16  3.53717E+03 -2.42403E+03 -1.01081E+03 -8.65598E+03  7.06632E+02 -9.81021E+00  1.25000E+01  2.50000E+00  0.00000E+00  2.36593E-06 -3.54269E-05  1.56876E-08  3.53737E+03 -2.42357E+03 -1.01061E+03 -8.56307E+03 -7.06419E+02  9.82075E+00  1.25000E+01  2.00000E+00  0.00000E+00  7.62031E-18 -3.54191E-05  1.20619E-16  1.82162E+04  2.65580E+03  1.24292E+03 -8.60953E+03  7.06765E+02 -3.66122E+01  1.25000E+01  2.00000E+00  5.00000E-01  1.33408E-20 -3.54269E-05  1.20609E-16  1.82164E+04  2.65626E+03  1.24312E+03 -8.51663E+03 -7.06285E+02  3.66515E+01
   1.20000E+01  2.50000E+00  1.00000E+00  2.31189E-06 -3.30164E-05 -1.67334E-08  3.43825E+03 -2.61557E+03 -1.14899E+03 -1.33627E+04  7.33231E+02 -9.82075E+00  1.20000E+01  2.50000E+00  5.00000E-01  2.31241E-06 -3.30247E-05  1.12454E-16  3.43805E+03 -2.61605E+03 -1.14920E+03 -1.34556E+04 -7.33452E+02  9.81021E+00  1.20000E+01  2.00000E+00  5.00000E-01  1.05879E-20 -3.30163E-05  1.13040E-16  1.80368E+04  2.38381E+03  9.17027E+02 -1.33162E+04  7.33093E+02 -3.66515E+01  1.20000E+01  2.00000E+00  1.00000E+00 -7.50011E-18 -3.30080E-05  1.13056E-16  1.80366E+04  2.38333E+03  9.16820E+02 -1.34091E+04 -7.33591E+02  3.66122E+01  1.25000E+01  2.50000E+00  1.00000E+00  2.36593E-06 -3.54269E-05 -1.56876E-08  3.53737E+03 -2.42357E+03 -1.01061E+03 -8.56307E+03  7.06419E+02 -9.82075E+00  1.25000E+01  2.50000E+00  5.00000E-01  2.36645E-06 -3.54348E-05  1.20005E-16  3.53717E+03 -2.42403E+03 -1.01081E+03 -8.65598E+03 -7.06632E+02  9.81021E+00  1.25000E+01  2.00000E+00  5.00000E-01  1.33408E-20 -3.54269E-05  1.20609E-16  1.82164E+04  2.65626E+03  1.24312E+03 -8.51663E+03  7.06285E+02 -3.66515E+01  1.25000E+01  2.00000E+00  1.00000E+00 -7.59209E-18 -3.54191E-05  1.20620E-16  1.82162E+04  2.65580E+03  1.24292E+03 -8.60953E+03 -7.06765E+02  3.66122E+01
   1.20000E+01  3.00000E+00  5.00000E-01  4.63284E-06 -3.30498E-05  1.11837E-16  2.49136E+04 -2.84766E+03 -1.37993E+03 -1.21075E+04  7.31870E+02 -5.62851E+01  1.20000E+01  3.00000E+00  0.00000E+00  4.63180E-06 -3.30415E-05  3.34542E-08  2.49125E+04 -2.85010E+03 -1.38098E+03 -1.20148E+04 -7.33704E+02  5.62257E+01  1.20000E+01  2.50000E+00  0.00000E+00  2.31189E-06 -3.30164E-05  1.67334E-08  3.95138E+04  2.15338E+03  6.89967E+02 -1.19681E+04  7.31172E+02 -8.32304E+01  1.20000E+01  2.50000E+00  5.00000E-01  2.31241E-06 -3.30247E-05  1.12454E-16  3.95128E+04  2.15094E+03  6.88921E+02 -1.18754E+04 -7.34401E+02  8.28727E+01  1.25000E+01  3.00000E+00  5.00000E-01  4.74092E-06 -3.54583E-05  1.19373E-16  2.52913E+04 -2.19119E+03 -7.77127E+02 -7.30786E+03  7.05107E+02 -5.62851E+01  1.25000E+01  3.00000E+00  0.00000E+00  4.73987E-06 -3.54505E-05  3.13633E-08  2.52903E+04 -2.19354E+03 -7.78135E+02 -7.21515E+03 -7.06874E+02  5.62257E+01  1.25000E+01  2.50000E+00  0.00000E+00  2.36593E-06 -3.54269E-05  1.56876E-08  3.99720E+04  2.89024E+03  1.48034E+03 -7.16852E+03  7.04435E+02 -8.32303E+01  1.25000E+01  2.50000E+00  5.00000E-01  2.36645E-06 -3.54348E-05  1.20005E-16  3.99710E+04  2.88789E+03  1.47934E+03 -7.07578E+03 -7.07546E+02  8.28727E+01
   1.20000E+01  3.00000E+00  1.00000E+00  4.63180E-06 -3.30415E-05 -3.34542E-08  2.49125E+04 -2.85010E+03 -1.38098E+03 -1.20148E+04  7.33704E+02 -5.62257E+01  1.20000E+01  3.00000E+00  5.00000E-01  4.63284E-06 -3.30498E-05  1.11837E-16  2.49136E+04 -2.84766E+03 -1.37993E+03 -1.21075E+04 -7.31870E+02  5.62851E+01  1.20000E+01  2.50000E+00  5.00000E-01  2.31241E-06 -3.30247E-05  1.12454E-16  3.95128E+04  2.15094E+03  6.88921E+02 -1.18754E+04  7.34401E+02 -8.28727E+01  1.20000E+01  2.50000E+00  1.00000E+00  2.31189E-06 -3.30164E-05 -1.67334E-08  3.95138E+04  2.15338E+03  6.89967E+02 -1.19681E+04 -7.31172E+02  8.32304E+01  1.25000E+01  3.00000E+00  1.00000E+00  4.73987E-06 -3.54505E-05 -3.13633E-08  2.52903E+04 -2.19354E+03 -7.78135E+02 -7.21515E+03  7.06874E+02 -5.62257E+01  1.25000E+01  3.00000E+00  5.00000E-01  4.74092E-06 -3.54583E-05  1.19373E-16  2.52913E+04 -2.19119E+03 -7.77127E+02 -7.30786E+03 -7.05107E+02  5.62851E+01  1.25000E+01  2.50000E+00  5.00000E-01  2.36645E-06 -3.54348E-05  1.20005E-16  3.99710E+04  2.88789E+03  1.47934E+03 -7.07578E+03  7.07546E+02 -8.28727E+01  1.25000E+01  2.50000E+00  1.00000E+00  2.36593E-06 -3.54269E-05 -1.56876E-08  3.99720E+04  2.89024E+03  1.48034E+03 -7.16852E+03 -7.04435E+02  8.32303E+01
   1.20000E+01  3.50000E+00  5.00000E-01  6.96933E-06 -3.30917E-05  1.11176E-16  4.63993E+04 -3.05980E+03 -1.59609E+03 -9.36628E+03  7.23694E+02 -1.01977E+02  1.20000E+01  3.50000E+00  0.00000E+00  6.96773E-06 -3.30832E-05  5.01542E-08  4.63798E+04 -3.10517E+03 -1.61554E+03 -9.27078E+03 -7.40065E+02  1.03334E+02  1.20000E+01  3.00000E+00  0.00000E+00  4.63180E-06 -3.30415E-05  3.34542E-08  6.10022E+04  1.94397E+03  4.80153E+02 -9.13421E+03  7.10732E+02 -1.26248E+02  1.20000E+01  3.00000E+00  5.00000E-01  4.63284E-06 -3.30498E-05  1.11837E-16  6.09828E+04  1.89860E+03  4.60709E+02 -9.03824E+03 -7.53028E+02  1.32589E+02  1.25000E+01  3.50000E+00  5.00000E-01  7.13143E-06 -3.54976E-05  1.18702E-16  4.70553E+04 -1.93958E+03 -5.29398E+02 -4.56668E+03  6.97231E+02 -1.01977E+02  1.25000E+01  3.50000E+00  0.00000E+00  7.12984E-06 -3.54896E-05  4.70196E-08  4.70366E+04 -1.98329E+03 -5.48130E+02 -4.47118E+03 -7.13003E+02  1.03334E+02  1.25000E+01  3.00000E+00  0.00000E+00  4.73987E-06 -3.54505E-05  3.13633E-08  6.17386E+04  3.14447E+03  1.73419E+03 -4.33461E+03  6.84742E+02 -1.26247E+02  1.25000E+01  3.00000E+00  5.00000E-01  4.74092E-06 -3.54583E-05  1.19373E-16  6.17199E+04  3.10076E+03  1.71546E+03 -4.23863E+03 -7.25491E+02  1.32590E+02
   1.20000E+01  3.50000E+00  1.00000E+00  6.96773E-06 -3.30832E-05 -5.01542E-08  4.63798E+04 -3.10517E+03 -1.61554E+03 -9.27078E+03  7.40065E+02 -1.03334E+02  1.20000E+01  3.50000E+00  5.00000E-01  6.96933E-06 -3.30917E-05  1.11176E-16  4.63993E+04 -3.05980E+03 -1.59609E+03 -9.36628E+03 -7.23694E+02  1.01977E+02  1.20000E+01  3.00000E+00  5.00000E-01  4.63284E-06 -3.30498E-05  1.11837E-16  6.09828E+04  1.89860E+03  4.60709E+02 -9.03824E+03  7.53028E+02 -1.32589E+02  1.20000E+01  3.00000E+00  1.00000E+00  4.63180E-06 -3.30415E-05 -3.34542E-08  6.10022E+04  1.94397E+03  4.80153E+02 -9.13421E+03 -7.10732E+02  1.26248E+02  1.25000E+01  3.50000E+00  1.00000E+00  7.12984E-06 -3.54896E-05 -4.70196E-08  4.70366E+04 -1.98329E+03 -5.48130E+02 -4.47118E+03  7.13003E+02 -1.03334E+02  1.25000E+01  3.50000E+00  5.00000E-01  7.13143E-06 -3.54976E-05  1.18702E-16  4.70553E+04 -1.93958E+03 -5.29398E+02 -4.56668E+03 -6.97231E+02  1.01977E+02  1.25000E+01  3.00000E+00  5.00000E-01  4.74092E-06 -3.54583E-05  1.19373E-16  6.17199E+04  3.10076E+03  1.71546E+03 -4.23863E+03  7.25491E+02 -1.32590E+02  1.25000E+01  3.00000E+00  1.00000E+00  4.73987E-06 -3.54505E-05 -3.13633E-08  6.17386E+04  3.14447E+03  1.73419E+03 -4.33461E+03 -6.84742E+02  1.26247E+02
   1.20000E+01  4.00000E+00  5.00000E-01  9.32974E-06 -3.31503E-05  1.10485E-16  6.78783E+04 -3.24834E+03 -1.85804E+03 -5.21833E+03  7.83803E+02 -1.53347E+02  1.20000E+01  4.00000E+00  0.00000E+00  9.32785E-06 -3.31416E-05  6.75413E-08  6.78601E+04 -3.29078E+03 -1.87622E+03 -5.14451E+03 -7.40171E+02  1.45479E+02  1.20000E+01  3.50000E+00  0.00000E+00  6.96773E-06 -3.30832E-05  5.01542E-08  8.23910E+04  1.66511E+03  7.46440E+00 -4.89409E+03  7.71676E+02 -2.03114E+02  1.20000E+01  3.50000E+00  5.00000E-01  6.96933E-06 -3.30917E-05  1.11176E-16  8.23728E+04  1.62267E+03 -1.07249E+01 -4.81982E+03 -7.52297E+02  1.51440E+02  1.25000E+01  4.00000E+00  5.00000E-01  9.54588E-06 -3.55525E-05  1.18001E-16  6.88129E+04 -1.66524E+03 -3.25774E+02 -4.18729E+02  7.55141E+02 -1.53347E+02  1.25000E+01  4.00000E+00  0.00000E+00  9.54399E-06 -3.55444E-05  6.33199E-08  6.87954E+04 -1.70613E+03 -3.43298E+02 -3.44907E+02 -7.13105E+02  1.45479E+02  1.25000E+01  3.50000E+00  0.00000E+00  7.12984E-06 -3.54896E-05  4.70196E-08  8.34092E+04  3.33180E+03  1.73477E+03 -9.44834E+01  7.43458E+02 -2.03114E+02  1.25000E+01  3.50000E+00  5.00000E-01  7.13143E-06 -3.54976E-05  1.18702E-16  8.33917E+04  3.29091E+03  1.71725E+03 -2.02177E+01 -7.24788E+02  1.51440E+02
   1.20000E+01  4.00000E+00  1.00000E+00  9.32785E-06 -3.31416E-05 -6.75413E-08  6.78601E+04 -3.29078E+03 -1.87622E+03 -5.14451E+03  7.40171E+02 -1.45479E+02  1.20000E+01  4.00000E+00  5.00000E-01  9.32974E-06 -3.31503E-05  1.10485E-16  6.78783E+04 -3.24834E+03 -1.85804E+03 -5.21833E+03 -7.83803E+02  1.53347E+02  1.20000E+01  3.50000E+00  5.00000E-01  6.96933E-06 -3.30917E-05  1.11176E-16  8.23728E+04  1.62267E+03 -1.07249E+01 -4.81982E+03  7.52297E+02 -1.51440E+02  1.20000E+01  3.50000E+00  1.00000E+00  6.96773E-06 -3.30832E-05 -5.01542E-08  8.23910E+04  1.66511E+03  7.46440E+00 -4.89409E+03 -7.71676E+02  2.03114E+02  1.25000E+01  4.00000E+00  1.00000E+00  9.54399E-06 -3.55444E-05 -6.33199E-08  6.87954E+04 -1.70613E+03 -3.43298E+02 -3.44907E+02  7.13105E+02 -1.45479E+02  1.25000E+01  4.00000E+00  5.00000E-01  9.54588E-06 -3.55525E-05  1.18001E-16  6.88129E+04 -1.66524E+03 -3.25774E+02 -4.18729E+02 -7.55141E+02  1.53347E+02  1.25000E+01  3.50000E+00  5.00000E-01  7.13143E-06 -3.54976E-05  1.18702E-16  8.33917E+04  3.29091E+03  1.71725E+03 -2.02177E+01  7.24788E+02 -1.51440E+02  1.25000E+01  3.50000E+00  1.00000E+00  7.12984E-06 -3.54896E-05 -4.70196E-08  8.34092E+04  3.33180E+03  1.73477E+03 -9.44834E+01 -7.43458E+02  2.03114E+02
   1.25000E+01  5.00000E-01  5.00000E-01 -7.13143E-06 -3.54976E-05  1.22244E-16 -7.70426E+04 -1.50391E+03  4.87379E+01 -4.73927E+03  7.22801E+02  2.03115E+02  1.25000E+01  5.00000E-01  0.00000E+00 -7.12984E-06 -3.54896E-05 -4.70196E-08 -7.70256E+04 -1.46416E+03  6.57746E+01 -4.66500E+03 -7.04649E+02 -1.51440E+02  1.25000E+01  0.00000E+00  0.00000E+00 -9.54399E-06 -3.55444E-05 -6.33199E-08 -6.34689E+04  3.08984E+03  1.78759E+03 -5.06351E+03  7.34160E+02  1.53348E+02  1.25000E+01  0.00000E+00  5.00000E-01 -9.54588E-06 -3.55525E-05  1.22728E-16 -6.34519E+04  3.12959E+03  1.80463E+03 -4.98969E+03 -6.93291E+02 -1.45480E+02  1.30000E+01  5.00000E-01  5.00000E-01 -7.28308E-06 -3.79558E-05  1.29982E-16 -7.80608E+04 -3.17061E+03 -1.67857E+03 -2.49314E+02  6.94583E+02  2.03114E+02  1.30000E+01  5.00000E-01  0.00000E+00 -7.28149E-06 -3.79483E-05 -4.38849E-08 -7.80444E+04 -3.13240E+03 -1.66220E+03 -1.75048E+02 -6.77140E+02 -1.51441E+02  1.30000E+01  0.00000E+00  0.00000E+00 -9.74619E-06 -3.79994E-05 -5.90986E-08 -6.44035E+04  1.50674E+03  2.55326E+02 -5.73560E+02  7.05498E+02  1.53347E+02  1.30000E+01  0.00000E+00  5.00000E-01 -9.74808E-06 -3.80070E-05  1.30519E-16 -6.43872E+04  1.54494E+03  2.71698E+02 -4.99737E+02 -6.66224E+02 -1.45480E+02
   1.25000E+01  5.00000E-01  1.00000E+00 -7.12984E-06 -3.54896E-05  4.70196E-08 -7.70256E+04 -1.46416E+03  6.57746E+01 -4.66500E+03  7.04649E+02  1.51440E+02  1.25000E+01  5.00000E-01  5.00000E-01 -7.13143E-06 -3.54976E-05  1.22244E-16 -7.70426E+04 -1.50391E+03  4.87379E+01 -4.73927E+03 -7.22801E+02 -2.03115E+02  1.25000E+01  0.00000E+00  5.00000E-01 -9.54588E-06 -3.55525E-05  1.22728E-16 -6.34519E+04  3.12959E+03  1.80463E+03 -4.98969E+03  6.93291E+02  1.45480E+02  1.25000E+01  0.00000E+00  1.00000E+00 -9.54399E-06 -3.55444E-05  6.33199E-08 -6.34689E+04  3.08984E+03  1.78759E+03 -5.06351E+03 -7.34160E+02 -1.53348E+02  1.30000E+01  5.00000E-01  1.00000E+00 -7.28149E-06 -3.79483E-05  4.38849E-08 -7.80444E+04 -3.13240E+03 -1.66220E+03 -1.75048E+02  6.77140E+02  1.51441E+02  1.30000E+01  5.00000E-01  5.00000E-01 -7.28308E-06 -3.79558E-05  1.29982E-16 -7.80608E+04 -3.17061E+03 -1.67857E+03 -2.49314E+02 -6.94583E+02 -2.03114E+02  1.30000E+01  0.00000E+00  5.00000E-01 -9.74808E-06 -3.80070E-05  1.30519E-16 -6.43872E+04  1.54494E+03  2.71698E+02 -4.99737E+02  6.66224E+02  1.45480E+02  1.30000E+01  0.00000E+00  1.00000E+00 -9.74619E-06 -3.79994E-05  5.90986E-08 -6.44035E+04  1.50674E+03  2.55326E+02 -5.73560E+02 -7.05498E+02 -1.53347E+02
   1.25000E+01  1.00000E+00  5.00000E-01 -4.74092E-06 -3.54583E-05  1.21726E-16 -5.70429E+04 -1.77981E+03 -4.08721E+02 -8.97939E+03  6.65716E+02  1.26248E+02  1.25000E+01  1.00000E+00  0.00000E+00 -4.73987E-06 -3.54505E-05 -3.13633E-08 -5.70246E+04 -1.73732E+03 -3.90509E+02 -8.88342E+03 -7.05333E+02 -1.32590E+02  1.25000E+01  5.00000E-01  0.00000E+00 -7.12984E-06 -3.54896E-05 -4.70196E-08 -4.33846E+04  2.89853E+03  1.52753E+03 -9.21146E+03  6.77858E+02  1.01977E+02  1.25000E+01  5.00000E-01  5.00000E-01 -7.13143E-06 -3.54976E-05  1.22244E-16 -4.33664E+04  2.94103E+03  1.54574E+03 -9.11596E+03 -6.93192E+02 -1.03334E+02  1.30000E+01  1.00000E+00  5.00000E-01 -4.84201E-06 -3.79191E-05  1.29424E-16 -5.77792E+04 -2.98031E+03 -1.66276E+03 -4.48945E+03  6.39727E+02  1.26248E+02  1.30000E+01  1.00000E+00  0.00000E+00 -4.84097E-06 -3.79118E-05 -2.92724E-08 -5.77617E+04 -2.93948E+03 -1.64526E+03 -4.39347E+03 -6.77797E+02 -1.32590E+02  1.30000E+01  5.00000E-01  0.00000E+00 -7.28149E-06 -3.79483E-05 -4.38849E-08 -4.40407E+04  1.77832E+03  4.60834E+02 -4.72152E+03  6.51394E+02  1.01977E+02  1.30000E+01  5.00000E-01  5.00000E-01 -7.28308E-06 -3.79558E-05  1.29982E-16 -4.40232E+04  1.81916E+03  4.78335E+02 -4.62601E+03 -6.66129E+02 -1.03335E+02
   1.25000E+01  1.00000E+00  1.00000E+00 -4.73987E-06 -3.54505E-05  3.13633E-08 -5.70246E+04 -1.73732E+03 -3.90509E+02 -8.88342E+03  7.05333E+02  1.32590E+02  1.25000E+01  1.00000E+00  5.00000E-01 -4.74092E-06 -3.54583E-05  1.21726E-16 -5.70429E+04 -1.77981E+03 -4.08721E+02 -8.97939E+03 -6.65716E+02 -1.26248E+02  1.25000E+01  5.00000E-01  5.00000E-01 -7.13143E-06 -3.54976E-05  1.22244E-16 -4.33664E+04  2.94103E+03  1.54574E+03 -9.11596E+03  6.93192E+02  1.03334E+02  1.25000E+01  5.00000E-01  1.00000E+00 -7.12984E-06 -3.54896E-05  4.70196E-08 -4.33846E+04  2.89853E+03  1.52753E+03 -9.21146E+03 -6.77858E+02 -1.01977E+02  1.30000E+01  1.00000E+00  1.00000E+00 -4.84097E-06 -3.79118E-05  2.92724E-08 -5.77617E+04 -2.93948E+03 -1.64526E+03 -4.39347E+03  6.77797E+02  1.32590E+02  1.30000E+01  1.00000E+00  5.00000E-01 -4.84201E-06 -3.79191E-05  1.29424E-16 -5.77792E+04 -2.98031E+03 -1.66276E+03 -4.48945E+03 -6.39727E+02 -1.26248E+02  1.30000E+01  5.00000E-01  5.00000E-01 -7.28308E-06 -3.79558E-05  1.29982E-16 -4.40232E+04  1.81916E+03  4.78335E+02 -4.62601E+03  6.66129E+02  1.03335E+02  1.30000E+01  5.00000E-01  1.00000E+00 -7.28149E-06 -3.79483E-05  4.38849E-08 -4.40407E+04  1.77832E+03  4.60834E+02 -4.72152E+03 -6.51394E+02 -1.01977E+02
   1.25000E+01  1.50000E+00  5.00000E-01 -2.36645E-06 -3.54348E-05  1.21184E-16 -3.69498E+04 -1.99068E+03 -6.19958E+02 -1.18133E+04  6.84862E+02  8.32304E+01  1.25000E+01  1.50000E+00  0.00000E+00 -2.36593E-06 -3.54269E-05 -1.56876E-08 -3.69488E+04 -1.98839E+03 -6.18978E+02 -1.17206E+04 -6.87887E+02 -8.28728E+01  1.25000E+01  1.00000E+00  0.00000E+00 -4.73987E-06 -3.54505E-05 -3.13633E-08 -2.32941E+04  2.68513E+03  1.31035E+03 -1.19526E+04  6.85515E+02  5.62849E+01  1.25000E+01  1.00000E+00  5.00000E-01 -4.74092E-06 -3.54583E-05  1.21726E-16 -2.32931E+04  2.68741E+03  1.31133E+03 -1.18599E+04 -6.87233E+02 -5.62257E+01  1.30000E+01  1.50000E+00  5.00000E-01 -2.41700E-06 -3.78971E-05  1.28850E-16 -3.74079E+04 -2.72752E+03 -1.41033E+03 -7.32334E+03  6.58125E+02  8.32304E+01  1.30000E+01  1.50000E+00  0.00000E+00 -2.41648E-06 -3.78898E-05 -1.46417E-08 -3.74070E+04 -2.72533E+03 -1.40939E+03 -7.23061E+03 -6.61031E+02 -8.28727E+01  1.30000E+01  1.00000E+00  0.00000E+00 -4.84097E-06 -3.79118E-05 -2.92724E-08 -2.36718E+04  2.02867E+03  7.07549E+02 -7.46269E+03  6.58753E+02  5.62851E+01  1.30000E+01  1.00000E+00  5.00000E-01 -4.84201E-06 -3.79191E-05  1.29424E-16 -2.36709E+04  2.03087E+03  7.08491E+02 -7.36998E+03 -6.60404E+02 -5.62256E+01
   1.25000E+01  1.50000E+00  1.00000E+00 -2.36593E-06 -3.54269E-05  1.56876E-08 -3.69488E+04 -1.98839E+03 -6.18978E+02 -1.17206E+04  6.87887E+02  8.28728E+01  1.25000E+01  1.50000E+00  5.00000E-01 -2.36645E-06 -3.54348E-05  1.21184E-16 -3.69498E+04 -1.99068E+03 -6.19958E+02 -1.18133E+04 -6.84862E+02 -8.32304E+01  1.25000E+01  1.00000E+00  5.00000E-01 -4.74092E-06 -3.54583E-05  1.21726E-16 -2.32931E+04  2.68741E+03  1.31133E+03 -1.18599E+04  6.87233E+02  5.62257E+01  1.25000E+01  1.00000E+00  1.00000E+00 -4.73987E-06 -3.54505E-05  3.13633E-08 -2.32941E+04  2.68513E+03  1.31035E+03 -1.19526E+04 -6.85515E+02 -5.62849E+01  1.30000E+01  1.50000E+00  1.00000E+00 -2.41648E-06 -3.78898E-05  1.46417E-08 -3.74070E+04 -2.72533E+03 -1.40939E+03 -7.23061E+03  6.61031E+02  8.28727E+01  1.30000E+01  1.50000E+00  5.00000E-01 -2.41700E-06 -3.78971E-05  1.28850E-16 -3.74079E+04 -2.72752E+03 -1.41033E+03 -7.32334E+03 -6.58125E+02 -8.32304E+01  1.30000E+01  1.00000E+00  5.00000E-01 -4.84201E-06 -3.79191E-05  1.29424E-16 -2.36709E+04  2.03087E+03  7.08491E+02 -7.36998E+03  6.60404E+02  5.62256E+01  1.30000E+01  1.00000E+00  1.00000E+00 -4.84097E-06 -3.79118E-05  2.92724E-08 -2.36718E+04  2.02867E+03  7.07549E+02 -7.46269E+03 -6.58753E+02 -5.62851E+01
   1.25000E+01  2.00000E+00  5.00000E-01  1.33408E-20 -3.54269E-05  1.20609E-16 -1.68672E+04 -2.22077E+03 -8.47154E+02 -1.32543E+04  6.87128E+02  3.66121E+01  1.25000E+01  2.00000E+00  0.00000E+00  7.62031E-18 -3.54191E-05  1.20619E-16 -1.68674E+04 -2.22123E+03 -8.47348E+02 -1.31614E+04 -6.86661E+02 -3.66515E+01  1.25000E+01  1.50000E+00  0.00000E+00 -2.36593E-06 -3.54269E-05 -1.56876E-08 -3.21304E+03  2.45348E+03  1.07952E+03 -1.33007E+04  6.86998E+02  9.81017E+00  1.25000E+01  1.50000E+00  5.00000E-01 -2.36645E-06 -3.54348E-05  1.21184E-16 -3.21323E+03  2.45302E+03  1.07932E+03 -1.32078E+04 -6.86791E+02 -9.82075E+00  1.30000E+01  2.00000E+00  5.00000E-01  1.97994E-20 -3.78898E-05  1.28253E-16 -1.70468E+04 -2.49324E+03 -1.17325E+03 -8.76434E+03  6.60302E+02  3.66122E+01  1.30000E+01  2.00000E+00  0.00000E+00  7.70572E-18 -3.78825E-05  1.28266E-16 -1.70470E+04 -2.49367E+03 -1.17344E+03 -8.67144E+03 -6.59854E+02 -3.66514E+01  1.30000E+01  1.50000E+00  0.00000E+00 -2.41648E-06 -3.78898E-05 -1.46417E-08 -3.31216E+03  2.26146E+03  9.41139E+02 -8.81079E+03  6.60178E+02  9.81021E+00  1.30000E+01  1.50000E+00  5.00000E-01 -2.41700E-06 -3.78971E-05  1.28850E-16 -3.31234E+03  2.26103E+03  9.40952E+02 -8.71789E+03 -6.59978E+02 -9.82071E+00
   1.25000E+01  2.00000E+00  1.00000E+00 -7.59209E-18 -3.54191E-05  1.20620E-16 -1.68674E+04 -2.22123E+03 -8.47348E+02 -1.31614E+04  6.86661E+02  3.66515E+01  1.25000E+01  2.00000E+00  5.00000E-01  1.33408E-20 -3.54269E-05  1.20609E-16 -1.68672E+04 -2.22077E+03 -8.47154E+02 -1.32543E+04 -6.87128E+02 -3.66121E+01  1.25000E+01  1.50000E+00  5.00000E-01 -2.36645E-06 -3.54348E-05  1.21184E-16 -3.21323E+03  2.45302E+03  1.07932E+03 -1.32078E+04  6.86791E+02  9.82075E+00  1.25000E+01  1.50000E+00  1.00000E+00 -2.36593E-06 -3.54269E-05  1.56876E-08 -3.21304E+03  2.45348E+03  1.07952E+03 -1.33007E+04 -6.86998E+02 -9.81017E+00  1.30000E+01  2.00000E+00  1.00000E+00 -7.66808E-18 -3.78825E-05  1.28264E-16 -1.70470E+04 -2.49367E+03 -1.17344E+03 -8.67144E+03  6.59854E+02  3.66514E+01  1.30000E+01  2.00000E+00  5.00000E-01  1.97994E-20 -3.78898E-05  1.28253E-16 -1.70468E+04 -2.49324E+03 -1.17325E+03 -8.76434E+03 -6.60302E+02 -3.66122E+01  1.30000E+01  1.50000E+00  5.00000E-01 -2.41700E-06 -3.78971E-05  1.28850E-16 -3.31234E+03  2.26103E+03  9.40952E+02 -8.71789E+03  6.59978E+02  9.82071E+00  1.30000E+01  1.50000E+00  1.00000E+00 -2.41648E-06 -3.78898E-05  1.46417E-08 -3.31216E+03  2.26146E+03  9.41139E+02 -8.81079E+03 -6.60178E+02 -9.81021E+00
   1.25000E+01  2.50000E+00  5.00000E-01  2.36645E-06 -3.54348E-05  1.20005E-16  3.21304E+03 -2.45348E+03 -1.07952E+03 -1.33007E+04  6.86998E+02 -9.81017E+00  1.25000E+01  2.50000E+00  0.00000E+00  2.36593E-06 -3.54269E-05  1.56876E-08  3.21323E+03 -2.45302E+03 -1.07932E+03 -1.32078E+04 -6.86791E+02  9.82075E+00  1.25000E+01  2.00000E+00  0.00000E+00  7.62031E-18 -3.54191E-05  1.20619E-16  1.68672E+04  2.22077E+03  8.47154E+02 -1.32543E+04  6.87128E+02 -3.66121E+01  1.25000E+01  2.00000E+00  5.00000E-01  1.33408E-20 -3.54269E-05  1.20609E-16  1.68674E+04  2.22123E+03  8.47348E+02 -1.31614E+04 -6.86661E+02  3.66515E+01  1.30000E+01  2.50000E+00  5.00000E-01  2.41700E-06 -3.78971E-05  1.27638E-16  3.31216E+03 -2.26146E+03 -9.41139E+02 -8.81079E+03  6.60178E+02 -9.81021E+00  1.30000E+01  2.50000E+00  0.00000E+00  2.41648E-06 -3.78898E-05  1.46417E-08  3.31234E+03 -2.26103E+03 -9.40952E+02 -8.71789E+03 -6.59978E+02  9.82071E+00  1.30000E+01  2.00000E+00  0.00000E+00  7.70572E-18 -3.78825E-05  1.28266E-16  1.70468E+04  2.49324E+03  1.17325E+03 -8.76434E+03  6.60302E+02 -3.66122E+01  1.30000E+01  2.00000E+00  5.00000E-01  1.97994E-20 -3.78898E-05  1.28253E-16  1.70470E+04  2.49367E+03  1.17344E+03 -8.67144E+03 -6.59854E+02  3.66514E+01
   1.25000E+01  2.50000E+00  1.00000E+00  2.36593E-06 -3.54269E-05 -1.56876E-08  3.21323E+03 -2.45302E+03 -1.07932E+03 -1.32078E+04  6.86791E+02 -9.82075E+00  1.25000E+01  2.50000E+00  5.00000E-01  2.36645E-06 -3.54348E-05  1.20005E-16  3.21304E+03 -2.45348E+03 -1.07952E+03 -1.33007E+04 -6.86998E+02  9.81017E+00  1.25000E+01  2.00000E+00  5.00000E-01  1.33408E-20 -3.54269E-05  1.20609E-16  1.68674E+04  2.22123E+03  8.47348E+02 -1.31614E+04  6.86661E+02 -3.66515E+01  1.25000E+01  2.00000E+00  1.00000E+00 -7.59209E-18 -3.54191E-05  1.20620E-16  1.68672E+04  2.22077E+03  8.47154E+02 -1.32543E+04 -6.87128E+02  3.66121E+01  1.30000E+01  2.50000E+00  1.00000E+00  2.41648E-06 -3.78898E-05 -1.46417E-08  3.31234E+03 -2.26103E+03 -9.40952E+02 -8.71789E+03  6.59978E+02 -9.82071E+00  1.30000E+01  2.50000E+00  5.00000E-01  2.41700E-06 -3.78971E-05  1.27638E-16  3.31216E+03 -2.26146E+03 -9.41139E+02 -8.81079E+03 -6.60178E+02  9.81021E+00  1.30000E+01  2.00000E+00  5.00000E-01  1.97994E-20 -3.78898E-05  1.28253E-16  1.70470E+04  2.49367E+03  1.17344E+03 -8.67144E+03  6.59854E+02 -3.66514E+01  1.30000E+01  2.00000E+00  1.00000E+00 -7.66808E-18 -3.78825E-05  1.28264E-16  1.70468E+04  2.49324E+03  1.17325E+03 -8.76434E+03 -6.60302E+02  3.66122E+01
   1.25000E+01  3.00000E+00  5.00000E-01  4.74092E-06 -3.54583E-05  1.19373E-16  2.32941E+04 -2.68513E+03 -1.31035E+03 -1.19526E+04  6.85515E+02 -5.62849E+01  1.25000E+01  3.00000E+00  0.00000E+00  4.73987E-06 -3.54505E-05  3.13633E-08  2.32931E+04 -2.68741E+03 -1.31133E+03 -1.18599E+04 -6.87233E+02  5.62257E+01  1.25000E+01  2.50000E+00  0.00000E+00  2.36593E-06 -3.54269E-05  1.56876E-08  3.69498E+04  1.99068E+03  6.19958E+02 -1.18133E+04  6.84862E+02 -8.32304E+01  1.25000E+01  2.50000E+00  5.00000E-01  2.36645E-06 -3.54348E-05  1.20005E-16  3.69488E+04  1.98839E+03  6.18978E+02 -1.17206E+04 -6.87887E+02  8.28728E+01  1.30000E+01  3.00000E+00  5.00000E-01  4.84201E-06 -3.79191E-05  1.26990E-16  2.36718E+04 -2.02867E+03 -7.07549E+02 -7.46269E+03  6.58753E+02 -5.62851E+01  1.30000E+01  3.00000E+00  0.00000E+00  4.84097E-06 -3.79118E-05  2.92724E-08  2.36709E+04 -2.03087E+03 -7.08491E+02 -7.36998E+03 -6.60404E+02  5.62256E+01  1.30000E+01  2.50000E+00  0.00000E+00  2.41648E-06 -3.78898E-05  1.46417E-08  3.74079E+04  2.72752E+03  1.41033E+03 -7.32334E+03  6.58125E+02 -8.32304E+01  1.30000E+01  2.50000E+00  5.00000E-01  2.41700E-06 -3.78971E-05  1.27638E-16  3.74070E+04  2.72533E+03  1.40939E+03 -7.23061E+03 -6.61031E+02  8.28727E+01
   1.25000E+01  3.00000E+00  1.00000E+00  4.73987E-06 -3.54505E-05 -3.13633E-08  2.32931E+04 -2.68741E+03 -1.31133E+03 -1.18599E+04  6.87233E+02 -5.62257E+01  1.25000E+01  3.00000E+00  5.00000E-01  4.74092E-06 -3.54583E-05  1.19373E-16  2.32941E+04 -2.68513E+03 -1.31035E+03 -1.19526E+04 -6.85515E+02  5.62849E+01  1.25000E+01  2.50000E+00  5.00000E-01  2.36645E-06 -3.54348E-05  1.20005E-16  3.69488E+04  1.98839E+03  6.18978E+02 -1.17206E+04  6.87887E+02 -8.28728E+01  1.25000E+01  2.50000E+00  1.00000E+00  2.36593E-06 -3.54269E-05 -1.56876E-08  3.69498E+04  1.99068E+03  6.19958E+02 -1.18133E+04 -6.84862E+02  8.32304E+01  1.30000E+01  3.00000E+00  1.00000E+00  4.84097E-06 -3.79118E-05 -2.92724E-08  2.36709E+04 -2.03087E+03 -7.08491E+02 -7.36998E+03  6.60404E+02 -5.62256E+01  1.30000E+01  3.00000E+00  5.00000E-01  4.84201E-06 -3.79191E-05  1.26990E-16  2.36718E+04 -2.02867E+03 -7.07549E+02 -7.46269E+03 -6.58753E+02  5.62851E+01  1.30000E+01  2.50000E+00  5.00000E-01  2.41700E-06 -3.78971E-05  1.27638E-16  3.74070E+04  2.72533E+03  1.40939E+03 -7.23061E+03  6.61031E+02 -8.28727E+01  1.30000E+01  2.50000E+00  1.00000E+00  2.41648E-06 -3.78898E-05 -1.46417E-08  3.74079E+04  2.72752E+03  1.41033E+03 -7.32334E+03 -6.58125E+02  8.32304E+01
   1.25000E+01  3.50000E+00  5.00000E-01  7.13143E-06 -3.54976E-05  1.18702E-16  4.33846E+04 -2.89853E+03 -1.52753E+03 -9.21146E+03  6.77858E+02 -1.01977E+02  1.25000E+01  3.50000E+00  0.00000E+00  7.12984E-06 -3.54896E-05  4.70196E-08  4.33664E+04 -2.94103E+03 -1.54574E+03 -9.11596E+03 -6.93192E+02  1.03334E+02  1.25000E+01  3.00000E+00  0.00000E+00  4.73987E-06 -3.54505E-05  3.13633E-08  5.70429E+04  1.77981E+03  4.08721E+02 -8.97939E+03  6.65716E+02 -1.26248E+02  1.25000E+01  3.00000E+00  5.00000E-01  4.74092E-06 -3.54583E-05  1.19373E-16  5.70246E+04  1.73732E+03  3.90509E+02 -8.88342E+03 -7.05333E+02  1.32590E+02  1.30000E+01  3.50000E+00  5.00000E-01  7.28308E-06 -3.79558E-05  1.26303E-16  4.40407E+04 -1.77832E+03 -4.60834E+02 -4.72152E+03  6.51394E+02 -1.01977E+02  1.30000E+01  3.50000E+00  0.00000E+00  7.28149E-06 -3.79483E-05  4.38849E-08  4.40232E+04 -1.81916E+03 -4.78335E+02 -4.62601E+03 -6.66129E+02  1.03335E+02  1.30000E+01  3.00000E+00  0.00000E+00  4.84097E-06 -3.79118E-05  2.92724E-08  5.77792E+04  2.98031E+03  1.66276E+03 -4.48945E+03  6.39727E+02 -1.26248E+02  1.30000E+01  3.00000E+00  5.00000E-01  4.84201E-06 -3.79191E-05  1.26990E-16  5.77617E+04  2.93948E+03  1.64526E+03 -4.39347E+03 -6.77797E+02  1.32590E+02
   1.25000E+01  3.50000E+00  1.00000E+00  7.12984E-06 -3.54896E-05 -4.70196E-08  4.33664E+04 -2.94103E+03 -1.54574E+03 -9.11596E+03  6.93192E+02 -1.03334E+02  1.25000E+01  3.50000E+00  5.00000E-01  7.13143E-06 -3.54976E-05  1.18702E-16  4.33846E+04 -2.89853E+03 -1.52753E+03 -9.21146E+03 -6.77858E+02  1.01977E+02  1.25000E+01  3.00000E+00  5.00000E-01  4.74092E-06 -3.54583E-05  1.19373E-16  5.70246E+04  1.73732E+03  3.90509E+02 -8.88342E+03  7.05333E+02 -1.32590E+02  1.25000E+01  3.00000E+00  1.00000E+00  4.73987E-06 -3.54505E-05 -3.13633E-08  5.70429E+04  1.77981E+03  4.08721E+02 -8.97939E+03 -6.65716E+02  1.26248E+02  1.30000E+01  3.50000E+00  1.00000E+00  7.28149E-06 -3.79483E-05 -4.38849E-08  4.40232E+04 -1.81916E+03 -4.78335E+02 -4.62601E+03  6.66129E+02 -1.03335E+02  1.30000E+01  3.50000E+00  5.00000E-01  7.28308E-06 -3.79558E-05  1.26303E-16  4.40407E+04 -1.77832E+03 -4.60834E+02 -4.72152E+03 -6.51394E+02  1.01977E+02  1.30000E+01  3.00000E+00  5.00000E-01  4.84201E-06 -3.79191E-05  1.26990E-16  5.77617E+04  2.93948E+03  1.64526E+03 -4.39347E+03  6.77797E+02 -1.32590E+02  1.30000E+01  3.00000E+00  1.00000E+00  4.84097E-06 -3.79118E-05 -2.92724E-08  5.77792E+04  2.98031E+03  1.66276E+03 -4.48945E+03 -6.39727E+02  1.26248E+02
   1.25000E+01  4.00000E+00  5.00000E-01  9.54588E-06 -3.55525E-05  1.18001E-16  6.34689E+04 -3.08984E+03 -1.78759E+03 -5.06351E+03  7.34160E+02 -1.53348E+02  1.25000E+01  4.00000E+00  0.00000E+00  9.54399E-06 -3.55444E-05  6.33199E-08  6.34519E+04 -3.12959E+03 -1.80463E+03 -4.98969E+03 -6.93291E+02  1.45480E+02  1.25000E+01  3.50000E+00  0.00000E+00  7.12984E-06 -3.54896E-05  4.70196E-08  7.70426E+04  1.50391E+03 -4.87379E+01 -4.73927E+03  7.22801E+02 -2.03115E+02  1.25000E+01  3.50000E+00  5.00000E-01  7.13143E-06 -3.54976E-05  1.18702E-16  7.70256E+04  1.46416E+03 -6.57746E+01 -4.66500E+03 -7.04649E+02  1.51440E+02  1.30000E+01  4.00000E+00  5.00000E-01  9.74808E-06 -3.80070E-05  1.25581E-16  6.44035E+04 -1.50674E+03 -2.55326E+02 -5.73560E+02  7.05498E+02 -1.53347E+02  1.30000E+01  4.00000E+00  0.00000E+00  9.74619E-06 -3.79994E-05  5.90986E-08  6.43872E+04 -1.54494E+03 -2.71698E+02 -4.99737E+02 -6.66224E+02  1.45480E+02  1.30000E+01  3.50000E+00  0.00000E+00  7.28149E-06 -3.79483E-05  4.38849E-08  7.80608E+04  3.17061E+03  1.67857E+03 -2.49314E+02  6.94583E+02 -2.03114E+02  1.30000E+01  3.50000E+00  5.00000E-01  7.28308E-06 -3.79558E-05  1.26303E-16  7.80444E+04  3.13240E+03  1.66220E+03 -1.75048E+02 -6.77140E+02  1.51441E+02
   1.25000E+01  4.00000E+00  1.00000E+00  9.54399E-06 -3.55444E-05 -6.33199E-08  6.34519E+04 -3.12959E+03 -1.80463E+03 -4.98969E+03  6.93291E+02 -1.45480E+02  1.25000E+01  4.00000E+00  5.00000E-01  9.54588E-06 -3.55525E-05  1.18001E-16  6.34689E+04 -3.08984E+03 -1.78759E+03 -5.06351E+03 -7.34160E+02  1.53348E+02  1.25000E+01  3.50000E+00  5.00000E-01  7.13143E-06 -3.54976E-05  1.18702E-16  7.70256E+04  1.46416E+03 -6.57746E+01 -4.66500E+03  7.04649E+02 -1.51440E+02  1.25000E+01  3.50000E+00  1.00000E+00  7.12984E-06 -3.54896E-05 -4.70196E-08  7.70426E+04  1.50391E+03 -4.87379E+01 -4.73927E+03 -7.22801E+02  2.03115E+02  1.30000E+01  4.00000E+00  1.00000E+00  9.74619E-06 -3.79994E-05 -5.90986E-08  6.43872E+04 -1.54494E+03 -2.71698E+02 -4.99737E+02  6.66224E+02 -1.45480E+02  1.30000E+01  4.00000E+00  5.00000E-01  9.74808E-06 -3.80070E-05  1.25581E-16  6.44035E+04 -1.50674E+03 -2.55326E+02 -5.73560E+02 -7.05498E+02  1.53347E+02  1.30000E+01  3.50000E+00  5.00000E-01  7.28308E-06 -3.79558E-05  1.26303E-16  7.80444E+04  3.13240E+03  1.66220E+03 -1.75048E+02  6.77140E+02 -1.51441E+02  1.30000E+01  3.50000E+00  1.00000E+00  7.28149E-06 -3.79483E-05 -4.38849E-08  7.80608E+04  3.17061E+03  1.67857E+03 -2.49314E+02 -6.94583E+02  2.03114E+02
   1.30000E+01  5.00000E-01  5.00000E-01 -7.28308E-06 -3.79558E-05  1.29982E-16 -7.16942E+04 -1.34271E+03  1.04944E+02 -4.58445E+03  6.73926E+02  2.03117E+02  1.30000E+01  5.00000E-01  0.00000E+00 -7.28149E-06 -3.79483E-05 -4.38849E-08 -7.16783E+04 -1.30565E+03  1.20827E+02 -4.51019E+03 -6.57001E+02 -1.51441E+02  1.30000E+01  0.00000E+00  0.00000E+00 -9.74619E-06 -3.79994E-05 -5.90986E-08 -5.90595E+04  2.93134E+03  1.71714E+03 -4.90870E+03  6.84516E+02  1.53349E+02  1.30000E+01  0.00000E+00  5.00000E-01 -9.74808E-06 -3.80070E-05  1.30519E-16 -5.90436E+04  2.96841E+03  1.73303E+03 -4.83487E+03 -6.46410E+02 -1.45480E+02  1.35000E+01  5.00000E-01  5.00000E-01 -7.42427E-06 -4.04627E-05  1.37785E-16 -7.27124E+04 -3.00941E+03 -1.62238E+03 -4.04158E+02  6.45707E+02  2.03115E+02  1.35000E+01  5.00000E-01  0.00000E+00 -7.42268E-06 -4.04558E-05 -4.07503E-08 -7.26972E+04 -2.97389E+03 -1.60716E+03 -3.29890E+02 -6.29491E+02 -1.51443E+02  1.35000E+01  0.00000E+00  0.00000E+00 -9.93444E-06 -4.05032E-05 -5.48772E-08 -5.99941E+04  1.34824E+03  1.84873E+02 -7.28404E+02  6.55855E+02  1.53347E+02  1.35000E+01  0.00000E+00  5.00000E-01 -9.93633E-06 -4.05103E-05  1.38359E-16 -5.99789E+04  1.38375E+03  2.00092E+02 -6.54579E+02 -6.19343E+02 -1.45482E+02
   1.30000E+01  5.00000E-01  1.00000E+00 -7.28149E-06 -3.79483E-05  4.38849E-08 -7.16783E+04 -1.30565E+03  1.20827E+02 -4.51019E+03  6.57001E+02  1.51441E+02  1.30000E+01  5.00000E-01  5.00000E-01 -7.28308E-06 -3.79558E-05  1.29982E-16 -7.16942E+04 -1.34271E+03  1.04944E+02 -4.58445E+03 -6.73926E+02 -2.03117E+02  1.30000E+01  0.00000E+00  5.00000E-01 -9.74808E-06 -3.80070E-05  1.30519E-16 -5.90436E+04  2.96841E+03  1.73303E+03 -4.83487E+03  6.46410E+02  1.45480E+02  1.30000E+01  0.00000E+00  1.00000E+00 -9.74619E-06 -3.79994E-05  5.90986E-08 -5.90595E+04  2.93134E+03  1.71714E+03 -4.90870E+03 -6.84516E+02 -1.53349E+02  1.35000E+01  5.00000E-01  1.00000E+00 -7.42268E-06 -4.04558E-05  4.07503E-08 -7.26972E+04 -2.97389E+03 -1.60716E+03 -3.29890E+02  6.29491E+02  1.51443E+02  1.35000E+01  5.00000E-01  5.00000E-01 -7.42427E-06 -4.04627E-05  1.37785E-16 -7.27124E+04 -3.00941E+03 -1.62238E+03 -4.04158E+02 -6.45707E+02 -2.03115E+02  1.35000E+01  0.00000E+00  5.00000E-01 -9.93633E-06 -4.05103E-05  1.38359E-16 -5.99789E+04  1.38375E+03  2.00092E+02 -6.54579E+02  6.19343E+02  1.45482E+02  1.35000E+01  0.00000E+00  1.00000E+00 -9.93444E-06 -4.05032E-05  5.48772E-08 -5.99941E+04  1.34824E+03  1.84873E+02 -7.28404E+02 -6.55855E+02 -1.53347E+02
   1.30000E+01  1.00000E+00  5.00000E-01 -4.84201E-06 -3.79191E-05  1.29424E-16 -5.30835E+04 -1.61565E+03 -3.37287E+02 -8.82459E+03  6.20700E+02  1.26248E+02  1.30000E+01  1.00000E+00  0.00000E+00 -4.84097E-06 -3.79118E-05 -2.92724E-08 -5.30665E+04 -1.57603E+03 -3.20307E+02 -8.72861E+03 -6.57639E+02 -1.32590E+02  1.30000E+01  5.00000E-01  0.00000E+00 -7.28149E-06 -3.79483E-05 -4.38849E-08 -4.03700E+04  2.73727E+03  1.45896E+03 -9.05665E+03  6.32021E+02  1.01977E+02  1.30000E+01  5.00000E-01  5.00000E-01 -7.28308E-06 -3.79558E-05  1.29982E-16 -4.03530E+04  2.77690E+03  1.47594E+03 -8.96115E+03 -6.46318E+02 -1.03335E+02  1.35000E+01  1.00000E+00  5.00000E-01 -4.93614E-06 -4.04287E-05  1.37198E-16 -5.38198E+04 -2.81613E+03 -1.59132E+03 -4.64430E+03  5.94710E+02  1.26248E+02  1.35000E+01  1.00000E+00  0.00000E+00 -4.93510E-06 -4.04219E-05 -2.71815E-08 -5.38036E+04 -2.77817E+03 -1.57505E+03 -4.54832E+03 -6.30102E+02 -1.32591E+02  1.35000E+01  5.00000E-01  0.00000E+00 -7.42268E-06 -4.04558E-05 -4.07503E-08 -4.10260E+04  1.61709E+03  3.92272E+02 -4.87636E+03  6.05556E+02  1.01977E+02  1.35000E+01  5.00000E-01  5.00000E-01 -7.42427E-06 -4.04627E-05  1.37785E-16 -4.10098E+04  1.65505E+03  4.08541E+02 -4.78086E+03 -6.19255E+02 -1.03334E+02
   1.30000E+01  1.00000E+00  1.00000E+00 -4.84097E-06 -3.79118E-05  2.92724E-08 -5.30665E+04 -1.57603E+03 -3.20307E+02 -8.72861E+03  6.57639E+02  1.32590E+02  1.30000E+01  1.00000E+00  5.00000E-01 -4.84201E-06 -3.79191E-05  1.29424E-16 -5.30835E+04 -1.61565E+03 -3.37287E+02 -8.82459E+03 -6.20700E+02 -1.26248E+02  1.30000E+01  5.00000E-01  5.00000E-01 -7.28308E-06 -3.79558E-05  1.29982E-16 -4.03530E+04  2.77690E+03  1.47594E+03 -8.96115E+03  6.46318E+02  1.03335E+02  1.30000E+01  5.00000E-01  1.00000E+00 -7.28149E-06 -3.79483E-05  4.38849E-08 -4.03700E+04  2.73727E+03  1.45896E+03 -9.05665E+03 -6.32021E+02 -1.01977E+02  1.35000E+01  1.00000E+00  1.00000E+00 -4.93510E-06 -4.04219E-05  2.71815E-08 -5.38036E+04 -2.77817E+03 -1.57505E+03 -4.54832E+03  6.30102E+02  1.32591E+02  1.35000E+01  1.00000E+00  5.00000E-01 -4.93614E-06 -4.04287E-05  1.37198E-16 -5.38198E+04 -2.81613E+03 -1.59132E+03 -4.64430E+03 -5.94710E+02 -1.26248E+02  1.35000E+01  5.00000E-01  5.00000E-01 -7.42427E-06 -4.04627E-05  1.37785E-16 -4.10098E+04  1.65505E+03  4.08541E+02 -4.78086E+03  6.19255E+02  1.03334E+02  1.35000E+01  5.00000E-01  1.00000E+00 -7.42268E-06 -4.04558E-05  4.07503E-08 -4.10260E+04  1.61709E+03  3.92272E+02 -4.87636E+03 -6.05556E+02 -1.01977E+02
   1.30000E+01  1.50000E+00  5.00000E-01 -2.41700E-06 -3.78971E-05  1.28850E-16 -3.43857E+04 -1.82796E+03 -5.49952E+02 -1.16585E+04  6.38552E+02  8.32299E+01  1.30000E+01  1.50000E+00  0.00000E+00 -2.41648E-06 -3.78898E-05 -1.46417E-08 -3.43848E+04 -1.82583E+03 -5.49038E+02 -1.15657E+04 -6.41372E+02 -8.28727E+01  1.30000E+01  1.00000E+00  0.00000E+00 -4.84097E-06 -3.79118E-05 -2.92724E-08 -2.16746E+04  2.52261E+03  1.24076E+03 -1.17978E+04  6.39161E+02  5.62844E+01  1.30000E+01  1.00000E+00  5.00000E-01 -4.84201E-06 -3.79191E-05  1.29424E-16 -2.16737E+04  2.52474E+03  1.24168E+03 -1.17051E+04 -6.40763E+02 -5.62256E+01  1.35000E+01  1.50000E+00  5.00000E-01 -2.46406E-06 -4.04083E-05  1.36597E-16 -3.48439E+04 -2.56477E+03 -1.34031E+03 -7.47817E+03  6.11815E+02  8.32303E+01  1.35000E+01  1.50000E+00  0.00000E+00 -2.46354E-06 -4.04015E-05 -1.35959E-08 -3.48430E+04 -2.56273E+03 -1.33944E+03 -7.38544E+03 -6.14516E+02 -8.28723E+01  1.35000E+01  1.00000E+00  0.00000E+00 -4.93510E-06 -4.04219E-05 -2.71815E-08 -2.20523E+04  1.86618E+03  6.37979E+02 -7.61750E+03  6.12398E+02  5.62850E+01  1.35000E+01  1.00000E+00  5.00000E-01 -4.93614E-06 -4.04287E-05  1.37198E-16 -2.20515E+04  1.86822E+03  6.38853E+02 -7.52479E+03 -6.13933E+02 -5.62250E+01
   1.30000E+01  1.50000E+00  1.00000E+00 -2.41648E-06 -3.78898E-05  1.46417E-08 -3.43848E+04 -1.82583E+03 -5.49038E+02 -1.15657E+04  6.41372E+02  8.28727E+01  1.30000E+01  1.50000E+00  5.00000E-01 -2.41700E-06 -3.78971E-05  1.28850E-16 -3.43857E+04 -1.82796E+03 -5.49952E+02 -1.16585E+04 -6.38552E+02 -8.32299E+01  1.30000E+01  1.00000E+00  5.00000E-01 -4.84201E-06 -3.79191E-05  1.29424E-16 -2.16737E+04  2.52474E+03  1.24168E+03 -1.17051E+04  6.40763E+02  5.62256E+01  1.30000E+01  1.00000E+00  1.00000E+00 -4.84097E-06 -3.79118E-05  2.92724E-08 -2.16746E+04  2.52261E+03  1.24076E+03 -1.17978E+04 -6.39161E+02 -5.62844E+01  1.35000E+01  1.50000E+00  1.00000E+00 -2.46354E-06 -4.04015E-05  1.35959E-08 -3.48430E+04 -2.56273E+03 -1.33944E+03 -7.38544E+03  6.14516E+02  8.28723E+01  1.35000E+01  1.50000E+00  5.00000E-01 -2.46406E-06 -4.04083E-05  1.36597E-16 -3.48439E+04 -2.56477E+03 -1.34031E+03 -7.47817E+03 -6.11815E+02 -8.32303E+01  1.35000E+01  1.00000E+00  5.00000E-01 -4.93614E-06 -4.04287E-05  1.37198E-16 -2.20515E+04  1.86822E+03  6.38853E+02 -7.52479E+03  6.13933E+02  5.62250E+01  1.35000E+01  1.00000E+00  1.00000E+00 -4.93510E-06 -4.04219E-05  2.71815E-08 -2.20523E+04  1.86618E+03  6.37979E+02 -7.61750E+03 -6.12398E+02 -5.62850E+01
   1.30000E+01  2.00000E+00  5.00000E-01  1.97994E-20 -3.78898E-05  1.28253E-16 -1.56978E+04 -2.05822E+03 -7.77493E+02 -1.30994E+04  6.40665E+02  3.66116E+01  1.30000E+01  2.00000E+00  0.00000E+00  7.70572E-18 -3.78825E-05  1.28266E-16 -1.56980E+04 -2.05864E+03 -7.77674E+02 -1.30065E+04 -6.40229E+02 -3.66514E+01  1.30000E+01  1.50000E+00  0.00000E+00 -2.41648E-06 -3.78898E-05 -1.46417E-08 -2.98804E+03  2.29091E+03  1.00985E+03 -1.31459E+04  6.40544E+02  9.81004E+00  1.30000E+01  1.50000E+00  5.00000E-01 -2.41700E-06 -3.78971E-05  1.28850E-16 -2.98822E+03  2.29049E+03  1.00966E+03 -1.30530E+04 -6.40351E+02 -9.82071E+00  1.35000E+01  2.00000E+00  5.00000E-01  2.27640E-20 -4.04015E-05  1.35979E-16 -1.58773E+04 -2.33067E+03 -1.10358E+03 -8.91914E+03  6.13840E+02  3.66121E+01  1.35000E+01  2.00000E+00  0.00000E+00  7.77423E-18 -4.03947E-05  1.35989E-16 -1.58775E+04 -2.33107E+03 -1.10375E+03 -8.82624E+03 -6.13422E+02 -3.66509E+01  1.35000E+01  1.50000E+00  0.00000E+00 -2.46354E-06 -4.04015E-05 -1.35959E-08 -3.08715E+03  2.09891E+03  8.71472E+02 -8.96558E+03  6.13724E+02  9.81018E+00  1.35000E+01  1.50000E+00  5.00000E-01 -2.46406E-06 -4.04083E-05  1.36597E-16 -3.08732E+03  2.09850E+03  8.71298E+02 -8.87268E+03 -6.13539E+02 -9.82057E+00
   1.30000E+01  2.00000E+00  1.00000E+00 -7.66808E-18 -3.78825E-05  1.28264E-16 -1.56980E+04 -2.05864E+03 -7.77674E+02 -1.30065E+04  6.40229E+02  3.66514E+01  1.30000E+01  2.00000E+00  5.00000E-01  1.97994E-20 -3.78898E-05  1.28253E-16 -1.56978E+04 -2.05822E+03 -7.77493E+02 -1.30994E+04 -6.40665E+02 -3.66116E+01  1.30000E+01  1.50000E+00  5.00000E-01 -2.41700E-06 -3.78971E-05  1.28850E-16 -2.98822E+03  2.29049E+03  1.00966E+03 -1.30530E+04  6.40351E+02  9.82071E+00  1.30000E+01  1.50000E+00  1.00000E+00 -2.41648E-06 -3.78898E-05  1.46417E-08 -2.98804E+03  2.29091E+03  1.00985E+03 -1.31459E+04 -6.40544E+02 -9.81004E+00  1.35000E+01  2.00000E+00  1.00000E+00 -7.72785E-18 -4.03947E-05  1.35985E-16 -1.58775E+04 -2.33107E+03 -1.10375E+03 -8.82624E+03  6.13422E+02  3.66509E+01  1.35000E+01  2.00000E+00  5.00000E-01  2.27640E-20 -4.04015E-05  1.35979E-16 -1.58773E+04 -2.33067E+03 -1.10358E+03 -8.91914E+03 -6.13840E+02 -3.66121E+01  1.35000E+01  1.50000E+00  5.00000E-01 -2.46406E-06 -4.04083E-05  1.36597E-16 -3.08732E+03  2.09850E+03  8.71298E+02 -8.87268E+03  6.13539E+02  9.82057E+00  1.35000E+01  1.50000E+00  1.00000E+00 -2.46354E-06 -4.04015E-05  1.35959E-08 -3.08715E+03  2.09891E+03  8.71472E+02 -8.96558E+03 -6.13724E+02 -9.81018E+00
   1.30000E+01  2.50000E+00  5.00000E-01  2.41700E-06 -3.78971E-05  1.27638E-16  2.98804E+03 -2.29091E+03 -1.00985E+03 -1.31459E+04  6.40544E+02 -9.81004E+00  1.30000E+01  2.50000E+00  0.00000E+00  2.41648E-06 -3.78898E-05  1.46417E-08  2.98822E+03 -2.29049E+03 -1.00966E+03 -1.30530E+04 -6.40351E+02  9.82071E+00  1.30000E+01  2.00000E+00  0.00000E+00  7.70572E-18 -3.78825E-05  1.28266E-16  1.56978E+04  2.05822E+03  7.77493E+02 -1.30994E+04  6.40665E+02 -3.66116E+01  1.30000E+01  2.00000E+00  5.00000E-01  1.97994E-20 -3.78898E-05  1.28253E-16  1.56980E+04  2.05864E+03  7.77674E+02 -1.30065E+04 -6.40229E+02  3.66514E+01  1.35000E+01  2.50000E+00  5.00000E-01  2.46406E-06 -4.04083E-05  1.35350E-16  3.08715E+03 -2.09891E+03 -8.71472E+02 -8.96558E+03  6.13724E+02 -9.81018E+00  1.35000E+01  2.50000E+00  0.00000E+00  2.46354E-06 -4.04015E-05  1.35959E-08  3.08732E+03 -2.09850E+03 -8.71298E+02 -8.87268E+03 -6.13539E+02  9.82057E+00  1.35000E+01  2.00000E+00  0.00000E+00  7.77423E-18 -4.03947E-05  1.35989E-16  1.58773E+04  2.33067E+03  1.10358E+03 -8.91914E+03  6.13840E+02 -3.66121E+01  1.35000E+01  2.00000E+00  5.00000E-01  2.27640E-20 -4.04015E-05  1.35979E-16  1.58775E+04  2.33107E+03  1.10375E+03 -8.82624E+03 -6.13422E+02  3.66509E+01
   1.30000E+01  2.50000E+00  1.00000E+00  2.41648E-06 -3.78898E-05 -1.46417E-08  2.98822E+03 -2.29049E+03 -1.00966E+03 -1.30530E+04  6.40351E+02 -9.82071E+00  1.30000E+01  2.50000E+00  5.00000E-01  2.41700E-06 -3.78971E-05  1.27638E-16  2.98804E+03 -2.29091E+03 -1.00985E+03 -1.31459E+04 -6.40544E+02  9.81004E+00  1.30000E+01  2.00000E+00  5.00000E-01  1.97994E-20 -3.78898E-05  1.28253E-16  1.56980E+04  2.05864E+03  7.77674E+02 -1.30065E+04  6.40229E+02 -3.66514E+01  1.30000E+01  2.00000E+00  1.00000E+00 -7.66808E-18 -3.78825E-05  1.28264E-16  1.56978E+04  2.05822E+03  7.77493E+02 -1.30994E+04 -6.40665E+02  3.66116E+01  1.35000E+01  2.50000E+00  1.00000E+00  2.46354E-06 -4.04015E-05 -1.35959E-08  3.08732E+03 -2.09850E+03 -8.71298E+02 -8.87268E+03  6.13539E+02 -9.82057E+00  1.35000E+01  2.50000E+00  5.00000E-01  2.46406E-06 -4.04083E-05  1.35350E-16  3.08715E+03 -2.09891E+03 -8.71472E+02 -8.96558E+03 -6.13724E+02  9.81018E+00  1.35000E+01  2.00000E+00  5.00000E-01  2.27640E-20 -4.04015E-05  1.35979E-16  1.58775E+04  2.33107E+03  1.10375E+03 -8.82624E+03  6.13422E+02 -3.66509E+01  1.35000E+01  2.00000E+00  1.00000E+00 -7.72785E-18 -4.03947E-05  1.35985E-16  1.58773E+04  2.33067E+03  1.10358E+03 -8.91914E+03 -6.13840E+02  3.66121E+01
   1.30000E+01  3.00000E+00  5.00000E-01  4.84201E-06 -3.79191E-05  1.26990E-16  2.16746E+04 -2.52261E+03 -1.24076E+03 -1.17978E+04  6.39161E+02 -5.62844E+01  1.30000E+01  3.00000E+00  0.00000E+00  4.84097E-06 -3.79118E-05  2.92724E-08  2.16737E+04 -2.52474E+03 -1.24168E+03 -1.17051E+04 -6.40763E+02  5.62256E+01  1.30000E+01  2.50000E+00  0.00000E+00  2.41648E-06 -3.78898E-05  1.46417E-08  3.43857E+04  1.82796E+03  5.49952E+02 -1.16585E+04  6.38552E+02 -8.32299E+01  1.30000E+01  2.50000E+00  5.00000E-01  2.41700E-06 -3.78971E-05  1.27638E-16  3.43848E+04  1.82583E+03  5.49038E+02 -1.15657E+04 -6.41372E+02  8.28727E+01  1.35000E+01  3.00000E+00  5.00000E-01  4.93614E-06 -4.04287E-05  1.34689E-16  2.20523E+04 -1.86618E+03 -6.37979E+02 -7.61750E+03  6.12398E+02 -5.62850E+01  1.35000E+01  3.00000E+00  0.00000E+00  4.93510E-06 -4.04219E-05  2.71815E-08  2.20515E+04 -1.86822E+03 -6.38853E+02 -7.52479E+03 -6.13933E+02  5.62250E+01  1.35000E+01  2.50000E+00  0.00000E+00  2.46354E-06 -4.04015E-05  1.35959E-08  3.48439E+04  2.56477E+03  1.34031E+03 -7.47817E+03  6.11815E+02 -8.32303E+01  1.35000E+01  2.50000E+00  5.00000E-01  2.46406E-06 -4.04083E-05  1.35350E-16  3.48430E+04  2.56273E+03  1.33944E+03 -7.38544E+03 -6.14516E+02  8.28723E+01
   1.30000E+01  3.00000E+00  1.00000E+00  4.84097E-06 -3.79118E-05 -2.92724E-08  2.16737E+04 -2.52474E+03 -1.24168E+03 -1.17051E+04  6.40763E+02 -5.62256E+01  1.30000E+01  3.00000E+00  5.00000E-01  4.84201E-06 -3.79191E-05  1.26990E-16  2.16746E+04 -2.52261E+03 -1.24076E+03 -1.17978E+04 -6.39161E+02  5.62844E+01  1.30000E+01  2.50000E+00  5.00000E-01  2.41700E-06 -3.78971E-05  1.27638E-16  3.43848E+04  1.82583E+03  5.49038E+02 -1.15657E+04  6.41372E+02 -8.28727E+01  1.30000E+01  2.50000E+00  1.00000E+00  2.41648E-06 -3.78898E-05 -1.46417E-08  3.43857E+04  1.82796E+03  5.49952E+02 -1.16585E+04 -6.38552E+02  8.32299E+01  1.35000E+01  3.00000E+00  1.00000E+00  4.93510E-06 -4.04219E-05 -2.71815E-08  2.20515E+04 -1.86822E+03 -6.38853E+02 -7.52479E+03  6.13933E+02 -5.62250E+01  1.35000E+01  3.00000E+00  5.00000E-01  4.93614E-06 -4.04287E-05  1.34689E-16  2.20523E+04 -1.86618E+03 -6.37979E+02 -7.61750E+03 -6.12398E+02  5.62850E+01  1.35000E+01  2.50000E+00  5.00000E-01  2.46406E-06 -4.04083E-05  1.35350E-16  3.48430E+04  2.56273E+03  1.33944E+03 -7.38544E+03  6.14516E+02 -8.28723E+01  1.35000E+01  2.50000E+00  1.00000E+00  2.46354E-06 -4.04015E-05 -1.35959E-08  3.48439E+04  2.56477E+03  1.34031E+03 -7.47817E+03 -6.11815E+02  8.32303E+01
   1.30000E+01  3.50000E+00  5.00000E-01  7.28308E-06 -3.79558E-05  1.26303E-16  4.03700E+04 -2.73727E+03 -1.45896E+03 -9.05665E+03  6.32021E+02 -1.01977E+02  1.30000E+01  3.50000E+00  0.00000E+00  7.28149E-06 -3.79483E-05  4.38849E-08  4.03530E+04 -2.77690E+03 -1.47594E+03 -8.96115E+03 -6.46318E+02  1.03335E+02  1.30000E+01  3.00000E+00  0.00000E+00  4.84097E-06 -3.79118E-05  2.92724E-08  5.30835E+04  1.61565E+03  3.37287E+02 -8.82459E+03  6.20700E+02 -1.26248E+02  1.30000E+01  3.00000E+00  5.00000E-01  4.84201E-06 -3.79191E-05  1.26990E-16  5.30665E+04  1.57603E+03  3.20307E+02 -8.72861E+03 -6.57639E+02  1.32590E+02  1.35000E+01  3.50000E+00  5.00000E-01  7.42427E-06 -4.04627E-05  1.33990E-16  4.10260E+04 -1.61709E+03 -3.92272E+02 -4.87636E+03  6.05556E+02 -1.01977E+02  1.35000E+01  3.50000E+00  0.00000E+00  7.42268E-06 -4.04558E-05  4.07503E-08  4.10098E+04 -1.65505E+03 -4.08541E+02 -4.78086E+03 -6.19255E+02  1.03334E+02  1.35000E+01  3.00000E+00  0.00000E+00  4.93510E-06 -4.04219E-05  2.71815E-08  5.38198E+04  2.81613E+03  1.59132E+03 -4.64430E+03  5.94710E+02 -1.26248E+02  1.35000E+01  3.00000E+00  5.00000E-01  4.93614E-06 -4.04287E-05  1.34689E-16  5.38036E+04  2.77817E+03  1.57505E+03 -4.54832E+03 -6.30102E+02  1.32591E+02
   1.30000E+01  3.50000E+00  1.00000E+00  7.28149E-06 -3.79483E-05 -4.38849E-08  4.03530E+04 -2.77690E+03 -1.47594E+03 -8.96115E+03  6.46318E+02 -1.03335E+02  1.30000E+01  3.50000E+00  5.00000E-01  7.28308E-06 -3.79558E-05  1.26303E-16  4.03700E+04 -2.73727E+03 -1.45896E+03 -9.05665E+03 -6.32021E+02  1.01977E+02  1.30000E+01  3.00000E+00  5.00000E-01  4.84201E-06 -3.79191E-05  1.26990E-16  5.30665E+04  1.57603E+03  3.20307E+02 -8.72861E+03  6.57639E+02 -1.32590E+02  1.30000E+01  3.00000E+00  1.00000E+00  4.84097E-06 -3.79118E-05 -2.92724E-08  5.30835E+04  1.61565E+03  3.37287E+02 -8.82459E+03 -6.20700E+02  1.26248E+02  1.35000E+01  3.50000E+00  1.00000E+00  7.42268E-06 -4.04558E-05 -4.07503E-08  4.10098E+04 -1.65505E+03 -4.08541E+02 -4.78086E+03  6.19255E+02 -1.03334E+02  1.35000E+01  3.50000E+00  5.00000E-01  7.42427E-06 -4.04627E-05  1.33990E-16  4.10260E+04 -1.61709E+03 -3.92272E+02 -4.87636E+03 -6.05556E+02  1.01977E+02  1.35000E+01  3.00000E+00  5.00000E-01  4.93614E-06 -4.04287E-05  1.34689E-16  5.38036E+04  2.77817E+03  1.57505E+03 -4.54832E+03  6.30102E+02 -1.32591E+02  1.35000E+01  3.00000E+00  1.00000E+00  4.93510E-06 -4.04219E-05 -2.71815E-08  5.38198E+04  2.81613E+03  1.59132E+03 -4.64430E+03 -5.94710E+02  1.26248E+02
   1.30000E+01  4.00000E+00  5.00000E-01  9.74808E-06 -3.80070E-05  1.25581E-16  5.90595E+04 -2.93134E+03 -1.71714E+03 -4.90870E+03  6.84516E+02 -1.53349E+02  1.30000E+01  4.00000E+00  0.00000E+00  9.74619E-06 -3.79994E-05  5.90986E-08  5.90436E+04 -2.96841E+03 -1.73303E+03 -4.83487E+03 -6.46410E+02  1.45480E+02  1.30000E+01  3.50000E+00  0.00000E+00  7.28149E-06 -3.79483E-05  4.38849E-08  7.16942E+04  1.34271E+03 -1.04944E+02 -4.58445E+03  6.73926E+02 -2.03117E+02  1.30000E+01  3.50000E+00  5.00000E-01  7.28308E-06 -3.79558E-05  1.26303E-16  7.16783E+04  1.30565E+03 -1.20827E+02 -4.51019E+03 -6.57001E+02  1.51441E+02  1.35000E+01  4.00000E+00  5.00000E-01  9.93633E-06 -4.05103E-05  1.33245E-16  5.99941E+04 -1.34824E+03 -1.84873E+02 -7.28404E+02  6.55855E+02 -1.53347E+02  1.35000E+01  4.00000E+00  0.00000E+00  9.93444E-06 -4.05032E-05  5.48772E-08  5.99789E+04 -1.38375E+03 -2.00092E+02 -6.54579E+02 -6.19343E+02  1.45482E+02  1.35000E+01  3.50000E+00  0.00000E+00  7.42268E-06 -4.04558E-05  4.07503E-08  7.27124E+04  3.00941E+03  1.62238E+03 -4.04158E+02  6.45707E+02 -2.03115E+02  1.35000E+01  3.50000E+00  5.00000E-01  7.42427E-06 -4.04627E-05  1.33990E-16  7.26972E+04  2.97389E+03  1.60716E+03 -3.29890E+02 -6.29491E+02  1.51443E+02
   1.30000E+01  4.00000E+00  1.00000E+00  9.74619E-06 -3.79994E-05 -5.90986E-08  5.90436E+04 -2.96841E+03 -1.73303E+03 -4.83487E+03  6.46410E+02 -1.45480E+02  1.30000E+01  4.00000E+00  5.00000E-01  9.74808E-06 -3.80070E-05  1.25581E-16  5.90595E+04 -2.93134E+03 -1.71714E+03 -4.90870E+03 -6.84516E+02  1.53349E+02  1.30000E+01  3.50000E+00  5.00000E-01  7.28308E-06 -3.79558E-05  1.26303E-16  7.16783E+04  1.30565E+03 -1.20827E+02 -4.51019E+03  6.57001E+02 -1.51441E+02  1.30000E+01  3.50000E+00  1.00000E+00  7.28149E-06 -3.79483E-05 -4.38849E-08  7.16942E+04  1.34271E+03 -1.04944E+02 -4.58445E+03 -6.73926E+02  2.03117E+02  1.35000E+01  4.00000E+00  1.00000E+00  9.93444E-06 -4.05032E-05 -5.48772E-08  5.99789E+04 -1.38375E+03 -2.00092E+02 -6.54579E+02  6.19343E+02 -1.45482E+02  1.35000E+01  4.00000E+00  5.00000E-01  9.93633E-06 -4.05103E-05  1.33245E-16  5.99941E+04 -1.34824E+03 -1.84873E+02 -7.28404E+02 -6.55855E+02  1.53347E+02  1.35000E+01  3.50000E+00  5.00000E-01  7.42427E-06 -4.04627E-05  1.33990E-16  7.26972E+04  2.97389E+03  1.60716E+03 -3.29890E+02  6.29491E+02 -1.51443E+02  1.35000E+01  3.50000E+00  1.00000E+00  7.42268E-06 -4.04558E-05 -4.07503E-08  7.27124E+04  3.00941E+03  1.62238E+03 -4.04158E+02 -6.45707E+02  2.03115E+02
   1.35000E+01  5.00000E-01  5.00000E-01 -7.42427E-06 -4.04627E-05  1.37785E-16 -6.63457E+04 -1.18149E+03  1.61158E+02 -4.42966E+03  6.25049E+02  2.03123E+02  1.35000E+01  5.00000E-01  0.00000E+00 -7.42268E-06 -4.04558E-05 -4.07503E-08 -6.63310E+04 -1.14711E+03  1.75887E+02 -4.35539E+03 -6.09351E+02 -1.51443E+02  1.35000E+01  0.00000E+00  0.00000E+00 -9.93444E-06 -4.05032E-05 -5.48772E-08 -5.46501E+04  2.77285E+03  1.64669E+03 -4.75391E+03  6.34872E+02  1.53351E+02  1.35000E+01  0.00000E+00  5.00000E-01 -9.93633E-06 -4.05103E-05  1.38359E-16 -5.46354E+04  2.80723E+03  1.66142E+03 -4.68008E+03 -5.99528E+02 -1.45482E+02  1.40000E+01  5.00000E-01  5.00000E-01 -7.55500E-06 -4.30150E-05  1.45651E-16 -6.73639E+04 -2.84819E+03 -1.56619E+03 -5.59037E+02  5.96828E+02  2.03119E+02  1.40000E+01  5.00000E-01  0.00000E+00 -7.55341E-06 -4.30086E-05 -3.76156E-08 -6.73498E+04 -2.81537E+03 -1.55213E+03 -4.84763E+02 -5.81839E+02 -1.51446E+02  1.40000E+01  0.00000E+00  0.00000E+00 -1.01087E-05 -4.30524E-05 -5.06557E-08 -5.55847E+04  1.18974E+03  1.14409E+02 -8.83283E+02  6.06208E+02  1.53349E+02  1.40000E+01  0.00000E+00  5.00000E-01 -1.01106E-05 -4.30589E-05  1.46248E-16 -5.55707E+04  1.22256E+03  1.28475E+02 -8.09452E+02 -5.72459E+02 -1.45484E+02
   1.35000E+01  5.00000E-01  1.00000E+00 -7.42268E-06 -4.04558E-05  4.07503E-08 -6.63310E+04 -1.14711E+03  1.75887E+02 -4.35539E+03  6.09351E+02  1.51443E+02  1.35000E+01  5.00000E-01  5.00000E-01 -7.42427E-06 -4.04627E-05  1.37785E-16 -6.63457E+04 -1.18149E+03  1.61158E+02 -4.42966E+03 -6.25049E+02 -2.03123E+02  1.35000E+01  0.00000E+00  5.00000E-01 -9.93633E-06 -4.05103E-05  1.38359E-16 -5.46354E+04  2.80723E+03  1.66142E+03 -4.68008E+03  5.99528E+02  1.45482E+02  1.35000E+01  0.00000E+00  1.00000E+00 -9.93444E-06 -4.05032E-05  5.48772E-08 -5.46501E+04  2.77285E+03  1.64669E+03 -4.75391E+03 -6.34872E+02 -1.53351E+02  1.40000E+01  5.00000E-01  1.00000E+00 -7.55341E-06 -4.30086E-05  3.76156E-08 -6.73498E+04 -2.81537E+03 -1.55213E+03 -4.84763E+02  5.81839E+02  1.51446E+02  1.40000E+01  5.00000E-01  5.00000E-01 -7.55500E-06 -4.30150E-05  1.45651E-16 -6.73639E+04 -2.84819E+03 -1.56619E+03 -5.59037E+02 -5.96828E+02 -2.03119E+02  1.40000E+01  0.00000E+00  5.00000E-01 -1.01106E-05 -4.30589E-05  1.46248E-16 -5.55707E+04  1.22256E+03  1.28475E+02 -8.09452E+02  5.72459E+02  1.45484E+02  1.40000E+01  0.00000E+00  1.00000E+00 -1.01087E-05 -4.30524E-05  5.06557E-08 -5.55847E+04  1.18974E+03  1.14409E+02 -8.83283E+02 -6.06208E+02 -1.53349E+02
   1.35000E+01  1.00000E+00  5.00000E-01 -4.93614E-06 -4.04287E-05  1.37198E-16 -4.91241E+04 -1.45145E+03 -2.65848E+02 -8.66981E+03  5.75684E+02  1.26249E+02  1.35000E+01  1.00000E+00  0.00000E+00 -4.93510E-06 -4.04219E-05 -2.71815E-08 -4.91083E+04 -1.41470E+03 -2.50101E+02 -8.57382E+03 -6.09942E+02 -1.32591E+02  1.35000E+01  5.00000E-01  0.00000E+00 -7.42268E-06 -4.04558E-05 -4.07503E-08 -3.73554E+04  2.57603E+03  1.39038E+03 -8.90186E+03  5.86182E+02  1.01975E+02  1.35000E+01  5.00000E-01  5.00000E-01 -7.42427E-06 -4.04627E-05  1.37785E-16 -3.73396E+04  2.61278E+03  1.40613E+03 -8.80635E+03 -5.99444E+02 -1.03334E+02  1.40000E+01  1.00000E+00  5.00000E-01 -5.02329E-06 -4.29836E-05  1.45041E-16 -4.98604E+04 -2.65189E+03 -1.51986E+03 -4.79920E+03  5.49693E+02  1.26248E+02  1.40000E+01  1.00000E+00  0.00000E+00 -5.02225E-06 -4.29773E-05 -2.50907E-08 -4.98454E+04 -2.61681E+03 -1.50483E+03 -4.70321E+03 -5.82403E+02 -1.32592E+02  1.40000E+01  5.00000E-01  0.00000E+00 -7.55341E-06 -4.30086E-05 -3.76156E-08 -3.80114E+04  1.45588E+03  3.23714E+02 -5.03125E+03  5.59716E+02  1.01977E+02  1.40000E+01  5.00000E-01  5.00000E-01 -7.55500E-06 -4.30150E-05  1.45651E-16 -3.79964E+04  1.49097E+03  3.38751E+02 -4.93574E+03 -5.72380E+02 -1.03333E+02
   1.35000E+01  1.00000E+00  1.00000E+00 -4.93510E-06 -4.04219E-05  2.71815E-08 -4.91083E+04 -1.41470E+03 -2.50101E+02 -8.57382E+03  6.09942E+02  1.32591E+02  1.35000E+01  1.00000E+00  5.00000E-01 -4.93614E-06 -4.04287E-05  1.37198E-16 -4.91241E+04 -1.45145E+03 -2.65848E+02 -8.66981E+03 -5.75684E+02 -1.26249E+02  1.35000E+01  5.00000E-01  5.00000E-01 -7.42427E-06 -4.04627E-05  1.37785E-16 -3.73396E+04  2.61278E+03  1.40613E+03 -8.80635E+03  5.99444E+02  1.03334E+02  1.35000E+01  5.00000E-01  1.00000E+00 -7.42268E-06 -4.04558E-05  4.07503E-08 -3.73554E+04  2.57603E+03  1.39038E+03 -8.90186E+03 -5.86182E+02 -1.01975E+02  1.40000E+01  1.00000E+00  1.00000E+00 -5.02225E-06 -4.29773E-05  2.50907E-08 -4.98454E+04 -2.61681E+03 -1.50483E+03 -4.70321E+03  5.82403E+02  1.32592E+02  1.40000E+01  1.00000E+00  5.00000E-01 -5.02329E-06 -4.29836E-05  1.45041E-16 -4.98604E+04 -2.65189E+03 -1.51986E+03 -4.79920E+03 -5.49693E+02 -1.26248E+02  1.40000E+01  5.00000E-01  5.00000E-01 -7.55500E-06 -4.30150E-05  1.45651E-16 -3.79964E+04  1.49097E+03  3.38751E+02 -4.93574E+03  5.72380E+02  1.03333E+02  1.40000E+01  5.00000E-01  1.00000E+00 -7.55341E-06 -4.30086E-05  3.76156E-08 -3.80114E+04  1.45588E+03  3.23714E+02 -5.03125E+03 -5.59716E+02 -1.01977E+02
   1.35000E+01  1.50000E+00  5.00000E-01 -2.46406E-06 -4.04083E-05  1.36597E-16 -3.18218E+04 -1.66521E+03 -4.79952E+02 -1.15036E+04  5.92243E+02  8.32279E+01  1.35000E+01  1.50000E+00  0.00000E+00 -2.46354E-06 -4.04015E-05 -1.35959E-08 -3.18209E+04 -1.66324E+03 -4.79105E+02 -1.14109E+04 -5.94856E+02 -8.28723E+01  1.35000E+01  1.00000E+00  0.00000E+00 -4.93510E-06 -4.04219E-05 -2.71815E-08 -2.00552E+04  2.36011E+03  1.17117E+03 -1.16430E+04  5.92806E+02  5.62824E+01  1.35000E+01  1.00000E+00  5.00000E-01 -4.93614E-06 -4.04287E-05  1.37198E-16 -2.00543E+04  2.36208E+03  1.17202E+03 -1.15502E+04 -5.94293E+02 -5.62250E+01  1.40000E+01  1.50000E+00  5.00000E-01 -2.50764E-06 -4.29648E-05  1.44413E-16 -3.22799E+04 -2.40198E+03 -1.27028E+03 -7.63299E+03  5.65506E+02  8.32299E+01  1.40000E+01  1.50000E+00  0.00000E+00 -2.50712E-06 -4.29585E-05 -1.25501E-08 -3.22791E+04 -2.40010E+03 -1.26947E+03 -7.54025E+03 -5.68000E+02 -8.28702E+01  1.40000E+01  1.00000E+00  0.00000E+00 -5.02225E-06 -4.29773E-05 -2.50907E-08 -2.04329E+04  1.70374E+03  5.68421E+02 -7.77231E+03  5.66042E+02  5.62844E+01  1.40000E+01  1.00000E+00  5.00000E-01 -5.02329E-06 -4.29836E-05  1.45041E-16 -2.04321E+04  1.70561E+03  5.69227E+02 -7.67960E+03 -5.67464E+02 -5.62230E+01
   1.35000E+01  1.50000E+00  1.00000E+00 -2.46354E-06 -4.04015E-05  1.35959E-08 -3.18209E+04 -1.66324E+03 -4.79105E+02 -1.14109E+04  5.94856E+02  8.28723E+01  1.35000E+01  1.50000E+00  5.00000E-01 -2.46406E-06 -4.04083E-05  1.36597E-16 -3.18218E+04 -1.66521E+03 -4.79952E+02 -1.15036E+04 -5.92243E+02 -8.32279E+01  1.35000E+01  1.00000E+00  5.00000E-01 -4.93614E-06 -4.04287E-05  1.37198E-16 -2.00543E+04  2.36208E+03  1.17202E+03 -1.15502E+04  5.94293E+02  5.62250E+01  1.35000E+01  1.00000E+00  1.00000E+00 -4.93510E-06 -4.04219E-05  2.71815E-08 -2.00552E+04  2.36011E+03  1.17117E+03 -1.16430E+04 -5.92806E+02 -5.62824E+01  1.40000E+01  1.50000E+00  1.00000E+00 -2.50712E-06 -4.29585E-05  1.25501E-08 -3.22791E+04 -2.40010E+03 -1.26947E+03 -7.54025E+03  5.68000E+02  8.28702E+01  1.40000E+01  1.50000E+00  5.00000E-01 -2.50764E-06 -4.29648E-05  1.44413E-16 -3.22799E+04 -2.40198E+03 -1.27028E+03 -7.63299E+03 -5.65506E+02 -8.32299E+01  1.40000E+01  1.00000E+00  5.00000E-01 -5.02329E-06 -4.29836E-05  1.45041E-16 -2.04321E+04  1.70561E+03  5.69227E+02 -7.67960E+03  5.67464E+02  5.62230E+01  1.40000E+01  1.00000E+00  1.00000E+00 -5.02225E-06 -4.29773E-05  2.50907E-08 -2.04329E+04  1.70374E+03  5.68421E+02 -7.77231E+03 -5.66042E+02 -5.62844E+01
   1.35000E+01  2.00000E+00  5.00000E-01  2.27640E-20 -4.04015E-05  1.35979E-16 -1.45284E+04 -1.89566E+03 -7.07842E+02 -1.29446E+04  5.94203E+02  3.66100E+01  1.35000E+01  2.00000E+00  0.00000E+00  7.77423E-18 -4.03947E-05  1.35989E-16 -1.45286E+04 -1.89605E+03 -7.08009E+02 -1.28517E+04 -5.93798E+02 -3.66509E+01  1.35000E+01  1.50000E+00  0.00000E+00 -2.46354E-06 -4.04015E-05 -1.35959E-08 -2.76304E+03  2.12836E+03  9.40179E+02 -1.29910E+04  5.94090E+02  9.80963E+00  1.35000E+01  1.50000E+00  5.00000E-01 -2.46406E-06 -4.04083E-05  1.36597E-16 -2.76320E+03  2.12797E+03  9.40009E+02 -1.28981E+04 -5.93911E+02 -9.82057E+00  1.40000E+01  2.00000E+00  5.00000E-01  2.69992E-20 -4.29585E-05  1.43779E-16 -1.47080E+04 -2.16808E+03 -1.03391E+03 -9.07388E+03  5.67380E+02  3.66116E+01  1.40000E+01  2.00000E+00  0.00000E+00  7.82658E-18 -4.29522E-05  1.43779E-16 -1.47081E+04 -2.16846E+03 -1.03407E+03 -8.98098E+03 -5.66991E+02 -3.66493E+01  1.40000E+01  1.50000E+00  0.00000E+00 -2.50712E-06 -4.29585E-05 -1.25501E-08 -2.86214E+03  1.93638E+03  8.01816E+02 -9.12032E+03  5.67271E+02  9.81005E+00  1.40000E+01  1.50000E+00  5.00000E-01 -2.50764E-06 -4.29648E-05  1.44413E-16 -2.86230E+03  1.93600E+03  8.01654E+02 -9.02741E+03 -5.67100E+02 -9.82015E+00
   1.35000E+01  2.00000E+00  1.00000E+00 -7.72785E-18 -4.03947E-05  1.35985E-16 -1.45286E+04 -1.89605E+03 -7.08009E+02 -1.28517E+04  5.93798E+02  3.66509E+01  1.35000E+01  2.00000E+00  5.00000E-01  2.27640E-20 -4.04015E-05  1.35979E-16 -1.45284E+04 -1.89566E+03 -7.07842E+02 -1.29446E+04 -5.94203E+02 -3.66100E+01  1.35000E+01  1.50000E+00  5.00000E-01 -2.46406E-06 -4.04083E-05  1.36597E-16 -2.76320E+03  2.12797E+03  9.40009E+02 -1.28981E+04  5.93911E+02  9.82057E+00  1.35000E+01  1.50000E+00  1.00000E+00 -2.46354E-06 -4.04015E-05  1.35959E-08 -2.76304E+03  2.12836E+03  9.40179E+02 -1.29910E+04 -5.94090E+02 -9.80963E+00  1.40000E+01  2.00000E+00  1.00000E+00 -7.77928E-18 -4.29522E-05  1.43788E-16 -1.47081E+04 -2.16846E+03 -1.03407E+03 -8.98098E+03  5.66991E+02  3.66493E+01  1.40000E+01  2.00000E+00  5.00000E-01  2.69992E-20 -4.29585E-05  1.43779E-16 -1.47080E+04 -2.16808E+03 -1.03391E+03 -9.07388E+03 -5.67380E+02 -3.66116E+01  1.40000E+01  1.50000E+00  5.00000E-01 -2.50764E-06 -4.29648E-05  1.44413E-16 -2.86230E+03  1.93600E+03  8.01654E+02 -9.02741E+03  5.67100E+02  9.82015E+00  1.40000E+01  1.50000E+00  1.00000E+00 -2.50712E-06 -4.29585E-05  1.25501E-08 -2.86214E+03  1.93638E+03  8.01816E+02 -9.12032E+03 -5.67271E+02 -9.81005E+00
   1.35000E+01  2.50000E+00  5.00000E-01  2.46406E-06 -4.04083E-05  1.35350E-16  2.76304E+03 -2.12836E+03 -9.40179E+02 -1.29910E+04  5.94090E+02 -9.80963E+00  1.35000E+01  2.50000E+00  0.00000E+00  2.46354E-06 -4.04015E-05  1.35959E-08  2.76320E+03 -2.12797E+03 -9.40009E+02 -1.28981E+04 -5.93911E+02  9.82057E+00  1.35000E+01  2.00000E+00  0.00000E+00  7.77423E-18 -4.03947E-05  1.35989E-16  1.45284E+04  1.89566E+03  7.07842E+02 -1.29446E+04  5.94203E+02 -3.66100E+01  1.35000E+01  2.00000E+00  5.00000E-01  2.27640E-20 -4.04015E-05  1.35979E-16  1.45286E+04  1.89605E+03  7.08009E+02 -1.28517E+04 -5.93798E+02  3.66509E+01  1.40000E+01  2.50000E+00  5.00000E-01  2.50764E-06 -4.29648E-05  1.43122E-16  2.86214E+03 -1.93638E+03 -8.01816E+02 -9.12032E+03  5.67271E+02 -9.81005E+00  1.40000E+01  2.50000E+00  0.00000E+00  2.50712E-06 -4.29585E-05  1.25501E-08  2.86230E+03 -1.93600E+03 -8.01654E+02 -9.02741E+03 -5.67100E+02  9.82015E+00  1.40000E+01  2.00000E+00  0.00000E+00  7.82658E-18 -4.29522E-05  1.43779E-16  1.47080E+04  2.16808E+03  1.03391E+03 -9.07388E+03  5.67380E+02 -3.66116E+01  1.40000E+01  2.00000E+00  5.00000E-01  2.69992E-20 -4.29585E-05  1.43779E-16  1.47081E+04  2.16846E+03  1.03407E+03 -8.98098E+03 -5.66991E+02  3.66493E+01
   1.35000E+01  2.50000E+00  1.00000E+00  2.46354E-06 -4.04015E-05 -1.35959E-08  2.76320E+03 -2.12797E+03 -9.40009E+02 -1.28981E+04  5.93911E+02 -9.82057E+00  1.35000E+01  2.50000E+00  5.00000E-01  2.46406E-06 -4.04083E-05  1.35350E-16  2.76304E+03 -2.12836E+03 -9.40179E+02 -1.29910E+04 -5.94090E+02  9.80963E+00  1.35000E+01  2.00000E+00  5.00000E-01  2.27640E-20 -4.04015E-05  1.35979E-16  1.45286E+04  1.89605E+03  7.08009E+02 -1.28517E+04  5.93798E+02 -3.66509E+01  1.35000E+01  2.00000E+00  1.00000E+00 -7.72785E-18 -4.03947E-05  1.35985E-16  1.45284E+04  1.89566E+03  7.07842E+02 -1.29446E+04 -5.94203E+02  3.66100E+01  1.40000E+01  2.50000E+00  1.00000E+00  2.50712E-06 -4.29585E-05 -1.25501E-08  2.86230E+03 -1.93600E+03 -8.01654E+02 -9.02741E+03  5.67100E+02 -9.82015E+00  1.40000E+01  2.50000E+00  5.00000E-01  2.50764E-06 -4.29648E-05  1.43122E-16  2.86214E+03 -1.93638E+03 -8.01816E+02 -9.12032E+03 -5.67271E+02  9.81005E+00  1.40000E+01  2.00000E+00  5.00000E-01  2.69992E-20 -4.29585E-05  1.43779E-16  1.47081E+04  2.16846E+03  1.03407E+03 -8.98098E+03  5.66991E+02 -3.66493E+01  1.40000E+01  2.00000E+00  1.00000E+00 -7.77928E-18 -4.29522E-05  1.43788E-16  1.47080E+04  2.16808E+03  1.03391E+03 -9.07388E+03 -5.67380E+02  3.66116E+01
   1.35000E+01  3.00000E+00  5.00000E-01  4.93614E-06 -4.04287E-05  1.34689E-16  2.00552E+04 -2.36011E+03 -1.17117E+03 -1.16430E+04  5.92806E+02 -5.62824E+01  1.35000E+01  3.00000E+00  0.00000E+00  4.93510E-06 -4.04219E-05  2.71815E-08  2.00543E+04 -2.36208E+03 -1.17202E+03 -1.15502E+04 -5.94293E+02  5.62250E+01  1.35000E+01  2.50000E+00  0.00000E+00  2.46354E-06 -4.04015E-05  1.35959E-08  3.18218E+04  1.66521E+03  4.79952E+02 -1.15036E+04  5.92243E+02 -8.32279E+01  1.35000E+01  2.50000E+00  5.00000E-01  2.46406E-06 -4.04083E-05  1.35350E-16  3.18209E+04  1.66324E+03  4.79105E+02 -1.14109E+04 -5.94856E+02  8.28723E+01  1.40000E+01  3.00000E+00  5.00000E-01  5.02329E-06 -4.29836E-05  1.42443E-16  2.04329E+04 -1.70374E+03 -5.68421E+02 -7.77231E+03  5.66042E+02 -5.62844E+01  1.40000E+01  3.00000E+00  0.00000E+00  5.02225E-06 -4.29773E-05  2.50907E-08  2.04321E+04 -1.70561E+03 -5.69227E+02 -7.67960E+03 -5.67464E+02  5.62230E+01  1.40000E+01  2.50000E+00  0.00000E+00  2.50712E-06 -4.29585E-05  1.25501E-08  3.22799E+04  2.40198E+03  1.27028E+03 -7.63299E+03  5.65506E+02 -8.32299E+01  1.40000E+01  2.50000E+00  5.00000E-01  2.50764E-06 -4.29648E-05  1.43122E-16  3.22791E+04  2.40010E+03  1.26947E+03 -7.54025E+03 -5.68000E+02  8.28702E+01
   1.35000E+01  3.00000E+00  1.00000E+00  4.93510E-06 -4.04219E-05 -2.71815E-08  2.00543E+04 -2.36208E+03 -1.17202E+03 -1.15502E+04  5.94293E+02 -5.62250E+01  1.35000E+01  3.00000E+00  5.00000E-01  4.93614E-06 -4.04287E-05  1.34689E-16  2.00552E+04 -2.36011E+03 -1.17117E+03 -1.16430E+04 -5.92806E+02  5.62824E+01  1.35000E+01  2.50000E+00  5.00000E-01  2.46406E-06 -4.04083E-05  1.35350E-16  3.18209E+04  1.66324E+03  4.79105E+02 -1.14109E+04  5.94856E+02 -8.28723E+01  1.35000E+01  2.50000E+00  1.00000E+00  2.46354E-06 -4.04015E-05 -1.35959E-08  3.18218E+04  1.66521E+03  4.79952E+02 -1.15036E+04 -5.92243E+02  8.32279E+01  1.40000E+01  3.00000E+00  1.00000E+00  5.02225E-06 -4.29773E-05 -2.50907E-08  2.04321E+04 -1.70561E+03 -5.69227E+02 -7.67960E+03  5.67464E+02 -5.62230E+01  1.40000E+01  3.00000E+00  5.00000E-01  5.02329E-06 -4.29836E-05  1.42443E-16  2.04329E+04 -1.70374E+03 -5.68421E+02 -7.77231E+03 -5.66042E+02  5.62844E+01  1.40000E+01  2.50000E+00  5.00000E-01  2.50764E-06 -4.29648E-05  1.43122E-16  3.22791E+04  2.40010E+03  1.26947E+03 -7.54025E+03  5.68000E+02 -8.28702E+01  1.40000E+01  2.50000E+00  1.00000E+00  2.50712E-06 -4.29585E-05 -1.25501E-08  3.22799E+04  2.40198E+03  1.27028E+03 -7.63299E+03 -5.65506E+02  8.32299E+01
   1.35000E+01  3.50000E+00  5.00000E-01  7.42427E-06 -4.04627E-05  1.33990E-16  3.73554E+04 -2.57603E+03 -1.39038E+03 -8.90186E+03  5.86182E+02 -1.01975E+02  1.35000E+01  3.50000E+00  0.00000E+00  7.42268E-06 -4.04558E-05  4.07503E-08  3.73396E+04 -2.61278E+03 -1.40613E+03 -8.80635E+03 -5.99444E+02  1.03334E+02  1.35000E+01  3.00000E+00  0.00000E+00  4.93510E-06 -4.04219E-05  2.71815E-08  4.91241E+04  1.45145E+03  2.65848E+02 -8.66981E+03  5.75684E+02 -1.26249E+02  1.35000E+01  3.00000E+00  5.00000E-01  4.93614E-06 -4.04287E-05  1.34689E-16  4.91083E+04  1.41470E+03  2.50101E+02 -8.57382E+03 -6.09942E+02  1.32591E+02  1.40000E+01  3.50000E+00  5.00000E-01  7.55500E-06 -4.30150E-05  1.41723E-16  3.80114E+04 -1.45588E+03 -3.23714E+02 -5.03125E+03  5.59716E+02 -1.01977E+02  1.40000E+01  3.50000E+00  0.00000E+00  7.55341E-06 -4.30086E-05  3.76156E-08  3.79964E+04 -1.49097E+03 -3.38751E+02 -4.93574E+03 -5.72380E+02  1.03333E+02  1.40000E+01  3.00000E+00  0.00000E+00  5.02225E-06 -4.29773E-05  2.50907E-08  4.98604E+04  2.65189E+03  1.51986E+03 -4.79920E+03  5.49693E+02 -1.26248E+02  1.40000E+01  3.00000E+00  5.00000E-01  5.02329E-06 -4.29836E-05  1.42443E-16  4.98454E+04  2.61681E+03  1.50483E+03 -4.70321E+03 -5.82403E+02  1.32592E+02
   1.35000E+01  3.50000E+00  1.00000E+00  7.42268E-06 -4.04558E-05 -4.07503E-08  3.73396E+04 -2.61278E+03 -1.40613E+03 -8.80635E+03  5.99444E+02 -1.03334E+02  1.35000E+01  3.50000E+00  5.00000E-01  7.42427E-06 -4.04627E-05  1.33990E-16  3.73554E+04 -2.57603E+03 -1.39038E+03 -8.90186E+03 -5.86182E+02  1.01975E+02  1.35000E+01  3.00000E+00  5.00000E-01  4.93614E-06 -4.04287E-05  1.34689E-16  4.91083E+04  1.41470E+03  2.50101E+02 -8.57382E+03  6.09942E+02 -1.32591E+02  1.35000E+01  3.00000E+00  1.00000E+00  4.93510E-06 -4.04219E-05 -2.71815E-08  4.91241E+04  1.45145E+03  2.65848E+02 -8.66981E+03 -5.75684E+02  1.26249E+02  1.40000E+01  3.50000E+00  1.00000E+00  7.55341E-06 -4.30086E-05 -3.76156E-08  3.79964E+04 -1.49097E+03 -3.38751E+02 -4.93574E+03  5.72380E+02 -1.03333E+02  1.40000E+01  3.50000E+00  5.00000E-01  7.55500E-06 -4.30150E-05  1.41723E-16  3.80114E+04 -1.45588E+03 -3.23714E+02 -5.03125E+03 -5.59716E+02  1.01977E+02  1.40000E+01  3.00000E+00  5.00000E-01  5.02329E-06 -4.29836E-05  1.42443E-16  4.98454E+04  2.61681E+03  1.50483E+03 -4.70321E+03  5.82403E+02 -1.32592E+02  1.40000E+01  3.00000E+00  1.00000E+00  5.02225E-06 -4.29773E-05 -2.50907E-08  4.98604E+04  2.65189E+03  1.51986E+03 -4.79920E+03 -5.49693E+02  1.26248E+02
   1.35000E+01  4.00000E+00  5.00000E-01  9.93633E-06 -4.05103E-05  1.33245E-16  5.46501E+04 -2.77285E+03 -1.64669E+03 -4.75391E+03  6.34872E+02 -1.53351E+02  1.35000E+01  4.00000E+00  0.00000E+00  9.93444E-06 -4.05032E-05  5.48772E-08  5.46354E+04 -2.80723E+03 -1.66142E+03 -4.68008E+03 -5.99528E+02  1.45482E+02  1.35000E+01  3.50000E+00  0.00000E+00  7.42268E-06 -4.04558E-05  4.07503E-08  6.63457E+04  1.18149E+03 -1.61158E+02 -4.42966E+03  6.25049E+02 -2.03123E+02  1.35000E+01  3.50000E+00  5.00000E-01  7.42427E-06 -4.04627E-05  1.33990E-16  6.63310E+04  1.14711E+03 -1.75887E+02 -4.35539E+03 -6.09351E+02  1.51443E+02  1.40000E+01  4.00000E+00  5.00000E-01  1.01106E-05 -4.30589E-05  1.40986E-16  5.55847E+04 -1.18974E+03 -1.14409E+02 -8.83283E+02  6.06208E+02 -1.53349E+02  1.40000E+01  4.00000E+00  0.00000E+00  1.01087E-05 -4.30524E-05  5.06557E-08  5.55707E+04 -1.22256E+03 -1.28475E+02 -8.09452E+02 -5.72459E+02  1.45484E+02  1.40000E+01  3.50000E+00  0.00000E+00  7.55341E-06 -4.30086E-05  3.76156E-08  6.73639E+04  2.84819E+03  1.56619E+03 -5.59037E+02  5.96828E+02 -2.03119E+02  1.40000E+01  3.50000E+00  5.00000E-01  7.55500E-06 -4.30150E-05  1.41723E-16  6.73498E+04  2.81537E+03  1.55213E+03 -4.84763E+02 -5.81839E+02  1.51446E+02
   1.35000E+01  4.00000E+00  1.00000E+00  9.93444E-06 -4.05032E-05 -5.48772E-08  5.46354E+04 -2.80723E+03 -1.66142E+03 -4.68008E+03  5.99528E+02 -1.45482E+02  1.35000E+01  4.00000E+00  5.00000E-01  9.93633E-06 -4.05103E-05  1.33245E-16  5.46501E+04 -2.77285E+03 -1.64669E+03 -4.75391E+03 -6.34872E+02  1.53351E+02  1.35000E+01  3.50000E+00  5.00000E-01  7.42427E-06 -4.04627E-05  1.33990E-16  6.63310E+04  1.14711E+03 -1.75887E+02 -4.35539E+03  6.09351E+02 -1.51443E+02  1.35000E+01  3.50000E+00  1.00000E+00  7.42268E-06 -4.04558E-05 -4.07503E-08  6.63457E+04  1.18149E+03 -1.61158E+02 -4.42966E+03 -6.25049E+02  2.03123E+02  1.40000E+01  4.00000E+00  1.00000E+00  1.01087E-05 -4.30524E-05 -5.06557E-08  5.55707E+04 -1.22256E+03 -1.28475E+02 -8.09452E+02  5.72459E+02 -1.45484E+02  1.40000E+01  4.00000E+00  5.00000E-01  1.01106E-05 -4.30589E-05  1.40986E-16  5.55847E+04 -1.18974E+03 -1.14409E+02 -8.83283E+02 -6.06208E+02  1.53349E+02  1.40000E+01  3.50000E+00  5.00000E-01  7.55500E-06 -4.30150E-05  1.41723E-16  6.73498E+04  2.81537E+03  1.55213E+03 -4.84763E+02  5.81839E+02 -1.51446E+02  1.40000E+01  3.50000E+00  1.00000E+00  7.55341E-06 -4.30086E-05 -3.76156E-08  6.73639E+04  2.84819E+03  1.56619E+03 -5.59037E+02 -5.96828E+02  2.03119E+02
   1.40000E+01  5.00000E-01  5.00000E-01 -7.55500E-06 -4.30150E-05  1.45651E-16 -6.09970E+04 -1.02021E+03  2.17393E+02 -4.27490E+03  5.76167E+02  2.03137E+02  1.40000E+01  5.00000E-01  0.00000E+00 -7.55341E-06 -4.30086E-05 -3.76156E-08 -6.09835E+04 -9.88529E+02  2.30966E+02 -4.20061E+03 -5.61696E+02 -1.51444E+02  1.40000E+01  0.00000E+00  0.00000E+00 -1.01087E-05 -4.30524E-05 -5.06557E-08 -5.02407E+04  2.61435E+03  1.57623E+03 -4.59915E+03  5.85222E+02  1.53354E+02  1.40000E+01  0.00000E+00  5.00000E-01 -1.01106E-05 -4.30589E-05  1.46248E-16 -5.02271E+04  2.64604E+03  1.58981E+03 -4.52531E+03 -5.52642E+02 -1.45483E+02  1.45000E+01  5.00000E-01  5.00000E-01 -7.67527E-06 -4.56091E-05  1.53563E-16 -6.20153E+04 -2.68695E+03 -1.51001E+03 -7.13994E+02  5.47941E+02  2.03132E+02  1.45000E+01  5.00000E-01  0.00000E+00 -7.67368E-06 -4.56033E-05 -3.44809E-08 -6.20024E+04 -2.65683E+03 -1.49711E+03 -6.39704E+02 -5.34178E+02 -1.51450E+02  1.45000E+01  0.00000E+00  0.00000E+00 -1.02691E-05 -4.56434E-05 -4.64340E-08 -5.11753E+04  1.03123E+03  4.39276E+01 -1.03824E+03  5.56550E+02  1.53352E+02  1.45000E+01  0.00000E+00  5.00000E-01 -1.02710E-05 -4.56494E-05  1.54190E-16 -5.11624E+04  1.06136E+03  5.68390E+01 -9.64398E+02 -5.25569E+02 -1.45485E+02
   1.40000E+01  5.00000E-01  1.00000E+00 -7.55341E-06 -4.30086E-05  3.76156E-08 -6.09835E+04 -9.88529E+02  2.30966E+02 -4.20061E+03  5.61696E+02  1.51444E+02  1.40000E+01  5.00000E-01  5.00000E-01 -7.55500E-06 -4.30150E-05  1.45651E-16 -6.09970E+04 -1.02021E+03  2.17393E+02 -4.27490E+03 -5.76167E+02 -2.03137E+02  1.40000E+01  0.00000E+00  5.00000E-01 -1.01106E-05 -4.30589E-05  1.46248E-16 -5.02271E+04  2.64604E+03  1.58981E+03 -4.52531E+03  5.52642E+02  1.45483E+02  1.40000E+01  0.00000E+00  1.00000E+00 -1.01087E-05 -4.30524E-05  5.06557E-08 -5.02407E+04  2.61435E+03  1.57623E+03 -4.59915E+03 -5.85222E+02 -1.53354E+02  1.45000E+01  5.00000E-01  1.00000E+00 -7.67368E-06 -4.56033E-05  3.44809E-08 -6.20024E+04 -2.65683E+03 -1.49711E+03 -6.39704E+02  5.34178E+02  1.51450E+02  1.45000E+01  5.00000E-01  5.00000E-01 -7.67527E-06 -4.56091E-05  1.53563E-16 -6.20153E+04 -2.68695E+03 -1.51001E+03 -7.13994E+02 -5.47941E+02 -2.03132E+02  1.45000E+01  0.00000E+00  5.00000E-01 -1.02710E-05 -4.56494E-05  1.54190E-16 -5.11624E+04  1.06136E+03  5.68390E+01 -9.64398E+02  5.25569E+02  1.45485E+02  1.45000E+01  0.00000E+00  1.00000E+00 -1.02691E-05 -4.56434E-05  4.64340E-08 -5.11753E+04  1.03123E+03  4.39276E+01 -1.03824E+03 -5.56550E+02 -1.53352E+02
   1.40000E+01  1.00000E+00  5.00000E-01 -5.02329E-06 -4.29836E-05  1.45041E-16 -4.51647E+04 -1.28720E+03 -1.94404E+02 -8.51506E+03  5.30666E+02  1.26246E+02  1.40000E+01  1.00000E+00  0.00000E+00 -5.02225E-06 -4.29773E-05 -2.50907E-08 -4.51502E+04 -1.25334E+03 -1.79891E+02 -8.41907E+03 -5.62242E+02 -1.32592E+02  1.40000E+01  5.00000E-01  0.00000E+00 -7.55341E-06 -4.30086E-05 -3.76156E-08 -3.43409E+04  2.41480E+03  1.32178E+03 -8.74710E+03  5.40340E+02  1.01970E+02  1.40000E+01  5.00000E-01  5.00000E-01 -7.55500E-06 -4.30150E-05  1.45651E-16 -3.43264E+04  2.44867E+03  1.33630E+03 -8.65158E+03 -5.52568E+02 -1.03333E+02  1.45000E+01  1.00000E+00  5.00000E-01 -5.10348E-06 -4.55803E-05  1.52922E-16 -4.59010E+04 -2.48758E+03 -1.44839E+03 -4.95415E+03  5.04674E+02  1.26248E+02  1.45000E+01  1.00000E+00  0.00000E+00 -5.10243E-06 -4.55746E-05 -2.29999E-08 -4.58872E+04 -2.45540E+03 -1.43460E+03 -4.85816E+03 -5.34699E+02 -1.32591E+02  1.45000E+01  5.00000E-01  0.00000E+00 -7.67368E-06 -4.56033E-05 -3.44809E-08 -3.49969E+04  1.29472E+03  2.55165E+02 -5.18619E+03  5.13869E+02  1.01975E+02  1.45000E+01  5.00000E-01  5.00000E-01 -7.67527E-06 -4.56091E-05  1.53563E-16 -3.49831E+04  1.32691E+03  2.68967E+02 -5.09067E+03 -5.25504E+02 -1.03328E+02
   1.40000E+01  1.00000E+00  1.00000E+00 -5.02225E-06 -4.29773E-05  2.50907E-08 -4.51502E+04 -1.25334E+03 -1.79891E+02 -8.41907E+03  5.62242E+02  1.32592E+02  1.40000E+01  1.00000E+00  5.00000E-01 -5.02329E-06 -4.29836E-05  1.45041E-16 -4.51647E+04 -1.28720E+03 -1.94404E+02 -8.51506E+03 -5.30666E+02 -1.26246E+02  1.40000E+01  5.00000E-01  5.00000E-01 -7.55500E-06 -4.30150E-05  1.45651E-16 -3.43264E+04  2.44867E+03  1.33630E+03 -8.65158E+03  5.52568E+02  1.03333E+02  1.40000E+01  5.00000E-01  1.00000E+00 -7.55341E-06 -4.30086E-05  3.76156E-08 -3.43409E+04  2.41480E+03  1.32178E+03 -8.74710E+03 -5.40340E+02 -1.01970E+02  1.45000E+01  1.00000E+00  1.00000E+00 -5.10243E-06 -4.55746E-05  2.29999E-08 -4.58872E+04 -2.45540E+03 -1.43460E+03 -4.85816E+03  5.34699E+02  1.32591E+02  1.45000E+01  1.00000E+00  5.00000E-01 -5.10348E-06 -4.55803E-05  1.52922E-16 -4.59010E+04 -2.48758E+03 -1.44839E+03 -4.95415E+03 -5.04674E+02 -1.26248E+02  1.45000E+01  5.00000E-01  5.00000E-01 -7.67527E-06 -4.56091E-05  1.53563E-16 -3.49831E+04  1.32691E+03  2.68967E+02 -5.09067E+03  5.25504E+02  1.03328E+02  1.45000E+01  5.00000E-01  1.00000E+00 -7.67368E-06 -4.56033E-05  3.44809E-08 -3.49969E+04  1.29472E+03  2.55165E+02 -5.18619E+03 -5.13869E+02 -1.01975E+02
   1.40000E+01  1.50000E+00  5.00000E-01 -2.50764E-06 -4.29648E-05  1.44413E-16 -2.92579E+04 -1.50244E+03 -4.09964E+02 -1.13488E+04  5.45935E+02  8.32218E+01  1.40000E+01  1.50000E+00  0.00000E+00 -2.50712E-06 -4.29585E-05 -1.25501E-08 -2.92571E+04 -1.50063E+03 -4.09182E+02 -1.12560E+04 -5.48339E+02 -8.28701E+01  1.40000E+01  1.00000E+00  0.00000E+00 -5.02225E-06 -4.29773E-05 -2.50907E-08 -1.84358E+04  2.19765E+03  1.10158E+03 -1.14881E+04  5.46450E+02  5.62772E+01  1.40000E+01  1.00000E+00  5.00000E-01 -5.02329E-06 -4.29836E-05  1.45041E-16 -1.84350E+04  2.19946E+03  1.10236E+03 -1.13954E+04 -5.47824E+02 -5.62229E+01  1.45000E+01  1.50000E+00  5.00000E-01 -2.54773E-06 -4.55631E-05  1.52272E-16 -2.97160E+04 -2.23915E+03 -1.20024E+03 -7.78778E+03  5.19201E+02  8.32283E+01  1.45000E+01  1.50000E+00  0.00000E+00 -2.54721E-06 -4.55573E-05 -1.15044E-08 -2.97153E+04 -2.23744E+03 -1.19950E+03 -7.69504E+03 -5.21481E+02 -8.28637E+01  1.45000E+01  1.00000E+00  0.00000E+00 -5.10243E-06 -4.55746E-05 -2.29999E-08 -1.88135E+04  1.54134E+03  4.98876E+02 -7.92708E+03  5.19686E+02  5.62827E+01  1.45000E+01  1.00000E+00  5.00000E-01 -5.10348E-06 -4.55803E-05  1.52922E-16 -1.88128E+04  1.54304E+03  4.99612E+02 -7.83438E+03 -5.20996E+02 -5.62175E+01
   1.40000E+01  1.50000E+00  1.00000E+00 -2.50712E-06 -4.29585E-05  1.25501E-08 -2.92571E+04 -1.50063E+03 -4.09182E+02 -1.12560E+04  5.48339E+02  8.28701E+01  1.40000E+01  1.50000E+00  5.00000E-01 -2.50764E-06 -4.29648E-05  1.44413E-16 -2.92579E+04 -1.50244E+03 -4.09964E+02 -1.13488E+04 -5.45935E+02 -8.32218E+01  1.40000E+01  1.00000E+00  5.00000E-01 -5.02329E-06 -4.29836E-05  1.45041E-16 -1.84350E+04  2.19946E+03  1.10236E+03 -1.13954E+04  5.47824E+02  5.62229E+01  1.40000E+01  1.00000E+00  1.00000E+00 -5.02225E-06 -4.29773E-05  2.50907E-08 -1.84358E+04  2.19765E+03  1.10158E+03 -1.14881E+04 -5.46450E+02 -5.62772E+01  1.45000E+01  1.50000E+00  1.00000E+00 -2.54721E-06 -4.55573E-05  1.15044E-08 -2.97153E+04 -2.23744E+03 -1.19950E+03 -7.69504E+03  5.21481E+02  8.28637E+01  1.45000E+01  1.50000E+00  5.00000E-01 -2.54773E-06 -4.55631E-05  1.52272E-16 -2.97160E+04 -2.23915E+03 -1.20024E+03 -7.78778E+03 -5.19201E+02 -8.32283E+01  1.45000E+01  1.00000E+00  5.00000E-01 -5.10348E-06 -4.55803E-05  1.52922E-16 -1.88128E+04  1.54304E+03  4.99612E+02 -7.83438E+03  5.20996E+02  5.62175E+01  1.45000E+01  1.00000E+00  1.00000E+00 -5.10243E-06 -4.55746E-05  2.29999E-08 -1.88135E+04  1.54134E+03  4.98876E+02 -7.92708E+03 -5.19686E+02 -5.62827E+01
   1.40000E+01  2.00000E+00  5.00000E-01  2.69992E-20 -4.29585E-05  1.43779E-16 -1.33591E+04 -1.73311E+03 -6.38204E+02 -1.27896E+04  5.47744E+02  3.66062E+01  1.40000E+01  2.00000E+00  0.00000E+00  7.82658E-18 -4.29522E-05  1.43779E-16 -1.33593E+04 -1.73347E+03 -6.38357E+02 -1.26967E+04 -5.47367E+02 -3.66493E+01  1.40000E+01  1.50000E+00  0.00000E+00 -2.50712E-06 -4.29585E-05 -1.25501E-08 -2.53805E+03  1.96584E+03  8.70519E+02 -1.28360E+04  5.47638E+02  9.80860E+00  1.40000E+01  1.50000E+00  5.00000E-01 -2.50764E-06 -4.29648E-05  1.44413E-16 -2.53820E+03  1.96547E+03  8.70361E+02 -1.27431E+04 -5.47473E+02 -9.82014E+00  1.45000E+01  2.00000E+00  5.00000E-01  2.97520E-20 -4.55573E-05  1.51614E-16 -1.35387E+04 -2.00550E+03 -9.64248E+02 -9.22853E+03  5.20923E+02  3.66102E+01  1.45000E+01  2.00000E+00  0.00000E+00  7.86650E-18 -4.55516E-05  1.51616E-16 -1.35388E+04 -2.00586E+03 -9.64395E+02 -9.13564E+03 -5.20562E+02 -3.66452E+01  1.45000E+01  1.50000E+00  0.00000E+00 -2.54721E-06 -4.55573E-05 -1.15044E-08 -2.63714E+03  1.77388E+03  7.32169E+02 -9.27497E+03  5.20821E+02  9.80967E+00  1.45000E+01  1.50000E+00  5.00000E-01 -2.54773E-06 -4.55631E-05  1.52272E-16 -2.63729E+03  1.77353E+03  7.32017E+02 -9.18207E+03 -5.20664E+02 -9.81906E+00
   1.40000E+01  2.00000E+00  1.00000E+00 -7.77928E-18 -4.29522E-05  1.43788E-16 -1.33593E+04 -1.73347E+03 -6.38357E+02 -1.26967E+04  5.47367E+02  3.66493E+01  1.40000E+01  2.00000E+00  5.00000E-01  2.69992E-20 -4.29585E-05  1.43779E-16 -1.33591E+04 -1.73311E+03 -6.38204E+02 -1.27896E+04 -5.47744E+02 -3.66062E+01  1.40000E+01  1.50000E+00  5.00000E-01 -2.50764E-06 -4.29648E-05  1.44413E-16 -2.53820E+03  1.96547E+03  8.70361E+02 -1.27431E+04  5.47473E+02  9.82014E+00  1.40000E+01  1.50000E+00  1.00000E+00 -2.50712E-06 -4.29585E-05  1.25501E-08 -2.53805E+03  1.96584E+03  8.70519E+02 -1.28360E+04 -5.47638E+02 -9.80860E+00  1.45000E+01  2.00000E+00  1.00000E+00 -7.81128E-18 -4.55516E-05  1.51616E-16 -1.35388E+04 -2.00586E+03 -9.64395E+02 -9.13564E+03  5.20562E+02  3.66452E+01  1.45000E+01  2.00000E+00  5.00000E-01  2.97520E-20 -4.55573E-05  1.51614E-16 -1.35387E+04 -2.00550E+03 -9.64248E+02 -9.22853E+03 -5.20923E+02 -3.66102E+01  1.45000E+01  1.50000E+00  5.00000E-01 -2.54773E-06 -4.55631E-05  1.52272E-16 -2.63729E+03  1.77353E+03  7.32017E+02 -9.18207E+03  5.20664E+02  9.81906E+00  1.45000E+01  1.50000E+00  1.00000E+00 -2.54721E-06 -4.55573E-05  1.15044E-08 -2.63714E+03  1.77388E+03  7.32169E+02 -9.27497E+03 -5.20821E+02 -9.80967E+00
   1.40000E+01  2.50000E+00  5.00000E-01  2.50764E-06 -4.29648E-05  1.43122E-16  2.53805E+03 -1.96584E+03 -8.70519E+02 -1.28360E+04  5.47638E+02 -9.80860E+00  1.40000E+01  2.50000E+00  0.00000E+00  2.50712E-06 -4.29585E-05  1.25501E-08  2.53820E+03 -1.96547E+03 -8.70361E+02 -1.27431E+04 -5.47473E+02  9.82014E+00  1.40000E+01  2.00000E+00  0.00000E+00  7.82658E-18 -4.29522E-05  1.43779E-16  1.33591E+04  1.73311E+03  6.38204E+02 -1.27896E+04  5.47744E+02 -3.66062E+01  1.40000E+01  2.00000E+00  5.00000E-01  2.69992E-20 -4.29585E-05  1.43779E-16  1.33593E+04  1.73347E+03  6.38357E+02 -1.26967E+04 -5.47367E+02  3.66493E+01  1.45000E+01  2.50000E+00  5.00000E-01  2.54773E-06 -4.55631E-05  1.50936E-16  2.63714E+03 -1.77388E+03 -7.32169E+02 -9.27497E+03  5.20821E+02 -9.80967E+00  1.45000E+01  2.50000E+00  0.00000E+00  2.54721E-06 -4.55573E-05  1.15044E-08  2.63729E+03 -1.77353E+03 -7.32017E+02 -9.18207E+03 -5.20664E+02  9.81906E+00  1.45000E+01  2.00000E+00  0.00000E+00  7.86650E-18 -4.55516E-05  1.51616E-16  1.35387E+04  2.00550E+03  9.64248E+02 -9.22853E+03  5.20923E+02 -3.66102E+01  1.45000E+01  2.00000E+00  5.00000E-01  2.97520E-20 -4.55573E-05  1.51614E-16  1.35388E+04  2.00586E+03  9.64395E+02 -9.13564E+03 -5.20562E+02  3.66452E+01
   1.40000E+01  2.50000E+00  1.00000E+00  2.50712E-06 -4.29585E-05 -1.25501E-08  2.53820E+03 -1.96547E+03 -8.70361E+02 -1.27431E+04  5.47473E+02 -9.82014E+00  1.40000E+01  2.50000E+00  5.00000E-01  2.50764E-06 -4.29648E-05  1.43122E-16  2.53805E+03 -1.96584E+03 -8.70519E+02 -1.28360E+04 -5.47638E+02  9.80860E+00  1.40000E+01  2.00000E+00  5.00000E-01  2.69992E-20 -4.29585E-05  1.43779E-16  1.33593E+04  1.73347E+03  6.38357E+02 -1.26967E+04  5.47367E+02 -3.66493E+01  1.40000E+01  2.00000E+00  1.00000E+00 -7.77928E-18 -4.29522E-05  1.43788E-16  1.33591E+04  1.73311E+03  6.38204E+02 -1.27896E+04 -5.47744E+02  3.66062E+01  1.45000E+01  2.50000E+00  1.00000E+00  2.54721E-06 -4.55573E-05 -1.15044E-08  2.63729E+03 -1.77353E+03 -7.32017E+02 -9.18207E+03  5.20664E+02 -9.81906E+00  1.45000E+01  2.50000E+00  5.00000E-01  2.54773E-06 -4.55631E-05  1.50936E-16  2.63714E+03 -1.77388E+03 -7.32169E+02 -9.27497E+03 -5.20821E+02  9.80967E+00  1.45000E+01  2.00000E+00  5.00000E-01  2.97520E-20 -4.55573E-05  1.51614E-16  1.35388E+04  2.00586E+03  9.64395E+02 -9.13564E+03  5.20562E+02 -3.66452E+01  1.45000E+01  2.00000E+00  1.00000E+00 -7.81128E-18 -4.55516E-05  1.51616E-16  1.35387E+04  2.00550E+03  9.64248E+02 -9.22853E+03 -5.20923E+02  3.66102E+01
   1.40000E+01  3.00000E+00  5.00000E-01  5.02329E-06 -4.29836E-05  1.42443E-16  1.84358E+04 -2.19765E+03 -1.10158E+03 -1.14881E+04  5.46450E+02 -5.62772E+01  1.40000E+01  3.00000E+00  0.00000E+00  5.02225E-06 -4.29773E-05  2.50907E-08  1.84350E+04 -2.19946E+03 -1.10236E+03 -1.13954E+04 -5.47824E+02  5.62229E+01  1.40000E+01  2.50000E+00  0.00000E+00  2.50712E-06 -4.29585E-05  1.25501E-08  2.92579E+04  1.50244E+03  4.09964E+02 -1.13488E+04  5.45935E+02 -8.32218E+01  1.40000E+01  2.50000E+00  5.00000E-01  2.50764E-06 -4.29648E-05  1.43122E-16  2.92571E+04  1.50063E+03  4.09182E+02 -1.12560E+04 -5.48339E+02  8.28701E+01  1.45000E+01  3.00000E+00  5.00000E-01  5.10348E-06 -4.55803E-05  1.50232E-16  1.88135E+04 -1.54134E+03 -4.98876E+02 -7.92708E+03  5.19686E+02 -5.62827E+01  1.45000E+01  3.00000E+00  0.00000E+00  5.10243E-06 -4.55746E-05  2.29999E-08  1.88128E+04 -1.54304E+03 -4.99612E+02 -7.83438E+03 -5.20996E+02  5.62175E+01  1.45000E+01  2.50000E+00  0.00000E+00  2.54721E-06 -4.55573E-05  1.15044E-08  2.97160E+04  2.23915E+03  1.20024E+03 -7.78778E+03  5.19201E+02 -8.32283E+01  1.45000E+01  2.50000E+00  5.00000E-01  2.54773E-06 -4.55631E-05  1.50936E-16  2.97153E+04  2.23744E+03  1.19950E+03 -7.69504E+03 -5.21481E+02  8.28637E+01
   1.40000E+01  3.00000E+00  1.00000E+00  5.02225E-06 -4.29773E-05 -2.50907E-08  1.84350E+04 -2.19946E+03 -1.10236E+03 -1.13954E+04  5.47824E+02 -5.62229E+01  1.40000E+01  3.00000E+00  5.00000E-01  5.02329E-06 -4.29836E-05  1.42443E-16  1.84358E+04 -2.19765E+03 -1.10158E+03 -1.14881E+04 -5.46450E+02  5.62772E+01  1.40000E+01  2.50000E+00  5.00000E-01  2.50764E-06 -4.29648E-05  1.43122E-16  2.92571E+04  1.50063E+03  4.09182E+02 -1.12560E+04  5.48339E+02 -8.28701E+01  1.40000E+01  2.50000E+00  1.00000E+00  2.50712E-06 -4.29585E-05 -1.25501E-08  2.92579E+04  1.50244E+03  4.09964E+02 -1.13488E+04 -5.45935E+02  8.32218E+01  1.45000E+01  3.00000E+00  1.00000E+00  5.10243E-06 -4.55746E-05 -2.29999E-08  1.88128E+04 -1.54304E+03 -4.99612E+02 -7.83438E+03  5.20996E+02 -5.62175E+01  1.45000E+01  3.00000E+00  5.00000E-01  5.10348E-06 -4.55803E-05  1.50232E-16  1.88135E+04 -1.54134E+03 -4.98876E+02 -7.92708E+03 -5.19686E+02  5.62827E+01  1.45000E+01  2.50000E+00  5.00000E-01  2.54773E-06 -4.55631E-05  1.50936E-16  2.97153E+04  2.23744E+03  1.19950E+03 -7.69504E+03  5.21481E+02 -8.28637E+01  1.45000E+01  2.50000E+00  1.00000E+00  2.54721E-06 -4.55573E-05 -1.15044E-08  2.97160E+04  2.23915E+03  1.20024E+03 -7.78778E+03 -5.19201E+02  8.32283E+01
   1.40000E+01  3.50000E+00  5.00000E-01  7.55500E-06 -4.30150E-05  1.41723E-16  3.43409E+04 -2.41480E+03 -1.32178E+03 -8.74710E+03  5.40340E+02 -1.01970E+02  1.40000E+01  3.50000E+00  0.00000E+00  7.55341E-06 -4.30086E-05  3.76156E-08  3.43264E+04 -2.44867E+03 -1.33630E+03 -8.65158E+03 -5.52568E+02  1.03333E+02  1.40000E+01  3.00000E+00  0.00000E+00  5.02225E-06 -4.29773E-05  2.50907E-08  4.51647E+04  1.28720E+03  1.94404E+02 -8.51506E+03  5.30666E+02 -1.26246E+02  1.40000E+01  3.00000E+00  5.00000E-01  5.02329E-06 -4.29836E-05  1.42443E-16  4.51502E+04  1.25334E+03  1.79891E+02 -8.41907E+03 -5.62242E+02  1.32592E+02  1.45000E+01  3.50000E+00  5.00000E-01  7.67527E-06 -4.56091E-05  1.49507E-16  3.49969E+04 -1.29472E+03 -2.55165E+02 -5.18619E+03  5.13869E+02 -1.01975E+02  1.45000E+01  3.50000E+00  0.00000E+00  7.67368E-06 -4.56033E-05  3.44809E-08  3.49831E+04 -1.32691E+03 -2.68967E+02 -5.09067E+03 -5.25504E+02  1.03328E+02  1.45000E+01  3.00000E+00  0.00000E+00  5.10243E-06 -4.55746E-05  2.29999E-08  4.59010E+04  2.48758E+03  1.44839E+03 -4.95415E+03  5.04674E+02 -1.26248E+02  1.45000E+01  3.00000E+00  5.00000E-01  5.10348E-06 -4.55803E-05  1.50232E-16  4.58872E+04  2.45540E+03  1.43460E+03 -4.85816E+03 -5.34699E+02  1.32591E+02
   1.40000E+01  3.50000E+00  1.00000E+00  7.55341E-06 -4.30086E-05 -3.76156E-08  3.43264E+04 -2.44867E+03 -1.33630E+03 -8.65158E+03  5.52568E+02 -1.03333E+02  1.40000E+01  3.50000E+00  5.00000E-01  7.55500E-06 -4.30150E-05  1.41723E-16  3.43409E+04 -2.41480E+03 -1.32178E+03 -8.74710E+03 -5.40340E+02  1.01970E+02  1.40000E+01  3.00000E+00  5.00000E-01  5.02329E-06 -4.29836E-05  1.42443E-16  4.51502E+04  1.25334E+03  1.79891E+02 -8.41907E+03  5.62242E+02 -1.32592E+02  1.40000E+01  3.00000E+00  1.00000E+00  5.02225E-06 -4.29773E-05 -2.50907E-08  4.51647E+04  1.28720E+03  1.94404E+02 -8.51506E+03 -5.30666E+02  1.26246E+02  1.45000E+01  3.50000E+00  1.00000E+00  7.67368E-06 -4.56033E-05 -3.44809E-08  3.49831E+04 -1.32691E+03 -2.68967E+02 -5.09067E+03  5.25504E+02 -1.03328E+02  1.45000E+01  3.50000E+00  5.00000E-01  7.67527E-06 -4.56091E-05  1.49507E-16  3.49969E+04 -1.29472E+03 -2.55165E+02 -5.18619E+03 -5.13869E+02  1.01975E+02  1.45000E+01  3.00000E+00  5.00000E-01  5.10348E-06 -4.55803E-05  1.50232E-16  4.58872E+04  2.45540E+03  1.43460E+03 -4.85816E+03  5.34699E+02 -1.32591E+02  1.45000E+01  3.00000E+00  1.00000E+00  5.10243E-06 -4.55746E-05 -2.29999E-08  4.59010E+04  2.48758E+03  1.44839E+03 -4.95415E+03 -5.04674E+02  1.26248E+02
   1.40000E+01  4.00000E+00  5.00000E-01  1.01106E-05 -4.30589E-05  1.40986E-16  5.02407E+04 -2.61435E+03 -1.57623E+03 -4.59915E+03  5.85222E+02 -1.53354E+02  1.40000E+01  4.00000E+00  0.00000E+00  1.01087E-05 -4.30524E-05  5.06557E-08  5.02271E+04 -2.64604E+03 -1.58981E+03 -4.52531E+03 -5.52642E+02  1.45483E+02  1.40000E+01  3.50000E+00  0.00000E+00  7.55341E-06 -4.30086E-05  3.76156E-08  6.09970E+04  1.02021E+03 -2.17393E+02 -4.27490E+03  5.76167E+02 -2.03137E+02  1.40000E+01  3.50000E+00  5.00000E-01  7.55500E-06 -4.30150E-05  1.41723E-16  6.09835E+04  9.88529E+02 -2.30966E+02 -4.20061E+03 -5.61696E+02  1.51444E+02  1.45000E+01  4.00000E+00  5.00000E-01  1.02710E-05 -4.56494E-05  1.48765E-16  5.11753E+04 -1.03123E+03 -4.39276E+01 -1.03824E+03  5.56550E+02 -1.53352E+02  1.45000E+01  4.00000E+00  0.00000E+00  1.02691E-05 -4.56434E-05  4.64340E-08  5.11624E+04 -1.06136E+03 -5.68390E+01 -9.64398E+02 -5.25569E+02  1.45485E+02  1.45000E+01  3.50000E+00  0.00000E+00  7.67368E-06 -4.56033E-05  3.44809E-08  6.20153E+04  2.68695E+03  1.51001E+03 -7.13994E+02  5.47941E+02 -2.03132E+02  1.45000E+01  3.50000E+00  5.00000E-01  7.67527E-06 -4.56091E-05  1.49507E-16  6.20024E+04  2.65683E+03  1.49711E+03 -6.39704E+02 -5.34178E+02  1.51450E+02
   1.40000E+01  4.00000E+00  1.00000E+00  1.01087E-05 -4.30524E-05 -5.06557E-08  5.02271E+04 -2.64604E+03 -1.58981E+03 -4.52531E+03  5.52642E+02 -1.45483E+02  1.40000E+01  4.00000E+00  5.00000E-01  1.01106E-05 -4.30589E-05  1.40986E-16  5.02407E+04 -2.61435E+03 -1.57623E+03 -4.59915E+03 -5.85222E+02  1.53354E+02  1.40000E+01  3.50000E+00  5.00000E-01  7.55500E-06 -4.30150E-05  1.41723E-16  6.09835E+04  9.88529E+02 -2.30966E+02 -4.20061E+03  5.61696E+02 -1.51444E+02  1.40000E+01  3.50000E+00  1.00000E+00  7.55341E-06 -4.30086E-05 -3.76156E-08  6.09970E+04  1.02021E+03 -2.17393E+02 -4.27490E+03 -5.76167E+02  2.03137E+02  1.45000E+01  4.00000E+00  1.00000E+00  1.02691E-05 -4.56434E-05 -4.64340E-08  5.11624E+04 -1.06136E+03 -5.68390E+01 -9.64398E+02  5.25569E+02 -1.45485E+02  1.45000E+01  4.00000E+00  5.00000E-01  1.02710E-05 -4.56494E-05  1.48765E-16  5.11753E+04 -1.03123E+03 -4.39276E+01 -1.03824E+03 -5.56550E+02  1.53352E+02  1.45000E+01  3.50000E+00  5.00000E-01  7.67527E-06 -4.56091E-05  1.49507E-16  6.20024E+04  2.65683E+03  1.49711E+03 -6.39704E+02  5.34178E+02 -1.51450E+02  1.45000E+01  3.50000E+00  1.00000E+00  7.67368E-06 -4.56033E-05 -3.44809E-08  6.20153E+04  2.68695E+03  1.51001E+03 -7.13994E+02 -5.47941E+02  2.03132E+02
   1.45000E+01  5.00000E-01  5.00000E-01 -7.67527E-06 -4.56091E-05  1.53563E-16 -5.56481E+04 -8.58853E+02  2.73665E+02 -4.12018E+03  5.27274E+02  2.03165E+02  1.45000E+01  5.00000E-01  0.00000E+00 -7.67368E-06 -4.56033E-05 -3.44809E-08 -5.56357E+04 -8.29870E+02  2.86087E+02 -4.04586E+03 -5.14029E+02 -1.51442E+02  1.45000E+01  0.00000E+00  0.00000E+00 -1.02691E-05 -4.56434E-05 -4.64340E-08 -4.58312E+04  2.45583E+03  1.50575E+03 -4.44444E+03  5.35554E+02  1.53353E+02  1.45000E+01  0.00000E+00  5.00000E-01 -1.02710E-05 -4.56494E-05  1.54190E-16 -4.58188E+04  2.48483E+03  1.51818E+03 -4.37057E+03 -5.05748E+02 -1.45483E+02  1.50000E+01  5.00000E-01  5.00000E-01 -7.78509E-06 -4.82416E-05  1.61507E-16 -5.66664E+04 -2.52567E+03 -1.45385E+03 -8.69086E+02  4.99034E+02  2.03165E+02  1.50000E+01  5.00000E-01  0.00000E+00 -7.78349E-06 -4.82363E-05 -3.13463E-08 -5.66546E+04 -2.49827E+03 -1.44210E+03 -7.94760E+02 -4.86497E+02 -1.51441E+02  1.50000E+01  0.00000E+00  0.00000E+00 -1.04155E-05 -4.82728E-05 -4.22119E-08 -4.67659E+04  8.72671E+02 -2.65670E+01 -1.19335E+03  5.06863E+02  1.53362E+02  1.50000E+01  0.00000E+00  5.00000E-01 -1.04174E-05 -4.82782E-05  1.62172E-16 -4.67541E+04  9.00085E+02 -1.48110E+01 -1.11947E+03 -4.78669E+02 -1.45474E+02
   1.45000E+01  5.00000E-01  1.00000E+00 -7.67368E-06 -4.56033E-05  3.44809E-08 -5.56357E+04 -8.29870E+02  2.86087E+02 -4.04586E+03  5.14029E+02  1.51442E+02  1.45000E+01  5.00000E-01  5.00000E-01 -7.67527E-06 -4.56091E-05  1.53563E-16 -5.56481E+04 -8.58853E+02  2.73665E+02 -4.12018E+03 -5.27274E+02 -2.03165E+02  1.45000E+01  0.00000E+00  5.00000E-01 -1.02710E-05 -4.56494E-05  1.54190E-16 -4.58188E+04  2.48483E+03  1.51818E+03 -4.37057E+03  5.05748E+02  1.45483E+02  1.45000E+01  0.00000E+00  1.00000E+00 -1.02691E-05 -4.56434E-05  4.64340E-08 -4.58312E+04  2.45583E+03  1.50575E+03 -4.44444E+03 -5.35554E+02 -1.53353E+02  1.50000E+01  5.00000E-01  1.00000E+00 -7.78349E-06 -4.82363E-05  3.13463E-08 -5.66546E+04 -2.49827E+03 -1.44210E+03 -7.94760E+02  4.86497E+02  1.51441E+02  1.50000E+01  5.00000E-01  5.00000E-01 -7.78509E-06 -4.82416E-05  1.61507E-16 -5.66664E+04 -2.52567E+03 -1.45385E+03 -8.69086E+02 -4.99034E+02 -2.03165E+02  1.50000E+01  0.00000E+00  5.00000E-01 -1.04174E-05 -4.82782E-05  1.62172E-16 -4.67541E+04  9.00085E+02 -1.48110E+01 -1.11947E+03  4.78669E+02  1.45474E+02  1.50000E+01  0.00000E+00  1.00000E+00 -1.04155E-05 -4.82728E-05  4.22119E-08 -4.67659E+04  8.72671E+02 -2.65670E+01 -1.19335E+03 -5.06863E+02 -1.53362E+02
   1.45000E+01  1.00000E+00  5.00000E-01 -5.10348E-06 -4.55803E-05  1.52922E-16 -4.12055E+04 -1.12293E+03 -1.22965E+02 -8.36032E+03  4.85647E+02  1.26234E+02  1.45000E+01  1.00000E+00  0.00000E+00 -5.10243E-06 -4.55746E-05 -2.29999E-08 -4.11922E+04 -1.09196E+03 -1.09683E+02 -8.26431E+03 -5.14533E+02 -1.32590E+02  1.45000E+01  5.00000E-01  0.00000E+00 -7.67368E-06 -4.56033E-05 -3.44809E-08 -3.13266E+04  2.25357E+03  1.25318E+03 -8.59236E+03  4.94489E+02  1.01954E+02  1.45000E+01  5.00000E-01  5.00000E-01 -7.67527E-06 -4.56091E-05  1.53563E-16 -3.13133E+04  2.28455E+03  1.26647E+03 -8.49684E+03 -5.05691E+02 -1.03327E+02  1.50000E+01  1.00000E+00  5.00000E-01 -5.17669E-06 -4.82154E-05  1.60830E-16 -4.19418E+04 -2.32332E+03 -1.37691E+03 -5.10914E+03  4.59655E+02  1.26247E+02  1.50000E+01  1.00000E+00  0.00000E+00 -5.17565E-06 -4.82102E-05 -2.09094E-08 -4.19292E+04 -2.29405E+03 -1.36436E+03 -5.01312E+03 -4.86981E+02 -1.32577E+02  1.50000E+01  5.00000E-01  0.00000E+00 -7.78349E-06 -4.82363E-05 -3.13463E-08 -3.19826E+04  1.13350E+03  1.86633E+02 -5.34118E+03  4.68010E+02  1.01971E+02  1.50000E+01  5.00000E-01  5.00000E-01 -7.78509E-06 -4.82416E-05  1.61507E-16 -3.19700E+04  1.16277E+03  1.99192E+02 -5.24565E+03 -4.78626E+02 -1.03310E+02
   1.45000E+01  1.00000E+00  1.00000E+00 -5.10243E-06 -4.55746E-05  2.29999E-08 -4.11922E+04 -1.09196E+03 -1.09683E+02 -8.26431E+03  5.14533E+02  1.32590E+02  1.45000E+01  1.00000E+00  5.00000E-01 -5.10348E-06 -4.55803E-05  1.52922E-16 -4.12055E+04 -1.12293E+03 -1.22965E+02 -8.36032E+03 -4.85647E+02 -1.26234E+02  1.45000E+01  5.00000E-01  5.00000E-01 -7.67527E-06 -4.56091E-05  1.53563E-16 -3.13133E+04  2.28455E+03  1.26647E+03 -8.49684E+03  5.05691E+02  1.03327E+02  1.45000E+01  5.00000E-01  1.00000E+00 -7.67368E-06 -4.56033E-05  3.44809E-08 -3.13266E+04  2.25357E+03  1.25318E+03 -8.59236E+03 -4.94489E+02 -1.01954E+02  1.50000E+01  1.00000E+00  1.00000E+00 -5.17565E-06 -4.82102E-05  2.09094E-08 -4.19292E+04 -2.29405E+03 -1.36436E+03 -5.01312E+03  4.86981E+02  1.32577E+02  1.50000E+01  1.00000E+00  5.00000E-01 -5.17669E-06 -4.82154E-05  1.60830E-16 -4.19418E+04 -2.32332E+03 -1.37691E+03 -5.10914E+03 -4.59655E+02 -1.26247E+02  1.50000E+01  5.00000E-01  5.00000E-01 -7.78509E-06 -4.82416E-05  1.61507E-16 -3.19700E+04  1.16277E+03  1.99192E+02 -5.24565E+03  4.78626E+02  1.03310E+02  1.50000E+01  5.00000E-01  1.00000E+00 -7.78349E-06 -4.82363E-05  3.13463E-08 -3.19826E+04  1.13350E+03  1.86633E+02 -5.34118E+03 -4.68010E+02 -1.01971E+02
   1.45000E+01  1.50000E+00  5.00000E-01 -2.54773E-06 -4.55631E-05  1.52272E-16 -2.66943E+04 -1.33971E+03 -3.39989E+02 -1.11939E+04  4.99632E+02  8.32059E+01  1.45000E+01  1.50000E+00  0.00000E+00 -2.54721E-06 -4.55573E-05 -1.15044E-08 -2.66935E+04 -1.33807E+03 -3.39270E+02 -1.11011E+04 -5.01820E+02 -8.28633E+01  1.45000E+01  1.00000E+00  0.00000E+00 -5.10243E-06 -4.55746E-05 -2.29999E-08 -1.68166E+04  2.03518E+03  1.03200E+03 -1.13332E+04  5.00094E+02  5.62654E+01  1.45000E+01  1.00000E+00  5.00000E-01 -5.10348E-06 -4.55803E-05  1.52922E-16 -1.68159E+04  2.03682E+03  1.03271E+03 -1.12405E+04 -5.01358E+02 -5.62173E+01  1.50000E+01  1.50000E+00  5.00000E-01 -2.58434E-06 -4.81997E-05  1.60152E-16 -2.71524E+04 -2.07648E+03 -1.13023E+03 -7.94248E+03  4.72904E+02  8.32233E+01  1.50000E+01  1.50000E+00  0.00000E+00 -2.58381E-06 -4.81945E-05 -1.04588E-08 -2.71517E+04 -2.07496E+03 -1.12956E+03 -7.84975E+03 -4.74962E+02 -8.28459E+01  1.50000E+01  1.00000E+00  0.00000E+00 -5.17565E-06 -4.82102E-05 -2.09094E-08 -1.71943E+04  1.37879E+03  4.29310E+02 -8.08181E+03  4.73332E+02  5.62780E+01  1.50000E+01  1.00000E+00  5.00000E-01 -5.17669E-06 -4.82154E-05  1.60830E-16 -1.71936E+04  1.38031E+03  4.29972E+02 -7.98912E+03 -4.74533E+02 -5.62046E+01
   1.45000E+01  1.50000E+00  1.00000E+00 -2.54721E-06 -4.55573E-05  1.15044E-08 -2.66935E+04 -1.33807E+03 -3.39270E+02 -1.11011E+04  5.01820E+02  8.28633E+01  1.45000E+01  1.50000E+00  5.00000E-01 -2.54773E-06 -4.55631E-05  1.52272E-16 -2.66943E+04 -1.33971E+03 -3.39989E+02 -1.11939E+04 -4.99632E+02 -8.32059E+01  1.45000E+01  1.00000E+00  5.00000E-01 -5.10348E-06 -4.55803E-05  1.52922E-16 -1.68159E+04  2.03682E+03  1.03271E+03 -1.12405E+04  5.01358E+02  5.62173E+01  1.45000E+01  1.00000E+00  1.00000E+00 -5.10243E-06 -4.55746E-05  2.29999E-08 -1.68166E+04  2.03518E+03  1.03200E+03 -1.13332E+04 -5.00094E+02 -5.62654E+01  1.50000E+01  1.50000E+00  1.00000E+00 -2.58381E-06 -4.81945E-05  1.04588E-08 -2.71517E+04 -2.07496E+03 -1.12956E+03 -7.84975E+03  4.74962E+02  8.28459E+01  1.50000E+01  1.50000E+00  5.00000E-01 -2.58434E-06 -4.81997E-05  1.60152E-16 -2.71524E+04 -2.07648E+03 -1.13023E+03 -7.94248E+03 -4.72904E+02 -8.32233E+01  1.50000E+01  1.00000E+00  5.00000E-01 -5.17669E-06 -4.82154E-05  1.60830E-16 -1.71936E+04  1.38031E+03  4.29972E+02 -7.98912E+03  4.74533E+02  5.62046E+01  1.50000E+01  1.00000E+00  1.00000E+00 -5.17565E-06 -4.82102E-05  2.09094E-08 -1.71943E+04  1.37879E+03  4.29310E+02 -8.08181E+03 -4.73332E+02 -5.62780E+01
   1.45000E+01  2.00000E+00  5.00000E-01  2.97520E-20 -4.55573E-05  1.51614E-16 -1.21899E+04 -1.57057E+03 -5.68566E+02 -1.26346E+04  5.01291E+02  3.65981E+01  1.45000E+01  2.00000E+00  0.00000E+00  7.86650E-18 -4.55516E-05  1.51616E-16 -1.21901E+04 -1.57091E+03 -5.68703E+02 -1.25417E+04 -5.00940E+02 -3.66451E+01  1.45000E+01  1.50000E+00  0.00000E+00 -2.54721E-06 -4.55573E-05 -1.15044E-08 -2.31308E+03  1.80331E+03  8.00858E+02 -1.26810E+04  5.01191E+02  9.80642E+00  1.45000E+01  1.50000E+00  5.00000E-01 -2.54773E-06 -4.55631E-05  1.52272E-16 -2.31322E+03  1.80296E+03  8.00712E+02 -1.25882E+04 -5.01040E+02 -9.81903E+00  1.50000E+01  2.00000E+00  5.00000E-01  3.49401E-20 -4.81945E-05  1.59462E-16 -1.23695E+04 -1.84302E+03 -8.94596E+02 -9.38311E+03  4.74475E+02  3.66067E+01  1.50000E+01  2.00000E+00  0.00000E+00  7.89583E-18 -4.81893E-05  1.59459E-16 -1.23696E+04 -1.84335E+03 -8.94728E+02 -9.29023E+03 -4.74138E+02 -3.66365E+01  1.50000E+01  1.50000E+00  0.00000E+00 -2.58381E-06 -4.81945E-05 -1.04588E-08 -2.41220E+03  1.61129E+03  6.62490E+02 -9.42956E+03  4.74378E+02  9.80873E+00  1.50000E+01  1.50000E+00  5.00000E-01 -2.58434E-06 -4.81997E-05  1.60152E-16 -2.41233E+03  1.61095E+03  6.62348E+02 -9.33668E+03 -4.74236E+02 -9.81672E+00
   1.45000E+01  2.00000E+00  1.00000E+00 -7.81128E-18 -4.55516E-05  1.51616E-16 -1.21901E+04 -1.57091E+03 -5.68703E+02 -1.25417E+04  5.00940E+02  3.66451E+01  1.45000E+01  2.00000E+00  5.00000E-01  2.97520E-20 -4.55573E-05  1.51614E-16 -1.21899E+04 -1.57057E+03 -5.68566E+02 -1.26346E+04 -5.01291E+02 -3.65981E+01  1.45000E+01  1.50000E+00  5.00000E-01 -2.54773E-06 -4.55631E-05  1.52272E-16 -2.31322E+03  1.80296E+03  8.00712E+02 -1.25882E+04  5.01040E+02  9.81903E+00  1.45000E+01  1.50000E+00  1.00000E+00 -2.54721E-06 -4.55573E-05  1.15044E-08 -2.31308E+03  1.80331E+03  8.00858E+02 -1.26810E+04 -5.01191E+02 -9.80642E+00  1.50000E+01  2.00000E+00  1.00000E+00 -7.82510E-18 -4.81893E-05  1.59478E-16 -1.23696E+04 -1.84335E+03 -8.94728E+02 -9.29023E+03  4.74138E+02  3.66365E+01  1.50000E+01  2.00000E+00  5.00000E-01  3.49401E-20 -4.81945E-05  1.59462E-16 -1.23695E+04 -1.84302E+03 -8.94596E+02 -9.38311E+03 -4.74475E+02 -3.66067E+01  1.50000E+01  1.50000E+00  5.00000E-01 -2.58434E-06 -4.81997E-05  1.60152E-16 -2.41233E+03  1.61095E+03  6.62348E+02 -9.33668E+03  4.74236E+02  9.81672E+00  1.50000E+01  1.50000E+00  1.00000E+00 -2.58381E-06 -4.81945E-05  1.04588E-08 -2.41220E+03  1.61129E+03  6.62490E+02 -9.42956E+03 -4.74378E+02 -9.80873E+00
   1.45000E+01  2.50000E+00  5.00000E-01  2.54773E-06 -4.55631E-05  1.50936E-16  2.31308E+03 -1.80331E+03 -8.00858E+02 -1.26810E+04  5.01191E+02 -9.80642E+00  1.45000E+01  2.50000E+00  0.00000E+00  2.54721E-06 -4.55573E-05  1.15044E-08  2.31322E+03 -1.80296E+03 -8.00712E+02 -1.25882E+04 -5.01040E+02  9.81903E+00  1.45000E+01  2.00000E+00  0.00000E+00  7.86650E-18 -4.55516E-05  1.51616E-16  1.21899E+04  1.57057E+03  5.68566E+02 -1.26346E+04  5.01291E+02 -3.65981E+01  1.45000E+01  2.00000E+00  5.00000E-01  2.97520E-20 -4.55573E-05  1.51614E-16  1.21901E+04  1.57091E+03  5.68703E+02 -1.25417E+04 -5.00940E+02  3.66451E+01  1.50000E+01  2.50000E+00  5.00000E-01  2.58434E-06 -4.81997E-05  1.58761E-16  2.41220E+03 -1.61129E+03 -6.62490E+02 -9.42956E+03  4.74378E+02 -9.80873E+00  1.50000E+01  2.50000E+00  0.00000E+00  2.58381E-06 -4.81945E-05  1.04588E-08  2.41233E+03 -1.61095E+03 -6.62348E+02 -9.33668E+03 -4.74236E+02  9.81672E+00  1.50000E+01  2.00000E+00  0.00000E+00  7.89583E-18 -4.81893E-05  1.59459E-16  1.23695E+04  1.84302E+03  8.94596E+02 -9.38311E+03  4.74475E+02 -3.66067E+01  1.50000E+01  2.00000E+00  5.00000E-01  3.49401E-20 -4.81945E-05  1.59462E-16  1.23696E+04  1.84335E+03  8.94728E+02 -9.29023E+03 -4.74138E+02  3.66365E+01
   1.45000E+01  2.50000E+00  1.00000E+00  2.54721E-06 -4.55573E-05 -1.15044E-08  2.31322E+03 -1.80296E+03 -8.00712E+02 -1.25882E+04  5.01040E+02 -9.81903E+00  1.45000E+01  2.50000E+00  5.00000E-01  2.54773E-06 -4.55631E-05  1.50936E-16  2.31308E+03 -1.80331E+03 -8.00858E+02 -1.26810E+04 -5.01191E+02  9.80642E+00  1.45000E+01  2.00000E+00  5.00000E-01  2.97520E-20 -4.55573E-05  1.51614E-16  1.21901E+04  1.57091E+03  5.68703E+02 -1.25417E+04  5.00940E+02 -3.66451E+01  1.45000E+01  2.00000E+00  1.00000E+00 -7.81128E-18 -4.55516E-05  1.51616E-16  1.21899E+04  1.57057E+03  5.68566E+02 -1.26346E+04 -5.01291E+02  3.65981E+01  1.50000E+01  2.50000E+00  1.00000E+00  2.58381E-06 -4.81945E-05 -1.04588E-08  2.41233E+03 -1.61095E+03 -6.62348E+02 -9.33668E+03  4.74236E+02 -9.81672E+00  1.50000E+01  2.50000E+00  5.00000E-01  2.58434E-06 -4.81997E-05  1.58761E-16  2.41220E+03 -1.61129E+03 -6.62490E+02 -9.42956E+03 -4.74378E+02  9.80873E+00  1.50000E+01  2.00000E+00  5.00000E-01  3.49401E-20 -4.81945E-05  1.59462E-16  1.23696E+04  1.84335E+03  8.94728E+02 -9.29023E+03  4.74138E+02 -3.66365E+01  1.50000E+01  2.00000E+00  1.00000E+00 -7.82510E-18 -4.81893E-05  1.59478E-16  1.23695E+04  1.84302E+03  8.94596E+02 -9.38311E+03 -4.74475E+02  3.66067E+01
   1.45000E+01  3.00000E+00  5.00000E-01  5.10348E-06 -4.55803E-05  1.50232E-16  1.68166E+04 -2.03518E+03 -1.03200E+03 -1.13332E+04  5.00094E+02 -5.62654E+01  1.45000E+01  3.00000E+00  0.00000E+00  5.10243E-06 -4.55746E-05  2.29999E-08  1.68159E+04 -2.03682E+03 -1.03271E+03 -1.12405E+04 -5.01358E+02  5.62173E+01  1.45000E+01  2.50000E+00  0.00000E+00  2.54721E-06 -4.55573E-05  1.15044E-08  2.66943E+04  1.33971E+03  3.39989E+02 -1.11939E+04  4.99632E+02 -8.32059E+01  1.45000E+01  2.50000E+00  5.00000E-01  2.54773E-06 -4.55631E-05  1.50936E-16  2.66935E+04  1.33807E+03  3.39270E+02 -1.11011E+04 -5.01820E+02  8.28633E+01  1.50000E+01  3.00000E+00  5.00000E-01  5.17669E-06 -4.82154E-05  1.58046E-16  1.71943E+04 -1.37879E+03 -4.29310E+02 -8.08181E+03  4.73332E+02 -5.62780E+01  1.50000E+01  3.00000E+00  0.00000E+00  5.17565E-06 -4.82102E-05  2.09094E-08  1.71936E+04 -1.38031E+03 -4.29972E+02 -7.98912E+03 -4.74533E+02  5.62046E+01  1.50000E+01  2.50000E+00  0.00000E+00  2.58381E-06 -4.81945E-05  1.04588E-08  2.71524E+04  2.07648E+03  1.13023E+03 -7.94248E+03  4.72904E+02 -8.32233E+01  1.50000E+01  2.50000E+00  5.00000E-01  2.58434E-06 -4.81997E-05  1.58761E-16  2.71517E+04  2.07496E+03  1.12956E+03 -7.84975E+03 -4.74962E+02  8.28459E+01
   1.45000E+01  3.00000E+00  1.00000E+00  5.10243E-06 -4.55746E-05 -2.29999E-08  1.68159E+04 -2.03682E+03 -1.03271E+03 -1.12405E+04  5.01358E+02 -5.62173E+01  1.45000E+01  3.00000E+00  5.00000E-01  5.10348E-06 -4.55803E-05  1.50232E-16  1.68166E+04 -2.03518E+03 -1.03200E+03 -1.13332E+04 -5.00094E+02  5.62654E+01  1.45000E+01  2.50000E+00  5.00000E-01  2.54773E-06 -4.55631E-05  1.50936E-16  2.66935E+04  1.33807E+03  3.39270E+02 -1.11011E+04  5.01820E+02 -8.28633E+01  1.45000E+01  2.50000E+00  1.00000E+00  2.54721E-06 -4.55573E-05 -1.15044E-08  2.66943E+04  1.33971E+03  3.39989E+02 -1.11939E+04 -4.99632E+02  8.32059E+01  1.50000E+01  3.00000E+00  1.00000E+00  5.17565E-06 -4.82102E-05 -2.09094E-08  1.71936E+04 -1.38031E+03 -4.29972E+02 -7.98912E+03  4.74533E+02 -5.62046E+01  1.50000E+01  3.00000E+00  5.00000E-01  5.17669E-06 -4.82154E-05  1.58046E-16  1.71943E+04 -1.37879E+03 -4.29310E+02 -8.08181E+03 -4.73332E+02  5.62780E+01  1.50000E+01  2.50000E+00  5.00000E-01  2.58434E-06 -4.81997E-05  1.58761E-16  2.71517E+04  2.07496E+03  1.12956E+03 -7.84975E+03  4.74962E+02 -8.28459E+01  1.50000E+01  2.50000E+00  1.00000E+00  2.58381E-06 -4.81945E-05 -1.04588E-08  2.71524E+04  2.07648E+03  1.13023E+03 -7.94248E+03 -4.72904E+02  8.32233E+01
   1.45000E+01  3.50000E+00  5.00000E-01  7.67527E-06 -4.56091E-05  1.49507E-16  3.13266E+04 -2.25357E+03 -1.25318E+03 -8.59236E+03  4.94489E+02 -1.01954E+02  1.45000E+01  3.50000E+00  0.00000E+00  7.67368E-06 -4.56033E-05  3.44809E-08  3.13133E+04 -2.28455E+03 -1.26647E+03 -8.49684E+03 -5.05691E+02  1.03327E+02  1.45000E+01  3.00000E+00  0.00000E+00  5.10243E-06 -4.55746E-05  2.29999E-08  4.12055E+04  1.12293E+03  1.22965E+02 -8.36032E+03  4.85647E+02 -1.26234E+02  1.45000E+01  3.00000E+00  5.00000E-01  5.10348E-06 -4.55803E-05  1.50232E-16  4.11922E+04  1.09196E+03  1.09683E+02 -8.26431E+03 -5.14533E+02  1.32590E+02  1.50000E+01  3.50000E+00  5.00000E-01  7.78509E-06 -4.82416E-05  1.57314E-16  3.19826E+04 -1.13350E+03 -1.86633E+02 -5.34118E+03  4.68010E+02 -1.01971E+02  1.50000E+01  3.50000E+00  0.00000E+00  7.78349E-06 -4.82363E-05  3.13463E-08  3.19700E+04 -1.16277E+03 -1.99192E+02 -5.24565E+03 -4.78626E+02  1.03310E+02  1.50000E+01  3.00000E+00  0.00000E+00  5.17565E-06 -4.82102E-05  2.09094E-08  4.19418E+04  2.32332E+03  1.37691E+03 -5.10914E+03  4.59655E+02 -1.26247E+02  1.50000E+01  3.00000E+00  5.00000E-01  5.17669E-06 -4.82154E-05  1.58046E-16  4.19292E+04  2.29405E+03  1.36436E+03 -5.01312E+03 -4.86981E+02  1.32577E+02
   1.45000E+01  3.50000E+00  1.00000E+00  7.67368E-06 -4.56033E-05 -3.44809E-08  3.13133E+04 -2.28455E+03 -1.26647E+03 -8.49684E+03  5.05691E+02 -1.03327E+02  1.45000E+01  3.50000E+00  5.00000E-01  7.67527E-06 -4.56091E-05  1.49507E-16  3.13266E+04 -2.25357E+03 -1.25318E+03 -8.59236E+03 -4.94489E+02  1.01954E+02  1.45000E+01  3.00000E+00  5.00000E-01  5.10348E-06 -4.55803E-05  1.50232E-16  4.11922E+04  1.09196E+03  1.09683E+02 -8.26431E+03  5.14533E+02 -1.32590E+02  1.45000E+01  3.00000E+00  1.00000E+00  5.10243E-06 -4.55746E-05 -2.29999E-08  4.12055E+04  1.12293E+03  1.22965E+02 -8.36032E+03 -4.85647E+02  1.26234E+02  1.50000E+01  3.50000E+00  1.00000E+00  7.78349E-06 -4.82363E-05 -3.13463E-08  3.19700E+04 -1.16277E+03 -1.99192E+02 -5.24565E+03  4.78626E+02 -1.03310E+02  1.50000E+01  3.50000E+00  5.00000E-01  7.78509E-06 -4.82416E-05  1.57314E-16  3.19826E+04 -1.13350E+03 -1.86633E+02 -5.34118E+03 -4.68010E+02  1.01971E+02  1.50000E+01  3.00000E+00  5.00000E-01  5.17669E-06 -4.82154E-05  1.58046E-16  4.19292E+04  2.29405E+03  1.36436E+03 -5.01312E+03  4.86981E+02 -1.32577E+02  1.50000E+01  3.00000E+00  1.00000E+00  5.17565E-06 -4.82102E-05 -2.09094E-08  4.19418E+04  2.32332E+03  1.37691E+03 -5.10914E+03 -4.59655E+02  1.26247E+02
   1.45000E+01  4.00000E+00  5.00000E-01  1.02710E-05 -4.56494E-05  1.48765E-16  4.58312E+04 -2.45583E+03 -1.50575E+03 -4.44444E+03  5.35554E+02 -1.53353E+02  1.45000E+01  4.00000E+00  0.00000E+00  1.02691E-05 -4.56434E-05  4.64340E-08  4.58188E+04 -2.48483E+03 -1.51818E+03 -4.37057E+03 -5.05748E+02  1.45483E+02  1.45000E+01  3.50000E+00  0.00000E+00  7.67368E-06 -4.56033E-05  3.44809E-08  5.56481E+04  8.58853E+02 -2.73665E+02 -4.12018E+03  5.27274E+02 -2.03165E+02  1.45000E+01  3.50000E+00  5.00000E-01  7.67527E-06 -4.56091E-05  1.49507E-16  5.56357E+04  8.29870E+02 -2.86087E+02 -4.04586E+03 -5.14029E+02  1.51442E+02  1.50000E+01  4.00000E+00  5.00000E-01  1.04174E-05 -4.82782E-05  1.56573E-16  4.67659E+04 -8.72671E+02  2.65670E+01 -1.19335E+03  5.06863E+02 -1.53362E+02  1.50000E+01  4.00000E+00  0.00000E+00  1.04155E-05 -4.82728E-05  4.22119E-08  4.67541E+04 -9.00085E+02  1.48110E+01 -1.11947E+03 -4.78669E+02  1.45474E+02  1.50000E+01  3.50000E+00  0.00000E+00  7.78349E-06 -4.82363E-05  3.13463E-08  5.66664E+04  2.52567E+03  1.45385E+03 -8.69086E+02  4.99034E+02 -2.03165E+02  1.50000E+01  3.50000E+00  5.00000E-01  7.78509E-06 -4.82416E-05  1.57314E-16  5.66546E+04  2.49827E+03  1.44210E+03 -7.94760E+02 -4.86497E+02  1.51441E+02
   1.45000E+01  4.00000E+00  1.00000E+00  1.02691E-05 -4.56434E-05 -4.64340E-08  4.58188E+04 -2.48483E+03 -1.51818E+03 -4.37057E+03  5.05748E+02 -1.45483E+02  1.45000E+01  4.00000E+00  5.00000E-01  1.02710E-05 -4.56494E-05  1.48765E-16  4.58312E+04 -2.45583E+03 -1.50575E+03 -4.44444E+03 -5.35554E+02  1.53353E+02  1.45000E+01  3.50000E+00  5.00000E-01  7.67527E-06 -4.56091E-05  1.49507E-16  5.56357E+04  8.29870E+02 -2.86087E+02 -4.04586E+03  5.14029E+02 -1.51442E+02  1.45000E+01  3.50000E+00  1.00000E+00  7.67368E-06 -4.56033E-05 -3.44809E-08  5.56481E+04  8.58853E+02 -2.73665E+02 -4.12018E+03 -5.27274E+02  2.03165E+02  1.50000E+01  4.00000E+00  1.00000E+00  1.04155E-05 -4.82728E-05 -4.22119E-08  4.67541E+04 -9.00085E+02  1.48110E+01 -1.11947E+03  4.78669E+02 -1.45474E+02  1.50000E+01  4.00000E+00  5.00000E-01  1.04174E-05 -4.82782E-05  1.56573E-16  4.67659E+04 -8.72671E+02  2.65670E+01 -1.19335E+03 -5.06863E+02  1.53362E+02  1.50000E+01  3.50000E+00  5.00000E-01  7.78509E-06 -4.82416E-05  1.57314E-16  5.66546E+04  2.49827E+03  1.44210E+03 -7.94760E+02  4.86497E+02 -1.51441E+02  1.50000E+01  3.50000E+00  1.00000E+00  7.78349E-06 -4.82363E-05 -3.13463E-08  5.66664E+04  2.52567E+03  1.45385E+03 -8.69086E+02 -4.99034E+02  2.03165E+02
   1.50000E+01  5.00000E-01  5.00000E-01 -7.78509E-06 -4.82416E-05  1.61507E-16 -5.02987E+04 -6.97433E+02  3.29977E+02 -3.96540E+03  4.78350E+02  2.03199E+02  1.50000E+01  5.00000E-01  0.00000E+00 -7.78349E-06 -4.82363E-05 -3.13463E-08 -5.02873E+04 -6.71154E+02  3.41273E+02 -3.89102E+03 -4.66335E+02 -1.51422E+02  1.50000E+01  0.00000E+00  0.00000E+00 -1.04155E-05 -4.82728E-05 -4.22119E-08 -4.14219E+04  2.29719E+03  1.43523E+03 -4.28969E+03  4.85842E+02  1.53330E+02  1.50000E+01  0.00000E+00  5.00000E-01 -1.04174E-05 -4.82782E-05  1.62172E-16 -4.14105E+04  2.32348E+03  1.44654E+03 -4.21579E+03 -4.58843E+02 -1.45467E+02  1.55000E+01  5.00000E-01  5.00000E-01 -7.88444E-06 -5.09089E-05  1.69460E-16 -5.13171E+04 -2.36440E+03 -1.39764E+03 -1.02430E+03  4.50081E+02  2.03238E+02  1.55000E+01  5.00000E-01  0.00000E+00 -7.88285E-06 -5.09041E-05 -2.82124E-08 -5.13064E+04 -2.33976E+03 -1.38705E+03 -9.49913E+02 -4.38780E+02 -1.51382E+02  1.55000E+01  0.00000E+00  0.00000E+00 -1.05480E-05 -5.09370E-05 -3.79895E-08 -4.23565E+04  7.13959E+02 -9.70062E+01 -1.34859E+03  4.57103E+02  1.53380E+02  1.55000E+01  0.00000E+00  5.00000E-01 -1.05499E-05 -5.09419E-05  1.70163E-16 -4.23458E+04  7.38609E+02 -8.63995E+01 -1.27468E+03 -4.31758E+02 -1.45417E+02
   1.50000E+01  5.00000E-01  1.00000E+00 -7.78349E-06 -4.82363E-05  3.13463E-08 -5.02873E+04 -6.71154E+02  3.41273E+02 -3.89102E+03  4.66335E+02  1.51422E+02  1.50000E+01  5.00000E-01  5.00000E-01 -7.78509E-06 -4.82416E-05  1.61507E-16 -5.02987E+04 -6.97433E+02  3.29977E+02 -3.96540E+03 -4.78350E+02 -2.03199E+02  1.50000E+01  0.00000E+00  5.00000E-01 -1.04174E-05 -4.82782E-05  1.62172E-16 -4.14105E+04  2.32348E+03  1.44654E+03 -4.21579E+03  4.58843E+02  1.45467E+02  1.50000E+01  0.00000E+00  1.00000E+00 -1.04155E-05 -4.82728E-05  4.22119E-08 -4.14219E+04  2.29719E+03  1.43523E+03 -4.28969E+03 -4.85842E+02 -1.53330E+02  1.55000E+01  5.00000E-01  1.00000E+00 -7.88285E-06 -5.09041E-05  2.82124E-08 -5.13064E+04 -2.33976E+03 -1.38705E+03 -9.49913E+02  4.38780E+02  1.51382E+02  1.55000E+01  5.00000E-01  5.00000E-01 -7.88444E-06 -5.09089E-05  1.69460E-16 -5.13171E+04 -2.36440E+03 -1.39764E+03 -1.02430E+03 -4.50081E+02 -2.03238E+02  1.55000E+01  0.00000E+00  5.00000E-01 -1.05499E-05 -5.09419E-05  1.70163E-16 -4.23458E+04  7.38609E+02 -8.63995E+01 -1.27468E+03  4.31758E+02  1.45417E+02  1.55000E+01  0.00000E+00  1.00000E+00 -1.05480E-05 -5.09370E-05  3.79895E-08 -4.23565E+04  7.13959E+02 -9.70062E+01 -1.34859E+03 -4.57103E+02 -1.53380E+02
   1.50000E+01  1.00000E+00  5.00000E-01 -5.17669E-06 -4.82154E-05  1.60830E-16 -3.72465E+04 -9.58912E+02 -5.15851E+01 -8.20536E+03  4.40632E+02  1.26191E+02  1.50000E+01  1.00000E+00  0.00000E+00 -5.17565E-06 -4.82102E-05 -2.09094E-08 -3.72343E+04 -9.30861E+02 -3.95193E+01 -8.10933E+03 -4.66808E+02 -1.32575E+02  1.50000E+01  5.00000E-01  0.00000E+00 -7.78349E-06 -4.82363E-05 -3.13463E-08 -2.83124E+04  2.09220E+03  1.18464E+03 -8.43753E+03  4.48624E+02  1.01913E+02  1.50000E+01  5.00000E-01  5.00000E-01 -7.78509E-06 -4.82416E-05  1.61507E-16 -2.83002E+04  2.12024E+03  1.19670E+03 -8.34200E+03 -4.58816E+02 -1.03308E+02  1.55000E+01  1.00000E+00  5.00000E-01 -5.24293E-06 -5.08854E-05  1.68752E-16 -3.79829E+04 -2.15965E+03 -1.30552E+03 -5.26385E+03  4.14650E+02  1.26242E+02  1.55000E+01  1.00000E+00  0.00000E+00 -5.24189E-06 -5.08806E-05 -1.88196E-08 -3.79715E+04 -2.13336E+03 -1.29421E+03 -5.16782E+03 -4.39246E+02 -1.32524E+02  1.55000E+01  5.00000E-01  0.00000E+00 -7.88285E-06 -5.09041E-05 -2.82124E-08 -2.89684E+04  9.71775E+02  1.18115E+02 -5.49601E+03  4.22138E+02  1.01960E+02  1.55000E+01  5.00000E-01  5.00000E-01 -7.88444E-06 -5.09089E-05  1.69460E-16 -2.89570E+04  9.98054E+02  1.29418E+02 -5.40050E+03 -4.31757E+02 -1.03262E+02
   1.50000E+01  1.00000E+00  1.00000E+00 -5.17565E-06 -4.82102E-05  2.09094E-08 -3.72343E+04 -9.30861E+02 -3.95193E+01 -8.10933E+03  4.66808E+02  1.32575E+02  1.50000E+01  1.00000E+00  5.00000E-01 -5.17669E-06 -4.82154E-05  1.60830E-16 -3.72465E+04 -9.58912E+02 -5.15851E+01 -8.20536E+03 -4.40632E+02 -1.26191E+02  1.50000E+01  5.00000E-01  5.00000E-01 -7.78509E-06 -4.82416E-05  1.61507E-16 -2.83002E+04  2.12024E+03  1.19670E+03 -8.34200E+03  4.58816E+02  1.03308E+02  1.50000E+01  5.00000E-01  1.00000E+00 -7.78349E-06 -4.82363E-05  3.13463E-08 -2.83124E+04  2.09220E+03  1.18464E+03 -8.43753E+03 -4.48624E+02 -1.01913E+02  1.55000E+01  1.00000E+00  1.00000E+00 -5.24189E-06 -5.08806E-05  1.88196E-08 -3.79715E+04 -2.13336E+03 -1.29421E+03 -5.16782E+03  4.39246E+02  1.32524E+02  1.55000E+01  1.00000E+00  5.00000E-01 -5.24293E-06 -5.08854E-05  1.68752E-16 -3.79829E+04 -2.15965E+03 -1.30552E+03 -5.26385E+03 -4.14650E+02 -1.26242E+02  1.55000E+01  5.00000E-01  5.00000E-01 -7.88444E-06 -5.09089E-05  1.69460E-16 -2.89570E+04  9.98054E+02  1.29418E+02 -5.40050E+03  4.31757E+02  1.03262E+02  1.55000E+01  5.00000E-01  1.00000E+00 -7.88285E-06 -5.09041E-05  2.82124E-08 -2.89684E+04  9.71775E+02  1.18115E+02 -5.49601E+03 -4.22138E+02 -1.01960E+02
   1.50000E+01  1.50000E+00  5.00000E-01 -2.58434E-06 -4.81997E-05  1.60152E-16 -2.41306E+04 -1.17732E+03 -2.70001E+02 -1.10388E+04  4.53342E+02  8.31711E+01  1.50000E+01  1.50000E+00  0.00000E+00 -2.58381E-06 -4.81945E-05 -1.04588E-08 -2.41299E+04 -1.17585E+03 -2.69339E+02 -1.09461E+04 -4.55302E+02 -8.28448E+01  1.50000E+01  1.00000E+00  0.00000E+00 -5.17565E-06 -4.82102E-05 -2.09094E-08 -1.51972E+04  1.87244E+03  9.62472E+02 -1.11783E+04  4.53745E+02  5.62443E+01  1.50000E+01  1.00000E+00  5.00000E-01 -5.17669E-06 -4.82154E-05  1.60830E-16 -1.51966E+04  1.87389E+03  9.63111E+02 -1.10857E+04 -4.54900E+02 -5.62040E+01  1.55000E+01  1.50000E+00  5.00000E-01 -2.61746E-06 -5.08712E-05  1.68054E-16 -2.45890E+04 -1.91484E+03 -1.06041E+03 -8.09696E+03  4.26626E+02  8.32101E+01  1.55000E+01  1.50000E+00  0.00000E+00 -2.61693E-06 -5.08665E-05 -9.41361E-09 -2.45883E+04 -1.91349E+03 -1.05980E+03 -8.00426E+03 -4.28450E+02 -8.28058E+01  1.55000E+01  1.00000E+00  0.00000E+00 -5.24189E-06 -5.08806E-05 -1.88196E-08 -1.55753E+04  1.21528E+03  3.59549E+02 -8.23653E+03  4.26993E+02  5.62677E+01  1.55000E+01  1.00000E+00  5.00000E-01 -5.24293E-06 -5.08854E-05  1.68752E-16 -1.55746E+04  1.21660E+03  3.60133E+02 -8.14387E+03 -4.28084E+02 -5.61807E+01
   1.50000E+01  1.50000E+00  1.00000E+00 -2.58381E-06 -4.81945E-05  1.04588E-08 -2.41299E+04 -1.17585E+03 -2.69339E+02 -1.09461E+04  4.55302E+02  8.28448E+01  1.50000E+01  1.50000E+00  5.00000E-01 -2.58434E-06 -4.81997E-05  1.60152E-16 -2.41306E+04 -1.17732E+03 -2.70001E+02 -1.10388E+04 -4.53342E+02 -8.31711E+01  1.50000E+01  1.00000E+00  5.00000E-01 -5.17669E-06 -4.82154E-05  1.60830E-16 -1.51966E+04  1.87389E+03  9.63111E+02 -1.10857E+04  4.54900E+02  5.62040E+01  1.50000E+01  1.00000E+00  1.00000E+00 -5.17565E-06 -4.82102E-05  2.09094E-08 -1.51972E+04  1.87244E+03  9.62472E+02 -1.11783E+04 -4.53745E+02 -5.62443E+01  1.55000E+01  1.50000E+00  1.00000E+00 -2.61693E-06 -5.08665E-05  9.41361E-09 -2.45883E+04 -1.91349E+03 -1.05980E+03 -8.00426E+03  4.28450E+02  8.28058E+01  1.55000E+01  1.50000E+00  5.00000E-01 -2.61746E-06 -5.08712E-05  1.68054E-16 -2.45890E+04 -1.91484E+03 -1.06041E+03 -8.09696E+03 -4.26626E+02 -8.32101E+01  1.55000E+01  1.00000E+00  5.00000E-01 -5.24293E-06 -5.08854E-05  1.68752E-16 -1.55746E+04  1.21660E+03  3.60133E+02 -8.14387E+03  4.28084E+02  5.61807E+01  1.55000E+01  1.00000E+00  1.00000E+00 -5.24189E-06 -5.08806E-05  1.88196E-08 -1.55753E+04  1.21528E+03  3.59549E+02 -8.23653E+03 -4.26993E+02 -5.62677E+01
   1.50000E+01  2.00000E+00  5.00000E-01  3.49401E-20 -4.81945E-05  1.59462E-16 -1.10205E+04 -1.40814E+03 -4.98829E+02 -1.24797E+04  4.54846E+02  3.65854E+01  1.50000E+01  2.00000E+00  0.00000E+00  7.89583E-18 -4.81893E-05  1.59459E-16 -1.10206E+04 -1.40845E+03 -4.98950E+02 -1.23869E+04 -4.54522E+02 -3.66362E+01  1.50000E+01  1.50000E+00  0.00000E+00 -2.58381E-06 -4.81945E-05 -1.04588E-08 -2.08814E+03  1.64057E+03  7.31145E+02 -1.25263E+04  4.54752E+02  9.80303E+00  1.50000E+01  1.50000E+00  5.00000E-01 -2.58434E-06 -4.81997E-05  1.60152E-16 -2.08826E+03  1.64024E+03  7.31009E+02 -1.24334E+04 -4.54616E+02 -9.81664E+00  1.55000E+01  2.00000E+00  5.00000E-01  3.87518E-20 -5.08665E-05  1.67345E-16 -1.12002E+04 -1.68099E+03 -8.24970E+02 -9.53788E+03  4.28036E+02  3.65993E+01  1.55000E+01  2.00000E+00  0.00000E+00  7.91033E-18 -5.08618E-05  1.67338E-16 -1.12003E+04 -1.68129E+03 -8.25085E+02 -9.44504E+03 -4.27730E+02 -3.66223E+01  1.55000E+01  1.50000E+00  0.00000E+00 -2.61693E-06 -5.08665E-05 -9.41361E-09 -2.18743E+03  1.44812E+03  5.92610E+02 -9.58446E+03  4.27945E+02  9.80675E+00  1.55000E+01  1.50000E+00  5.00000E-01 -2.61746E-06 -5.08712E-05  1.68054E-16 -2.18755E+03  1.44781E+03  5.92480E+02 -9.49161E+03 -4.27821E+02 -9.81291E+00
   1.50000E+01  2.00000E+00  1.00000E+00 -7.82510E-18 -4.81893E-05  1.59478E-16 -1.10206E+04 -1.40845E+03 -4.98950E+02 -1.23869E+04  4.54522E+02  3.66362E+01  1.50000E+01  2.00000E+00  5.00000E-01  3.49401E-20 -4.81945E-05  1.59462E-16 -1.10205E+04 -1.40814E+03 -4.98829E+02 -1.24797E+04 -4.54846E+02 -3.65854E+01  1.50000E+01  1.50000E+00  5.00000E-01 -2.58434E-06 -4.81997E-05  1.60152E-16 -2.08826E+03  1.64024E+03  7.31009E+02 -1.24334E+04  4.54616E+02  9.81664E+00  1.50000E+01  1.50000E+00  1.00000E+00 -2.58381E-06 -4.81945E-05  1.04588E-08 -2.08814E+03  1.64057E+03  7.31145E+02 -1.25263E+04 -4.54752E+02 -9.80303E+00  1.55000E+01  2.00000E+00  1.00000E+00 -7.83818E-18 -5.08618E-05  1.67346E-16 -1.12003E+04 -1.68129E+03 -8.25085E+02 -9.44504E+03  4.27730E+02  3.66223E+01  1.55000E+01  2.00000E+00  5.00000E-01  3.87518E-20 -5.08665E-05  1.67345E-16 -1.12002E+04 -1.68099E+03 -8.24970E+02 -9.53788E+03 -4.28036E+02 -3.65993E+01  1.55000E+01  1.50000E+00  5.00000E-01 -2.61746E-06 -5.08712E-05  1.68054E-16 -2.18755E+03  1.44781E+03  5.92480E+02 -9.49161E+03  4.27821E+02  9.81291E+00  1.55000E+01  1.50000E+00  1.00000E+00 -2.61693E-06 -5.08665E-05  9.41361E-09 -2.18743E+03  1.44812E+03  5.92610E+02 -9.58446E+03 -4.27945E+02 -9.80675E+00
   1.50000E+01  2.50000E+00  5.00000E-01  2.58434E-06 -4.81997E-05  1.58761E-16  2.08814E+03 -1.64057E+03 -7.31145E+02 -1.25263E+04  4.54752E+02 -9.80303E+00  1.50000E+01  2.50000E+00  0.00000E+00  2.58381E-06 -4.81945E-05  1.04588E-08  2.08826E+03 -1.64024E+03 -7.31009E+02 -1.24334E+04 -4.54616E+02  9.81664E+00  1.50000E+01  2.00000E+00  0.00000E+00  7.89583E-18 -4.81893E-05  1.59459E-16  1.10205E+04  1.40814E+03  4.98829E+02 -1.24797E+04  4.54846E+02 -3.65854E+01  1.50000E+01  2.00000E+00  5.00000E-01  3.49401E-20 -4.81945E-05  1.59462E-16  1.10206E+04  1.40845E+03  4.98950E+02 -1.23869E+04 -4.54522E+02  3.66362E+01  1.55000E+01  2.50000E+00  5.00000E-01  2.61746E-06 -5.08712E-05  1.66620E-16  2.18743E+03 -1.44812E+03 -5.92610E+02 -9.58446E+03  4.27945E+02 -9.80675E+00  1.55000E+01  2.50000E+00  0.00000E+00  2.61693E-06 -5.08665E-05  9.41361E-09  2.18755E+03 -1.44781E+03 -5.92480E+02 -9.49161E+03 -4.27821E+02  9.81291E+00  1.55000E+01  2.00000E+00  0.00000E+00  7.91033E-18 -5.08618E-05  1.67338E-16  1.12002E+04  1.68099E+03  8.24970E+02 -9.53788E+03  4.28036E+02 -3.65993E+01  1.55000E+01  2.00000E+00  5.00000E-01  3.87518E-20 -5.08665E-05  1.67345E-16  1.12003E+04  1.68129E+03  8.25085E+02 -9.44504E+03 -4.27730E+02  3.66223E+01
   1.50000E+01  2.50000E+00  1.00000E+00  2.58381E-06 -4.81945E-05 -1.04588E-08  2.08826E+03 -1.64024E+03 -7.31009E+02 -1.24334E+04  4.54616E+02 -9.81664E+00  1.50000E+01  2.50000E+00  5.00000E-01  2.58434E-06 -4.81997E-05  1.58761E-16  2.08814E+03 -1.64057E+03 -7.31145E+02 -1.25263E+04 -4.54752E+02  9.80303E+00  1.50000E+01  2.00000E+00  5.00000E-01  3.49401E-20 -4.81945E-05  1.59462E-16  1.10206E+04  1.40845E+03  4.98950E+02 -1.23869E+04  4.54522E+02 -3.66362E+01  1.50000E+01  2.00000E+00  1.00000E+00 -7.82510E-18 -4.81893E-05  1.59478E-16  1.10205E+04  1.40814E+03  4.98829E+02 -1.24797E+04 -4.54846E+02  3.65854E+01  1.55000E+01  2.50000E+00  1.00000E+00  2.61693E-06 -5.08665E-05 -9.41361E-09  2.18755E+03 -1.44781E+03 -5.92480E+02 -9.49161E+03  4.27821E+02 -9.81291E+00  1.55000E+01  2.50000E+00  5.00000E-01  2.61746E-06 -5.08712E-05  1.66620E-16  2.18743E+03 -1.44812E+03 -5.92610E+02 -9.58446E+03 -4.27945E+02  9.80675E+00  1.55000E+01  2.00000E+00  5.00000E-01  3.87518E-20 -5.08665E-05  1.67345E-16  1.12003E+04  1.68129E+03  8.25085E+02 -9.44504E+03  4.27730E+02 -3.66223E+01  1.55000E+01  2.00000E+00  1.00000E+00 -7.83818E-18 -5.08618E-05  1.67346E-16  1.12002E+04  1.68099E+03  8.24970E+02 -9.53788E+03 -4.28036E+02  3.65993E+01
   1.50000E+01  3.00000E+00  5.00000E-01  5.17669E-06 -4.82154E-05  1.58046E-16  1.51972E+04 -1.87244E+03 -9.62472E+02 -1.11783E+04  4.53745E+02 -5.62443E+01  1.50000E+01  3.00000E+00  0.00000E+00  5.17565E-06 -4.82102E-05  2.09094E-08  1.51966E+04 -1.87389E+03 -9.63111E+02 -1.10857E+04 -4.54900E+02  5.62040E+01  1.50000E+01  2.50000E+00  0.00000E+00  2.58381E-06 -4.81945E-05  1.04588E-08  2.41306E+04  1.17732E+03  2.70001E+02 -1.10388E+04  4.53342E+02 -8.31711E+01  1.50000E+01  2.50000E+00  5.00000E-01  2.58434E-06 -4.81997E-05  1.58761E-16  2.41299E+04  1.17585E+03  2.69339E+02 -1.09461E+04 -4.55302E+02  8.28448E+01  1.55000E+01  3.00000E+00  5.00000E-01  5.24293E-06 -5.08854E-05  1.65889E-16  1.55753E+04 -1.21528E+03 -3.59549E+02 -8.23653E+03  4.26993E+02 -5.62677E+01  1.55000E+01  3.00000E+00  0.00000E+00  5.24189E-06 -5.08806E-05  1.88196E-08  1.55746E+04 -1.21660E+03 -3.60133E+02 -8.14387E+03 -4.28084E+02  5.61807E+01  1.55000E+01  2.50000E+00  0.00000E+00  2.61693E-06 -5.08665E-05  9.41361E-09  2.45890E+04  1.91484E+03  1.06041E+03 -8.09696E+03  4.26626E+02 -8.32101E+01  1.55000E+01  2.50000E+00  5.00000E-01  2.61746E-06 -5.08712E-05  1.66620E-16  2.45883E+04  1.91349E+03  1.05980E+03 -8.00426E+03 -4.28450E+02  8.28058E+01
   1.50000E+01  3.00000E+00  1.00000E+00  5.17565E-06 -4.82102E-05 -2.09094E-08  1.51966E+04 -1.87389E+03 -9.63111E+02 -1.10857E+04  4.54900E+02 -5.62040E+01  1.50000E+01  3.00000E+00  5.00000E-01  5.17669E-06 -4.82154E-05  1.58046E-16  1.51972E+04 -1.87244E+03 -9.62472E+02 -1.11783E+04 -4.53745E+02  5.62443E+01  1.50000E+01  2.50000E+00  5.00000E-01  2.58434E-06 -4.81997E-05  1.58761E-16  2.41299E+04  1.17585E+03  2.69339E+02 -1.09461E+04  4.55302E+02 -8.28448E+01  1.50000E+01  2.50000E+00  1.00000E+00  2.58381E-06 -4.81945E-05 -1.04588E-08  2.41306E+04  1.17732E+03  2.70001E+02 -1.10388E+04 -4.53342E+02  8.31711E+01  1.55000E+01  3.00000E+00  1.00000E+00  5.24189E-06 -5.08806E-05 -1.88196E-08  1.55746E+04 -1.21660E+03 -3.60133E+02 -8.14387E+03  4.28084E+02 -5.61807E+01  1.55000E+01  3.00000E+00  5.00000E-01  5.24293E-06 -5.08854E-05  1.65889E-16  1.55753E+04 -1.21528E+03 -3.59549E+02 -8.23653E+03 -4.26993E+02  5.62677E+01  1.55000E+01  2.50000E+00  5.00000E-01  2.61746E-06 -5.08712E-05  1.66620E-16  2.45883E+04  1.91349E+03  1.05980E+03 -8.00426E+03  4.28450E+02 -8.28058E+01  1.55000E+01  2.50000E+00  1.00000E+00  2.61693E-06 -5.08665E-05 -9.41361E-09  2.45890E+04  1.91484E+03  1.06041E+03 -8.09696E+03 -4.26626E+02  8.32101E+01
   1.50000E+01  3.50000E+00  5.00000E-01  7.78509E-06 -4.82416E-05  1.57314E-16  2.83124E+04 -2.09220E+03 -1.18464E+03 -8.43753E+03  4.48624E+02 -1.01913E+02  1.50000E+01  3.50000E+00  0.00000E+00  7.78349E-06 -4.82363E-05  3.13463E-08  2.83002E+04 -2.12024E+03 -1.19670E+03 -8.34200E+03 -4.58816E+02  1.03308E+02  1.50000E+01  3.00000E+00  0.00000E+00  5.17565E-06 -4.82102E-05  2.09094E-08  3.72465E+04  9.58912E+02  5.15851E+01 -8.20536E+03  4.40632E+02 -1.26191E+02  1.50000E+01  3.00000E+00  5.00000E-01  5.17669E-06 -4.82154E-05  1.58046E-16  3.72343E+04  9.30861E+02  3.95193E+01 -8.10933E+03 -4.66808E+02  1.32575E+02  1.55000E+01  3.50000E+00  5.00000E-01  7.88444E-06 -5.09089E-05  1.65138E-16  2.89684E+04 -9.71775E+02 -1.18115E+02 -5.49601E+03  4.22138E+02 -1.01960E+02  1.55000E+01  3.50000E+00  0.00000E+00  7.88285E-06 -5.09041E-05  2.82124E-08  2.89570E+04 -9.98054E+02 -1.29418E+02 -5.40050E+03 -4.31757E+02  1.03262E+02  1.55000E+01  3.00000E+00  0.00000E+00  5.24189E-06 -5.08806E-05  1.88196E-08  3.79829E+04  2.15965E+03  1.30552E+03 -5.26385E+03  4.14650E+02 -1.26242E+02  1.55000E+01  3.00000E+00  5.00000E-01  5.24293E-06 -5.08854E-05  1.65889E-16  3.79715E+04  2.13336E+03  1.29421E+03 -5.16782E+03 -4.39246E+02  1.32524E+02
   1.50000E+01  3.50000E+00  1.00000E+00  7.78349E-06 -4.82363E-05 -3.13463E-08  2.83002E+04 -2.12024E+03 -1.19670E+03 -8.34200E+03  4.58816E+02 -1.03308E+02  1.50000E+01  3.50000E+00  5.00000E-01  7.78509E-06 -4.82416E-05  1.57314E-16  2.83124E+04 -2.09220E+03 -1.18464E+03 -8.43753E+03 -4.48624E+02  1.01913E+02  1.50000E+01  3.00000E+00  5.00000E-01  5.17669E-06 -4.82154E-05  1.58046E-16  3.72343E+04  9.30861E+02  3.95193E+01 -8.10933E+03  4.66808E+02 -1.32575E+02  1.50000E+01  3.00000E+00  1.00000E+00  5.17565E-06 -4.82102E-05 -2.09094E-08  3.72465E+04  9.58912E+02  5.15851E+01 -8.20536E+03 -4.40632E+02  1.26191E+02  1.55000E+01  3.50000E+00  1.00000E+00  7.88285E-06 -5.09041E-05 -2.82124E-08  2.89570E+04 -9.98054E+02 -1.29418E+02 -5.40050E+03  4.31757E+02 -1.03262E+02  1.55000E+01  3.50000E+00  5.00000E-01  7.88444E-06 -5.09089E-05  1.65138E-16  2.89684E+04 -9.71775E+02 -1.18115E+02 -5.49601E+03 -4.22138E+02  1.01960E+02  1.55000E+01  3.00000E+00  5.00000E-01  5.24293E-06 -5.08854E-05  1.65889E-16  3.79715E+04  2.13336E+03  1.29421E+03 -5.16782E+03  4.39246E+02 -1.32524E+02  1.55000E+01  3.00000E+00  1.00000E+00  5.24189E-06 -5.08806E-05 -1.88196E-08  3.79829E+04  2.15965E+03  1.30552E+03 -5.26385E+03 -4.14650E+02  1.26242E+02
   1.50000E+01  4.00000E+00  5.00000E-01  1.04174E-05 -4.82782E-05  1.56573E-16  4.14219E+04 -2.29719E+03 -1.43523E+03 -4.28969E+03  4.85842E+02 -1.53330E+02  1.50000E+01  4.00000E+00  0.00000E+00  1.04155E-05 -4.82728E-05  4.22119E-08  4.14105E+04 -2.32348E+03 -1.44654E+03 -4.21579E+03 -4.58843E+02  1.45467E+02  1.50000E+01  3.50000E+00  0.00000E+00  7.78349E-06 -4.82363E-05  3.13463E-08  5.02987E+04  6.97433E+02 -3.29977E+02 -3.96540E+03  4.78350E+02 -2.03199E+02  1.50000E+01  3.50000E+00  5.00000E-01  7.78509E-06 -4.82416E-05  1.57314E-16  5.02873E+04  6.71154E+02 -3.41273E+02 -3.89102E+03 -4.66335E+02  1.51422E+02  1.55000E+01  4.00000E+00  5.00000E-01  1.05499E-05 -5.09419E-05  1.64400E-16  4.23565E+04 -7.13959E+02  9.70062E+01 -1.34859E+03  4.57103E+02 -1.53380E+02  1.55000E+01  4.00000E+00  0.00000E+00  1.05480E-05 -5.09370E-05  3.79895E-08  4.23458E+04 -7.38609E+02  8.63995E+01 -1.27468E+03 -4.31758E+02  1.45417E+02  1.55000E+01  3.50000E+00  0.00000E+00  7.88285E-06 -5.09041E-05  2.82124E-08  5.13171E+04  2.36440E+03  1.39764E+03 -1.02430E+03  4.50081E+02 -2.03238E+02  1.55000E+01  3.50000E+00  5.00000E-01  7.88444E-06 -5.09089E-05  1.65138E-16  5.13064E+04  2.33976E+03  1.38705E+03 -9.49913E+02 -4.38780E+02  1.51382E+02
   1.50000E+01  4.00000E+00  1.00000E+00  1.04155E-05 -4.82728E-05 -4.22119E-08  4.14105E+04 -2.32348E+03 -1.44654E+03 -4.21579E+03  4.58843E+02 -1.45467E+02  1.50000E+01  4.00000E+00  5.00000E-01  1.04174E-05 -4.82782E-05  1.56573E-16  4.14219E+04 -2.29719E+03 -1.43523E+03 -4.28969E+03 -4.85842E+02  1.53330E+02  1.50000E+01  3.50000E+00  5.00000E-01  7.78509E-06 -4.82416E-05  1.57314E-16  5.02873E+04  6.71154E+02 -3.41273E+02 -3.89102E+03  4.66335E+02 -1.51422E+02  1.50000E+01  3.50000E+00  1.00000E+00  7.78349E-06 -4.82363E-05 -3.13463E-08  5.02987E+04  6.97433E+02 -3.29977E+02 -3.96540E+03 -4.78350E+02  2.03199E+02  1.55000E+01  4.00000E+00  1.00000E+00  1.05480E-05 -5.09370E-05 -3.79895E-08  4.23458E+04 -7.38609E+02  8.63995E+01 -1.27468E+03  4.31758E+02 -1.45417E+02  1.55000E+01  4.00000E+00  5.00000E-01  1.05499E-05 -5.09419E-05  1.64400E-16  4.23565E+04 -7.13959E+02  9.70062E+01 -1.34859E+03 -4.57103E+02  1.53380E+02  1.55000E+01  3.50000E+00  5.00000E-01  7.88444E-06 -5.09089E-05  1.65138E-16  5.13064E+04  2.33976E+03  1.38705E+03 -9.49913E+02  4.38780E+02 -1.51382E+02  1.55000E+01  3.50000E+00  1.00000E+00  7.88285E-06 -5.09041E-05 -2.82124E-08  5.13171E+04  2.36440E+03  1.39764E+03 -1.02430E+03 -4.50081E+02  2.03238E+02
   1.55000E+01  5.00000E-01  5.00000E-01 -7.88444E-06 -5.09089E-05  1.69460E-16 -4.49495E+04 -5.36274E+02  3.86225E+02 -3.81008E+03  4.29372E+02  2.03179E+02  1.55000E+01  5.00000E-01  0.00000E+00 -7.88285E-06 -5.09041E-05 -2.82124E-08 -4.49388E+04 -5.12687E+02  3.96490E+02 -3.73564E+03 -4.18599E+02 -1.51339E+02  1.55000E+01  0.00000E+00  0.00000E+00 -1.05480E-05 -5.09370E-05 -3.79895E-08 -3.70133E+04  2.13812E+03  1.36468E+03 -4.13447E+03  4.36032E+02  1.53229E+02  1.55000E+01  0.00000E+00  5.00000E-01 -1.05499E-05 -5.09419E-05  1.70163E-16 -3.70026E+04  2.16170E+03  1.37494E+03 -4.06054E+03 -4.11939E+02 -1.45397E+02  1.60000E+01  5.00000E-01  5.00000E-01 -7.97334E-06 -5.36076E-05  1.77423E-16 -4.59678E+04 -2.20339E+03 -1.34116E+03 -1.17918E+03  4.01061E+02  2.03362E+02  1.60000E+01  5.00000E-01  0.00000E+00 -7.97175E-06 -5.36034E-05 -2.50807E-08 -4.59580E+04 -2.18161E+03 -1.33167E+03 -1.10475E+03 -3.91018E+02 -1.51156E+02  1.60000E+01  0.00000E+00  0.00000E+00 -1.06665E-05 -5.36326E-05 -3.37679E-08 -3.79478E+04  5.54844E+02 -1.67084E+02 -1.50356E+03  4.07204E+02  1.53406E+02  1.60000E+01  0.00000E+00  5.00000E-01 -1.06684E-05 -5.36369E-05  1.78150E-16 -3.79379E+04  5.76613E+02 -1.57603E+02 -1.42965E+03 -3.84874E+02 -1.45220E+02
   1.55000E+01  5.00000E-01  1.00000E+00 -7.88285E-06 -5.09041E-05  2.82124E-08 -4.49388E+04 -5.12687E+02  3.96490E+02 -3.73564E+03  4.18599E+02  1.51339E+02  1.55000E+01  5.00000E-01  5.00000E-01 -7.88444E-06 -5.09089E-05  1.69460E-16 -4.49495E+04 -5.36274E+02  3.86225E+02 -3.81008E+03 -4.29372E+02 -2.03179E+02  1.55000E+01  0.00000E+00  5.00000E-01 -1.05499E-05 -5.09419E-05  1.70163E-16 -3.70026E+04  2.16170E+03  1.37494E+03 -4.06054E+03  4.11939E+02  1.45397E+02  1.55000E+01  0.00000E+00  1.00000E+00 -1.05480E-05 -5.09370E-05  3.79895E-08 -3.70133E+04  2.13812E+03  1.36468E+03 -4.13447E+03 -4.36032E+02 -1.53229E+02  1.60000E+01  5.00000E-01  1.00000E+00 -7.97175E-06 -5.36034E-05  2.50807E-08 -4.59580E+04 -2.18161E+03 -1.33167E+03 -1.10475E+03  3.91018E+02  1.51156E+02  1.60000E+01  5.00000E-01  5.00000E-01 -7.97334E-06 -5.36076E-05  1.77423E-16 -4.59678E+04 -2.20339E+03 -1.34116E+03 -1.17918E+03 -4.01061E+02 -2.03362E+02  1.60000E+01  0.00000E+00  5.00000E-01 -1.06684E-05 -5.36369E-05  1.78150E-16 -3.79379E+04  5.76613E+02 -1.57603E+02 -1.42965E+03  3.84874E+02  1.45220E+02  1.60000E+01  0.00000E+00  1.00000E+00 -1.06665E-05 -5.36326E-05  3.37679E-08 -3.79478E+04  5.54844E+02 -1.67084E+02 -1.50356E+03 -4.07204E+02 -1.53406E+02
   1.55000E+01  1.00000E+00  5.00000E-01 -5.24293E-06 -5.08854E-05  1.68752E-16 -3.32883E+04 -7.96183E+02  1.95519E+01 -8.04931E+03  3.95644E+02  1.26072E+02  1.55000E+01  1.00000E+00  0.00000E+00 -5.24189E-06 -5.08806E-05 -1.88196E-08 -3.32771E+04 -7.71061E+02  3.04522E+01 -7.95333E+03 -4.19071E+02 -1.32514E+02  1.55000E+01  5.00000E-01  0.00000E+00 -7.88285E-06 -5.09041E-05 -2.82124E-08 -2.52974E+04  1.93015E+03  1.11645E+03 -8.28204E+03  4.02755E+02  1.01828E+02  1.55000E+01  5.00000E-01  5.00000E-01 -7.88444E-06 -5.09089E-05  1.69460E-16 -2.52864E+04  1.95519E+03  1.12727E+03 -8.18659E+03 -4.11960E+02 -1.03257E+02  1.60000E+01  1.00000E+00  5.00000E-01 -5.30219E-06 -5.35867E-05  1.76692E-16 -3.40253E+04 -1.99862E+03 -1.23459E+03 -5.41704E+03  3.69701E+02  1.26228E+02  1.60000E+01  1.00000E+00  0.00000E+00 -5.30115E-06 -5.35825E-05 -1.67312E-08 -3.40149E+04 -1.97535E+03 -1.22449E+03 -5.32111E+03 -3.91513E+02 -1.32357E+02  1.60000E+01  5.00000E-01  0.00000E+00 -7.97175E-06 -5.36034E-05 -2.50807E-08 -2.59542E+04  8.07956E+02  4.95542E+01 -5.64977E+03  3.76284E+02  1.01932E+02  1.60000E+01  5.00000E-01  5.00000E-01 -7.97334E-06 -5.36076E-05  1.77423E-16 -2.59439E+04  8.31151E+02  5.95836E+01 -5.55437E+03 -3.84931E+02 -1.03153E+02
   1.55000E+01  1.00000E+00  1.00000E+00 -5.24189E-06 -5.08806E-05  1.88196E-08 -3.32771E+04 -7.71061E+02  3.04522E+01 -7.95333E+03  4.19071E+02  1.32514E+02  1.55000E+01  1.00000E+00  5.00000E-01 -5.24293E-06 -5.08854E-05  1.68752E-16 -3.32883E+04 -7.96183E+02  1.95519E+01 -8.04931E+03 -3.95644E+02 -1.26072E+02  1.55000E+01  5.00000E-01  5.00000E-01 -7.88444E-06 -5.09089E-05  1.69460E-16 -2.52864E+04  1.95519E+03  1.12727E+03 -8.18659E+03  4.11960E+02  1.03257E+02  1.55000E+01  5.00000E-01  1.00000E+00 -7.88285E-06 -5.09041E-05  2.82124E-08 -2.52974E+04  1.93015E+03  1.11645E+03 -8.28204E+03 -4.02755E+02 -1.01828E+02  1.60000E+01  1.00000E+00  1.00000E+00 -5.30115E-06 -5.35825E-05  1.67312E-08 -3.40149E+04 -1.97535E+03 -1.22449E+03 -5.32111E+03  3.91513E+02  1.32357E+02  1.60000E+01  1.00000E+00  5.00000E-01 -5.30219E-06 -5.35867E-05  1.76692E-16 -3.40253E+04 -1.99862E+03 -1.23459E+03 -5.41704E+03 -3.69701E+02 -1.26228E+02  1.60000E+01  5.00000E-01  5.00000E-01 -7.97334E-06 -5.36076E-05  1.77423E-16 -2.59439E+04  8.31151E+02  5.95836E+01 -5.55437E+03  3.84931E+02  1.03153E+02  1.60000E+01  5.00000E-01  1.00000E+00 -7.97175E-06 -5.36034E-05  2.50807E-08 -2.59542E+04  8.07956E+02  4.95542E+01 -5.64977E+03 -3.76284E+02 -1.01932E+02
   1.55000E+01  1.50000E+00  5.00000E-01 -2.61746E-06 -5.08712E-05  1.68054E-16 -2.15661E+04 -1.01631E+03 -1.99857E+02 -1.08834E+04  4.07078E+02  8.31126E+01  1.55000E+01  1.50000E+00  0.00000E+00 -2.61693E-06 -5.08665E-05 -9.41361E-09 -2.15653E+04 -1.01500E+03 -1.99237E+02 -1.07907E+04 -4.08804E+02 -8.28031E+01  1.55000E+01  1.00000E+00  0.00000E+00 -5.24189E-06 -5.08806E-05 -1.88196E-08 -1.35765E+04  1.70847E+03  8.93160E+02 -1.10239E+04  4.07423E+02  5.62231E+01  1.55000E+01  1.00000E+00  5.00000E-01 -5.24293E-06 -5.08854E-05  1.68752E-16 -1.35759E+04  1.70972E+03  8.93716E+02 -1.09313E+04 -4.08459E+02 -5.61793E+01  1.60000E+01  1.50000E+00  5.00000E-01 -2.64709E-06 -5.35741E-05  1.75957E-16 -2.20257E+04 -1.75691E+03 -9.91301E+02 -8.25096E+03  3.80388E+02  8.31813E+01  1.60000E+01  1.50000E+00  0.00000E+00 -2.64656E-06 -5.35700E-05 -8.36867E-09 -2.20250E+04 -1.75568E+03 -9.90717E+02 -8.15838E+03 -3.81981E+02 -8.27344E+01  1.60000E+01  1.00000E+00  0.00000E+00 -5.30115E-06 -5.35825E-05 -1.67312E-08 -1.39558E+04  1.04814E+03  2.89012E+02 -8.39145E+03  3.80708E+02  5.62493E+01  1.60000E+01  1.00000E+00  5.00000E-01 -5.30219E-06 -5.35867E-05  1.76692E-16 -1.39553E+04  1.04930E+03  2.89532E+02 -8.29890E+03 -3.81661E+02 -5.61531E+01
   1.55000E+01  1.50000E+00  1.00000E+00 -2.61693E-06 -5.08665E-05  9.41361E-09 -2.15653E+04 -1.01500E+03 -1.99237E+02 -1.07907E+04  4.08804E+02  8.28031E+01  1.55000E+01  1.50000E+00  5.00000E-01 -2.61746E-06 -5.08712E-05  1.68054E-16 -2.15661E+04 -1.01631E+03 -1.99857E+02 -1.08834E+04 -4.07078E+02 -8.31126E+01  1.55000E+01  1.00000E+00  5.00000E-01 -5.24293E-06 -5.08854E-05  1.68752E-16 -1.35759E+04  1.70972E+03  8.93716E+02 -1.09313E+04  4.08459E+02  5.61793E+01  1.55000E+01  1.00000E+00  1.00000E+00 -5.24189E-06 -5.08806E-05  1.88196E-08 -1.35765E+04  1.70847E+03  8.93160E+02 -1.10239E+04 -4.07423E+02 -5.62231E+01  1.60000E+01  1.50000E+00  1.00000E+00 -2.64656E-06 -5.35700E-05  8.36867E-09 -2.20250E+04 -1.75568E+03 -9.90717E+02 -8.15838E+03  3.81981E+02  8.27344E+01  1.60000E+01  1.50000E+00  5.00000E-01 -2.64709E-06 -5.35741E-05  1.75957E-16 -2.20257E+04 -1.75691E+03 -9.91301E+02 -8.25096E+03 -3.80388E+02 -8.31813E+01  1.60000E+01  1.00000E+00  5.00000E-01 -5.30219E-06 -5.35867E-05  1.76692E-16 -1.39553E+04  1.04930E+03  2.89532E+02 -8.29890E+03  3.81661E+02  5.61531E+01  1.60000E+01  1.00000E+00  1.00000E+00 -5.30115E-06 -5.35825E-05  1.67312E-08 -1.39558E+04  1.04814E+03  2.89012E+02 -8.39145E+03 -3.80708E+02 -5.62493E+01
   1.55000E+01  2.00000E+00  5.00000E-01  3.87518E-20 -5.08665E-05  1.67345E-16 -9.84961E+03 -1.24600E+03 -4.28634E+02 -1.23259E+04  4.08407E+02  3.65795E+01  1.55000E+01  2.00000E+00  0.00000E+00  7.91033E-18 -5.08618E-05  1.67338E-16 -9.84971E+03 -1.24628E+03 -4.28745E+02 -1.22331E+04 -4.08125E+02 -3.66216E+01  1.55000E+01  1.50000E+00  0.00000E+00 -2.61693E-06 -5.08665E-05 -9.41361E-09 -1.86316E+03  1.47688E+03  6.61180E+02 -1.23730E+04  4.08324E+02  9.80143E+00  1.55000E+01  1.50000E+00  5.00000E-01 -2.61746E-06 -5.08712E-05  1.68054E-16 -1.86328E+03  1.47659E+03  6.61060E+02 -1.22802E+04 -4.08208E+02 -9.81274E+00  1.60000E+01  2.00000E+00  5.00000E-01  3.79047E-20 -5.35700E-05  1.75229E-16 -1.00300E+04 -1.52045E+03 -7.55401E+02 -9.69415E+03  3.81589E+02  3.65879E+01  1.60000E+01  2.00000E+00  0.00000E+00  7.91367E-18 -5.35658E-05  1.75230E-16 -1.00300E+04 -1.52066E+03 -7.55484E+02 -9.60135E+03 -3.81356E+02 -3.66132E+01  1.60000E+01  1.50000E+00  0.00000E+00 -2.64656E-06 -5.35700E-05 -8.36867E-09 -1.96315E+03  1.28281E+03  5.21968E+02 -9.74119E+03  3.81525E+02  9.80369E+00  1.60000E+01  1.50000E+00  5.00000E-01 -2.64709E-06 -5.35741E-05  1.75957E-16 -1.96324E+03  1.28259E+03  5.21875E+02 -9.64837E+03 -3.81420E+02 -9.81048E+00
   1.55000E+01  2.00000E+00  1.00000E+00 -7.83818E-18 -5.08618E-05  1.67346E-16 -9.84971E+03 -1.24628E+03 -4.28745E+02 -1.22331E+04  4.08125E+02  3.66216E+01  1.55000E+01  2.00000E+00  5.00000E-01  3.87518E-20 -5.08665E-05  1.67345E-16 -9.84961E+03 -1.24600E+03 -4.28634E+02 -1.23259E+04 -4.08407E+02 -3.65795E+01  1.55000E+01  1.50000E+00  5.00000E-01 -2.61746E-06 -5.08712E-05  1.68054E-16 -1.86328E+03  1.47659E+03  6.61060E+02 -1.22802E+04  4.08208E+02  9.81274E+00  1.55000E+01  1.50000E+00  1.00000E+00 -2.61693E-06 -5.08665E-05  9.41361E-09 -1.86316E+03  1.47688E+03  6.61180E+02 -1.23730E+04 -4.08324E+02 -9.80143E+00  1.60000E+01  2.00000E+00  1.00000E+00 -7.84125E-18 -5.35658E-05  1.75230E-16 -1.00300E+04 -1.52066E+03 -7.55484E+02 -9.60135E+03  3.81356E+02  3.66132E+01  1.60000E+01  2.00000E+00  5.00000E-01  3.79047E-20 -5.35700E-05  1.75229E-16 -1.00300E+04 -1.52045E+03 -7.55401E+02 -9.69415E+03 -3.81589E+02 -3.65879E+01  1.60000E+01  1.50000E+00  5.00000E-01 -2.64709E-06 -5.35741E-05  1.75957E-16 -1.96324E+03  1.28259E+03  5.21875E+02 -9.64837E+03  3.81420E+02  9.81048E+00  1.60000E+01  1.50000E+00  1.00000E+00 -2.64656E-06 -5.35700E-05  8.36867E-09 -1.96315E+03  1.28281E+03  5.21968E+02 -9.74119E+03 -3.81525E+02 -9.80369E+00
   1.55000E+01  2.50000E+00  5.00000E-01  2.61746E-06 -5.08712E-05  1.66620E-16  1.86316E+03 -1.47688E+03 -6.61180E+02 -1.23730E+04  4.08324E+02 -9.80143E+00  1.55000E+01  2.50000E+00  0.00000E+00  2.61693E-06 -5.08665E-05  9.41361E-09  1.86328E+03 -1.47659E+03 -6.61060E+02 -1.22802E+04 -4.08208E+02  9.81274E+00  1.55000E+01  2.00000E+00  0.00000E+00  7.91033E-18 -5.08618E-05  1.67338E-16  9.84961E+03  1.24600E+03  4.28634E+02 -1.23259E+04  4.08407E+02 -3.65795E+01  1.55000E+01  2.00000E+00  5.00000E-01  3.87518E-20 -5.08665E-05  1.67345E-16  9.84971E+03  1.24628E+03  4.28745E+02 -1.22331E+04 -4.08125E+02  3.66216E+01  1.60000E+01  2.50000E+00  5.00000E-01  2.64709E-06 -5.35741E-05  1.74483E-16  1.96315E+03 -1.28281E+03 -5.21968E+02 -9.74119E+03  3.81525E+02 -9.80369E+00  1.60000E+01  2.50000E+00  0.00000E+00  2.64656E-06 -5.35700E-05  8.36867E-09  1.96324E+03 -1.28259E+03 -5.21875E+02 -9.64837E+03 -3.81420E+02  9.81048E+00  1.60000E+01  2.00000E+00  0.00000E+00  7.91367E-18 -5.35658E-05  1.75230E-16  1.00300E+04  1.52045E+03  7.55401E+02 -9.69415E+03  3.81589E+02 -3.65879E+01  1.60000E+01  2.00000E+00  5.00000E-01  3.79047E-20 -5.35700E-05  1.75229E-16  1.00300E+04  1.52066E+03  7.55484E+02 -9.60135E+03 -3.81356E+02  3.66132E+01
   1.55000E+01  2.50000E+00  1.00000E+00  2.61693E-06 -5.08665E-05 -9.41361E-09  1.86328E+03 -1.47659E+03 -6.61060E+02 -1.22802E+04  4.08208E+02 -9.81274E+00  1.55000E+01  2.50000E+00  5.00000E-01  2.61746E-06 -5.08712E-05  1.66620E-16  1.86316E+03 -1.47688E+03 -6.61180E+02 -1.23730E+04 -4.08324E+02  9.80143E+00  1.55000E+01  2.00000E+00  5.00000E-01  3.87518E-20 -5.08665E-05  1.67345E-16  9.84971E+03  1.24628E+03  4.28745E+02 -1.22331E+04  4.08125E+02 -3.66216E+01  1.55000E+01  2.00000E+00  1.00000E+00 -7.83818E-18 -5.08618E-05  1.67346E-16  9.84961E+03  1.24600E+03  4.28634E+02 -1.23259E+04 -4.08407E+02  3.65795E+01  1.60000E+01  2.50000E+00  1.00000E+00  2.64656E-06 -5.35700E-05 -8.36867E-09  1.96324E+03 -1.28259E+03 -5.21875E+02 -9.64837E+03  3.81420E+02 -9.81048E+00  1.60000E+01  2.50000E+00  5.00000E-01  2.64709E-06 -5.35741E-05  1.74483E-16  1.96315E+03 -1.28281E+03 -5.21968E+02 -9.74119E+03 -3.81525E+02  9.80369E+00  1.60000E+01  2.00000E+00  5.00000E-01  3.79047E-20 -5.35700E-05  1.75229E-16  1.00300E+04  1.52066E+03  7.55484E+02 -9.60135E+03  3.81356E+02 -3.66132E+01  1.60000E+01  2.00000E+00  1.00000E+00 -7.84125E-18 -5.35658E-05  1.75230E-16  1.00300E+04  1.52045E+03  7.55401E+02 -9.69415E+03 -3.81589E+02  3.65879E+01
   1.55000E+01  3.00000E+00  5.00000E-01  5.24293E-06 -5.08854E-05  1.65889E-16  1.35765E+04 -1.70847E+03 -8.93160E+02 -1.10239E+04  4.07423E+02 -5.62231E+01  1.55000E+01  3.00000E+00  0.00000E+00  5.24189E-06 -5.08806E-05  1.88196E-08  1.35759E+04 -1.70972E+03 -8.93716E+02 -1.09313E+04 -4.08459E+02  5.61793E+01  1.55000E+01  2.50000E+00  0.00000E+00  2.61693E-06 -5.08665E-05  9.41361E-09  2.15661E+04  1.01631E+03  1.99857E+02 -1.08834E+04  4.07078E+02 -8.31126E+01  1.55000E+01  2.50000E+00  5.00000E-01  2.61746E-06 -5.08712E-05  1.66620E-16  2.15653E+04  1.01500E+03  1.99237E+02 -1.07907E+04 -4.08804E+02  8.28031E+01  1.60000E+01  3.00000E+00  5.00000E-01  5.30219E-06 -5.35867E-05  1.73733E-16  1.39558E+04 -1.04814E+03 -2.89012E+02 -8.39145E+03  3.80708E+02 -5.62493E+01  1.60000E+01  3.00000E+00  0.00000E+00  5.30115E-06 -5.35825E-05  1.67312E-08  1.39553E+04 -1.04930E+03 -2.89532E+02 -8.29890E+03 -3.81661E+02  5.61531E+01  1.60000E+01  2.50000E+00  0.00000E+00  2.64656E-06 -5.35700E-05  8.36867E-09  2.20257E+04  1.75691E+03  9.91301E+02 -8.25096E+03  3.80388E+02 -8.31813E+01  1.60000E+01  2.50000E+00  5.00000E-01  2.64709E-06 -5.35741E-05  1.74483E-16  2.20250E+04  1.75568E+03  9.90717E+02 -8.15838E+03 -3.81981E+02  8.27344E+01
   1.55000E+01  3.00000E+00  1.00000E+00  5.24189E-06 -5.08806E-05 -1.88196E-08  1.35759E+04 -1.70972E+03 -8.93716E+02 -1.09313E+04  4.08459E+02 -5.61793E+01  1.55000E+01  3.00000E+00  5.00000E-01  5.24293E-06 -5.08854E-05  1.65889E-16  1.35765E+04 -1.70847E+03 -8.93160E+02 -1.10239E+04 -4.07423E+02  5.62231E+01  1.55000E+01  2.50000E+00  5.00000E-01  2.61746E-06 -5.08712E-05  1.66620E-16  2.15653E+04  1.01500E+03  1.99237E+02 -1.07907E+04  4.08804E+02 -8.28031E+01  1.55000E+01  2.50000E+00  1.00000E+00  2.61693E-06 -5.08665E-05 -9.41361E-09  2.15661E+04  1.01631E+03  1.99857E+02 -1.08834E+04 -4.07078E+02  8.31126E+01  1.60000E+01  3.00000E+00  1.00000E+00  5.30115E-06 -5.35825E-05 -1.67312E-08  1.39553E+04 -1.04930E+03 -2.89532E+02 -8.29890E+03  3.81661E+02 -5.61531E+01  1.60000E+01  3.00000E+00  5.00000E-01  5.30219E-06 -5.35867E-05  1.73733E-16  1.39558E+04 -1.04814E+03 -2.89012E+02 -8.39145E+03 -3.80708E+02  5.62493E+01  1.60000E+01  2.50000E+00  5.00000E-01  2.64709E-06 -5.35741E-05  1.74483E-16  2.20250E+04  1.75568E+03  9.90717E+02 -8.15838E+03  3.81981E+02 -8.27344E+01  1.60000E+01  2.50000E+00  1.00000E+00  2.64656E-06 -5.35700E-05 -8.36867E-09  2.20257E+04  1.75691E+03  9.91301E+02 -8.25096E+03 -3.80388E+02  8.31813E+01
   1.55000E+01  3.50000E+00  5.00000E-01  7.88444E-06 -5.09089E-05  1.65138E-16  2.52974E+04 -1.93015E+03 -1.11645E+03 -8.28204E+03  4.02755E+02 -1.01828E+02  1.55000E+01  3.50000E+00  0.00000E+00  7.88285E-06 -5.09041E-05  2.82124E-08  2.52864E+04 -1.95519E+03 -1.12727E+03 -8.18659E+03 -4.11960E+02  1.03257E+02  1.55000E+01  3.00000E+00  0.00000E+00  5.24189E-06 -5.08806E-05  1.88196E-08  3.32883E+04  7.96183E+02 -1.95519E+01 -8.04931E+03  3.95644E+02 -1.26072E+02  1.55000E+01  3.00000E+00  5.00000E-01  5.24293E-06 -5.08854E-05  1.65889E-16  3.32771E+04  7.71061E+02 -3.04522E+01 -7.95333E+03 -4.19071E+02  1.32514E+02  1.60000E+01  3.50000E+00  5.00000E-01  7.97334E-06 -5.36076E-05  1.72980E-16  2.59542E+04 -8.07956E+02 -4.95542E+01 -5.64977E+03  3.76284E+02 -1.01932E+02  1.60000E+01  3.50000E+00  0.00000E+00  7.97175E-06 -5.36034E-05  2.50807E-08  2.59439E+04 -8.31151E+02 -5.95836E+01 -5.55437E+03 -3.84931E+02  1.03153E+02  1.60000E+01  3.00000E+00  0.00000E+00  5.30115E-06 -5.35825E-05  1.67312E-08  3.40253E+04  1.99862E+03  1.23459E+03 -5.41704E+03  3.69701E+02 -1.26228E+02  1.60000E+01  3.00000E+00  5.00000E-01  5.30219E-06 -5.35867E-05  1.73733E-16  3.40149E+04  1.97535E+03  1.22449E+03 -5.32111E+03 -3.91513E+02  1.32357E+02
   1.55000E+01  3.50000E+00  1.00000E+00  7.88285E-06 -5.09041E-05 -2.82124E-08  2.52864E+04 -1.95519E+03 -1.12727E+03 -8.18659E+03  4.11960E+02 -1.03257E+02  1.55000E+01  3.50000E+00  5.00000E-01  7.88444E-06 -5.09089E-05  1.65138E-16  2.52974E+04 -1.93015E+03 -1.11645E+03 -8.28204E+03 -4.02755E+02  1.01828E+02  1.55000E+01  3.00000E+00  5.00000E-01  5.24293E-06 -5.08854E-05  1.65889E-16  3.32771E+04  7.71061E+02 -3.04522E+01 -7.95333E+03  4.19071E+02 -1.32514E+02  1.55000E+01  3.00000E+00  1.00000E+00  5.24189E-06 -5.08806E-05 -1.88196E-08  3.32883E+04  7.96183E+02 -1.95519E+01 -8.04931E+03 -3.95644E+02  1.26072E+02  1.60000E+01  3.50000E+00  1.00000E+00  7.97175E-06 -5.36034E-05 -2.50807E-08  2.59439E+04 -8.31151E+02 -5.95836E+01 -5.55437E+03  3.84931E+02 -1.03153E+02  1.60000E+01  3.50000E+00  5.00000E-01  7.97334E-06 -5.36076E-05  1.72980E-16  2.59542E+04 -8.07956E+02 -4.95542E+01 -5.64977E+03 -3.76284E+02  1.01932E+02  1.60000E+01  3.00000E+00  5.00000E-01  5.30219E-06 -5.35867E-05  1.73733E-16  3.40149E+04  1.97535E+03  1.22449E+03 -5.32111E+03  3.91513E+02 -1.32357E+02  1.60000E+01  3.00000E+00  1.00000E+00  5.30115E-06 -5.35825E-05 -1.67312E-08  3.40253E+04  1.99862E+03  1.23459E+03 -5.41704E+03 -3.69701E+02  1.26228E+02
   1.55000E+01  4.00000E+00  5.00000E-01  1.05499E-05 -5.09419E-05  1.64400E-16  3.70133E+04 -2.13812E+03 -1.36468E+03 -4.13447E+03  4.36032E+02 -1.53229E+02  1.55000E+01  4.00000E+00  0.00000E+00  1.05480E-05 -5.09370E-05  3.79895E-08  3.70026E+04 -2.16170E+03 -1.37494E+03 -4.06054E+03 -4.11939E+02  1.45397E+02  1.55000E+01  3.50000E+00  0.00000E+00  7.88285E-06 -5.09041E-05  2.82124E-08  4.49495E+04  5.36274E+02 -3.86225E+02 -3.81008E+03  4.29372E+02 -2.03179E+02  1.55000E+01  3.50000E+00  5.00000E-01  7.88444E-06 -5.09089E-05  1.65138E-16  4.49388E+04  5.12687E+02 -3.96490E+02 -3.73564E+03 -4.18599E+02  1.51339E+02  1.60000E+01  4.00000E+00  5.00000E-01  1.06684E-05 -5.36369E-05  1.72232E-16  3.79478E+04 -5.54844E+02  1.67084E+02 -1.50356E+03  4.07204E+02 -1.53406E+02  1.60000E+01  4.00000E+00  0.00000E+00  1.06665E-05 -5.36326E-05  3.37679E-08  3.79379E+04 -5.76613E+02  1.57603E+02 -1.42965E+03 -3.84874E+02  1.45220E+02  1.60000E+01  3.50000E+00  0.00000E+00  7.97175E-06 -5.36034E-05  2.50807E-08  4.59678E+04  2.20339E+03  1.34116E+03 -1.17918E+03  4.01061E+02 -2.03362E+02  1.60000E+01  3.50000E+00  5.00000E-01  7.97334E-06 -5.36076E-05  1.72980E-16  4.59580E+04  2.18161E+03  1.33167E+03 -1.10475E+03 -3.91018E+02  1.51156E+02
   1.55000E+01  4.00000E+00  1.00000E+00  1.05480E-05 -5.09370E-05 -3.79895E-08  3.70026E+04 -2.16170E+03 -1.37494E+03 -4.06054E+03  4.11939E+02 -1.45397E+02  1.55000E+01  4.00000E+00  5.00000E-01  1.05499E-05 -5.09419E-05  1.64400E-16  3.70133E+04 -2.13812E+03 -1.36468E+03 -4.13447E+03 -4.36032E+02  1.53229E+02  1.55000E+01  3.50000E+00  5.00000E-01  7.88444E-06 -5.09089E-05  1.65138E-16  4.49388E+04  5.12687E+02 -3.96490E+02 -3.73564E+03  4.18599E+02 -1.51339E+02  1.55000E+01  3.50000E+00  1.00000E+00  7.88285E-06 -5.09041E-05 -2.82124E-08  4.49495E+04  5.36274E+02 -3.86225E+02 -3.81008E+03 -4.29372E+02  2.03179E+02  1.60000E+01  4.00000E+00  1.00000E+00  1.06665E-05 -5.36326E-05 -3.37679E-08  3.79379E+04 -5.76613E+02  1.57603E+02 -1.42965E+03  3.84874E+02 -1.45220E+02  1.60000E+01  4.00000E+00  5.00000E-01  1.06684E-05 -5.36369E-05  1.72232E-16  3.79478E+04 -5.54844E+02  1.67084E+02 -1.50356E+03 -4.07204E+02  1.53406E+02  1.60000E+01  3.50000E+00  5.00000E-01  7.97334E-06 -5.36076E-05  1.72980E-16  4.59580E+04  2.18161E+03  1.33167E+03 -1.10475E+03  3.91018E+02 -1.51156E+02  1.60000E+01  3.50000E+00  1.00000E+00  7.97175E-06 -5.36034E-05 -2.50807E-08  4.59678E+04  2.20339E+03  1.34116E+03 -1.17918E+03 -4.01061E+02  2.03362E+02
   1.60000E+01  5.00000E-01  5.00000E-01 -7.97334E-06 -5.36076E-05  1.77423E-16 -3.96035E+04 -3.76765E+02  4.41919E+02 -3.65263E+03  3.80326E+02  2.02857E+02  1.60000E+01  5.00000E-01  0.00000E+00 -7.97175E-06 -5.36034E-05 -2.50807E-08 -3.95928E+04 -3.55786E+02  4.51424E+02 -3.57829E+03 -3.70845E+02 -1.51082E+02  1.60000E+01  0.00000E+00  0.00000E+00 -1.06665E-05 -5.36326E-05 -3.37679E-08 -3.26069E+04  1.97791E+03  1.29426E+03 -3.97722E+03  3.86063E+02  1.52896E+02  1.60000E+01  0.00000E+00  5.00000E-01 -1.06684E-05 -5.36369E-05  1.78150E-16 -3.25965E+04  1.99876E+03  1.30363E+03 -3.90347E+03 -3.65108E+02 -1.45172E+02  1.65000E+01  5.00000E-01  5.00000E-01 -8.05179E-06 -5.63342E-05  1.85368E-16 -4.06212E+04 -2.04373E+03 -1.28375E+03 -1.33168E+03  3.51988E+02  2.03456E+02  1.65000E+01  5.00000E-01  0.00000E+00 -8.05020E-06 -5.63305E-05 -2.19552E-08 -4.06114E+04 -2.02483E+03 -1.27513E+03 -1.25742E+03 -3.43312E+02 -1.50482E+02  1.65000E+01  0.00000E+00  0.00000E+00 -1.07711E-05 -5.63560E-05 -2.95529E-08 -3.35408E+04  3.94753E+02 -2.35865E+02 -1.65626E+03  3.57132E+02  1.53406E+02  1.65000E+01  0.00000E+00  5.00000E-01 -1.07730E-05 -5.63598E-05  1.86132E-16 -3.35313E+04  4.13519E+02 -2.27385E+02 -1.58260E+03 -3.38169E+02 -1.44662E+02
   1.60000E+01  5.00000E-01  1.00000E+00 -7.97175E-06 -5.36034E-05  2.50807E-08 -3.95928E+04 -3.55786E+02  4.51424E+02 -3.57829E+03  3.70845E+02  1.51082E+02  1.60000E+01  5.00000E-01  5.00000E-01 -7.97334E-06 -5.36076E-05  1.77423E-16 -3.96035E+04 -3.76765E+02  4.41919E+02 -3.65263E+03 -3.80326E+02 -2.02857E+02  1.60000E+01  0.00000E+00  5.00000E-01 -1.06684E-05 -5.36369E-05  1.78150E-16 -3.25965E+04  1.99876E+03  1.30363E+03 -3.90347E+03  3.65108E+02  1.45172E+02  1.60000E+01  0.00000E+00  1.00000E+00 -1.06665E-05 -5.36326E-05  3.37679E-08 -3.26069E+04  1.97791E+03  1.29426E+03 -3.97722E+03 -3.86063E+02 -1.52896E+02  1.65000E+01  5.00000E-01  1.00000E+00 -8.05020E-06 -5.63305E-05  2.19552E-08 -4.06114E+04 -2.02483E+03 -1.27513E+03 -1.25742E+03  3.43312E+02  1.50482E+02  1.65000E+01  5.00000E-01  5.00000E-01 -8.05179E-06 -5.63342E-05  1.85368E-16 -4.06212E+04 -2.04373E+03 -1.28375E+03 -1.33168E+03 -3.51988E+02 -2.03456E+02  1.65000E+01  0.00000E+00  5.00000E-01 -1.07730E-05 -5.63598E-05  1.86132E-16 -3.35313E+04  4.13519E+02 -2.27385E+02 -1.58260E+03  3.38169E+02  1.44662E+02  1.65000E+01  0.00000E+00  1.00000E+00 -1.07711E-05 -5.63560E-05  2.95529E-08 -3.35408E+04  3.94753E+02 -2.35865E+02 -1.65626E+03 -3.57132E+02 -1.53406E+02
   1.60000E+01  1.00000E+00  5.00000E-01 -5.30219E-06 -5.35867E-05  1.76692E-16 -2.93318E+04 -6.37922E+02  8.99249E+01 -7.88958E+03  3.50759E+02  1.25790E+02  1.60000E+01  1.00000E+00  0.00000E+00 -5.30115E-06 -5.35825E-05 -1.67312E-08 -2.93212E+04 -6.15662E+02  9.98056E+01 -7.79392E+03 -3.71372E+02 -1.32326E+02  1.60000E+01  5.00000E-01  0.00000E+00 -7.97175E-06 -5.36034E-05 -2.50807E-08 -2.22787E+04  1.76589E+03  1.04947E+03 -8.12412E+03  3.56948E+02  1.01696E+02  1.60000E+01  5.00000E-01  5.00000E-01 -7.97334E-06 -5.36076E-05  1.77423E-16 -2.22688E+04  1.78782E+03  1.05903E+03 -8.02901E+03 -3.65183E+02 -1.03140E+02  1.65000E+01  1.00000E+00  5.00000E-01 -5.35447E-06 -5.63159E-05  1.84611E-16 -3.00708E+04 -1.84601E+03 -1.16530E+03 -5.56491E+03  3.24949E+02  1.26188E+02  1.65000E+01  1.00000E+00  0.00000E+00 -5.35343E-06 -5.63122E-05 -1.46446E-08 -3.00610E+04 -1.82566E+03 -1.15624E+03 -5.46946E+03 -3.43902E+02 -1.31929E+02  1.65000E+01  5.00000E-01  0.00000E+00 -8.05020E-06 -5.63305E-05 -2.19552E-08 -2.29378E+04  6.37721E+02 -1.92733E+01 -5.79945E+03  3.30591E+02  1.01877E+02  1.65000E+01  5.00000E-01  5.00000E-01 -8.05179E-06 -5.63342E-05  1.85368E-16 -2.29287E+04  6.57742E+02 -1.05380E+01 -5.70456E+03 -3.38259E+02 -1.02959E+02
   1.60000E+01  1.00000E+00  1.00000E+00 -5.30115E-06 -5.35825E-05  1.67312E-08 -2.93212E+04 -6.15662E+02  9.98056E+01 -7.79392E+03  3.71372E+02  1.32326E+02  1.60000E+01  1.00000E+00  5.00000E-01 -5.30219E-06 -5.35867E-05  1.76692E-16 -2.93318E+04 -6.37922E+02  8.99249E+01 -7.88958E+03 -3.50759E+02 -1.25790E+02  1.60000E+01  5.00000E-01  5.00000E-01 -7.97334E-06 -5.36076E-05  1.77423E-16 -2.22688E+04  1.78782E+03  1.05903E+03 -8.02901E+03  3.65183E+02  1.03140E+02  1.60000E+01  5.00000E-01  1.00000E+00 -7.97175E-06 -5.36034E-05  2.50807E-08 -2.22787E+04  1.76589E+03  1.04947E+03 -8.12412E+03 -3.56948E+02 -1.01696E+02  1.65000E+01  1.00000E+00  1.00000E+00 -5.35343E-06 -5.63122E-05  1.46446E-08 -3.00610E+04 -1.82566E+03 -1.15624E+03 -5.46946E+03  3.43902E+02  1.31929E+02  1.65000E+01  1.00000E+00  5.00000E-01 -5.35447E-06 -5.63159E-05  1.84611E-16 -3.00708E+04 -1.84601E+03 -1.16530E+03 -5.56491E+03 -3.24949E+02 -1.26188E+02  1.65000E+01  5.00000E-01  5.00000E-01 -8.05179E-06 -5.63342E-05  1.85368E-16 -2.29287E+04  6.57742E+02 -1.05380E+01 -5.70456E+03  3.38259E+02  1.02959E+02  1.65000E+01  5.00000E-01  1.00000E+00 -8.05020E-06 -5.63305E-05  2.19552E-08 -2.29378E+04  6.37721E+02 -1.92733E+01 -5.79945E+03 -3.30591E+02 -1.01877E+02
   1.60000E+01  1.50000E+00  5.00000E-01 -2.64709E-06 -5.35741E-05  1.75957E-16 -1.89966E+04 -8.59602E+02 -1.29063E+02 -1.07275E+04  3.60856E+02  8.30672E+01  1.60000E+01  1.50000E+00  0.00000E+00 -2.64656E-06 -5.35700E-05 -8.36867E-09 -1.89959E+04 -8.58326E+02 -1.28460E+02 -1.06351E+04 -3.62387E+02 -8.27289E+01  1.60000E+01  1.00000E+00  0.00000E+00 -5.30115E-06 -5.35825E-05 -1.67312E-08 -1.19500E+04  1.54043E+03  8.24486E+02 -1.08708E+04  3.61193E+02  5.62645E+01  1.60000E+01  1.00000E+00  5.00000E-01 -5.30219E-06 -5.35867E-05  1.76692E-16 -1.19496E+04  1.54156E+03  8.24942E+02 -1.07784E+04 -3.62050E+02 -5.61506E+01  1.65000E+01  1.50000E+00  5.00000E-01 -2.67321E-06 -5.63050E-05  1.83855E-16 -1.94603E+04 -1.60989E+03 -9.24320E+02 -8.40421E+03  3.34186E+02  8.31329E+01  1.65000E+01  1.50000E+00  0.00000E+00 -2.67269E-06 -5.63013E-05 -7.32303E-09 -1.94594E+04 -1.60838E+03 -9.23614E+02 -8.31194E+03 -3.35676E+02 -8.26631E+01  1.65000E+01  1.00000E+00  0.00000E+00 -5.35343E-06 -5.63122E-05 -1.46446E-08 -1.23336E+04  8.70212E+02  2.16062E+02 -8.54752E+03  3.34592E+02  5.62324E+01  1.65000E+01  1.00000E+00  5.00000E-01 -5.35447E-06 -5.63159E-05  1.84611E-16 -1.23331E+04  8.71581E+02  2.16622E+02 -8.45518E+03 -3.35271E+02 -5.61828E+01
   1.60000E+01  1.50000E+00  1.00000E+00 -2.64656E-06 -5.35700E-05  8.36867E-09 -1.89959E+04 -8.58326E+02 -1.28460E+02 -1.06351E+04  3.62387E+02  8.27289E+01  1.60000E+01  1.50000E+00  5.00000E-01 -2.64709E-06 -5.35741E-05  1.75957E-16 -1.89966E+04 -8.59602E+02 -1.29063E+02 -1.07275E+04 -3.60856E+02 -8.30672E+01  1.60000E+01  1.00000E+00  5.00000E-01 -5.30219E-06 -5.35867E-05  1.76692E-16 -1.19496E+04  1.54156E+03  8.24942E+02 -1.07784E+04  3.62050E+02  5.61506E+01  1.60000E+01  1.00000E+00  1.00000E+00 -5.30115E-06 -5.35825E-05  1.67312E-08 -1.19500E+04  1.54043E+03  8.24486E+02 -1.08708E+04 -3.61193E+02 -5.62645E+01  1.65000E+01  1.50000E+00  1.00000E+00 -2.67269E-06 -5.63013E-05  7.32303E-09 -1.94594E+04 -1.60838E+03 -9.23614E+02 -8.31194E+03  3.35676E+02  8.26631E+01  1.65000E+01  1.50000E+00  5.00000E-01 -2.67321E-06 -5.63050E-05  1.83855E-16 -1.94603E+04 -1.60989E+03 -9.24320E+02 -8.40421E+03 -3.34186E+02 -8.31329E+01  1.65000E+01  1.00000E+00  5.00000E-01 -5.35447E-06 -5.63159E-05  1.84611E-16 -1.23331E+04  8.71581E+02  2.16622E+02 -8.45518E+03  3.35271E+02  5.61828E+01  1.65000E+01  1.00000E+00  1.00000E+00 -5.35343E-06 -5.63122E-05  1.46446E-08 -1.23336E+04  8.70212E+02  2.16062E+02 -8.54752E+03 -3.34592E+02 -5.62324E+01
   1.60000E+01  2.00000E+00  5.00000E-01  3.79047E-20 -5.35700E-05  1.75229E-16 -8.67296E+03 -1.08463E+03 -3.56923E+02 -1.21764E+04  3.61933E+02  3.66371E+01  1.60000E+01  2.00000E+00  0.00000E+00  7.91367E-18 -5.35658E-05  1.75230E-16 -8.67320E+03 -1.08483E+03 -3.57056E+02 -1.20836E+04 -3.61771E+02 -3.66121E+01  1.60000E+01  1.50000E+00  0.00000E+00 -2.64656E-06 -5.35700E-05 -8.36867E-09 -1.63790E+03  1.31008E+03  5.90381E+02 -1.22248E+04  3.61898E+02  9.81689E+00  1.60000E+01  1.50000E+00  5.00000E-01 -2.64709E-06 -5.35741E-05  1.75957E-16 -1.63800E+03  1.30994E+03  5.90306E+02 -1.21319E+04 -3.61806E+02 -9.81019E+00  1.65000E+01  2.00000E+00  5.00000E-01  3.26108E-20 -5.63013E-05  1.83108E-16 -8.85543E+03 -1.36389E+03 -6.85890E+02 -9.85619E+03  3.35049E+02  3.65835E+01  1.65000E+01  2.00000E+00  0.00000E+00  7.90689E-18 -5.62977E-05  1.83108E-16 -8.85558E+03 -1.36388E+03 -6.85933E+02 -9.76336E+03 -3.35033E+02 -3.66657E+01  1.65000E+01  1.50000E+00  0.00000E+00 -2.67269E-06 -5.63013E-05 -7.32303E-09 -1.73993E+03  1.11125E+03  4.49091E+02 -9.90459E+03  3.35075E+02  9.80253E+00  1.65000E+01  1.50000E+00  5.00000E-01 -2.67321E-06 -5.63050E-05  1.83855E-16 -1.73994E+03  1.11132E+03  4.49107E+02 -9.81169E+03 -3.35007E+02 -9.82455E+00
   1.60000E+01  2.00000E+00  1.00000E+00 -7.84125E-18 -5.35658E-05  1.75230E-16 -8.67320E+03 -1.08483E+03 -3.57056E+02 -1.20836E+04  3.61771E+02  3.66121E+01  1.60000E+01  2.00000E+00  5.00000E-01  3.79047E-20 -5.35700E-05  1.75229E-16 -8.67296E+03 -1.08463E+03 -3.56923E+02 -1.21764E+04 -3.61933E+02 -3.66371E+01  1.60000E+01  1.50000E+00  5.00000E-01 -2.64709E-06 -5.35741E-05  1.75957E-16 -1.63800E+03  1.30994E+03  5.90306E+02 -1.21319E+04  3.61806E+02  9.81019E+00  1.60000E+01  1.50000E+00  1.00000E+00 -2.64656E-06 -5.35700E-05  8.36867E-09 -1.63790E+03  1.31008E+03  5.90381E+02 -1.22248E+04 -3.61898E+02 -9.81689E+00  1.65000E+01  2.00000E+00  1.00000E+00 -7.84167E-18 -5.62977E-05  1.83102E-16 -8.85558E+03 -1.36388E+03 -6.85933E+02 -9.76336E+03  3.35033E+02  3.66657E+01  1.65000E+01  2.00000E+00  5.00000E-01  3.26108E-20 -5.63013E-05  1.83108E-16 -8.85543E+03 -1.36389E+03 -6.85890E+02 -9.85619E+03 -3.35049E+02 -3.65835E+01  1.65000E+01  1.50000E+00  5.00000E-01 -2.67321E-06 -5.63050E-05  1.83855E-16 -1.73994E+03  1.11132E+03  4.49107E+02 -9.81169E+03  3.35007E+02  9.82455E+00  1.65000E+01  1.50000E+00  1.00000E+00 -2.67269E-06 -5.63013E-05  7.32303E-09 -1.73993E+03  1.11125E+03  4.49091E+02 -9.90459E+03 -3.35075E+02 -9.80253E+00
   1.60000E+01  2.50000E+00  5.00000E-01  2.64709E-06 -5.35741E-05  1.74483E-16  1.63790E+03 -1.31008E+03 -5.90381E+02 -1.22248E+04  3.61898E+02 -9.81689E+00  1.60000E+01  2.50000E+00  0.00000E+00  2.64656E-06 -5.35700E-05  8.36867E-09  1.63800E+03 -1.30994E+03 -5.90306E+02 -1.21319E+04 -3.61806E+02  9.81019E+00  1.60000E+01  2.00000E+00  0.00000E+00  7.91367E-18 -5.35658E-05  1.75230E-16  8.67296E+03  1.08463E+03  3.56923E+02 -1.21764E+04  3.61933E+02 -3.66371E+01  1.60000E+01  2.00000E+00  5.00000E-01  3.79047E-20 -5.35700E-05  1.75229E-16  8.67320E+03  1.08483E+03  3.57056E+02 -1.20836E+04 -3.61771E+02  3.66121E+01  1.65000E+01  2.50000E+00  5.00000E-01  2.67321E-06 -5.63050E-05  1.82353E-16  1.73993E+03 -1.11125E+03 -4.49091E+02 -9.90459E+03  3.35075E+02 -9.80253E+00  1.65000E+01  2.50000E+00  0.00000E+00  2.67269E-06 -5.63013E-05  7.32303E-09  1.73994E+03 -1.11132E+03 -4.49107E+02 -9.81169E+03 -3.35007E+02  9.82455E+00  1.65000E+01  2.00000E+00  0.00000E+00  7.90689E-18 -5.62977E-05  1.83108E-16  8.85543E+03  1.36389E+03  6.85890E+02 -9.85619E+03  3.35049E+02 -3.65835E+01  1.65000E+01  2.00000E+00  5.00000E-01  3.26108E-20 -5.63013E-05  1.83108E-16  8.85558E+03  1.36388E+03  6.85933E+02 -9.76336E+03 -3.35033E+02  3.66657E+01
   1.60000E+01  2.50000E+00  1.00000E+00  2.64656E-06 -5.35700E-05 -8.36867E-09  1.63800E+03 -1.30994E+03 -5.90306E+02 -1.21319E+04  3.61806E+02 -9.81019E+00  1.60000E+01  2.50000E+00  5.00000E-01  2.64709E-06 -5.35741E-05  1.74483E-16  1.63790E+03 -1.31008E+03 -5.90381E+02 -1.22248E+04 -3.61898E+02  9.81689E+00  1.60000E+01  2.00000E+00  5.00000E-01  3.79047E-20 -5.35700E-05  1.75229E-16  8.67320E+03  1.08483E+03  3.57056E+02 -1.20836E+04  3.61771E+02 -3.66121E+01  1.60000E+01  2.00000E+00  1.00000E+00 -7.84125E-18 -5.35658E-05  1.75230E-16  8.67296E+03  1.08463E+03  3.56923E+02 -1.21764E+04 -3.61933E+02  3.66371E+01  1.65000E+01  2.50000E+00  1.00000E+00  2.67269E-06 -5.63013E-05 -7.32303E-09  1.73994E+03 -1.11132E+03 -4.49107E+02 -9.81169E+03  3.35007E+02 -9.82455E+00  1.65000E+01  2.50000E+00  5.00000E-01  2.67321E-06 -5.63050E-05  1.82353E-16  1.73993E+03 -1.11125E+03 -4.49091E+02 -9.90459E+03 -3.35075E+02  9.80253E+00  1.65000E+01  2.00000E+00  5.00000E-01  3.26108E-20 -5.63013E-05  1.83108E-16  8.85558E+03  1.36388E+03  6.85933E+02 -9.76336E+03  3.35033E+02 -3.66657E+01  1.65000E+01  2.00000E+00  1.00000E+00 -7.84167E-18 -5.62977E-05  1.83102E-16  8.85543E+03  1.36389E+03  6.85890E+02 -9.85619E+03 -3.35049E+02  3.65835E+01
   1.60000E+01  3.00000E+00  5.00000E-01  5.30219E-06 -5.35867E-05  1.73733E-16  1.19500E+04 -1.54043E+03 -8.24486E+02 -1.08708E+04  3.61193E+02 -5.62645E+01  1.60000E+01  3.00000E+00  0.00000E+00  5.30115E-06 -5.35825E-05  1.67312E-08  1.19496E+04 -1.54156E+03 -8.24942E+02 -1.07784E+04 -3.62050E+02  5.61506E+01  1.60000E+01  2.50000E+00  0.00000E+00  2.64656E-06 -5.35700E-05  8.36867E-09  1.89966E+04  8.59602E+02  1.29063E+02 -1.07275E+04  3.60856E+02 -8.30672E+01  1.60000E+01  2.50000E+00  5.00000E-01  2.64709E-06 -5.35741E-05  1.74483E-16  1.89959E+04  8.58326E+02  1.28460E+02 -1.06351E+04 -3.62387E+02  8.27289E+01  1.65000E+01  3.00000E+00  5.00000E-01  5.35447E-06 -5.63159E-05  1.81585E-16  1.23336E+04 -8.70212E+02 -2.16062E+02 -8.54752E+03  3.34592E+02 -5.62324E+01  1.65000E+01  3.00000E+00  0.00000E+00  5.35343E-06 -5.63122E-05  1.46446E-08  1.23331E+04 -8.71581E+02 -2.16622E+02 -8.45518E+03 -3.35271E+02  5.61828E+01  1.65000E+01  2.50000E+00  0.00000E+00  2.67269E-06 -5.63013E-05  7.32303E-09  1.94603E+04  1.60989E+03  9.24320E+02 -8.40421E+03  3.34186E+02 -8.31329E+01  1.65000E+01  2.50000E+00  5.00000E-01  2.67321E-06 -5.63050E-05  1.82353E-16  1.94594E+04  1.60838E+03  9.23614E+02 -8.31194E+03 -3.35676E+02  8.26631E+01
   1.60000E+01  3.00000E+00  1.00000E+00  5.30115E-06 -5.35825E-05 -1.67312E-08  1.19496E+04 -1.54156E+03 -8.24942E+02 -1.07784E+04  3.62050E+02 -5.61506E+01  1.60000E+01  3.00000E+00  5.00000E-01  5.30219E-06 -5.35867E-05  1.73733E-16  1.19500E+04 -1.54043E+03 -8.24486E+02 -1.08708E+04 -3.61193E+02  5.62645E+01  1.60000E+01  2.50000E+00  5.00000E-01  2.64709E-06 -5.35741E-05  1.74483E-16  1.89959E+04  8.58326E+02  1.28460E+02 -1.06351E+04  3.62387E+02 -8.27289E+01  1.60000E+01  2.50000E+00  1.00000E+00  2.64656E-06 -5.35700E-05 -8.36867E-09  1.89966E+04  8.59602E+02  1.29063E+02 -1.07275E+04 -3.60856E+02  8.30672E+01  1.65000E+01  3.00000E+00  1.00000E+00  5.35343E-06 -5.63122E-05 -1.46446E-08  1.23331E+04 -8.71581E+02 -2.16622E+02 -8.45518E+03  3.35271E+02 -5.61828E+01  1.65000E+01  3.00000E+00  5.00000E-01  5.35447E-06 -5.63159E-05  1.81585E-16  1.23336E+04 -8.70212E+02 -2.16062E+02 -8.54752E+03 -3.34592E+02  5.62324E+01  1.65000E+01  2.50000E+00  5.00000E-01  2.67321E-06 -5.63050E-05  1.82353E-16  1.94594E+04  1.60838E+03  9.23614E+02 -8.31194E+03  3.35676E+02 -8.26631E+01  1.65000E+01  2.50000E+00  1.00000E+00  2.67269E-06 -5.63013E-05 -7.32303E-09  1.94603E+04  1.60989E+03  9.24320E+02 -8.40421E+03 -3.34186E+02  8.31329E+01
   1.60000E+01  3.50000E+00  5.00000E-01  7.97334E-06 -5.36076E-05  1.72980E-16  2.22787E+04 -1.76589E+03 -1.04947E+03 -8.12412E+03  3.56948E+02 -1.01696E+02  1.60000E+01  3.50000E+00  0.00000E+00  7.97175E-06 -5.36034E-05  2.50807E-08  2.22688E+04 -1.78782E+03 -1.05903E+03 -8.02901E+03 -3.65183E+02  1.03140E+02  1.60000E+01  3.00000E+00  0.00000E+00  5.30115E-06 -5.35825E-05  1.67312E-08  2.93318E+04  6.37922E+02 -8.99249E+01 -7.88958E+03  3.50759E+02 -1.25790E+02  1.60000E+01  3.00000E+00  5.00000E-01  5.30219E-06 -5.35867E-05  1.73733E-16  2.93212E+04  6.15662E+02 -9.98056E+01 -7.79392E+03 -3.71372E+02  1.32326E+02  1.65000E+01  3.50000E+00  5.00000E-01  8.05179E-06 -5.63342E-05  1.80825E-16  2.29378E+04 -6.37721E+02  1.92733E+01 -5.79945E+03  3.30591E+02 -1.01877E+02  1.65000E+01  3.50000E+00  0.00000E+00  8.05020E-06 -5.63305E-05  2.19552E-08  2.29287E+04 -6.57742E+02  1.05380E+01 -5.70456E+03 -3.38259E+02  1.02959E+02  1.65000E+01  3.00000E+00  0.00000E+00  5.35343E-06 -5.63122E-05  1.46446E-08  3.00708E+04  1.84601E+03  1.16530E+03 -5.56491E+03  3.24949E+02 -1.26188E+02  1.65000E+01  3.00000E+00  5.00000E-01  5.35447E-06 -5.63159E-05  1.81585E-16  3.00610E+04  1.82566E+03  1.15624E+03 -5.46946E+03 -3.43902E+02  1.31929E+02
   1.60000E+01  3.50000E+00  1.00000E+00  7.97175E-06 -5.36034E-05 -2.50807E-08  2.22688E+04 -1.78782E+03 -1.05903E+03 -8.02901E+03  3.65183E+02 -1.03140E+02  1.60000E+01  3.50000E+00  5.00000E-01  7.97334E-06 -5.36076E-05  1.72980E-16  2.22787E+04 -1.76589E+03 -1.04947E+03 -8.12412E+03 -3.56948E+02  1.01696E+02  1.60000E+01  3.00000E+00  5.00000E-01  5.30219E-06 -5.35867E-05  1.73733E-16  2.93212E+04  6.15662E+02 -9.98056E+01 -7.79392E+03  3.71372E+02 -1.32326E+02  1.60000E+01  3.00000E+00  1.00000E+00  5.30115E-06 -5.35825E-05 -1.67312E-08  2.93318E+04  6.37922E+02 -8.99249E+01 -7.88958E+03 -3.50759E+02  1.25790E+02  1.65000E+01  3.50000E+00  1.00000E+00  8.05020E-06 -5.63305E-05 -2.19552E-08  2.29287E+04 -6.57742E+02  1.05380E+01 -5.70456E+03  3.38259E+02 -1.02959E+02  1.65000E+01  3.50000E+00  5.00000E-01  8.05179E-06 -5.63342E-05  1.80825E-16  2.29378E+04 -6.37721E+02  1.92733E+01 -5.79945E+03 -3.30591E+02  1.01877E+02  1.65000E+01  3.00000E+00  5.00000E-01  5.35447E-06 -5.63159E-05  1.81585E-16  3.00610E+04  1.82566E+03  1.15624E+03 -5.46946E+03  3.43902E+02 -1.31929E+02  1.65000E+01  3.00000E+00  1.00000E+00  5.35343E-06 -5.63122E-05 -1.46446E-08  3.00708E+04  1.84601E+03  1.16530E+03 -5.56491E+03 -3.24949E+02  1.26188E+02
   1.60000E+01  4.00000E+00  5.00000E-01  1.06684E-05 -5.36369E-05  1.72232E-16  3.26069E+04 -1.97791E+03 -1.29426E+03 -3.97722E+03  3.86063E+02 -1.52896E+02  1.60000E+01  4.00000E+00  0.00000E+00  1.06665E-05 -5.36326E-05  3.37679E-08  3.25965E+04 -1.99876E+03 -1.30363E+03 -3.90347E+03 -3.65108E+02  1.45172E+02  1.60000E+01  3.50000E+00  0.00000E+00  7.97175E-06 -5.36034E-05  2.50807E-08  3.96035E+04  3.76765E+02 -4.41919E+02 -3.65263E+03  3.80326E+02 -2.02857E+02  1.60000E+01  3.50000E+00  5.00000E-01  7.97334E-06 -5.36076E-05  1.72980E-16  3.95928E+04  3.55786E+02 -4.51424E+02 -3.57829E+03 -3.70845E+02  1.51082E+02  1.65000E+01  4.00000E+00  5.00000E-01  1.07730E-05 -5.63598E-05  1.80051E-16  3.35408E+04 -3.94753E+02  2.35865E+02 -1.65626E+03  3.57132E+02 -1.53406E+02  1.65000E+01  4.00000E+00  0.00000E+00  1.07711E-05 -5.63560E-05  2.95529E-08  3.35313E+04 -4.13519E+02  2.27385E+02 -1.58260E+03 -3.38169E+02  1.44662E+02  1.65000E+01  3.50000E+00  0.00000E+00  8.05020E-06 -5.63305E-05  2.19552E-08  4.06212E+04  2.04373E+03  1.28375E+03 -1.33168E+03  3.51988E+02 -2.03456E+02  1.65000E+01  3.50000E+00  5.00000E-01  8.05179E-06 -5.63342E-05  1.80825E-16  4.06114E+04  2.02483E+03  1.27513E+03 -1.25742E+03 -3.43312E+02  1.50482E+02
   1.60000E+01  4.00000E+00  1.00000E+00  1.06665E-05 -5.36326E-05 -3.37679E-08  3.25965E+04 -1.99876E+03 -1.30363E+03 -3.90347E+03  3.65108E+02 -1.45172E+02  1.60000E+01  4.00000E+00  5.00000E-01  1.06684E-05 -5.36369E-05  1.72232E-16  3.26069E+04 -1.97791E+03 -1.29426E+03 -3.97722E+03 -3.86063E+02  1.52896E+02  1.60000E+01  3.50000E+00  5.00000E-01  7.97334E-06 -5.36076E-05  1.72980E-16  3.95928E+04  3.55786E+02 -4.51424E+02 -3.57829E+03  3.70845E+02 -1.51082E+02  1.60000E+01  3.50000E+00  1.00000E+00  7.97175E-06 -5.36034E-05 -2.50807E-08  3.96035E+04  3.76765E+02 -4.41919E+02 -3.65263E+03 -3.80326E+02  2.02857E+02  1.65000E+01  4.00000E+00  1.00000E+00  1.07711E-05 -5.63560E-05 -2.95529E-08  3.35313E+04 -4.13519E+02  2.27385E+02 -1.58260E+03  3.38169E+02 -1.44662E+02  1.65000E+01  4.00000E+00  5.00000E-01  1.07730E-05 -5.63598E-05  1.80051E-16  3.35408E+04 -3.94753E+02  2.35865E+02 -1.65626E+03 -3.57132E+02  1.53406E+02  1.65000E+01  3.50000E+00  5.00000E-01  8.05179E-06 -5.63342E-05  1.80825E-16  4.06114E+04  2.02483E+03  1.27513E+03 -1.25742E+03  3.43312E+02 -1.50482E+02  1.65000E+01  3.50000E+00  1.00000E+00  8.05020E-06 -5.63305E-05 -2.19552E-08  4.06212E+04  2.04373E+03  1.28375E+03 -1.33168E+03 -3.51988E+02  2.03456E+02
   1.65000E+01  5.00000E-01  5.00000E-01 -8.05179E-06 -5.63342E-05  1.85368E-16 -3.42723E+04 -2.23371E+02  4.95352E+02 -3.48868E+03  3.31340E+02  2.01449E+02  1.65000E+01  5.00000E-01  0.00000E+00 -8.05020E-06 -5.63305E-05 -2.19552E-08 -3.42596E+04 -2.04647E+02  5.04796E+02 -3.41513E+03 -3.23271E+02 -1.50415E+02  1.65000E+01  0.00000E+00  0.00000E+00 -1.07711E-05 -5.63560E-05 -2.95529E-08 -2.82067E+04  1.81508E+03  1.22458E+03 -3.81353E+03  3.35980E+02  1.52000E+02  1.65000E+01  0.00000E+00  5.00000E-01 -1.07730E-05 -5.63598E-05  1.86132E-16 -2.81954E+04  1.83319E+03  1.23341E+03 -3.74076E+03 -3.18631E+02 -1.44568E+02  1.70000E+01  5.00000E-01  5.00000E-01 -8.11978E-06 -5.90851E-05  1.93290E-16 -3.52874E+04 -1.88815E+03 -1.22345E+03 -1.47510E+03  3.03264E+02  2.03106E+02  1.70000E+01  5.00000E-01  0.00000E+00 -8.11821E-06 -5.90819E-05 -1.88442E-08 -3.52758E+04 -1.87216E+03 -1.21518E+03 -1.40196E+03 -2.96050E+02 -1.48759E+02  1.70000E+01  0.00000E+00  0.00000E+00 -1.08618E-05 -5.91038E-05 -2.53636E-08 -2.91388E+04  2.33240E+02 -3.00689E+02 -1.79996E+03  3.07123E+02  1.53248E+02  1.70000E+01  0.00000E+00  5.00000E-01 -1.08636E-05 -5.91070E-05  1.94075E-16 -2.91287E+04  2.48616E+02 -2.93030E+02 -1.72760E+03 -2.92191E+02 -1.43320E+02
   1.65000E+01  5.00000E-01  1.00000E+00 -8.05020E-06 -5.63305E-05  2.19552E-08 -3.42596E+04 -2.04647E+02  5.04796E+02 -3.41513E+03  3.23271E+02  1.50415E+02  1.65000E+01  5.00000E-01  5.00000E-01 -8.05179E-06 -5.63342E-05  1.85368E-16 -3.42723E+04 -2.23371E+02  4.95352E+02 -3.48868E+03 -3.31340E+02 -2.01449E+02  1.65000E+01  0.00000E+00  5.00000E-01 -1.07730E-05 -5.63598E-05  1.86132E-16 -2.81954E+04  1.83319E+03  1.23341E+03 -3.74076E+03  3.18631E+02  1.44568E+02  1.65000E+01  0.00000E+00  1.00000E+00 -1.07711E-05 -5.63560E-05  2.95529E-08 -2.82067E+04  1.81508E+03  1.22458E+03 -3.81353E+03 -3.35980E+02 -1.52000E+02  1.70000E+01  5.00000E-01  1.00000E+00 -8.11821E-06 -5.90819E-05  1.88442E-08 -3.52758E+04 -1.87216E+03 -1.21518E+03 -1.40196E+03  2.96050E+02  1.48759E+02  1.70000E+01  5.00000E-01  5.00000E-01 -8.11978E-06 -5.90851E-05  1.93290E-16 -3.52874E+04 -1.88815E+03 -1.22345E+03 -1.47510E+03 -3.03264E+02 -2.03106E+02  1.70000E+01  0.00000E+00  5.00000E-01 -1.08636E-05 -5.91070E-05  1.94075E-16 -2.91287E+04  2.48616E+02 -2.93030E+02 -1.72760E+03  2.92191E+02  1.43320E+02  1.70000E+01  0.00000E+00  1.00000E+00 -1.08618E-05 -5.91038E-05  2.53636E-08 -2.91388E+04  2.33240E+02 -3.00689E+02 -1.79996E+03 -3.07123E+02 -1.53248E+02
   1.65000E+01  1.00000E+00  5.00000E-01 -5.35447E-06 -5.63159E-05  1.84611E-16 -2.53782E+04 -4.92287E+02  1.58279E+02 -7.71961E+03  3.06171E+02  1.25259E+02  1.65000E+01  1.00000E+00  0.00000E+00 -5.35343E-06 -5.63122E-05 -1.46446E-08 -2.53673E+04 -4.72440E+02  1.67512E+02 -7.62521E+03 -3.23953E+02 -1.31844E+02  1.65000E+01  5.00000E-01  0.00000E+00 -8.05020E-06 -5.63305E-05 -2.19552E-08 -1.92461E+04  1.59564E+03  9.85962E+02 -7.95911E+03  3.11478E+02  1.01648E+02  1.65000E+01  5.00000E-01  5.00000E-01 -8.05179E-06 -5.63342E-05  1.85368E-16 -1.92376E+04  1.61446E+03  9.94166E+02 -7.86508E+03 -3.18646E+02 -1.02929E+02  1.70000E+01  1.00000E+00  5.00000E-01 -5.39971E-06 -5.90695E-05  1.92514E-16 -2.61231E+04 -1.71619E+03 -1.10083E+03 -5.69754E+03  2.80677E+02  1.26106E+02  1.70000E+01  1.00000E+00  0.00000E+00 -5.39867E-06 -5.90663E-05 -1.25578E-08 -2.61127E+04 -1.69764E+03 -1.09215E+03 -5.60382E+03 -2.96921E+02 -1.30996E+02  1.70000E+01  5.00000E-01  0.00000E+00 -8.11821E-06 -5.90819E-05 -1.88442E-08 -1.99123E+04  4.50527E+02 -8.93069E+01 -5.93704E+03  2.85615E+02  1.01811E+02  1.70000E+01  5.00000E-01  5.00000E-01 -8.11978E-06 -5.90851E-05  1.93290E-16 -1.99043E+04  4.68054E+02 -8.16564E+01 -5.84369E+03 -2.91983E+02 -1.02766E+02
   1.65000E+01  1.00000E+00  1.00000E+00 -5.35343E-06 -5.63122E-05  1.46446E-08 -2.53673E+04 -4.72440E+02  1.67512E+02 -7.62521E+03  3.23953E+02  1.31844E+02  1.65000E+01  1.00000E+00  5.00000E-01 -5.35447E-06 -5.63159E-05  1.84611E-16 -2.53782E+04 -4.92287E+02  1.58279E+02 -7.71961E+03 -3.06171E+02 -1.25259E+02  1.65000E+01  5.00000E-01  5.00000E-01 -8.05179E-06 -5.63342E-05  1.85368E-16 -1.92376E+04  1.61446E+03  9.94166E+02 -7.86508E+03  3.18646E+02  1.02929E+02  1.65000E+01  5.00000E-01  1.00000E+00 -8.05020E-06 -5.63305E-05  2.19552E-08 -1.92461E+04  1.59564E+03  9.85962E+02 -7.95911E+03 -3.11478E+02 -1.01648E+02  1.70000E+01  1.00000E+00  1.00000E+00 -5.39867E-06 -5.90663E-05  1.25578E-08 -2.61127E+04 -1.69764E+03 -1.09215E+03 -5.60382E+03  2.96921E+02  1.30996E+02  1.70000E+01  1.00000E+00  5.00000E-01 -5.39971E-06 -5.90695E-05  1.92514E-16 -2.61231E+04 -1.71619E+03 -1.10083E+03 -5.69754E+03 -2.80677E+02 -1.26106E+02  1.70000E+01  5.00000E-01  5.00000E-01 -8.11978E-06 -5.90851E-05  1.93290E-16 -1.99043E+04  4.68054E+02 -8.16564E+01 -5.84369E+03  2.91983E+02  1.02766E+02  1.70000E+01  5.00000E-01  1.00000E+00 -8.11821E-06 -5.90819E-05  1.88442E-08 -1.99123E+04  4.50527E+02 -8.93069E+01 -5.93704E+03 -2.85615E+02 -1.01811E+02
   1.65000E+01  1.50000E+00  5.00000E-01 -2.67321E-06 -5.63050E-05  1.83855E-16 -1.64102E+04 -7.14015E+02 -5.62210E+01 -1.05716E+04  3.14654E+02  8.32519E+01  1.65000E+01  1.50000E+00  0.00000E+00 -2.67269E-06 -5.63013E-05 -7.32303E-09 -1.64099E+04 -7.12300E+02 -5.56152E+01 -1.04798E+04 -3.16224E+02 -8.26540E+01  1.65000E+01  1.00000E+00  0.00000E+00 -5.35343E-06 -5.63122E-05 -1.46446E-08 -1.03059E+04  1.36137E+03  7.57405E+02 -1.07220E+04  3.15209E+02  5.66027E+01  1.65000E+01  1.00000E+00  5.00000E-01 -5.35447E-06 -5.63159E-05  1.84611E-16 -1.03062E+04  1.36283E+03  7.57756E+02 -1.06299E+04 -3.15669E+02 -5.61779E+01  1.70000E+01  1.50000E+00  5.00000E-01 -2.69577E-06 -5.90602E-05  1.91744E-16 -1.68848E+04 -1.48941E+03 -8.62550E+02 -8.55712E+03  2.87962E+02  8.31013E+01  1.70000E+01  1.50000E+00  0.00000E+00 -2.69525E-06 -5.90571E-05 -6.27223E-09 -1.68840E+04 -1.48651E+03 -8.61435E+02 -8.46549E+03 -2.89791E+02 -8.28046E+01  1.70000E+01  1.00000E+00  0.00000E+00 -5.39867E-06 -5.90663E-05 -1.25578E-08 -1.07008E+04  6.65661E+02  1.37014E+02 -8.70756E+03  2.88856E+02  5.62824E+01  1.70000E+01  1.00000E+00  5.00000E-01 -5.39971E-06 -5.90695E-05  1.92514E-16 -1.07005E+04  6.68309E+02  1.37875E+02 -8.61559E+03 -2.88897E+02 -5.64982E+01
   1.65000E+01  1.50000E+00  1.00000E+00 -2.67269E-06 -5.63013E-05  7.32303E-09 -1.64099E+04 -7.12300E+02 -5.56152E+01 -1.04798E+04  3.16224E+02  8.26540E+01  1.65000E+01  1.50000E+00  5.00000E-01 -2.67321E-06 -5.63050E-05  1.83855E-16 -1.64102E+04 -7.14015E+02 -5.62210E+01 -1.05716E+04 -3.14654E+02 -8.32519E+01  1.65000E+01  1.00000E+00  5.00000E-01 -5.35447E-06 -5.63159E-05  1.84611E-16 -1.03062E+04  1.36283E+03  7.57756E+02 -1.06299E+04  3.15669E+02  5.61779E+01  1.65000E+01  1.00000E+00  1.00000E+00 -5.35343E-06 -5.63122E-05  1.46446E-08 -1.03059E+04  1.36137E+03  7.57405E+02 -1.07220E+04 -3.15209E+02 -5.66027E+01  1.70000E+01  1.50000E+00  1.00000E+00 -2.69525E-06 -5.90571E-05  6.27223E-09 -1.68840E+04 -1.48651E+03 -8.61435E+02 -8.46549E+03  2.89791E+02  8.28046E+01  1.70000E+01  1.50000E+00  5.00000E-01 -2.69577E-06 -5.90602E-05  1.91744E-16 -1.68848E+04 -1.48941E+03 -8.62550E+02 -8.55712E+03 -2.87962E+02 -8.31013E+01  1.70000E+01  1.00000E+00  5.00000E-01 -5.39971E-06 -5.90695E-05  1.92514E-16 -1.07005E+04  6.68309E+02  1.37875E+02 -8.61559E+03  2.88897E+02  5.64982E+01  1.70000E+01  1.00000E+00  1.00000E+00 -5.39867E-06 -5.90663E-05  1.25578E-08 -1.07008E+04  6.65661E+02  1.37014E+02 -8.70756E+03 -2.88856E+02 -5.62824E+01
   1.65000E+01  2.00000E+00  5.00000E-01  3.26108E-20 -5.63013E-05  1.83108E-16 -7.47918E+03 -9.24925E+02 -2.81085E+02 -1.20395E+04  3.15259E+02  3.69482E+01  1.65000E+01  2.00000E+00  0.00000E+00  7.90689E-18 -5.62977E-05  1.83108E-16 -7.48003E+03 -9.24908E+02 -2.81337E+02 -1.19465E+04 -3.15471E+02 -3.66632E+01  1.65000E+01  1.50000E+00  0.00000E+00 -2.67269E-06 -5.63013E-05 -7.32303E-09 -1.41144E+03  1.13491E+03  5.17287E+02 -1.20913E+04  3.15393E+02  9.90024E+00  1.65000E+01  1.50000E+00  5.00000E-01 -2.67321E-06 -5.63050E-05  1.83855E-16 -1.41152E+03  1.13526E+03  5.17367E+02 -1.19981E+04 -3.15337E+02 -9.82387E+00  1.70000E+01  2.00000E+00  5.00000E-01  3.62107E-20 -5.90572E-05  1.90969E-16 -7.66729E+03 -1.21664E+03 -6.16423E+02 -1.00356E+04  2.88076E+02  3.66466E+01  1.70000E+01  2.00000E+00  0.00000E+00  7.91393E-18 -5.90541E-05  1.90967E-16 -7.66779E+03 -1.21579E+03 -6.16319E+02 -9.94236E+03 -2.88767E+02 -3.69648E+01  1.70000E+01  1.50000E+00  0.00000E+00 -2.69525E-06 -5.90571E-05 -6.27223E-09 -1.51872E+03  9.24029E+02  3.70555E+02 -1.00874E+04  2.88447E+02  9.81943E+00  1.70000E+01  1.50000E+00  5.00000E-01 -2.69577E-06 -5.90602E-05  1.91744E-16 -1.51845E+03  9.25206E+02  3.70990E+02 -9.99392E+03 -2.88396E+02 -9.90468E+00
   1.65000E+01  2.00000E+00  1.00000E+00 -7.84167E-18 -5.62977E-05  1.83102E-16 -7.48003E+03 -9.24908E+02 -2.81337E+02 -1.19465E+04  3.15471E+02  3.66632E+01  1.65000E+01  2.00000E+00  5.00000E-01  3.26108E-20 -5.63013E-05  1.83108E-16 -7.47918E+03 -9.24925E+02 -2.81085E+02 -1.20395E+04 -3.15259E+02 -3.69482E+01  1.65000E+01  1.50000E+00  5.00000E-01 -2.67321E-06 -5.63050E-05  1.83855E-16 -1.41152E+03  1.13526E+03  5.17367E+02 -1.19981E+04  3.15337E+02  9.82387E+00  1.65000E+01  1.50000E+00  1.00000E+00 -2.67269E-06 -5.63013E-05  7.32303E-09 -1.41144E+03  1.13491E+03  5.17287E+02 -1.20913E+04 -3.15393E+02 -9.90024E+00  1.70000E+01  2.00000E+00  1.00000E+00 -7.83188E-18 -5.90541E-05  1.90986E-16 -7.66779E+03 -1.21579E+03 -6.16319E+02 -9.94236E+03  2.88767E+02  3.69648E+01  1.70000E+01  2.00000E+00  5.00000E-01  3.62107E-20 -5.90572E-05  1.90969E-16 -7.66729E+03 -1.21664E+03 -6.16423E+02 -1.00356E+04 -2.88076E+02 -3.66466E+01  1.70000E+01  1.50000E+00  5.00000E-01 -2.69577E-06 -5.90602E-05  1.91744E-16 -1.51845E+03  9.25206E+02  3.70990E+02 -9.99392E+03  2.88396E+02  9.90468E+00  1.70000E+01  1.50000E+00  1.00000E+00 -2.69525E-06 -5.90571E-05  6.27223E-09 -1.51872E+03  9.24029E+02  3.70555E+02 -1.00874E+04 -2.88447E+02 -9.81943E+00
   1.65000E+01  2.50000E+00  5.00000E-01  2.67321E-06 -5.63050E-05  1.82353E-16  1.41144E+03 -1.13491E+03 -5.17287E+02 -1.20913E+04  3.15393E+02 -9.90024E+00  1.65000E+01  2.50000E+00  0.00000E+00  2.67269E-06 -5.63013E-05  7.32303E-09  1.41152E+03 -1.13526E+03 -5.17367E+02 -1.19981E+04 -3.15337E+02  9.82387E+00  1.65000E+01  2.00000E+00  0.00000E+00  7.90689E-18 -5.62977E-05  1.83108E-16  7.47918E+03  9.24925E+02  2.81085E+02 -1.20395E+04  3.15259E+02 -3.69482E+01  1.65000E+01  2.00000E+00  5.00000E-01  3.26108E-20 -5.63013E-05  1.83108E-16  7.48003E+03  9.24908E+02  2.81337E+02 -1.19465E+04 -3.15471E+02  3.66632E+01  1.70000E+01  2.50000E+00  5.00000E-01  2.69577E-06 -5.90602E-05  1.90206E-16  1.51872E+03 -9.24029E+02 -3.70555E+02 -1.00874E+04  2.88447E+02 -9.81943E+00  1.70000E+01  2.50000E+00  0.00000E+00  2.69525E-06 -5.90571E-05  6.27223E-09  1.51845E+03 -9.25206E+02 -3.70990E+02 -9.99392E+03 -2.88396E+02  9.90468E+00  1.70000E+01  2.00000E+00  0.00000E+00  7.91393E-18 -5.90541E-05  1.90967E-16  7.66729E+03  1.21664E+03  6.16423E+02 -1.00356E+04  2.88076E+02 -3.66466E+01  1.70000E+01  2.00000E+00  5.00000E-01  3.62107E-20 -5.90572E-05  1.90969E-16  7.66779E+03  1.21579E+03  6.16319E+02 -9.94236E+03 -2.88767E+02  3.69648E+01
   1.65000E+01  2.50000E+00  1.00000E+00  2.67269E-06 -5.63013E-05 -7.32303E-09  1.41152E+03 -1.13526E+03 -5.17367E+02 -1.19981E+04  3.15337E+02 -9.82387E+00  1.65000E+01  2.50000E+00  5.00000E-01  2.67321E-06 -5.63050E-05  1.82353E-16  1.41144E+03 -1.13491E+03 -5.17287E+02 -1.20913E+04 -3.15393E+02  9.90024E+00  1.65000E+01  2.00000E+00  5.00000E-01  3.26108E-20 -5.63013E-05  1.83108E-16  7.48003E+03  9.24908E+02  2.81337E+02 -1.19465E+04  3.15471E+02 -3.66632E+01  1.65000E+01  2.00000E+00  1.00000E+00 -7.84167E-18 -5.62977E-05  1.83102E-16  7.47918E+03  9.24925E+02  2.81085E+02 -1.20395E+04 -3.15259E+02  3.69482E+01  1.70000E+01  2.50000E+00  1.00000E+00  2.69525E-06 -5.90571E-05 -6.27223E-09  1.51845E+03 -9.25206E+02 -3.70990E+02 -9.99392E+03  2.88396E+02 -9.90468E+00  1.70000E+01  2.50000E+00  5.00000E-01  2.69577E-06 -5.90602E-05  1.90206E-16  1.51872E+03 -9.24029E+02 -3.70555E+02 -1.00874E+04 -2.88447E+02  9.81943E+00  1.70000E+01  2.00000E+00  5.00000E-01  3.62107E-20 -5.90572E-05  1.90969E-16  7.66779E+03  1.21579E+03  6.16319E+02 -9.94236E+03  2.88767E+02 -3.69648E+01  1.70000E+01  2.00000E+00  1.00000E+00 -7.83188E-18 -5.90541E-05  1.90986E-16  7.66729E+03  1.21664E+03  6.16423E+02 -1.00356E+04 -2.88076E+02  3.66466E+01
   1.65000E+01  3.00000E+00  5.00000E-01  5.35447E-06 -5.63159E-05  1.81585E-16  1.03059E+04 -1.36137E+03 -7.57405E+02 -1.07220E+04  3.15209E+02 -5.66027E+01  1.65000E+01  3.00000E+00  0.00000E+00  5.35343E-06 -5.63122E-05  1.46446E-08  1.03062E+04 -1.36283E+03 -7.57756E+02 -1.06299E+04 -3.15669E+02  5.61779E+01  1.65000E+01  2.50000E+00  0.00000E+00  2.67269E-06 -5.63013E-05  7.32303E-09  1.64102E+04  7.14015E+02  5.62210E+01 -1.05716E+04  3.14654E+02 -8.32519E+01  1.65000E+01  2.50000E+00  5.00000E-01  2.67321E-06 -5.63050E-05  1.82353E-16  1.64099E+04  7.12300E+02  5.56152E+01 -1.04798E+04 -3.16224E+02  8.26540E+01  1.70000E+01  3.00000E+00  5.00000E-01  5.39971E-06 -5.90695E-05  1.89439E-16  1.07008E+04 -6.65661E+02 -1.37014E+02 -8.70756E+03  2.88856E+02 -5.62824E+01  1.70000E+01  3.00000E+00  0.00000E+00  5.39867E-06 -5.90663E-05  1.25578E-08  1.07005E+04 -6.68309E+02 -1.37875E+02 -8.61559E+03 -2.88897E+02  5.64982E+01  1.70000E+01  2.50000E+00  0.00000E+00  2.69525E-06 -5.90571E-05  6.27223E-09  1.68848E+04  1.48941E+03  8.62550E+02 -8.55712E+03  2.87962E+02 -8.31013E+01  1.70000E+01  2.50000E+00  5.00000E-01  2.69577E-06 -5.90602E-05  1.90206E-16  1.68840E+04  1.48651E+03  8.61435E+02 -8.46549E+03 -2.89791E+02  8.28046E+01
   1.65000E+01  3.00000E+00  1.00000E+00  5.35343E-06 -5.63122E-05 -1.46446E-08  1.03062E+04 -1.36283E+03 -7.57756E+02 -1.06299E+04  3.15669E+02 -5.61779E+01  1.65000E+01  3.00000E+00  5.00000E-01  5.35447E-06 -5.63159E-05  1.81585E-16  1.03059E+04 -1.36137E+03 -7.57405E+02 -1.07220E+04 -3.15209E+02  5.66027E+01  1.65000E+01  2.50000E+00  5.00000E-01  2.67321E-06 -5.63050E-05  1.82353E-16  1.64099E+04  7.12300E+02  5.56152E+01 -1.04798E+04  3.16224E+02 -8.26540E+01  1.65000E+01  2.50000E+00  1.00000E+00  2.67269E-06 -5.63013E-05 -7.32303E-09  1.64102E+04  7.14015E+02  5.62210E+01 -1.05716E+04 -3.14654E+02  8.32519E+01  1.70000E+01  3.00000E+00  1.00000E+00  5.39867E-06 -5.90663E-05 -1.25578E-08  1.07005E+04 -6.68309E+02 -1.37875E+02 -8.61559E+03  2.88897E+02 -5.64982E+01  1.70000E+01  3.00000E+00  5.00000E-01  5.39971E-06 -5.90695E-05  1.89439E-16  1.07008E+04 -6.65661E+02 -1.37014E+02 -8.70756E+03 -2.88856E+02  5.62824E+01  1.70000E+01  2.50000E+00  5.00000E-01  2.69577E-06 -5.90602E-05  1.90206E-16  1.68840E+04  1.48651E+03  8.61435E+02 -8.46549E+03  2.89791E+02 -8.28046E+01  1.70000E+01  2.50000E+00  1.00000E+00  2.69525E-06 -5.90571E-05 -6.27223E-09  1.68848E+04  1.48941E+03  8.62550E+02 -8.55712E+03 -2.87962E+02  8.31013E+01
   1.65000E+01  3.50000E+00  5.00000E-01  8.05179E-06 -5.63342E-05  1.80825E-16  1.92461E+04 -1.59564E+03 -9.85962E+02 -7.95911E+03  3.11478E+02 -1.01648E+02  1.65000E+01  3.50000E+00  0.00000E+00  8.05020E-06 -5.63305E-05  2.19552E-08  1.92376E+04 -1.61446E+03 -9.94166E+02 -7.86508E+03 -3.18646E+02  1.02929E+02  1.65000E+01  3.00000E+00  0.00000E+00  5.35343E-06 -5.63122E-05  1.46446E-08  2.53782E+04  4.92287E+02 -1.58279E+02 -7.71961E+03  3.06171E+02 -1.25259E+02  1.65000E+01  3.00000E+00  5.00000E-01  5.35447E-06 -5.63159E-05  1.81585E-16  2.53673E+04  4.72440E+02 -1.67512E+02 -7.62521E+03 -3.23953E+02  1.31844E+02  1.70000E+01  3.50000E+00  5.00000E-01  8.11978E-06 -5.90851E-05  1.88666E-16  1.99123E+04 -4.50527E+02  8.93069E+01 -5.93704E+03  2.85615E+02 -1.01811E+02  1.70000E+01  3.50000E+00  0.00000E+00  8.11821E-06 -5.90819E-05  1.88442E-08  1.99043E+04 -4.68054E+02  8.16564E+01 -5.84369E+03 -2.91983E+02  1.02766E+02  1.70000E+01  3.00000E+00  0.00000E+00  5.39867E-06 -5.90663E-05  1.25578E-08  2.61231E+04  1.71619E+03  1.10083E+03 -5.69754E+03  2.80677E+02 -1.26106E+02  1.70000E+01  3.00000E+00  5.00000E-01  5.39971E-06 -5.90695E-05  1.89439E-16  2.61127E+04  1.69764E+03  1.09215E+03 -5.60382E+03 -2.96921E+02  1.30996E+02
   1.65000E+01  3.50000E+00  1.00000E+00  8.05020E-06 -5.63305E-05 -2.19552E-08  1.92376E+04 -1.61446E+03 -9.94166E+02 -7.86508E+03  3.18646E+02 -1.02929E+02  1.65000E+01  3.50000E+00  5.00000E-01  8.05179E-06 -5.63342E-05  1.80825E-16  1.92461E+04 -1.59564E+03 -9.85962E+02 -7.95911E+03 -3.11478E+02  1.01648E+02  1.65000E+01  3.00000E+00  5.00000E-01  5.35447E-06 -5.63159E-05  1.81585E-16  2.53673E+04  4.72440E+02 -1.67512E+02 -7.62521E+03  3.23953E+02 -1.31844E+02  1.65000E+01  3.00000E+00  1.00000E+00  5.35343E-06 -5.63122E-05 -1.46446E-08  2.53782E+04  4.92287E+02 -1.58279E+02 -7.71961E+03 -3.06171E+02  1.25259E+02  1.70000E+01  3.50000E+00  1.00000E+00  8.11821E-06 -5.90819E-05 -1.88442E-08  1.99043E+04 -4.68054E+02  8.16564E+01 -5.84369E+03  2.91983E+02 -1.02766E+02  1.70000E+01  3.50000E+00  5.00000E-01  8.11978E-06 -5.90851E-05  1.88666E-16  1.99123E+04 -4.50527E+02  8.93069E+01 -5.93704E+03 -2.85615E+02  1.01811E+02  1.70000E+01  3.00000E+00  5.00000E-01  5.39971E-06 -5.90695E-05  1.89439E-16  2.61127E+04  1.69764E+03  1.09215E+03 -5.60382E+03  2.96921E+02 -1.30996E+02  1.70000E+01  3.00000E+00  1.00000E+00  5.39867E-06 -5.90663E-05 -1.25578E-08  2.61231E+04  1.71619E+03  1.10083E+03 -5.69754E+03 -2.80677E+02  1.26106E+02
   1.65000E+01  4.00000E+00  5.00000E-01  1.07730E-05 -5.63598E-05  1.80051E-16  2.82067E+04 -1.81508E+03 -1.22458E+03 -3.81353E+03  3.35980E+02 -1.52000E+02  1.65000E+01  4.00000E+00  0.00000E+00  1.07711E-05 -5.63560E-05  2.95529E-08  2.81954E+04 -1.83319E+03 -1.23341E+03 -3.74076E+03 -3.18631E+02  1.44568E+02  1.65000E+01  3.50000E+00  0.00000E+00  8.05020E-06 -5.63305E-05  2.19552E-08  3.42723E+04  2.23371E+02 -4.95352E+02 -3.48868E+03  3.31340E+02 -2.01449E+02  1.65000E+01  3.50000E+00  5.00000E-01  8.05179E-06 -5.63342E-05  1.80825E-16  3.42596E+04  2.04647E+02 -5.04796E+02 -3.41513E+03 -3.23271E+02  1.50415E+02  1.70000E+01  4.00000E+00  5.00000E-01  1.08636E-05 -5.91070E-05  1.87888E-16  2.91388E+04 -2.33240E+02  3.00689E+02 -1.79996E+03  3.07123E+02 -1.53248E+02  1.70000E+01  4.00000E+00  0.00000E+00  1.08618E-05 -5.91038E-05  2.53636E-08  2.91287E+04 -2.48616E+02  2.93030E+02 -1.72760E+03 -2.92191E+02  1.43320E+02  1.70000E+01  3.50000E+00  0.00000E+00  8.11821E-06 -5.90819E-05  1.88442E-08  3.52874E+04  1.88815E+03  1.22345E+03 -1.47510E+03  3.03264E+02 -2.03106E+02  1.70000E+01  3.50000E+00  5.00000E-01  8.11978E-06 -5.90851E-05  1.88666E-16  3.52758E+04  1.87216E+03  1.21518E+03 -1.40196E+03 -2.96050E+02  1.48759E+02
   1.65000E+01  4.00000E+00  1.00000E+00  1.07711E-05 -5.63560E-05 -2.95529E-08  2.81954E+04 -1.83319E+03 -1.23341E+03 -3.74076E+03  3.18631E+02 -1.44568E+02  1.65000E+01  4.00000E+00  5.00000E-01  1.07730E-05 -5.63598E-05  1.80051E-16  2.82067E+04 -1.81508E+03 -1.22458E+03 -3.81353E+03 -3.35980E+02  1.52000E+02  1.65000E+01  3.50000E+00  5.00000E-01  8.05179E-06 -5.63342E-05  1.80825E-16  3.42596E+04  2.04647E+02 -5.04796E+02 -3.41513E+03  3.23271E+02 -1.50415E+02  1.65000E+01  3.50000E+00  1.00000E+00  8.05020E-06 -5.63305E-05 -2.19552E-08  3.42723E+04  2.23371E+02 -4.95352E+02 -3.48868E+03 -3.31340E+02  2.01449E+02  1.70000E+01  4.00000E+00  1.00000E+00  1.08618E-05 -5.91038E-05 -2.53636E-08  2.91287E+04 -2.48616E+02  2.93030E+02 -1.72760E+03  2.92191E+02 -1.43320E+02  1.70000E+01  4.00000E+00  5.00000E-01  1.08636E-05 -5.91070E-05  1.87888E-16  2.91388E+04 -2.33240E+02  3.00689E+02 -1.79996E+03 -3.07123E+02  1.53248E+02  1.70000E+01  3.50000E+00  5.00000E-01  8.11978E-06 -5.90851E-05  1.88666E-16  3.52758E+04  1.87216E+03  1.21518E+03 -1.40196E+03  2.96050E+02 -1.48759E+02  1.70000E+01  3.50000E+00  1.00000E+00  8.11821E-06 -5.90819E-05 -1.88442E-08  3.52874E+04  1.88815E+03  1.22345E+03 -1.47510E+03 -3.03264E+02  2.03106E+02
   1.70000E+01  5.00000E-01  5.00000E-01 -8.11978E-06 -5.90851E-05  1.93290E-16 -2.89896E+04 -8.80571E+01  5.41815E+02 -3.30758E+03  2.83046E+02  1.97047E+02  1.70000E+01  5.00000E-01  0.00000E+00 -8.11821E-06 -5.90819E-05 -1.88442E-08 -2.89710E+04 -7.04011E+01  5.52694E+02 -3.23764E+03 -2.76719E+02 -1.48903E+02  1.70000E+01  0.00000E+00  0.00000E+00 -1.08618E-05 -5.91038E-05 -2.53636E-08 -2.38211E+04  1.64725E+03  1.15759E+03 -3.63297E+03  2.86435E+02  1.50028E+02  1.70000E+01  0.00000E+00  5.00000E-01 -1.08636E-05 -5.91070E-05  1.94075E-16 -2.38071E+04  1.66291E+03  1.16647E+03 -3.56353E+03 -2.73331E+02 -1.43169E+02  1.75000E+01  5.00000E-01  5.00000E-01 -8.17734E-06 -6.18568E-05  2.01200E-16 -2.99966E+04 -1.74584E+03 -1.15709E+03 -1.59095E+03  2.55884E+02  2.00911E+02  1.75000E+01  5.00000E-01  0.00000E+00 -8.17579E-06 -6.18541E-05 -1.57607E-08 -2.99788E+04 -1.72994E+03 -1.14697E+03 -1.52233E+03 -2.51129E+02 -1.45039E+02  1.75000E+01  0.00000E+00  0.00000E+00 -1.09387E-05 -6.18723E-05 -2.12514E-08 -2.47489E+04  6.85916E+01 -3.56684E+02 -1.91633E+03  2.58771E+02  1.52562E+02  1.75000E+01  0.00000E+00  5.00000E-01 -1.09405E-05 -6.18750E-05  2.01990E-16 -2.47357E+04  8.24989E+01 -3.48551E+02 -1.84822E+03 -2.48241E+02 -1.40635E+02
   1.70000E+01  5.00000E-01  1.00000E+00 -8.11821E-06 -5.90819E-05  1.88442E-08 -2.89710E+04 -7.04011E+01  5.52694E+02 -3.23764E+03  2.76719E+02  1.48903E+02  1.70000E+01  5.00000E-01  5.00000E-01 -8.11978E-06 -5.90851E-05  1.93290E-16 -2.89896E+04 -8.80571E+01  5.41815E+02 -3.30758E+03 -2.83046E+02 -1.97047E+02  1.70000E+01  0.00000E+00  5.00000E-01 -1.08636E-05 -5.91070E-05  1.94075E-16 -2.38071E+04  1.66291E+03  1.16647E+03 -3.56353E+03  2.73331E+02  1.43169E+02  1.70000E+01  0.00000E+00  1.00000E+00 -1.08618E-05 -5.91038E-05  2.53636E-08 -2.38211E+04  1.64725E+03  1.15759E+03 -3.63297E+03 -2.86435E+02 -1.50028E+02  1.75000E+01  5.00000E-01  1.00000E+00 -8.17579E-06 -6.18541E-05  1.57607E-08 -2.99788E+04 -1.72994E+03 -1.14697E+03 -1.52233E+03  2.51129E+02  1.45039E+02  1.75000E+01  5.00000E-01  5.00000E-01 -8.17734E-06 -6.18568E-05  2.01200E-16 -2.99966E+04 -1.74584E+03 -1.15709E+03 -1.59095E+03 -2.55884E+02 -2.00911E+02  1.75000E+01  0.00000E+00  5.00000E-01 -1.09405E-05 -6.18750E-05  2.01990E-16 -2.47357E+04  8.24989E+01 -3.48551E+02 -1.84822E+03  2.48241E+02  1.40635E+02  1.75000E+01  0.00000E+00  1.00000E+00 -1.09387E-05 -6.18723E-05  2.12514E-08 -2.47489E+04  6.85916E+01 -3.56684E+02 -1.91633E+03 -2.58771E+02 -1.52562E+02
   1.70000E+01  1.00000E+00  5.00000E-01 -5.39971E-06 -5.90695E-05  1.92514E-16 -2.14268E+04 -3.76645E+02  2.22186E+02 -7.52596E+03  2.62326E+02  1.24644E+02  1.70000E+01  1.00000E+00  0.00000E+00 -5.39867E-06 -5.90663E-05 -1.25578E-08 -2.14146E+04 -3.57614E+02  2.31545E+02 -7.43515E+03 -2.77587E+02 -1.30785E+02  1.70000E+01  5.00000E-01  0.00000E+00 -8.11821E-06 -5.90819E-05 -1.88442E-08 -1.61741E+04  1.41171E+03  9.30719E+02 -7.77641E+03  2.67162E+02  1.02315E+02  1.70000E+01  5.00000E-01  5.00000E-01 -8.11978E-06 -5.90851E-05  1.93290E-16 -1.61681E+04  1.42811E+03  9.37440E+02 -7.68551E+03 -2.72751E+02 -1.02682E+02  1.75000E+01  1.00000E+00  5.00000E-01 -5.43779E-06 -6.18440E-05  2.00418E-16 -2.21856E+04 -1.63637E+03 -1.04749E+03 -5.79381E+03  2.37684E+02  1.26048E+02  1.75000E+01  1.00000E+00  0.00000E+00 -5.43674E-06 -6.18413E-05 -1.04577E-08 -2.21733E+04 -1.61702E+03 -1.03800E+03 -5.70476E+03 -2.51798E+02 -1.29381E+02  1.75000E+01  5.00000E-01  0.00000E+00 -8.17579E-06 -6.18541E-05 -1.57607E-08 -1.68573E+04  2.27638E+02 -1.62450E+02 -6.04426E+03  2.42610E+02  1.01961E+02  1.75000E+01  5.00000E-01  5.00000E-01 -8.17734E-06 -6.18568E-05  2.01200E-16 -1.68511E+04  2.44347E+02 -1.55594E+02 -5.95512E+03 -2.46872E+02 -1.03037E+02
   1.70000E+01  1.00000E+00  1.00000E+00 -5.39867E-06 -5.90663E-05  1.25578E-08 -2.14146E+04 -3.57614E+02  2.31545E+02 -7.43515E+03  2.77587E+02  1.30785E+02  1.70000E+01  1.00000E+00  5.00000E-01 -5.39971E-06 -5.90695E-05  1.92514E-16 -2.14268E+04 -3.76645E+02  2.22186E+02 -7.52596E+03 -2.62326E+02 -1.24644E+02  1.70000E+01  5.00000E-01  5.00000E-01 -8.11978E-06 -5.90851E-05  1.93290E-16 -1.61681E+04  1.42811E+03  9.37440E+02 -7.68551E+03  2.72751E+02  1.02682E+02  1.70000E+01  5.00000E-01  1.00000E+00 -8.11821E-06 -5.90819E-05  1.88442E-08 -1.61741E+04  1.41171E+03  9.30719E+02 -7.77641E+03 -2.67162E+02 -1.02315E+02  1.75000E+01  1.00000E+00  1.00000E+00 -5.43674E-06 -6.18413E-05  1.04577E-08 -2.21733E+04 -1.61702E+03 -1.03800E+03 -5.70476E+03  2.51798E+02  1.29381E+02  1.75000E+01  1.00000E+00  5.00000E-01 -5.43779E-06 -6.18440E-05  2.00418E-16 -2.21856E+04 -1.63637E+03 -1.04749E+03 -5.79381E+03 -2.37684E+02 -1.26048E+02  1.75000E+01  5.00000E-01  5.00000E-01 -8.17734E-06 -6.18568E-05  2.01200E-16 -1.68511E+04  2.44347E+02 -1.55594E+02 -5.95512E+03  2.46872E+02  1.03037E+02  1.75000E+01  5.00000E-01  1.00000E+00 -8.17579E-06 -6.18541E-05  1.57607E-08 -1.68573E+04  2.27638E+02 -1.62450E+02 -6.04426E+03 -2.42610E+02 -1.01961E+02
   1.70000E+01  1.50000E+00  5.00000E-01 -2.69577E-06 -5.90602E-05  1.91744E-16 -1.37766E+04 -5.92540E+02  2.19340E+01 -1.04187E+04  2.68226E+02  8.44387E+01  1.70000E+01  1.50000E+00  0.00000E+00 -2.69525E-06 -5.90571E-05 -6.27223E-09 -1.37781E+04 -5.88812E+02  2.26002E+01 -1.03282E+04 -2.70760E+02 -8.27779E+01  1.70000E+01  1.00000E+00  0.00000E+00 -5.39867E-06 -5.90663E-05 -1.25578E-08 -8.61625E+03  1.15706E+03  6.93560E+02 -1.05845E+04  2.69757E+02  5.79275E+01  1.70000E+01  1.00000E+00  5.00000E-01 -5.39971E-06 -5.90695E-05  1.92514E-16 -8.61861E+03  1.16042E+03  6.93862E+02 -1.04926E+04 -2.69229E+02 -5.64996E+01  1.75000E+01  1.50000E+00  5.00000E-01 -2.71466E-06 -6.18366E-05  1.99637E-16 -1.42761E+04 -1.42354E+03 -8.11972E+02 -8.71331E+03  2.40998E+02  8.33516E+01  1.75000E+01  1.50000E+00  0.00000E+00 -2.71411E-06 -6.18340E-05 -5.20151E-09 -1.42755E+04 -1.41491E+03 -8.09203E+02 -8.62307E+03 -2.45198E+02 -8.38650E+01  1.75000E+01  1.00000E+00  0.00000E+00 -5.43674E-06 -6.18413E-05 -1.04577E-08 -9.03654E+03  4.05239E+02  4.44180E+01 -8.87908E+03  2.43931E+02  5.65976E+01  1.75000E+01  1.00000E+00  5.00000E-01 -5.43779E-06 -6.18440E-05  2.00418E-16 -9.03680E+03  4.13510E+02  4.68228E+01 -8.78744E+03 -2.42265E+02 -5.78296E+01
   1.70000E+01  1.50000E+00  1.00000E+00 -2.69525E-06 -5.90571E-05  6.27223E-09 -1.37781E+04 -5.88812E+02  2.26002E+01 -1.03282E+04  2.70760E+02  8.27779E+01  1.70000E+01  1.50000E+00  5.00000E-01 -2.69577E-06 -5.90602E-05  1.91744E-16 -1.37766E+04 -5.92540E+02  2.19340E+01 -1.04187E+04 -2.68226E+02 -8.44387E+01  1.70000E+01  1.00000E+00  5.00000E-01 -5.39971E-06 -5.90695E-05  1.92514E-16 -8.61861E+03  1.16042E+03  6.93862E+02 -1.04926E+04  2.69229E+02  5.64996E+01  1.70000E+01  1.00000E+00  1.00000E+00 -5.39867E-06 -5.90663E-05  1.25578E-08 -8.61625E+03  1.15706E+03  6.93560E+02 -1.05845E+04 -2.69757E+02 -5.79275E+01  1.75000E+01  1.50000E+00  1.00000E+00 -2.71411E-06 -6.18340E-05  5.20151E-09 -1.42755E+04 -1.41491E+03 -8.09203E+02 -8.62307E+03  2.45198E+02  8.38650E+01  1.75000E+01  1.50000E+00  5.00000E-01 -2.71466E-06 -6.18366E-05  1.99637E-16 -1.42761E+04 -1.42354E+03 -8.11972E+02 -8.71331E+03 -2.40998E+02 -8.33516E+01  1.75000E+01  1.00000E+00  5.00000E-01 -5.43779E-06 -6.18440E-05  2.00418E-16 -9.03680E+03  4.13510E+02  4.68228E+01 -8.78744E+03  2.42265E+02  5.78296E+01  1.75000E+01  1.00000E+00  1.00000E+00 -5.43674E-06 -6.18413E-05  1.04577E-08 -9.03654E+03  4.05239E+02  4.44180E+01 -8.87908E+03 -2.43931E+02 -5.65976E+01
   1.70000E+01  2.00000E+00  5.00000E-01  3.62107E-20 -5.90572E-05  1.90969E-16 -6.24240E+03 -7.67894E+02 -1.95768E+02 -1.19351E+04  2.67870E+02  3.80328E+01  1.70000E+01  2.00000E+00  0.00000E+00  7.91393E-18 -5.90541E-05  1.90967E-16 -6.24535E+03 -7.67320E+02 -1.96481E+02 -1.18409E+04 -2.69152E+02 -3.69740E+01  1.70000E+01  1.50000E+00  0.00000E+00 -2.69525E-06 -5.90571E-05 -6.27223E-09 -1.18123E+03  9.40873E+02  4.38957E+02 -1.19935E+04  2.68513E+02  1.01909E+01  1.70000E+01  1.50000E+00  5.00000E-01 -2.69577E-06 -5.90602E-05  1.91744E-16 -1.18132E+03  9.42676E+02  4.39472E+02 -1.18989E+04 -2.68508E+02 -9.90715E+00  1.75000E+01  2.00000E+00  5.00000E-01  4.70103E-20 -6.18342E-05  1.98855E-16 -6.44259E+03 -1.08499E+03 -5.45970E+02 -1.02589E+04  2.39848E+02  3.69139E+01  1.75000E+01  2.00000E+00  0.00000E+00  7.91494E-18 -6.18316E-05  1.98848E-16 -6.44478E+03 -1.08264E+03 -5.45922E+02 -1.01639E+04 -2.42265E+02 -3.80930E+01  1.75000E+01  1.50000E+00  0.00000E+00 -2.71411E-06 -6.18340E-05 -5.20151E-09 -1.29906E+03  7.06143E+02  2.80935E+02 -1.03173E+04  2.40999E+02  9.89104E+00  1.75000E+01  1.50000E+00  5.00000E-01 -2.71466E-06 -6.18366E-05  1.99637E-16 -1.29838E+03  7.09722E+02  2.82212E+02 -1.02218E+04 -2.41114E+02 -1.02070E+01
   1.70000E+01  2.00000E+00  1.00000E+00 -7.83188E-18 -5.90541E-05  1.90986E-16 -6.24535E+03 -7.67320E+02 -1.96481E+02 -1.18409E+04  2.69152E+02  3.69740E+01  1.70000E+01  2.00000E+00  5.00000E-01  3.62107E-20 -5.90572E-05  1.90969E-16 -6.24240E+03 -7.67894E+02 -1.95768E+02 -1.19351E+04 -2.67870E+02 -3.80328E+01  1.70000E+01  1.50000E+00  5.00000E-01 -2.69577E-06 -5.90602E-05  1.91744E-16 -1.18132E+03  9.42676E+02  4.39472E+02 -1.18989E+04  2.68508E+02  9.90715E+00  1.70000E+01  1.50000E+00  1.00000E+00 -2.69525E-06 -5.90571E-05  6.27223E-09 -1.18123E+03  9.40873E+02  4.38957E+02 -1.19935E+04 -2.68513E+02 -1.01909E+01  1.75000E+01  2.00000E+00  1.00000E+00 -7.82971E-18 -6.18316E-05  1.98851E-16 -6.44478E+03 -1.08264E+03 -5.45922E+02 -1.01639E+04  2.42265E+02  3.80930E+01  1.75000E+01  2.00000E+00  5.00000E-01  4.70103E-20 -6.18342E-05  1.98855E-16 -6.44259E+03 -1.08499E+03 -5.45970E+02 -1.02589E+04 -2.39848E+02 -3.69139E+01  1.75000E+01  1.50000E+00  5.00000E-01 -2.71466E-06 -6.18366E-05  1.99637E-16 -1.29838E+03  7.09722E+02  2.82212E+02 -1.02218E+04  2.41114E+02  1.02070E+01  1.75000E+01  1.50000E+00  1.00000E+00 -2.71411E-06 -6.18340E-05  5.20151E-09 -1.29906E+03  7.06143E+02  2.80935E+02 -1.03173E+04 -2.40999E+02 -9.89104E+00
   1.70000E+01  2.50000E+00  5.00000E-01  2.69577E-06 -5.90602E-05  1.90206E-16  1.18123E+03 -9.40873E+02 -4.38957E+02 -1.19935E+04  2.68513E+02 -1.01909E+01  1.70000E+01  2.50000E+00  0.00000E+00  2.69525E-06 -5.90571E-05  6.27223E-09  1.18132E+03 -9.42676E+02 -4.39472E+02 -1.18989E+04 -2.68508E+02  9.90715E+00  1.70000E+01  2.00000E+00  0.00000E+00  7.91393E-18 -5.90541E-05  1.90967E-16  6.24240E+03  7.67894E+02  1.95768E+02 -1.19351E+04  2.67870E+02 -3.80328E+01  1.70000E+01  2.00000E+00  5.00000E-01  3.62107E-20 -5.90572E-05  1.90969E-16  6.24535E+03  7.67320E+02  1.96481E+02 -1.18409E+04 -2.69152E+02  3.69740E+01  1.75000E+01  2.50000E+00  5.00000E-01  2.71466E-06 -6.18366E-05  1.98071E-16  1.29906E+03 -7.06143E+02 -2.80935E+02 -1.03173E+04  2.40999E+02 -9.89104E+00  1.75000E+01  2.50000E+00  0.00000E+00  2.71411E-06 -6.18340E-05  5.20151E-09  1.29838E+03 -7.09722E+02 -2.82212E+02 -1.02218E+04 -2.41114E+02  1.02070E+01  1.75000E+01  2.00000E+00  0.00000E+00  7.91494E-18 -6.18316E-05  1.98848E-16  6.44259E+03  1.08499E+03  5.45970E+02 -1.02589E+04  2.39848E+02 -3.69139E+01  1.75000E+01  2.00000E+00  5.00000E-01  4.70103E-20 -6.18342E-05  1.98855E-16  6.44478E+03  1.08264E+03  5.45922E+02 -1.01639E+04 -2.42265E+02  3.80930E+01
   1.70000E+01  2.50000E+00  1.00000E+00  2.69525E-06 -5.90571E-05 -6.27223E-09  1.18132E+03 -9.42676E+02 -4.39472E+02 -1.18989E+04  2.68508E+02 -9.90715E+00  1.70000E+01  2.50000E+00  5.00000E-01  2.69577E-06 -5.90602E-05  1.90206E-16  1.18123E+03 -9.40873E+02 -4.38957E+02 -1.19935E+04 -2.68513E+02  1.01909E+01  1.70000E+01  2.00000E+00  5.00000E-01  3.62107E-20 -5.90572E-05  1.90969E-16  6.24535E+03  7.67320E+02  1.96481E+02 -1.18409E+04  2.69152E+02 -3.69740E+01  1.70000E+01  2.00000E+00  1.00000E+00 -7.83188E-18 -5.90541E-05  1.90986E-16  6.24240E+03  7.67894E+02  1.95768E+02 -1.19351E+04 -2.67870E+02  3.80328E+01  1.75000E+01  2.50000E+00  1.00000E+00  2.71411E-06 -6.18340E-05 -5.20151E-09  1.29838E+03 -7.09722E+02 -2.82212E+02 -1.02218E+04  2.41114E+02 -1.02070E+01  1.75000E+01  2.50000E+00  5.00000E-01  2.71466E-06 -6.18366E-05  1.98071E-16  1.29906E+03 -7.06143E+02 -2.80935E+02 -1.03173E+04 -2.40999E+02  9.89104E+00  1.75000E+01  2.00000E+00  5.00000E-01  4.70103E-20 -6.18342E-05  1.98855E-16  6.44478E+03  1.08264E+03  5.45922E+02 -1.01639E+04  2.42265E+02 -3.80930E+01  1.75000E+01  2.00000E+00  1.00000E+00 -7.82971E-18 -6.18316E-05  1.98851E-16  6.44259E+03  1.08499E+03  5.45970E+02 -1.02589E+04 -2.39848E+02  3.69139E+01
   1.70000E+01  3.00000E+00  5.00000E-01  5.39971E-06 -5.90695E-05  1.89439E-16  8.61625E+03 -1.15706E+03 -6.93560E+02 -1.05845E+04  2.69757E+02 -5.79275E+01  1.70000E+01  3.00000E+00  0.00000E+00  5.39867E-06 -5.90663E-05  1.25578E-08  8.61861E+03 -1.16042E+03 -6.93862E+02 -1.04926E+04 -2.69229E+02  5.64996E+01  1.70000E+01  2.50000E+00  0.00000E+00  2.69525E-06 -5.90571E-05  6.27223E-09  1.37766E+04  5.92540E+02 -2.19340E+01 -1.04187E+04  2.68226E+02 -8.44387E+01  1.70000E+01  2.50000E+00  5.00000E-01  2.69577E-06 -5.90602E-05  1.90206E-16  1.37781E+04  5.88812E+02 -2.26002E+01 -1.03282E+04 -2.70760E+02  8.27779E+01  1.75000E+01  3.00000E+00  5.00000E-01  5.43779E-06 -6.18440E-05  1.97309E-16  9.03654E+03 -4.05239E+02 -4.44180E+01 -8.87908E+03  2.43931E+02 -5.65976E+01  1.75000E+01  3.00000E+00  0.00000E+00  5.43674E-06 -6.18413E-05  1.04577E-08  9.03680E+03 -4.13510E+02 -4.68228E+01 -8.78744E+03 -2.42265E+02  5.78296E+01  1.75000E+01  2.50000E+00  0.00000E+00  2.71411E-06 -6.18340E-05  5.20151E-09  1.42761E+04  1.42354E+03  8.11972E+02 -8.71331E+03  2.40998E+02 -8.33516E+01  1.75000E+01  2.50000E+00  5.00000E-01  2.71466E-06 -6.18366E-05  1.98071E-16  1.42755E+04  1.41491E+03  8.09203E+02 -8.62307E+03 -2.45198E+02  8.38650E+01
   1.70000E+01  3.00000E+00  1.00000E+00  5.39867E-06 -5.90663E-05 -1.25578E-08  8.61861E+03 -1.16042E+03 -6.93862E+02 -1.04926E+04  2.69229E+02 -5.64996E+01  1.70000E+01  3.00000E+00  5.00000E-01  5.39971E-06 -5.90695E-05  1.89439E-16  8.61625E+03 -1.15706E+03 -6.93560E+02 -1.05845E+04 -2.69757E+02  5.79275E+01  1.70000E+01  2.50000E+00  5.00000E-01  2.69577E-06 -5.90602E-05  1.90206E-16  1.37781E+04  5.88812E+02 -2.26002E+01 -1.03282E+04  2.70760E+02 -8.27779E+01  1.70000E+01  2.50000E+00  1.00000E+00  2.69525E-06 -5.90571E-05 -6.27223E-09  1.37766E+04  5.92540E+02 -2.19340E+01 -1.04187E+04 -2.68226E+02  8.44387E+01  1.75000E+01  3.00000E+00  1.00000E+00  5.43674E-06 -6.18413E-05 -1.04577E-08  9.03680E+03 -4.13510E+02 -4.68228E+01 -8.78744E+03  2.42265E+02 -5.78296E+01  1.75000E+01  3.00000E+00  5.00000E-01  5.43779E-06 -6.18440E-05  1.97309E-16  9.03654E+03 -4.05239E+02 -4.44180E+01 -8.87908E+03 -2.43931E+02  5.65976E+01  1.75000E+01  2.50000E+00  5.00000E-01  2.71466E-06 -6.18366E-05  1.98071E-16  1.42755E+04  1.41491E+03  8.09203E+02 -8.62307E+03  2.45198E+02 -8.38650E+01  1.75000E+01  2.50000E+00  1.00000E+00  2.71411E-06 -6.18340E-05 -5.20151E-09  1.42761E+04  1.42354E+03  8.11972E+02 -8.71331E+03 -2.40998E+02  8.33516E+01
   1.70000E+01  3.50000E+00  5.00000E-01  8.11978E-06 -5.90851E-05  1.88666E-16  1.61741E+04 -1.41171E+03 -9.30719E+02 -7.77641E+03  2.67162E+02 -1.02315E+02  1.70000E+01  3.50000E+00  0.00000E+00  8.11821E-06 -5.90819E-05  1.88442E-08  1.61681E+04 -1.42811E+03 -9.37440E+02 -7.68551E+03 -2.72751E+02  1.02682E+02  1.70000E+01  3.00000E+00  0.00000E+00  5.39867E-06 -5.90663E-05  1.25578E-08  2.14268E+04  3.76645E+02 -2.22186E+02 -7.52596E+03  2.62326E+02 -1.24644E+02  1.70000E+01  3.00000E+00  5.00000E-01  5.39971E-06 -5.90695E-05  1.89439E-16  2.14146E+04  3.57614E+02 -2.31545E+02 -7.43515E+03 -2.77587E+02  1.30785E+02  1.75000E+01  3.50000E+00  5.00000E-01  8.17734E-06 -6.18568E-05  1.96536E-16  1.68573E+04 -2.27638E+02  1.62450E+02 -6.04426E+03  2.42610E+02 -1.01961E+02  1.75000E+01  3.50000E+00  0.00000E+00  8.17579E-06 -6.18541E-05  1.57607E-08  1.68511E+04 -2.44347E+02  1.55594E+02 -5.95512E+03 -2.46872E+02  1.03037E+02  1.75000E+01  3.00000E+00  0.00000E+00  5.43674E-06 -6.18413E-05  1.04577E-08  2.21856E+04  1.63637E+03  1.04749E+03 -5.79381E+03  2.37684E+02 -1.26048E+02  1.75000E+01  3.00000E+00  5.00000E-01  5.43779E-06 -6.18440E-05  1.97309E-16  2.21733E+04  1.61702E+03  1.03800E+03 -5.70476E+03 -2.51798E+02  1.29381E+02
   1.70000E+01  3.50000E+00  1.00000E+00  8.11821E-06 -5.90819E-05 -1.88442E-08  1.61681E+04 -1.42811E+03 -9.37440E+02 -7.68551E+03  2.72751E+02 -1.02682E+02  1.70000E+01  3.50000E+00  5.00000E-01  8.11978E-06 -5.90851E-05  1.88666E-16  1.61741E+04 -1.41171E+03 -9.30719E+02 -7.77641E+03 -2.67162E+02  1.02315E+02  1.70000E+01  3.00000E+00  5.00000E-01  5.39971E-06 -5.90695E-05  1.89439E-16  2.14146E+04  3.57614E+02 -2.31545E+02 -7.43515E+03  2.77587E+02 -1.30785E+02  1.70000E+01  3.00000E+00  1.00000E+00  5.39867E-06 -5.90663E-05 -1.25578E-08  2.14268E+04  3.76645E+02 -2.22186E+02 -7.52596E+03 -2.62326E+02  1.24644E+02  1.75000E+01  3.50000E+00  1.00000E+00  8.17579E-06 -6.18541E-05 -1.57607E-08  1.68511E+04 -2.44347E+02  1.55594E+02 -5.95512E+03  2.46872E+02 -1.03037E+02  1.75000E+01  3.50000E+00  5.00000E-01  8.17734E-06 -6.18568E-05  1.96536E-16  1.68573E+04 -2.27638E+02  1.62450E+02 -6.04426E+03 -2.42610E+02  1.01961E+02  1.75000E+01  3.00000E+00  5.00000E-01  5.43779E-06 -6.18440E-05  1.97309E-16  2.21733E+04  1.61702E+03  1.03800E+03 -5.70476E+03  2.51798E+02 -1.29381E+02  1.75000E+01  3.00000E+00  1.00000E+00  5.43674E-06 -6.18413E-05 -1.04577E-08  2.21856E+04  1.63637E+03  1.04749E+03 -5.79381E+03 -2.37684E+02  1.26048E+02
   1.70000E+01  4.00000E+00  5.00000E-01  1.08636E-05 -5.91070E-05  1.87888E-16  2.38211E+04 -1.64725E+03 -1.15759E+03 -3.63297E+03  2.86435E+02 -1.50028E+02  1.70000E+01  4.00000E+00  0.00000E+00  1.08618E-05 -5.91038E-05  2.53636E-08  2.38071E+04 -1.66291E+03 -1.16647E+03 -3.56353E+03 -2.73331E+02  1.43169E+02  1.70000E+01  3.50000E+00  0.00000E+00  8.11821E-06 -5.90819E-05  1.88442E-08  2.89896E+04  8.80571E+01 -5.41815E+02 -3.30758E+03  2.83046E+02 -1.97047E+02  1.70000E+01  3.50000E+00  5.00000E-01  8.11978E-06 -5.90851E-05  1.88666E-16  2.89710E+04  7.04011E+01 -5.52694E+02 -3.23764E+03 -2.76719E+02  1.48903E+02  1.75000E+01  4.00000E+00  5.00000E-01  1.09405E-05 -6.18750E-05  1.95764E-16  2.47489E+04 -6.85916E+01  3.56684E+02 -1.91633E+03  2.58771E+02 -1.52562E+02  1.75000E+01  4.00000E+00  0.00000E+00  1.09387E-05 -6.18723E-05  2.12514E-08  2.47357E+04 -8.24989E+01  3.48551E+02 -1.84822E+03 -2.48241E+02  1.40635E+02  1.75000E+01  3.50000E+00  0.00000E+00  8.17579E-06 -6.18541E-05  1.57607E-08  2.99966E+04  1.74584E+03  1.15709E+03 -1.59095E+03  2.55884E+02 -2.00911E+02  1.75000E+01  3.50000E+00  5.00000E-01  8.17734E-06 -6.18568E-05  1.96536E-16  2.99788E+04  1.72994E+03  1.14697E+03 -1.52233E+03 -2.51129E+02  1.45039E+02
   1.70000E+01  4.00000E+00  1.00000E+00  1.08618E-05 -5.91038E-05 -2.53636E-08  2.38071E+04 -1.66291E+03 -1.16647E+03 -3.56353E+03  2.73331E+02 -1.43169E+02  1.70000E+01  4.00000E+00  5.00000E-01  1.08636E-05 -5.91070E-05  1.87888E-16  2.38211E+04 -1.64725E+03 -1.15759E+03 -3.63297E+03 -2.86435E+02  1.50028E+02  1.70000E+01  3.50000E+00  5.00000E-01  8.11978E-06 -5.90851E-05  1.88666E-16  2.89710E+04  7.04011E+01 -5.52694E+02 -3.23764E+03  2.76719E+02 -1.48903E+02  1.70000E+01  3.50000E+00  1.00000E+00  8.11821E-06 -5.90819E-05 -1.88442E-08  2.89896E+04  8.80571E+01 -5.41815E+02 -3.30758E+03 -2.83046E+02  1.97047E+02  1.75000E+01  4.00000E+00  1.00000E+00  1.09387E-05 -6.18723E-05 -2.12514E-08  2.47357E+04 -8.24989E+01  3.48551E+02 -1.84822E+03  2.48241E+02 -1.40635E+02  1.75000E+01  4.00000E+00  5.00000E-01  1.09405E-05 -6.18750E-05  1.95764E-16  2.47489E+04 -6.85916E+01  3.56684E+02 -1.91633E+03 -2.58771E+02  1.52562E+02  1.75000E+01  3.50000E+00  5.00000E-01  8.17734E-06 -6.18568E-05  1.96536E-16  2.99788E+04  1.72994E+03  1.14697E+03 -1.52233E+03  2.51129E+02 -1.45039E+02  1.75000E+01  3.50000E+00  1.00000E+00  8.17579E-06 -6.18541E-05 -1.57607E-08  2.99966E+04  1.74584E+03  1.15709E+03 -1.59095E+03 -2.55884E+02  2.00911E+02
   1.75000E+01  5.00000E-01  5.00000E-01 -8.17734E-06 -6.18568E-05  2.01200E-16 -2.38419E+04  1.24947E+00  5.69518E+02 -3.09042E+03  2.38028E+02  1.84368E+02  1.75000E+01  5.00000E-01  0.00000E+00 -8.17579E-06 -6.18541E-05 -1.57607E-08 -2.38108E+04  2.10969E+01  5.84823E+02 -3.03047E+03 -2.33682E+02 -1.46311E+02  1.75000E+01  0.00000E+00  0.00000E+00 -1.09387E-05 -6.18723E-05 -2.12514E-08 -1.94625E+04  1.47384E+03  1.09869E+03 -3.41368E+03  2.40300E+02  1.46561E+02  1.75000E+01  0.00000E+00  5.00000E-01 -1.09405E-05 -6.18750E-05  2.01990E-16 -1.94442E+04  1.48817E+03  1.10848E+03 -3.35492E+03 -2.31411E+02 -1.40424E+02  1.80000E+01  5.00000E-01  5.00000E-01 -8.22444E-06 -6.46458E-05  2.09095E-16 -2.48229E+04 -1.62619E+03 -1.07276E+03 -1.63698E+03  2.16408E+02  1.92300E+02  1.80000E+01  5.00000E-01  0.00000E+00 -8.22292E-06 -6.46435E-05 -1.27097E-08 -2.47935E+04 -1.61048E+03 -1.05922E+03 -1.58071E+03 -2.11609E+02 -1.38379E+02  1.80000E+01  0.00000E+00  0.00000E+00 -1.10022E-05 -6.46581E-05 -1.73484E-08 -2.03778E+04 -8.80590E+01 -3.90654E+02 -1.96024E+03  2.17497E+02  1.50815E+02  1.80000E+01  0.00000E+00  5.00000E-01 -1.10039E-05 -6.46604E-05  2.09909E-16 -2.03613E+04 -7.78660E+01 -3.82640E+02 -1.90516E+03 -2.10519E+02 -1.36171E+02
   1.75000E+01  5.00000E-01  1.00000E+00 -8.17579E-06 -6.18541E-05  1.57607E-08 -2.38108E+04  2.10969E+01  5.84823E+02 -3.03047E+03  2.33682E+02  1.46311E+02  1.75000E+01  5.00000E-01  5.00000E-01 -8.17734E-06 -6.18568E-05  2.01200E-16 -2.38419E+04  1.24947E+00  5.69518E+02 -3.09042E+03 -2.38028E+02 -1.84368E+02  1.75000E+01  0.00000E+00  5.00000E-01 -1.09405E-05 -6.18750E-05  2.01990E-16 -1.94442E+04  1.48817E+03  1.10848E+03 -3.35492E+03  2.31411E+02  1.40424E+02  1.75000E+01  0.00000E+00  1.00000E+00 -1.09387E-05 -6.18723E-05  2.12514E-08 -1.94625E+04  1.47384E+03  1.09869E+03 -3.41368E+03 -2.40300E+02 -1.46561E+02  1.80000E+01  5.00000E-01  1.00000E+00 -8.22292E-06 -6.46435E-05  1.27097E-08 -2.47935E+04 -1.61048E+03 -1.05922E+03 -1.58071E+03  2.11609E+02  1.38379E+02  1.80000E+01  5.00000E-01  5.00000E-01 -8.22444E-06 -6.46458E-05  2.09095E-16 -2.48229E+04 -1.62619E+03 -1.07276E+03 -1.63698E+03 -2.16408E+02 -1.92300E+02  1.80000E+01  0.00000E+00  5.00000E-01 -1.10039E-05 -6.46604E-05  2.09909E-16 -2.03613E+04 -7.78660E+01 -3.82640E+02 -1.90516E+03  2.10519E+02  1.36171E+02  1.80000E+01  0.00000E+00  1.00000E+00 -1.10022E-05 -6.46581E-05  1.73484E-08 -2.03778E+04 -8.80590E+01 -3.90654E+02 -1.96024E+03 -2.17497E+02 -1.50815E+02
   1.75000E+01  1.00000E+00  5.00000E-01 -5.43779E-06 -6.18440E-05  2.00418E-16 -1.74655E+04 -3.20012E+02  2.78352E+02 -7.28695E+03  2.19730E+02  1.25477E+02  1.75000E+01  1.00000E+00  0.00000E+00 -5.43674E-06 -6.18413E-05 -1.04577E-08 -1.74516E+04 -2.95861E+02  2.89754E+02 -7.20660E+03 -2.34606E+02 -1.28829E+02  1.75000E+01  5.00000E-01  0.00000E+00 -8.17579E-06 -6.18541E-05 -1.57607E-08 -1.30051E+04  1.20212E+03  8.91810E+02 -7.55920E+03  2.26105E+02  1.05681E+02  1.75000E+01  5.00000E-01  5.00000E-01 -8.17734E-06 -6.18568E-05  2.01200E-16 -1.30074E+04  1.21938E+03  8.96326E+02 -7.47498E+03 -2.28231E+02 -1.03037E+02  1.80000E+01  1.00000E+00  5.00000E-01 -5.46842E-06 -6.46360E-05  2.08296E-16 -1.82553E+04 -1.65434E+03 -1.02009E+03 -5.81786E+03  1.95323E+02  1.26704E+02  1.80000E+01  1.00000E+00  0.00000E+00 -5.46731E-06 -6.46339E-05 -8.29578E-09 -1.82356E+04 -1.61665E+03 -1.00289E+03 -5.74210E+03 -2.13425E+02 -1.27602E+02  1.80000E+01  5.00000E-01  0.00000E+00 -8.22292E-06 -6.46435E-05 -1.27097E-08 -1.37266E+04 -6.38229E+01 -2.47072E+02 -6.09011E+03  2.05564E+02  1.02317E+02  1.80000E+01  5.00000E-01  5.00000E-01 -8.22444E-06 -6.46458E-05  2.09095E-16 -1.37230E+04 -3.30232E+01 -2.36755E+02 -6.01048E+03 -2.03183E+02 -1.06400E+02
   1.75000E+01  1.00000E+00  1.00000E+00 -5.43674E-06 -6.18413E-05  1.04577E-08 -1.74516E+04 -2.95861E+02  2.89754E+02 -7.20660E+03  2.34606E+02  1.28829E+02  1.75000E+01  1.00000E+00  5.00000E-01 -5.43779E-06 -6.18440E-05  2.00418E-16 -1.74655E+04 -3.20012E+02  2.78352E+02 -7.28695E+03 -2.19730E+02 -1.25477E+02  1.75000E+01  5.00000E-01  5.00000E-01 -8.17734E-06 -6.18568E-05  2.01200E-16 -1.30074E+04  1.21938E+03  8.96326E+02 -7.47498E+03  2.28231E+02  1.03037E+02  1.75000E+01  5.00000E-01  1.00000E+00 -8.17579E-06 -6.18541E-05  1.57607E-08 -1.30051E+04  1.20212E+03  8.91810E+02 -7.55920E+03 -2.26105E+02 -1.05681E+02  1.80000E+01  1.00000E+00  1.00000E+00 -5.46731E-06 -6.46339E-05  8.29578E-09 -1.82356E+04 -1.61665E+03 -1.00289E+03 -5.74210E+03  2.13425E+02  1.27602E+02  1.80000E+01  1.00000E+00  5.00000E-01 -5.46842E-06 -6.46360E-05  2.08296E-16 -1.82553E+04 -1.65434E+03 -1.02009E+03 -5.81786E+03 -1.95323E+02 -1.26704E+02  1.80000E+01  5.00000E-01  5.00000E-01 -8.22444E-06 -6.46458E-05  2.09095E-16 -1.37230E+04 -3.30232E+01 -2.36755E+02 -6.01048E+03  2.03183E+02  1.06400E+02  1.80000E+01  5.00000E-01  1.00000E+00 -8.22292E-06 -6.46435E-05  1.27097E-08 -1.37266E+04 -6.38229E+01 -2.47072E+02 -6.09011E+03 -2.05564E+02 -1.02317E+02
   1.75000E+01  1.50000E+00  5.00000E-01 -2.71466E-06 -6.18366E-05  1.99637E-16 -1.10299E+04 -5.09360E+02  1.12712E+02 -1.02827E+04  2.20757E+02  8.86402E+01  1.75000E+01  1.50000E+00  0.00000E+00 -2.71411E-06 -6.18340E-05 -5.20151E-09 -1.10397E+04 -5.00581E+02  1.12400E+02 -1.01929E+04 -2.26739E+02 -8.40126E+01  1.75000E+01  1.00000E+00  0.00000E+00 -5.43674E-06 -6.18413E-05 -1.04577E-08 -6.83034E+03  9.06864E+02  6.33945E+02 -1.04711E+04  2.25302E+02  6.18794E+01  1.75000E+01  1.00000E+00  5.00000E-01 -5.43779E-06 -6.18440E-05  2.00418E-16 -6.83737E+03  9.16837E+02  6.34828E+02 -1.03783E+04 -2.22194E+02 -5.78307E+01  1.80000E+01  1.50000E+00  5.00000E-01 -2.72961E-06 -6.46307E-05  2.07500E-16 -1.15715E+04 -1.42791E+03 -7.74246E+02 -8.89103E+03  1.92684E+02  8.38877E+01  1.80000E+01  1.50000E+00  0.00000E+00 -2.72903E-06 -6.46287E-05 -4.07194E-09 -1.15768E+04 -1.40862E+03 -7.70054E+02 -8.80043E+03 -2.01868E+02 -8.87651E+01  1.80000E+01  1.00000E+00  0.00000E+00 -5.46731E-06 -6.46339E-05 -8.29578E-09 -7.29258E+03  6.77292E+01 -6.77132E+01 -9.07948E+03  2.00231E+02  5.79232E+01  1.80000E+01  1.00000E+00  5.00000E-01 -5.46842E-06 -6.46360E-05  2.08296E-16 -7.29511E+03  8.82095E+01 -6.23269E+01 -8.98587E+03 -1.94321E+02 -6.17869E+01
   1.75000E+01  1.50000E+00  1.00000E+00 -2.71411E-06 -6.18340E-05  5.20151E-09 -1.10397E+04 -5.00581E+02  1.12400E+02 -1.01929E+04  2.26739E+02  8.40126E+01  1.75000E+01  1.50000E+00  5.00000E-01 -2.71466E-06 -6.18366E-05  1.99637E-16 -1.10299E+04 -5.09360E+02  1.12712E+02 -1.02827E+04 -2.20757E+02 -8.86402E+01  1.75000E+01  1.00000E+00  5.00000E-01 -5.43779E-06 -6.18440E-05  2.00418E-16 -6.83737E+03  9.16837E+02  6.34828E+02 -1.03783E+04  2.22194E+02  5.78307E+01  1.75000E+01  1.00000E+00  1.00000E+00 -5.43674E-06 -6.18413E-05  1.04577E-08 -6.83034E+03  9.06864E+02  6.33945E+02 -1.04711E+04 -2.25302E+02 -6.18794E+01  1.80000E+01  1.50000E+00  1.00000E+00 -2.72903E-06 -6.46287E-05  4.07194E-09 -1.15768E+04 -1.40862E+03 -7.70054E+02 -8.80043E+03  2.01868E+02  8.87651E+01  1.80000E+01  1.50000E+00  5.00000E-01 -2.72961E-06 -6.46307E-05  2.07500E-16 -1.15715E+04 -1.42791E+03 -7.74246E+02 -8.89103E+03 -1.92684E+02 -8.38877E+01  1.80000E+01  1.00000E+00  5.00000E-01 -5.46842E-06 -6.46360E-05  2.08296E-16 -7.29511E+03  8.82095E+01 -6.23269E+01 -8.98587E+03  1.94321E+02  6.17869E+01  1.80000E+01  1.00000E+00  1.00000E+00 -5.46731E-06 -6.46339E-05  8.29578E-09 -7.29258E+03  6.77292E+01 -6.77132E+01 -9.07948E+03 -2.00231E+02 -5.79232E+01
   1.75000E+01  2.00000E+00  5.00000E-01  4.70103E-20 -6.18342E-05  1.98855E-16 -4.91904E+03 -6.12913E+02 -9.39692E+01 -1.18978E+04  2.18527E+02  4.10775E+01  1.75000E+01  2.00000E+00  0.00000E+00  7.91494E-18 -6.18316E-05  1.98848E-16 -4.92632E+03 -6.10637E+02 -9.54709E+01 -1.17998E+04 -2.22285E+02 -3.80516E+01  1.75000E+01  1.50000E+00  0.00000E+00 -2.71411E-06 -6.18340E-05 -5.20151E-09 -9.41755E+02  7.13798E+02  3.51119E+02 -1.19660E+04  2.20416E+02  1.10067E+01  1.75000E+01  1.50000E+00  5.00000E-01 -2.71466E-06 -6.18366E-05  1.99637E-16 -9.41632E+02  7.19249E+02  3.52791E+02 -1.18666E+04 -2.20396E+02 -1.01959E+01  1.80000E+01  2.00000E+00  5.00000E-01  4.91279E-20 -6.46291E-05  2.06726E-16 -5.14013E+03 -9.70528E+02 -4.73316E+02 -1.05725E+04  1.88300E+02  3.81873E+01  1.80000E+01  2.00000E+00  0.00000E+00  7.91589E-18 -6.46271E-05  2.06728E-16 -5.14515E+03 -9.62970E+02 -4.72554E+02 -1.04724E+04 -1.94585E+02 -4.09418E+01  1.80000E+01  1.50000E+00  0.00000E+00 -2.72903E-06 -6.46287E-05 -4.07194E-09 -1.07595E+03  4.43073E+02  1.74515E+02 -1.06407E+04  1.91698E+02  1.02322E+01  1.80000E+01  1.50000E+00  5.00000E-01 -2.72961E-06 -6.46307E-05  2.07500E-16 -1.07357E+03  4.53805E+02  1.78450E+02 -1.05392E+04 -1.91187E+02 -1.09703E+01
   1.75000E+01  2.00000E+00  1.00000E+00 -7.82971E-18 -6.18316E-05  1.98851E-16 -4.92632E+03 -6.10637E+02 -9.54709E+01 -1.17998E+04  2.22285E+02  3.80516E+01  1.75000E+01  2.00000E+00  5.00000E-01  4.70103E-20 -6.18342E-05  1.98855E-16 -4.91904E+03 -6.12913E+02 -9.39692E+01 -1.18978E+04 -2.18527E+02 -4.10775E+01  1.75000E+01  1.50000E+00  5.00000E-01 -2.71466E-06 -6.18366E-05  1.99637E-16 -9.41632E+02  7.19249E+02  3.52791E+02 -1.18666E+04  2.20396E+02  1.01959E+01  1.75000E+01  1.50000E+00  1.00000E+00 -2.71411E-06 -6.18340E-05  5.20151E-09 -9.41755E+02  7.13798E+02  3.51119E+02 -1.19660E+04 -2.20416E+02 -1.10067E+01  1.80000E+01  2.00000E+00  1.00000E+00 -7.81663E-18 -6.46271E-05  2.06720E-16 -5.14515E+03 -9.62970E+02 -4.72554E+02 -1.04724E+04  1.94585E+02  4.09418E+01  1.80000E+01  2.00000E+00  5.00000E-01  4.91279E-20 -6.46291E-05  2.06726E-16 -5.14013E+03 -9.70528E+02 -4.73316E+02 -1.05725E+04 -1.88300E+02 -3.81873E+01  1.80000E+01  1.50000E+00  5.00000E-01 -2.72961E-06 -6.46307E-05  2.07500E-16 -1.07357E+03  4.53805E+02  1.78450E+02 -1.05392E+04  1.91187E+02  1.09703E+01  1.80000E+01  1.50000E+00  1.00000E+00 -2.72903E-06 -6.46287E-05  4.07194E-09 -1.07595E+03  4.43073E+02  1.74515E+02 -1.06407E+04 -1.91698E+02 -1.02322E+01
   1.75000E+01  2.50000E+00  5.00000E-01  2.71466E-06 -6.18366E-05  1.98071E-16  9.41755E+02 -7.13798E+02 -3.51119E+02 -1.19660E+04  2.20416E+02 -1.10067E+01  1.75000E+01  2.50000E+00  0.00000E+00  2.71411E-06 -6.18340E-05  5.20151E-09  9.41632E+02 -7.19249E+02 -3.52791E+02 -1.18666E+04 -2.20396E+02  1.01959E+01  1.75000E+01  2.00000E+00  0.00000E+00  7.91494E-18 -6.18316E-05  1.98848E-16  4.91904E+03  6.12913E+02  9.39692E+01 -1.18978E+04  2.18527E+02 -4.10775E+01  1.75000E+01  2.00000E+00  5.00000E-01  4.70103E-20 -6.18342E-05  1.98855E-16  4.92632E+03  6.10637E+02  9.54709E+01 -1.17998E+04 -2.22285E+02  3.80516E+01  1.80000E+01  2.50000E+00  5.00000E-01  2.72961E-06 -6.46307E-05  2.05951E-16  1.07595E+03 -4.43073E+02 -1.74515E+02 -1.06407E+04  1.91698E+02 -1.02322E+01  1.80000E+01  2.50000E+00  0.00000E+00  2.72903E-06 -6.46287E-05  4.07194E-09  1.07357E+03 -4.53805E+02 -1.78450E+02 -1.05392E+04 -1.91187E+02  1.09703E+01  1.80000E+01  2.00000E+00  0.00000E+00  7.91589E-18 -6.46271E-05  2.06728E-16  5.14013E+03  9.70528E+02  4.73316E+02 -1.05725E+04  1.88300E+02 -3.81873E+01  1.80000E+01  2.00000E+00  5.00000E-01  4.91279E-20 -6.46291E-05  2.06726E-16  5.14515E+03  9.62970E+02  4.72554E+02 -1.04724E+04 -1.94585E+02  4.09418E+01
   1.75000E+01  2.50000E+00  1.00000E+00  2.71411E-06 -6.18340E-05 -5.20151E-09  9.41632E+02 -7.19249E+02 -3.52791E+02 -1.18666E+04  2.20396E+02 -1.01959E+01  1.75000E+01  2.50000E+00  5.00000E-01  2.71466E-06 -6.18366E-05  1.98071E-16  9.41755E+02 -7.13798E+02 -3.51119E+02 -1.19660E+04 -2.20416E+02  1.10067E+01  1.75000E+01  2.00000E+00  5.00000E-01  4.70103E-20 -6.18342E-05  1.98855E-16  4.92632E+03  6.10637E+02  9.54709E+01 -1.17998E+04  2.22285E+02 -3.80516E+01  1.75000E+01  2.00000E+00  1.00000E+00 -7.82971E-18 -6.18316E-05  1.98851E-16  4.91904E+03  6.12913E+02  9.39692E+01 -1.18978E+04 -2.18527E+02  4.10775E+01  1.80000E+01  2.50000E+00  1.00000E+00  2.72903E-06 -6.46287E-05 -4.07194E-09  1.07357E+03 -4.53805E+02 -1.78450E+02 -1.05392E+04  1.91187E+02 -1.09703E+01  1.80000E+01  2.50000E+00  5.00000E-01  2.72961E-06 -6.46307E-05  2.05951E-16  1.07595E+03 -4.43073E+02 -1.74515E+02 -1.06407E+04 -1.91698E+02  1.02322E+01  1.80000E+01  2.00000E+00  5.00000E-01  4.91279E-20 -6.46291E-05  2.06726E-16  5.14515E+03  9.62970E+02  4.72554E+02 -1.04724E+04  1.94585E+02 -4.09418E+01  1.80000E+01  2.00000E+00  1.00000E+00 -7.81663E-18 -6.46271E-05  2.06720E-16  5.14013E+03  9.70528E+02  4.73316E+02 -1.05725E+04 -1.88300E+02  3.81873E+01
   1.75000E+01  3.00000E+00  5.00000E-01  5.43779E-06 -6.18440E-05  1.97309E-16  6.83034E+03 -9.06864E+02 -6.33945E+02 -1.04711E+04  2.25302E+02 -6.18794E+01  1.75000E+01  3.00000E+00  0.00000E+00  5.43674E-06 -6.18413E-05  1.04577E-08  6.83737E+03 -9.16837E+02 -6.34828E+02 -1.03783E+04 -2.22194E+02  5.78307E+01  1.75000E+01  2.50000E+00  0.00000E+00  2.71411E-06 -6.18340E-05  5.20151E-09  1.10299E+04  5.09360E+02 -1.12712E+02 -1.02827E+04  2.20757E+02 -8.86402E+01  1.75000E+01  2.50000E+00  5.00000E-01  2.71466E-06 -6.18366E-05  1.98071E-16  1.10397E+04  5.00581E+02 -1.12400E+02 -1.01929E+04 -2.26739E+02  8.40126E+01  1.80000E+01  3.00000E+00  5.00000E-01  5.46842E-06 -6.46360E-05  2.05177E-16  7.29258E+03 -6.77292E+01  6.77132E+01 -9.07948E+03  2.00231E+02 -5.79232E+01  1.80000E+01  3.00000E+00  0.00000E+00  5.46731E-06 -6.46339E-05  8.29578E-09  7.29511E+03 -8.82095E+01  6.23269E+01 -8.98587E+03 -1.94321E+02  6.17869E+01  1.80000E+01  2.50000E+00  0.00000E+00  2.72903E-06 -6.46287E-05  4.07194E-09  1.15715E+04  1.42791E+03  7.74246E+02 -8.89103E+03  1.92684E+02 -8.38877E+01  1.80000E+01  2.50000E+00  5.00000E-01  2.72961E-06 -6.46307E-05  2.05951E-16  1.15768E+04  1.40862E+03  7.70054E+02 -8.80043E+03 -2.01868E+02  8.87651E+01
   1.75000E+01  3.00000E+00  1.00000E+00  5.43674E-06 -6.18413E-05 -1.04577E-08  6.83737E+03 -9.16837E+02 -6.34828E+02 -1.03783E+04  2.22194E+02 -5.78307E+01  1.75000E+01  3.00000E+00  5.00000E-01  5.43779E-06 -6.18440E-05  1.97309E-16  6.83034E+03 -9.06864E+02 -6.33945E+02 -1.04711E+04 -2.25302E+02  6.18794E+01  1.75000E+01  2.50000E+00  5.00000E-01  2.71466E-06 -6.18366E-05  1.98071E-16  1.10397E+04  5.00581E+02 -1.12400E+02 -1.01929E+04  2.26739E+02 -8.40126E+01  1.75000E+01  2.50000E+00  1.00000E+00  2.71411E-06 -6.18340E-05 -5.20151E-09  1.10299E+04  5.09360E+02 -1.12712E+02 -1.02827E+04 -2.20757E+02  8.86402E+01  1.80000E+01  3.00000E+00  1.00000E+00  5.46731E-06 -6.46339E-05 -8.29578E-09  7.29511E+03 -8.82095E+01  6.23269E+01 -8.98587E+03  1.94321E+02 -6.17869E+01  1.80000E+01  3.00000E+00  5.00000E-01  5.46842E-06 -6.46360E-05  2.05177E-16  7.29258E+03 -6.77292E+01  6.77132E+01 -9.07948E+03 -2.00231E+02  5.79232E+01  1.80000E+01  2.50000E+00  5.00000E-01  2.72961E-06 -6.46307E-05  2.05951E-16  1.15768E+04  1.40862E+03  7.70054E+02 -8.80043E+03  2.01868E+02 -8.87651E+01  1.80000E+01  2.50000E+00  1.00000E+00  2.72903E-06 -6.46287E-05 -4.07194E-09  1.15715E+04  1.42791E+03  7.74246E+02 -8.89103E+03 -1.92684E+02  8.38877E+01
   1.75000E+01  3.50000E+00  5.00000E-01  8.17734E-06 -6.18568E-05  1.96536E-16  1.30051E+04 -1.20212E+03 -8.91810E+02 -7.55920E+03  2.26105E+02 -1.05681E+02  1.75000E+01  3.50000E+00  0.00000E+00  8.17579E-06 -6.18541E-05  1.57607E-08  1.30074E+04 -1.21938E+03 -8.96326E+02 -7.47498E+03 -2.28231E+02  1.03037E+02  1.75000E+01  3.00000E+00  0.00000E+00  5.43674E-06 -6.18413E-05  1.04577E-08  1.74655E+04  3.20012E+02 -2.78352E+02 -7.28695E+03  2.19730E+02 -1.25477E+02  1.75000E+01  3.00000E+00  5.00000E-01  5.43779E-06 -6.18440E-05  1.97309E-16  1.74516E+04  2.95861E+02 -2.89754E+02 -7.20660E+03 -2.34606E+02  1.28829E+02  1.80000E+01  3.50000E+00  5.00000E-01  8.22444E-06 -6.46458E-05  2.04399E-16  1.37266E+04  6.38229E+01  2.47072E+02 -6.09011E+03  2.05564E+02 -1.02317E+02  1.80000E+01  3.50000E+00  0.00000E+00  8.22292E-06 -6.46435E-05  1.27097E-08  1.37230E+04  3.30232E+01  2.36755E+02 -6.01048E+03 -2.03183E+02  1.06400E+02  1.80000E+01  3.00000E+00  0.00000E+00  5.46731E-06 -6.46339E-05  8.29578E-09  1.82553E+04  1.65434E+03  1.02009E+03 -5.81786E+03  1.95323E+02 -1.26704E+02  1.80000E+01  3.00000E+00  5.00000E-01  5.46842E-06 -6.46360E-05  2.05177E-16  1.82356E+04  1.61665E+03  1.00289E+03 -5.74210E+03 -2.13425E+02  1.27602E+02
   1.75000E+01  3.50000E+00  1.00000E+00  8.17579E-06 -6.18541E-05 -1.57607E-08  1.30074E+04 -1.21938E+03 -8.96326E+02 -7.47498E+03  2.28231E+02 -1.03037E+02  1.75000E+01  3.50000E+00  5.00000E-01  8.17734E-06 -6.18568E-05  1.96536E-16  1.30051E+04 -1.20212E+03 -8.91810E+02 -7.55920E+03 -2.26105E+02  1.05681E+02  1.75000E+01  3.00000E+00  5.00000E-01  5.43779E-06 -6.18440E-05  1.97309E-16  1.74516E+04  2.95861E+02 -2.89754E+02 -7.20660E+03  2.34606E+02 -1.28829E+02  1.75000E+01  3.00000E+00  1.00000E+00  5.43674E-06 -6.18413E-05 -1.04577E-08  1.74655E+04  3.20012E+02 -2.78352E+02 -7.28695E+03 -2.19730E+02  1.25477E+02  1.80000E+01  3.50000E+00  1.00000E+00  8.22292E-06 -6.46435E-05 -1.27097E-08  1.37230E+04  3.30232E+01  2.36755E+02 -6.01048E+03  2.03183E+02 -1.06400E+02  1.80000E+01  3.50000E+00  5.00000E-01  8.22444E-06 -6.46458E-05  2.04399E-16  1.37266E+04  6.38229E+01  2.47072E+02 -6.09011E+03 -2.05564E+02  1.02317E+02  1.80000E+01  3.00000E+00  5.00000E-01  5.46842E-06 -6.46360E-05  2.05177E-16  1.82356E+04  1.61665E+03  1.00289E+03 -5.74210E+03  2.13425E+02 -1.27602E+02  1.80000E+01  3.00000E+00  1.00000E+00  5.46731E-06 -6.46339E-05 -8.29578E-09  1.82553E+04  1.65434E+03  1.02009E+03 -5.81786E+03 -1.95323E+02  1.26704E+02
   1.75000E+01  4.00000E+00  5.00000E-01  1.09405E-05 -6.18750E-05  1.95764E-16  1.94625E+04 -1.47384E+03 -1.09869E+03 -3.41368E+03  2.40300E+02 -1.46561E+02  1.75000E+01  4.00000E+00  0.00000E+00  1.09387E-05 -6.18723E-05  2.12514E-08  1.94442E+04 -1.48817E+03 -1.10848E+03 -3.35492E+03 -2.31411E+02  1.40424E+02  1.75000E+01  3.50000E+00  0.00000E+00  8.17579E-06 -6.18541E-05  1.57607E-08  2.38419E+04 -1.24947E+00 -5.69518E+02 -3.09042E+03  2.38028E+02 -1.84368E+02  1.75000E+01  3.50000E+00  5.00000E-01  8.17734E-06 -6.18568E-05  1.96536E-16  2.38108E+04 -2.10969E+01 -5.84823E+02 -3.03047E+03 -2.33682E+02  1.46311E+02  1.80000E+01  4.00000E+00  5.00000E-01  1.10039E-05 -6.46604E-05  2.03640E-16  2.03778E+04  8.80590E+01  3.90654E+02 -1.96024E+03  2.17497E+02 -1.50815E+02  1.80000E+01  4.00000E+00  0.00000E+00  1.10022E-05 -6.46581E-05  1.73484E-08  2.03613E+04  7.78660E+01  3.82640E+02 -1.90516E+03 -2.10519E+02  1.36171E+02  1.80000E+01  3.50000E+00  0.00000E+00  8.22292E-06 -6.46435E-05  1.27097E-08  2.48229E+04  1.62619E+03  1.07276E+03 -1.63698E+03  2.16408E+02 -1.92300E+02  1.80000E+01  3.50000E+00  5.00000E-01  8.22444E-06 -6.46458E-05  2.04399E-16  2.47935E+04  1.61048E+03  1.05922E+03 -1.58071E+03 -2.11609E+02  1.38379E+02
   1.75000E+01  4.00000E+00  1.00000E+00  1.09387E-05 -6.18723E-05 -2.12514E-08  1.94442E+04 -1.48817E+03 -1.10848E+03 -3.35492E+03  2.31411E+02 -1.40424E+02  1.75000E+01  4.00000E+00  5.00000E-01  1.09405E-05 -6.18750E-05  1.95764E-16  1.94625E+04 -1.47384E+03 -1.09869E+03 -3.41368E+03 -2.40300E+02  1.46561E+02  1.75000E+01  3.50000E+00  5.00000E-01  8.17734E-06 -6.18568E-05  1.96536E-16  2.38108E+04 -2.10969E+01 -5.84823E+02 -3.03047E+03  2.33682E+02 -1.46311E+02  1.75000E+01  3.50000E+00  1.00000E+00  8.17579E-06 -6.18541E-05 -1.57607E-08  2.38419E+04 -1.24947E+00 -5.69518E+02 -3.09042E+03 -2.38028E+02  1.84368E+02  1.80000E+01  4.00000E+00  1.00000E+00  1.10022E-05 -6.46581E-05 -1.73484E-08  2.03613E+04  7.78660E+01  3.82640E+02 -1.90516E+03  2.10519E+02 -1.36171E+02  1.80000E+01  4.00000E+00  5.00000E-01  1.10039E-05 -6.46604E-05  2.03640E-16  2.03778E+04  8.80590E+01  3.90654E+02 -1.96024E+03 -2.17497E+02  1.50815E+02  1.80000E+01  3.50000E+00  5.00000E-01  8.22444E-06 -6.46458E-05  2.04399E-16  2.47935E+04  1.61048E+03  1.05922E+03 -1.58071E+03  2.11609E+02 -1.38379E+02  1.80000E+01  3.50000E+00  1.00000E+00  8.22292E-06 -6.46435E-05 -1.27097E-08  2.48229E+04  1.62619E+03  1.07276E+03 -1.63698E+03 -2.16408E+02  1.92300E+02
   1.80000E+01  5.00000E-01  5.00000E-01 -8.22444E-06 -6.46458E-05  2.09095E-16 -1.90001E+04 -1.06826E+01  5.60458E+02 -2.79908E+03  2.01583E+02  1.53564E+02  1.80000E+01  5.00000E-01  0.00000E+00 -8.22292E-06 -6.46435E-05 -1.27097E-08 -1.89628E+04  2.12446E+01  5.81218E+02 -2.77969E+03 -2.03522E+02 -1.44421E+02  1.80000E+01  0.00000E+00  0.00000E+00 -1.10022E-05 -6.46581E-05 -1.73484E-08 -1.51163E+04  1.30655E+03  1.06748E+03 -3.12866E+03  2.07167E+02  1.40195E+02  1.80000E+01  0.00000E+00  5.00000E-01 -1.10039E-05 -6.46604E-05  2.09909E-16 -1.51212E+04  1.32042E+03  1.07018E+03 -3.09581E+03 -1.97938E+02 -1.38890E+02  1.85000E+01  5.00000E-01  5.00000E-01 -8.26103E-06 -6.74491E-05  2.16953E-16 -1.99414E+04 -1.61120E+03 -9.76865E+02 -1.51582E+03  1.82702E+02  1.61820E+02  1.85000E+01  5.00000E-01  0.00000E+00 -8.25942E-06 -6.74471E-05 -9.64558E-09 -1.98840E+04 -1.53216E+03 -9.35913E+02 -1.50847E+03 -2.03504E+02 -1.36166E+02  1.85000E+01  0.00000E+00  0.00000E+00 -1.10532E-05 -6.74579E-05 -1.39157E-08 -1.60293E+04 -2.65621E+02 -4.03697E+02 -1.84540E+03  2.01748E+02  1.36412E+02  1.85000E+01  0.00000E+00  5.00000E-01 -1.10548E-05 -6.74602E-05  2.17757E-16 -1.60140E+04 -2.04635E+02 -3.80802E+02 -1.82459E+03 -1.84458E+02 -1.42673E+02
   1.80000E+01  5.00000E-01  1.00000E+00 -8.22292E-06 -6.46435E-05  1.27097E-08 -1.89628E+04  2.12446E+01  5.81218E+02 -2.77969E+03  2.03522E+02  1.44421E+02  1.80000E+01  5.00000E-01  5.00000E-01 -8.22444E-06 -6.46458E-05  2.09095E-16 -1.90001E+04 -1.06826E+01  5.60458E+02 -2.79908E+03 -2.01583E+02 -1.53564E+02  1.80000E+01  0.00000E+00  5.00000E-01 -1.10039E-05 -6.46604E-05  2.09909E-16 -1.51212E+04  1.32042E+03  1.07018E+03 -3.09581E+03  1.97938E+02  1.38890E+02  1.80000E+01  0.00000E+00  1.00000E+00 -1.10022E-05 -6.46581E-05  1.73484E-08 -1.51163E+04  1.30655E+03  1.06748E+03 -3.12866E+03 -2.07167E+02 -1.40195E+02  1.85000E+01  5.00000E-01  1.00000E+00 -8.25942E-06 -6.74471E-05  9.64558E-09 -1.98840E+04 -1.53216E+03 -9.35913E+02 -1.50847E+03  2.03504E+02  1.36166E+02  1.85000E+01  5.00000E-01  5.00000E-01 -8.26103E-06 -6.74491E-05  2.16953E-16 -1.99414E+04 -1.61120E+03 -9.76865E+02 -1.51582E+03 -1.82702E+02 -1.61820E+02  1.85000E+01  0.00000E+00  5.00000E-01 -1.10548E-05 -6.74602E-05  2.17757E-16 -1.60140E+04 -2.04635E+02 -3.80802E+02 -1.82459E+03  1.84458E+02  1.42673E+02  1.85000E+01  0.00000E+00  1.00000E+00 -1.10532E-05 -6.74579E-05  1.39157E-08 -1.60293E+04 -2.65621E+02 -4.03697E+02 -1.84540E+03 -2.01748E+02 -1.36412E+02
   1.80000E+01  1.00000E+00  5.00000E-01 -5.46842E-06 -6.46360E-05  2.08296E-16 -1.34243E+04 -3.32636E+02  3.36955E+02 -7.00442E+03  1.78979E+02  1.30566E+02  1.80000E+01  1.00000E+00  0.00000E+00 -5.46731E-06 -6.46339E-05 -8.29578E-09 -1.34355E+04 -2.97004E+02  3.44279E+02 -6.94148E+03 -2.00203E+02 -1.28723E+02  1.80000E+01  5.00000E-01  0.00000E+00 -8.22292E-06 -6.46435E-05 -1.27097E-08 -9.64697E+03  9.61195E+02  8.72422E+02 -7.29405E+03  1.93133E+02  1.17626E+02  1.80000E+01  5.00000E-01  5.00000E-01 -8.22444E-06 -6.46458E-05  2.09095E-16 -9.66853E+03  9.92393E+02  8.75312E+02 -7.22428E+03 -1.86049E+02 -1.06476E+02  1.85000E+01  1.00000E+00  5.00000E-01 -5.49108E-06 -6.74425E-05  2.16146E-16 -1.42476E+04 -1.73527E+03 -1.00500E+03 -5.76269E+03  1.58735E+02  1.21295E+02  1.85000E+01  1.00000E+00  0.00000E+00 -5.48982E-06 -6.74407E-05 -5.91777E-09 -1.42486E+04 -1.67576E+03 -9.87443E+02 -5.70270E+03 -1.85260E+02 -1.37994E+02  1.85000E+01  5.00000E-01  0.00000E+00 -8.25942E-06 -6.74471E-05 -9.64558E-09 -1.04176E+04 -3.88660E+02 -3.46378E+02 -6.05232E+03  1.79711E+02  1.05399E+02  1.85000E+01  5.00000E-01  5.00000E-01 -8.26103E-06 -6.74491E-05  2.16953E-16 -1.04289E+04 -3.33586E+02 -3.33255E+02 -5.98550E+03 -1.64284E+02 -1.18703E+02
   1.80000E+01  1.00000E+00  1.00000E+00 -5.46731E-06 -6.46339E-05  8.29578E-09 -1.34355E+04 -2.97004E+02  3.44279E+02 -6.94148E+03  2.00203E+02  1.28723E+02  1.80000E+01  1.00000E+00  5.00000E-01 -5.46842E-06 -6.46360E-05  2.08296E-16 -1.34243E+04 -3.32636E+02  3.36955E+02 -7.00442E+03 -1.78979E+02 -1.30566E+02  1.80000E+01  5.00000E-01  5.00000E-01 -8.22444E-06 -6.46458E-05  2.09095E-16 -9.66853E+03  9.92393E+02  8.75312E+02 -7.22428E+03  1.86049E+02  1.06476E+02  1.80000E+01  5.00000E-01  1.00000E+00 -8.22292E-06 -6.46435E-05  1.27097E-08 -9.64697E+03  9.61195E+02  8.72422E+02 -7.29405E+03 -1.93133E+02 -1.17626E+02  1.85000E+01  1.00000E+00  1.00000E+00 -5.48982E-06 -6.74407E-05  5.91777E-09 -1.42486E+04 -1.67576E+03 -9.87443E+02 -5.70270E+03  1.85260E+02  1.37994E+02  1.85000E+01  1.00000E+00  5.00000E-01 -5.49108E-06 -6.74425E-05  2.16146E-16 -1.42476E+04 -1.73527E+03 -1.00500E+03 -5.76269E+03 -1.58735E+02 -1.21295E+02  1.85000E+01  5.00000E-01  5.00000E-01 -8.26103E-06 -6.74491E-05  2.16953E-16 -1.04289E+04 -3.33586E+02 -3.33255E+02 -5.98550E+03  1.64284E+02  1.18703E+02  1.85000E+01  5.00000E-01  1.00000E+00 -8.25942E-06 -6.74471E-05  9.64558E-09 -1.04176E+04 -3.88660E+02 -3.46378E+02 -6.05232E+03 -1.79711E+02 -1.05399E+02
   1.80000E+01  1.50000E+00  5.00000E-01 -2.72961E-06 -6.46307E-05  2.07500E-16 -8.07407E+03 -4.48507E+02  2.23401E+02 -1.02002E+04  1.68625E+02  1.01604E+02  1.80000E+01  1.50000E+00  0.00000E+00 -2.72903E-06 -6.46287E-05 -4.07194E-09 -8.10058E+03 -4.25747E+02  2.22276E+02 -1.01125E+04 -1.85623E+02 -8.86924E+01  1.80000E+01  1.00000E+00  0.00000E+00 -5.46731E-06 -6.46339E-05 -8.29578E-09 -4.89531E+03  6.10174E+02  5.73585E+02 -1.03996E+04  1.80567E+02  7.07712E+01  1.80000E+01  1.00000E+00  5.00000E-01 -5.46842E-06 -6.46360E-05  2.08296E-16 -4.91593E+03  6.35459E+02  5.74986E+02 -1.03029E+04 -1.73681E+02 -6.23542E+01  1.85000E+01  1.50000E+00  5.00000E-01 -2.74031E-06 -6.74393E-05  2.15360E-16 -8.65865E+03 -1.43193E+03 -7.41772E+02 -9.14017E+03  1.30965E+02  8.89115E+01  1.85000E+01  1.50000E+00  0.00000E+00 -2.73960E-06 -6.74378E-05 -2.80877E-09 -8.67165E+03 -1.37765E+03 -7.29387E+02 -9.05079E+03 -1.66112E+02 -1.01385E+02  1.85000E+01  1.00000E+00  0.00000E+00 -5.48982E-06 -6.74407E-05 -5.91777E-09 -5.39414E+03 -2.87497E+02 -1.91489E+02 -9.33960E+03  1.51915E+02  5.97623E+01  1.85000E+01  1.00000E+00  5.00000E-01 -5.49108E-06 -6.74425E-05  2.16146E-16 -5.40125E+03 -2.30688E+02 -1.76579E+02 -9.24121E+03 -1.45163E+02 -7.33631E+01
   1.80000E+01  1.50000E+00  1.00000E+00 -2.72903E-06 -6.46287E-05  4.07194E-09 -8.10058E+03 -4.25747E+02  2.22276E+02 -1.01125E+04  1.85623E+02  8.86924E+01  1.80000E+01  1.50000E+00  5.00000E-01 -2.72961E-06 -6.46307E-05  2.07500E-16 -8.07407E+03 -4.48507E+02  2.23401E+02 -1.02002E+04 -1.68625E+02 -1.01604E+02  1.80000E+01  1.00000E+00  5.00000E-01 -5.46842E-06 -6.46360E-05  2.08296E-16 -4.91593E+03  6.35459E+02  5.74986E+02 -1.03029E+04  1.73681E+02  6.23542E+01  1.80000E+01  1.00000E+00  1.00000E+00 -5.46731E-06 -6.46339E-05  8.29578E-09 -4.89531E+03  6.10174E+02  5.73585E+02 -1.03996E+04 -1.80567E+02 -7.07712E+01  1.85000E+01  1.50000E+00  1.00000E+00 -2.73960E-06 -6.74378E-05  2.80877E-09 -8.67165E+03 -1.37765E+03 -7.29387E+02 -9.05079E+03  1.66112E+02  1.01385E+02  1.85000E+01  1.50000E+00  5.00000E-01 -2.74031E-06 -6.74393E-05  2.15360E-16 -8.65865E+03 -1.43193E+03 -7.41772E+02 -9.14017E+03 -1.30965E+02 -8.89115E+01  1.85000E+01  1.00000E+00  5.00000E-01 -5.49108E-06 -6.74425E-05  2.16146E-16 -5.40125E+03 -2.30688E+02 -1.76579E+02 -9.24121E+03  1.45163E+02  7.33631E+01  1.85000E+01  1.00000E+00  1.00000E+00 -5.48982E-06 -6.74407E-05  5.91777E-09 -5.39414E+03 -2.87497E+02 -1.91489E+02 -9.33960E+03 -1.51915E+02 -5.97623E+01
   1.80000E+01  2.00000E+00  5.00000E-01  4.91279E-20 -6.46291E-05  2.06726E-16 -3.47186E+03 -4.46737E+02  2.47845E+01 -1.19627E+04  1.64387E+02  4.69149E+01  1.80000E+01  2.00000E+00  0.00000E+00  7.91589E-18 -6.46271E-05  2.06728E-16 -3.49366E+03 -4.42954E+02  1.93803E+01 -1.18552E+04 -1.73585E+02 -4.15740E+01  1.80000E+01  1.50000E+00  0.00000E+00 -2.72903E-06 -6.46287E-05 -4.07194E-09 -6.82208E+02  4.59139E+02  2.54716E+02 -1.20270E+04  1.68980E+02  1.25708E+01  1.80000E+01  1.50000E+00  5.00000E-01 -2.72961E-06 -6.46307E-05  2.07500E-16 -6.83004E+02  4.71923E+02  2.58312E+02 -1.19177E+04 -1.68992E+02 -1.11397E+01  1.85000E+01  2.00000E+00  5.00000E-01  4.70103E-20 -6.74383E-05  2.14583E-16 -3.70099E+03 -8.04382E+02 -3.81317E+02 -1.10208E+04  1.29282E+02  3.87184E+01  1.85000E+01  2.00000E+00  0.00000E+00  7.90673E-18 -6.74369E-05  2.14584E-16 -3.72015E+03 -7.94447E+02 -3.84085E+02 -1.09073E+04 -1.43912E+02 -4.97705E+01  1.85000E+01  1.50000E+00  0.00000E+00 -2.73960E-06 -6.74378E-05 -2.80877E-09 -8.14164E+02  1.98662E+02  7.53385E+01 -1.10851E+04  1.35634E+02  1.03746E+01  1.85000E+01  1.50000E+00  5.00000E-01 -2.74031E-06 -6.74393E-05  2.15360E-16 -8.12324E+02  2.17597E+02  8.15713E+01 -1.09698E+04 -1.37560E+02 -1.33360E+01
   1.80000E+01  2.00000E+00  1.00000E+00 -7.81663E-18 -6.46271E-05  2.06720E-16 -3.49366E+03 -4.42954E+02  1.93803E+01 -1.18552E+04  1.73585E+02  4.15740E+01  1.80000E+01  2.00000E+00  5.00000E-01  4.91279E-20 -6.46291E-05  2.06726E-16 -3.47186E+03 -4.46737E+02  2.47845E+01 -1.19627E+04 -1.64387E+02 -4.69149E+01  1.80000E+01  1.50000E+00  5.00000E-01 -2.72961E-06 -6.46307E-05  2.07500E-16 -6.83004E+02  4.71923E+02  2.58312E+02 -1.19177E+04  1.68992E+02  1.11397E+01  1.80000E+01  1.50000E+00  1.00000E+00 -2.72903E-06 -6.46287E-05  4.07194E-09 -6.82208E+02  4.59139E+02  2.54716E+02 -1.20270E+04 -1.68980E+02 -1.25708E+01  1.85000E+01  2.00000E+00  1.00000E+00 -7.80001E-18 -6.74369E-05  2.14573E-16 -3.72015E+03 -7.94447E+02 -3.84085E+02 -1.09073E+04  1.43912E+02  4.97705E+01  1.85000E+01  2.00000E+00  5.00000E-01  4.70103E-20 -6.74383E-05  2.14583E-16 -3.70099E+03 -8.04382E+02 -3.81317E+02 -1.10208E+04 -1.29282E+02 -3.87184E+01  1.85000E+01  1.50000E+00  5.00000E-01 -2.74031E-06 -6.74393E-05  2.15360E-16 -8.12324E+02  2.17597E+02  8.15713E+01 -1.09698E+04  1.37560E+02  1.33360E+01  1.85000E+01  1.50000E+00  1.00000E+00 -2.73960E-06 -6.74378E-05  2.80877E-09 -8.14164E+02  1.98662E+02  7.53385E+01 -1.10851E+04 -1.35634E+02 -1.03746E+01
   1.80000E+01  2.50000E+00  5.00000E-01  2.72961E-06 -6.46307E-05  2.05951E-16  6.82208E+02 -4.59139E+02 -2.54716E+02 -1.20270E+04  1.68980E+02 -1.25708E+01  1.80000E+01  2.50000E+00  0.00000E+00  2.72903E-06 -6.46287E-05  4.07194E-09  6.83004E+02 -4.71923E+02 -2.58312E+02 -1.19177E+04 -1.68992E+02  1.11397E+01  1.80000E+01  2.00000E+00  0.00000E+00  7.91589E-18 -6.46271E-05  2.06728E-16  3.47186E+03  4.46737E+02 -2.47845E+01 -1.19627E+04  1.64387E+02 -4.69149E+01  1.80000E+01  2.00000E+00  5.00000E-01  4.91279E-20 -6.46291E-05  2.06726E-16  3.49366E+03  4.42954E+02 -1.93803E+01 -1.18552E+04 -1.73585E+02  4.15740E+01  1.85000E+01  2.50000E+00  5.00000E-01  2.74031E-06 -6.74393E-05  2.13808E-16  8.14164E+02 -1.98662E+02 -7.53385E+01 -1.10851E+04  1.35634E+02 -1.03746E+01  1.85000E+01  2.50000E+00  0.00000E+00  2.73960E-06 -6.74378E-05  2.80877E-09  8.12324E+02 -2.17597E+02 -8.15713E+01 -1.09698E+04 -1.37560E+02  1.33360E+01  1.85000E+01  2.00000E+00  0.00000E+00  7.90673E-18 -6.74369E-05  2.14584E-16  3.70099E+03  8.04382E+02  3.81317E+02 -1.10208E+04  1.29282E+02 -3.87184E+01  1.85000E+01  2.00000E+00  5.00000E-01  4.70103E-20 -6.74383E-05  2.14583E-16  3.72015E+03  7.94447E+02  3.84085E+02 -1.09073E+04 -1.43912E+02  4.97705E+01
   1.80000E+01  2.50000E+00  1.00000E+00  2.72903E-06 -6.46287E-05 -4.07194E-09  6.83004E+02 -4.71923E+02 -2.58312E+02 -1.19177E+04  1.68992E+02 -1.11397E+01  1.80000E+01  2.50000E+00  5.00000E-01  2.72961E-06 -6.46307E-05  2.05951E-16  6.82208E+02 -4.59139E+02 -2.54716E+02 -1.20270E+04 -1.68980E+02  1.25708E+01  1.80000E+01  2.00000E+00  5.00000E-01  4.91279E-20 -6.46291E-05  2.06726E-16  3.49366E+03  4.42954E+02 -1.93803E+01 -1.18552E+04  1.73585E+02 -4.15740E+01  1.80000E+01  2.00000E+00  1.00000E+00 -7.81663E-18 -6.46271E-05  2.06720E-16  3.47186E+03  4.46737E+02 -2.47845E+01 -1.19627E+04 -1.64387E+02  4.69149E+01  1.85000E+01  2.50000E+00  1.00000E+00  2.73960E-06 -6.74378E-05 -2.80877E-09  8.12324E+02 -2.17597E+02 -8.15713E+01 -1.09698E+04  1.37560E+02 -1.33360E+01  1.85000E+01  2.50000E+00  5.00000E-01  2.74031E-06 -6.74393E-05  2.13808E-16  8.14164E+02 -1.98662E+02 -7.53385E+01 -1.10851E+04 -1.35634E+02  1.03746E+01  1.85000E+01  2.00000E+00  5.00000E-01  4.70103E-20 -6.74383E-05  2.14583E-16  3.72015E+03  7.94447E+02  3.84085E+02 -1.09073E+04  1.43912E+02 -4.97705E+01  1.85000E+01  2.00000E+00  1.00000E+00 -7.80001E-18 -6.74369E-05  2.14573E-16  3.70099E+03  8.04382E+02  3.81317E+02 -1.10208E+04 -1.29282E+02  3.87184E+01
   1.80000E+01  3.00000E+00  5.00000E-01  5.46842E-06 -6.46360E-05  2.05177E-16  4.89531E+03 -6.10174E+02 -5.73585E+02 -1.03996E+04  1.80567E+02 -7.07712E+01  1.80000E+01  3.00000E+00  0.00000E+00  5.46731E-06 -6.46339E-05  8.29578E-09  4.91593E+03 -6.35459E+02 -5.74986E+02 -1.03029E+04 -1.73681E+02  6.23542E+01  1.80000E+01  2.50000E+00  0.00000E+00  2.72903E-06 -6.46287E-05  4.07194E-09  8.07407E+03  4.48507E+02 -2.23401E+02 -1.02002E+04  1.68625E+02 -1.01604E+02  1.80000E+01  2.50000E+00  5.00000E-01  2.72961E-06 -6.46307E-05  2.05951E-16  8.10058E+03  4.25747E+02 -2.22276E+02 -1.01125E+04 -1.85623E+02  8.86924E+01  1.85000E+01  3.00000E+00  5.00000E-01  5.49108E-06 -6.74425E-05  2.13033E-16  5.39414E+03  2.87497E+02  1.91489E+02 -9.33960E+03  1.51915E+02 -5.97623E+01  1.85000E+01  3.00000E+00  0.00000E+00  5.48982E-06 -6.74407E-05  5.91777E-09  5.40125E+03  2.30688E+02  1.76579E+02 -9.24121E+03 -1.45163E+02  7.33631E+01  1.85000E+01  2.50000E+00  0.00000E+00  2.73960E-06 -6.74378E-05  2.80877E-09  8.65865E+03  1.43193E+03  7.41772E+02 -9.14017E+03  1.30965E+02 -8.89115E+01  1.85000E+01  2.50000E+00  5.00000E-01  2.74031E-06 -6.74393E-05  2.13808E-16  8.67165E+03  1.37765E+03  7.29387E+02 -9.05079E+03 -1.66112E+02  1.01385E+02
   1.80000E+01  3.00000E+00  1.00000E+00  5.46731E-06 -6.46339E-05 -8.29578E-09  4.91593E+03 -6.35459E+02 -5.74986E+02 -1.03029E+04  1.73681E+02 -6.23542E+01  1.80000E+01  3.00000E+00  5.00000E-01  5.46842E-06 -6.46360E-05  2.05177E-16  4.89531E+03 -6.10174E+02 -5.73585E+02 -1.03996E+04 -1.80567E+02  7.07712E+01  1.80000E+01  2.50000E+00  5.00000E-01  2.72961E-06 -6.46307E-05  2.05951E-16  8.10058E+03  4.25747E+02 -2.22276E+02 -1.01125E+04  1.85623E+02 -8.86924E+01  1.80000E+01  2.50000E+00  1.00000E+00  2.72903E-06 -6.46287E-05 -4.07194E-09  8.07407E+03  4.48507E+02 -2.23401E+02 -1.02002E+04 -1.68625E+02  1.01604E+02  1.85000E+01  3.00000E+00  1.00000E+00  5.48982E-06 -6.74407E-05 -5.91777E-09  5.40125E+03  2.30688E+02  1.76579E+02 -9.24121E+03  1.45163E+02 -7.33631E+01  1.85000E+01  3.00000E+00  5.00000E-01  5.49108E-06 -6.74425E-05  2.13033E-16  5.39414E+03  2.87497E+02  1.91489E+02 -9.33960E+03 -1.51915E+02  5.97623E+01  1.85000E+01  2.50000E+00  5.00000E-01  2.74031E-06 -6.74393E-05  2.13808E-16  8.67165E+03  1.37765E+03  7.29387E+02 -9.05079E+03  1.66112E+02 -1.01385E+02  1.85000E+01  2.50000E+00  1.00000E+00  2.73960E-06 -6.74378E-05 -2.80877E-09  8.65865E+03  1.43193E+03  7.41772E+02 -9.14017E+03 -1.30965E+02  8.89115E+01
   1.80000E+01  3.50000E+00  5.00000E-01  8.22444E-06 -6.46458E-05  2.04399E-16  9.64697E+03 -9.61195E+02 -8.72422E+02 -7.29405E+03  1.93133E+02 -1.17626E+02  1.80000E+01  3.50000E+00  0.00000E+00  8.22292E-06 -6.46435E-05  1.27097E-08  9.66853E+03 -9.92393E+02 -8.75312E+02 -7.22428E+03 -1.86049E+02  1.06476E+02  1.80000E+01  3.00000E+00  0.00000E+00  5.46731E-06 -6.46339E-05  8.29578E-09  1.34243E+04  3.32636E+02 -3.36955E+02 -7.00442E+03  1.78979E+02 -1.30566E+02  1.80000E+01  3.00000E+00  5.00000E-01  5.46842E-06 -6.46360E-05  2.05177E-16  1.34355E+04  2.97004E+02 -3.44279E+02 -6.94148E+03 -2.00203E+02  1.28723E+02  1.85000E+01  3.50000E+00  5.00000E-01  8.26103E-06 -6.74491E-05  2.12257E-16  1.04176E+04  3.88660E+02  3.46378E+02 -6.05232E+03  1.79711E+02 -1.05399E+02  1.85000E+01  3.50000E+00  0.00000E+00  8.25942E-06 -6.74471E-05  9.64558E-09  1.04289E+04  3.33586E+02  3.33255E+02 -5.98550E+03 -1.64284E+02  1.18703E+02  1.85000E+01  3.00000E+00  0.00000E+00  5.48982E-06 -6.74407E-05  5.91777E-09  1.42476E+04  1.73527E+03  1.00500E+03 -5.76269E+03  1.58735E+02 -1.21295E+02  1.85000E+01  3.00000E+00  5.00000E-01  5.49108E-06 -6.74425E-05  2.13033E-16  1.42486E+04  1.67576E+03  9.87443E+02 -5.70270E+03 -1.85260E+02  1.37994E+02
   1.80000E+01  3.50000E+00  1.00000E+00  8.22292E-06 -6.46435E-05 -1.27097E-08  9.66853E+03 -9.92393E+02 -8.75312E+02 -7.22428E+03  1.86049E+02 -1.06476E+02  1.80000E+01  3.50000E+00  5.00000E-01  8.22444E-06 -6.46458E-05  2.04399E-16  9.64697E+03 -9.61195E+02 -8.72422E+02 -7.29405E+03 -1.93133E+02  1.17626E+02  1.80000E+01  3.00000E+00  5.00000E-01  5.46842E-06 -6.46360E-05  2.05177E-16  1.34355E+04  2.97004E+02 -3.44279E+02 -6.94148E+03  2.00203E+02 -1.28723E+02  1.80000E+01  3.00000E+00  1.00000E+00  5.46731E-06 -6.46339E-05 -8.29578E-09  1.34243E+04  3.32636E+02 -3.36955E+02 -7.00442E+03 -1.78979E+02  1.30566E+02  1.85000E+01  3.50000E+00  1.00000E+00  8.25942E-06 -6.74471E-05 -9.64558E-09  1.04289E+04  3.33586E+02  3.33255E+02 -5.98550E+03  1.64284E+02 -1.18703E+02  1.85000E+01  3.50000E+00  5.00000E-01  8.26103E-06 -6.74491E-05  2.12257E-16  1.04176E+04  3.88660E+02  3.46378E+02 -6.05232E+03 -1.79711E+02  1.05399E+02  1.85000E+01  3.00000E+00  5.00000E-01  5.49108E-06 -6.74425E-05  2.13033E-16  1.42486E+04  1.67576E+03  9.87443E+02 -5.70270E+03  1.85260E+02 -1.37994E+02  1.85000E+01  3.00000E+00  1.00000E+00  5.48982E-06 -6.74407E-05 -5.91777E-09  1.42476E+04  1.73527E+03  1.00500E+03 -5.76269E+03 -1.58735E+02  1.21295E+02
   1.80000E+01  4.00000E+00  5.00000E-01  1.10039E-05 -6.46604E-05  2.03640E-16  1.51163E+04 -1.30655E+03 -1.06748E+03 -3.12866E+03  2.07167E+02 -1.40195E+02  1.80000E+01  4.00000E+00  0.00000E+00  1.10022E-05 -6.46581E-05  1.73484E-08  1.51212E+04 -1.32042E+03 -1.07018E+03 -3.09581E+03 -1.97938E+02  1.38890E+02  1.80000E+01  3.50000E+00  0.00000E+00  8.22292E-06 -6.46435E-05  1.27097E-08  1.90001E+04  1.06826E+01 -5.60458E+02 -2.79908E+03  2.01583E+02 -1.53564E+02  1.80000E+01  3.50000E+00  5.00000E-01  8.22444E-06 -6.46458E-05  2.04399E-16  1.89628E+04 -2.12446E+01 -5.81218E+02 -2.77969E+03 -2.03522E+02  1.44421E+02  1.85000E+01  4.00000E+00  5.00000E-01  1.10548E-05 -6.74602E-05  2.11516E-16  1.60293E+04  2.65621E+02  4.03697E+02 -1.84540E+03  2.01748E+02 -1.36412E+02  1.85000E+01  4.00000E+00  0.00000E+00  1.10532E-05 -6.74579E-05  1.39157E-08  1.60140E+04  2.04635E+02  3.80802E+02 -1.82459E+03 -1.84458E+02  1.42673E+02  1.85000E+01  3.50000E+00  0.00000E+00  8.25942E-06 -6.74471E-05  9.64558E-09  1.99414E+04  1.61120E+03  9.76865E+02 -1.51582E+03  1.82702E+02 -1.61820E+02  1.85000E+01  3.50000E+00  5.00000E-01  8.26103E-06 -6.74491E-05  2.12257E-16  1.98840E+04  1.53216E+03  9.35913E+02 -1.50847E+03 -2.03504E+02  1.36166E+02
   1.80000E+01  4.00000E+00  1.00000E+00  1.10022E-05 -6.46581E-05 -1.73484E-08  1.51212E+04 -1.32042E+03 -1.07018E+03 -3.09581E+03  1.97938E+02 -1.38890E+02  1.80000E+01  4.00000E+00  5.00000E-01  1.10039E-05 -6.46604E-05  2.03640E-16  1.51163E+04 -1.30655E+03 -1.06748E+03 -3.12866E+03 -2.07167E+02  1.40195E+02  1.80000E+01  3.50000E+00  5.00000E-01  8.22444E-06 -6.46458E-05  2.04399E-16  1.89628E+04 -2.12446E+01 -5.81218E+02 -2.77969E+03  2.03522E+02 -1.44421E+02  1.80000E+01  3.50000E+00  1.00000E+00  8.22292E-06 -6.46435E-05 -1.27097E-08  1.90001E+04  1.06826E+01 -5.60458E+02 -2.79908E+03 -2.01583E+02  1.53564E+02  1.85000E+01  4.00000E+00  1.00000E+00  1.10532E-05 -6.74579E-05 -1.39157E-08  1.60140E+04  2.04635E+02  3.80802E+02 -1.82459E+03  1.84458E+02 -1.42673E+02  1.85000E+01  4.00000E+00  5.00000E-01  1.10548E-05 -6.74602E-05  2.11516E-16  1.60293E+04  2.65621E+02  4.03697E+02 -1.84540E+03 -2.01748E+02  1.36412E+02  1.85000E+01  3.50000E+00  5.00000E-01  8.26103E-06 -6.74491E-05  2.12257E-16  1.98840E+04  1.53216E+03  9.35913E+02 -1.50847E+03  2.03504E+02 -1.36166E+02  1.85000E+01  3.50000E+00  1.00000E+00  8.25942E-06 -6.74471E-05 -9.64558E-09  1.99414E+04  1.61120E+03  9.76865E+02 -1.51582E+03 -1.82702E+02  1.61820E+02
   1.85000E+01  5.00000E-01  5.00000E-01 -8.26103E-06 -6.74491E-05  2.16953E-16 -1.46993E+04 -1.53831E+02  5.23170E+02 -2.51769E+03  2.07931E+02  5.95665E+01  1.85000E+01  5.00000E-01  0.00000E+00 -8.25942E-06 -6.74471E-05 -9.64558E-09 -1.48830E+04 -1.64190E+02  4.64952E+02 -2.50979E+03 -1.93702E+02 -1.78164E+02  1.85000E+01  0.00000E+00  0.00000E+00 -1.10532E-05 -6.74579E-05 -1.39157E-08 -1.06764E+04  1.22600E+03  1.09974E+03 -2.78210E+03  2.31861E+02  1.46443E+02  1.85000E+01  0.00000E+00  5.00000E-01 -1.10548E-05 -6.74602E-05  2.17757E-16 -1.07886E+04  1.24629E+03  1.07217E+03 -2.77433E+03 -1.69773E+02 -1.52336E+02  1.90000E+01  5.00000E-01  5.00000E-01 -8.28663E-06 -7.02647E-05  2.24792E-16 -1.54525E+04 -1.43587E+03 -7.05507E+02 -1.19617E+03  2.95740E+02 -3.17520E+00  1.90000E+01  5.00000E-01  0.00000E+00 -8.28463E-06 -7.02627E-05 -6.03025E-09 -1.56364E+04 -1.44665E+03 -7.63903E+02 -1.16784E+03 -1.66942E+02 -2.40906E+02  1.90000E+01  0.00000E+00  0.00000E+00 -1.10932E-05 -7.02705E-05 -1.14909E-08 -1.15212E+04 -1.47613E+02 -3.42610E+02 -1.46058E+03  3.19551E+02  1.04134E+02  1.90000E+01  0.00000E+00  5.00000E-01 -1.10956E-05 -7.02728E-05  2.25595E-16 -1.16335E+04 -1.27739E+02 -3.70358E+02 -1.43237E+03 -1.43131E+02 -1.94645E+02
   1.85000E+01  5.00000E-01  1.00000E+00 -8.25942E-06 -6.74471E-05  9.64558E-09 -1.48830E+04 -1.64190E+02  4.64952E+02 -2.50979E+03  1.93702E+02  1.78164E+02  1.85000E+01  5.00000E-01  5.00000E-01 -8.26103E-06 -6.74491E-05  2.16953E-16 -1.46993E+04 -1.53831E+02  5.23170E+02 -2.51769E+03 -2.07931E+02 -5.95665E+01  1.85000E+01  0.00000E+00  5.00000E-01 -1.10548E-05 -6.74602E-05  2.17757E-16 -1.07886E+04  1.24629E+03  1.07217E+03 -2.77433E+03  1.69773E+02  1.52336E+02  1.85000E+01  0.00000E+00  1.00000E+00 -1.10532E-05 -6.74579E-05  1.39157E-08 -1.06764E+04  1.22600E+03  1.09974E+03 -2.78210E+03 -2.31861E+02 -1.46443E+02  1.90000E+01  5.00000E-01  1.00000E+00 -8.28463E-06 -7.02627E-05  6.03026E-09 -1.56364E+04 -1.44665E+03 -7.63903E+02 -1.16784E+03  1.66942E+02  2.40906E+02  1.90000E+01  5.00000E-01  5.00000E-01 -8.28663E-06 -7.02647E-05  2.24792E-16 -1.54525E+04 -1.43587E+03 -7.05507E+02 -1.19617E+03 -2.95740E+02  3.17520E+00  1.90000E+01  0.00000E+00  5.00000E-01 -1.10956E-05 -7.02728E-05  2.25595E-16 -1.16335E+04 -1.27739E+02 -3.70358E+02 -1.43237E+03  1.43131E+02  1.94645E+02  1.90000E+01  0.00000E+00  1.00000E+00 -1.10932E-05 -7.02705E-05  1.14909E-08 -1.15212E+04 -1.47613E+02 -3.42610E+02 -1.46058E+03 -3.19551E+02 -1.04134E+02
   1.85000E+01  1.00000E+00  5.00000E-01 -5.49108E-06 -6.74425E-05  2.16146E-16 -9.10911E+03 -2.97991E+02  4.28751E+02 -6.79562E+03  1.38984E+02  1.69605E+02  1.85000E+01  1.00000E+00  0.00000E+00 -5.48982E-06 -6.74407E-05 -5.91777E-09 -9.18208E+03 -2.20917E+02  4.29985E+02 -6.74809E+03 -1.78086E+02 -1.37474E+02  1.85000E+01  5.00000E-01  0.00000E+00 -8.25942E-06 -6.74471E-05 -9.64558E-09 -6.02424E+03  7.52322E+02  8.44924E+02 -7.06753E+03  1.76905E+02  1.46007E+02  1.85000E+01  5.00000E-01  5.00000E-01 -8.26103E-06 -6.74491E-05  2.16953E-16 -6.11889E+03  8.20103E+02  8.36864E+02 -6.98054E+03 -1.40166E+02 -1.22699E+02  1.90000E+01  1.00000E+00  5.00000E-01 -5.50532E-06 -7.02605E-05  2.23989E-16 -9.97761E+03 -1.71032E+03 -1.05390E+03 -5.77834E+03  1.05266E+02  1.32507E+02  1.90000E+01  1.00000E+00  0.00000E+00 -5.50355E-06 -7.02596E-05 -3.05072E-09 -9.99136E+03 -1.49509E+03 -9.93458E+02 -5.73701E+03 -1.73431E+02 -1.74572E+02  1.90000E+01  5.00000E-01  0.00000E+00 -8.28463E-06 -7.02627E-05 -6.03025E-09 -6.83518E+03 -6.02447E+02 -5.03422E+02 -6.05025E+03  1.82659E+02  1.02713E+02  1.90000E+01  5.00000E-01  5.00000E-01 -8.28663E-06 -7.02647E-05  2.24792E-16 -6.87062E+03 -3.96512E+02 -4.52273E+02 -5.96946E+03 -9.60380E+01 -1.65992E+02
   1.85000E+01  1.00000E+00  1.00000E+00 -5.48982E-06 -6.74407E-05  5.91777E-09 -9.18208E+03 -2.20917E+02  4.29985E+02 -6.74809E+03  1.78086E+02  1.37474E+02  1.85000E+01  1.00000E+00  5.00000E-01 -5.49108E-06 -6.74425E-05  2.16146E-16 -9.10911E+03 -2.97991E+02  4.28751E+02 -6.79562E+03 -1.38984E+02 -1.69605E+02  1.85000E+01  5.00000E-01  5.00000E-01 -8.26103E-06 -6.74491E-05  2.16953E-16 -6.11889E+03  8.20103E+02  8.36864E+02 -6.98054E+03  1.40166E+02  1.22699E+02  1.85000E+01  5.00000E-01  1.00000E+00 -8.25942E-06 -6.74471E-05  9.64558E-09 -6.02424E+03  7.52322E+02  8.44924E+02 -7.06753E+03 -1.76905E+02 -1.46007E+02  1.90000E+01  1.00000E+00  1.00000E+00 -5.50355E-06 -7.02596E-05  3.05072E-09 -9.99136E+03 -1.49509E+03 -9.93458E+02 -5.73701E+03  1.73431E+02  1.74572E+02  1.90000E+01  1.00000E+00  5.00000E-01 -5.50532E-06 -7.02605E-05  2.23989E-16 -9.97761E+03 -1.71032E+03 -1.05390E+03 -5.77834E+03 -1.05266E+02 -1.32507E+02  1.90000E+01  5.00000E-01  5.00000E-01 -8.28663E-06 -7.02647E-05  2.24792E-16 -6.87062E+03 -3.96512E+02 -4.52273E+02 -5.96946E+03  9.60380E+01  1.65992E+02  1.90000E+01  5.00000E-01  1.00000E+00 -8.28463E-06 -7.02627E-05  6.03026E-09 -6.83518E+03 -6.02447E+02 -5.03422E+02 -6.05025E+03 -1.82659E+02 -1.02713E+02
   1.85000E+01  1.50000E+00  5.00000E-01 -2.74031E-06 -6.74393E-05  2.15360E-16 -4.85738E+03 -2.16741E+02  3.62724E+02 -1.02965E+04  1.11597E+02  1.24470E+02  1.85000E+01  1.50000E+00  0.00000E+00 -2.73960E-06 -6.74378E-05 -2.80877E-09 -4.95798E+03 -1.83863E+02  3.42407E+02 -1.01666E+04 -1.40377E+02 -1.06014E+02  1.85000E+01  1.00000E+00  0.00000E+00 -5.48982E-06 -6.74407E-05 -5.91777E-09 -2.90315E+03  4.04808E+02  4.80324E+02 -1.03667E+04  1.38194E+02  8.92269E+01  1.85000E+01  1.00000E+00  5.00000E-01 -5.49108E-06 -6.74425E-05  2.16146E-16 -2.95192E+03  4.59898E+02  4.82220E+02 -1.02303E+04 -1.13780E+02 -7.52060E+01  1.90000E+01  1.50000E+00  5.00000E-01 -2.74682E-06 -7.02580E-05  2.23200E-16 -5.30832E+03 -8.07962E+02 -5.49182E+02 -9.63021E+03  9.63424E+01  8.43285E+01  1.90000E+01  1.50000E+00  0.00000E+00 -2.74589E-06 -7.02575E-05 -1.22971E-09 -5.39928E+03 -7.52601E+02 -5.59863E+02 -9.48544E+03 -8.95813E+01 -1.46155E+02  1.90000E+01  1.00000E+00  0.00000E+00 -5.50355E-06 -7.02596E-05 -3.05072E-09 -3.25501E+03 -8.73358E+01 -2.00403E+02 -9.70035E+03  1.29363E+02  6.38937E+01  1.90000E+01  1.00000E+00  5.00000E-01 -5.50532E-06 -7.02605E-05  2.23989E-16 -3.29414E+03 -9.76314E+00 -1.88872E+02 -9.54916E+03 -5.65606E+01 -1.00539E+02
   1.85000E+01  1.50000E+00  1.00000E+00 -2.73960E-06 -6.74378E-05  2.80877E-09 -4.95798E+03 -1.83863E+02  3.42407E+02 -1.01666E+04  1.40377E+02  1.06014E+02  1.85000E+01  1.50000E+00  5.00000E-01 -2.74031E-06 -6.74393E-05  2.15360E-16 -4.85738E+03 -2.16741E+02  3.62724E+02 -1.02965E+04 -1.11597E+02 -1.24470E+02  1.85000E+01  1.00000E+00  5.00000E-01 -5.49108E-06 -6.74425E-05  2.16146E-16 -2.95192E+03  4.59898E+02  4.82220E+02 -1.02303E+04  1.13780E+02  7.52060E+01  1.85000E+01  1.00000E+00  1.00000E+00 -5.48982E-06 -6.74407E-05  5.91777E-09 -2.90315E+03  4.04808E+02  4.80324E+02 -1.03667E+04 -1.38194E+02 -8.92269E+01  1.90000E+01  1.50000E+00  1.00000E+00 -2.74589E-06 -7.02575E-05  1.22971E-09 -5.39928E+03 -7.52601E+02 -5.59863E+02 -9.48544E+03  8.95813E+01  1.46155E+02  1.90000E+01  1.50000E+00  5.00000E-01 -2.74682E-06 -7.02580E-05  2.23200E-16 -5.30832E+03 -8.07962E+02 -5.49182E+02 -9.63021E+03 -9.63424E+01 -8.43285E+01  1.90000E+01  1.00000E+00  5.00000E-01 -5.50532E-06 -7.02605E-05  2.23989E-16 -3.29414E+03 -9.76314E+00 -1.88872E+02 -9.54916E+03  5.65606E+01  1.00539E+02  1.90000E+01  1.00000E+00  1.00000E+00 -5.50355E-06 -7.02596E-05  3.05072E-09 -3.25501E+03 -8.73358E+01 -2.00403E+02 -9.70035E+03 -1.29363E+02 -6.38937E+01
   1.85000E+01  2.00000E+00  5.00000E-01  4.70103E-20 -6.74383E-05  2.14583E-16 -2.03528E+03 -2.24136E+02  1.02986E+02 -1.20596E+04  1.07058E+02  6.01973E+01  1.85000E+01  2.00000E+00  0.00000E+00  7.90673E-18 -6.74369E-05  2.14584E-16 -2.07787E+03 -2.18817E+02  9.18043E+01 -1.19080E+04 -1.12786E+02 -5.04196E+01  1.85000E+01  1.50000E+00  0.00000E+00 -2.73960E-06 -6.74378E-05 -2.80877E-09 -3.95189E+02  2.90324E+02  1.77758E+02 -1.20634E+04  1.15308E+02  1.61298E+01  1.85000E+01  1.50000E+00  5.00000E-01 -2.74031E-06 -6.74393E-05  2.15360E-16 -3.97542E+02  3.12888E+02  1.83822E+02 -1.19084E+04 -1.04535E+02 -1.35099E+01  1.90000E+01  2.00000E+00  5.00000E-01  4.25634E-20 -7.02570E-05  2.22418E-16 -2.20689E+03 -4.03308E+02 -2.89850E+02 -1.14968E+04  8.14439E+01  4.44924E+01  1.90000E+01  2.00000E+00  0.00000E+00  7.88524E-18 -7.02566E-05  2.22427E-16 -2.24433E+03 -3.85981E+02 -2.95886E+02 -1.13337E+04 -5.74227E+01 -6.61245E+01  1.90000E+01  1.50000E+00  0.00000E+00 -2.74589E-06 -7.02575E-05 -1.22971E-09 -4.45326E+02  2.32618E+02  6.83423E+01 -1.15006E+04  9.31250E+01  1.19217E+01  1.90000E+01  1.50000E+00  5.00000E-01 -2.74682E-06 -7.02580E-05  2.23200E-16 -4.42532E+02  2.67190E+02  7.95519E+01 -1.13341E+04 -4.57415E+01 -1.77180E+01
   1.85000E+01  2.00000E+00  1.00000E+00 -7.80001E-18 -6.74369E-05  2.14573E-16 -2.07787E+03 -2.18817E+02  9.18043E+01 -1.19080E+04  1.12786E+02  5.04196E+01  1.85000E+01  2.00000E+00  5.00000E-01  4.70103E-20 -6.74383E-05  2.14583E-16 -2.03528E+03 -2.24136E+02  1.02986E+02 -1.20596E+04 -1.07058E+02 -6.01973E+01  1.85000E+01  1.50000E+00  5.00000E-01 -2.74031E-06 -6.74393E-05  2.15360E-16 -3.97542E+02  3.12888E+02  1.83822E+02 -1.19084E+04  1.04535E+02  1.35099E+01  1.85000E+01  1.50000E+00  1.00000E+00 -2.73960E-06 -6.74378E-05  2.80877E-09 -3.95189E+02  2.90324E+02  1.77758E+02 -1.20634E+04 -1.15308E+02 -1.61298E+01  1.90000E+01  2.00000E+00  1.00000E+00 -7.78789E-18 -7.02566E-05  2.22417E-16 -2.24433E+03 -3.85981E+02 -2.95886E+02 -1.13337E+04  5.74227E+01  6.61245E+01  1.90000E+01  2.00000E+00  5.00000E-01  4.25634E-20 -7.02570E-05  2.22418E-16 -2.20689E+03 -4.03308E+02 -2.89850E+02 -1.14968E+04 -8.14439E+01 -4.44924E+01  1.90000E+01  1.50000E+00  5.00000E-01 -2.74682E-06 -7.02580E-05  2.23200E-16 -4.42532E+02  2.67190E+02  7.95519E+01 -1.13341E+04  4.57415E+01  1.77180E+01  1.90000E+01  1.50000E+00  1.00000E+00 -2.74589E-06 -7.02575E-05  1.22971E-09 -4.45326E+02  2.32618E+02  6.83423E+01 -1.15006E+04 -9.31250E+01 -1.19217E+01
   1.85000E+01  2.50000E+00  5.00000E-01  2.74031E-06 -6.74393E-05  2.13808E-16  3.95189E+02 -2.90324E+02 -1.77758E+02 -1.20634E+04  1.15308E+02 -1.61298E+01  1.85000E+01  2.50000E+00  0.00000E+00  2.73960E-06 -6.74378E-05  2.80877E-09  3.97542E+02 -3.12888E+02 -1.83822E+02 -1.19084E+04 -1.04535E+02  1.35099E+01  1.85000E+01  2.00000E+00  0.00000E+00  7.90673E-18 -6.74369E-05  2.14584E-16  2.03528E+03  2.24136E+02 -1.02986E+02 -1.20596E+04  1.07058E+02 -6.01973E+01  1.85000E+01  2.00000E+00  5.00000E-01  4.70103E-20 -6.74383E-05  2.14583E-16  2.07787E+03  2.18817E+02 -9.18043E+01 -1.19080E+04 -1.12786E+02  5.04196E+01  1.90000E+01  2.50000E+00  5.00000E-01  2.74682E-06 -7.02580E-05  2.21658E-16  4.45326E+02 -2.32618E+02 -6.83423E+01 -1.15006E+04  9.31250E+01 -1.19217E+01  1.90000E+01  2.50000E+00  0.00000E+00  2.74589E-06 -7.02575E-05  1.22971E-09  4.42532E+02 -2.67190E+02 -7.95519E+01 -1.13341E+04 -4.57415E+01  1.77180E+01  1.90000E+01  2.00000E+00  0.00000E+00  7.88524E-18 -7.02566E-05  2.22427E-16  2.20689E+03  4.03308E+02  2.89850E+02 -1.14968E+04  8.14439E+01 -4.44924E+01  1.90000E+01  2.00000E+00  5.00000E-01  4.25634E-20 -7.02570E-05  2.22418E-16  2.24433E+03  3.85981E+02  2.95886E+02 -1.13337E+04 -5.74227E+01  6.61245E+01
   1.85000E+01  2.50000E+00  1.00000E+00  2.73960E-06 -6.74378E-05 -2.80877E-09  3.97542E+02 -3.12888E+02 -1.83822E+02 -1.19084E+04  1.04535E+02 -1.35099E+01  1.85000E+01  2.50000E+00  5.00000E-01  2.74031E-06 -6.74393E-05  2.13808E-16  3.95189E+02 -2.90324E+02 -1.77758E+02 -1.20634E+04 -1.15308E+02  1.61298E+01  1.85000E+01  2.00000E+00  5.00000E-01  4.70103E-20 -6.74383E-05  2.14583E-16  2.07787E+03  2.18817E+02 -9.18043E+01 -1.19080E+04  1.12786E+02 -5.04196E+01  1.85000E+01  2.00000E+00  1.00000E+00 -7.80001E-18 -6.74369E-05  2.14573E-16  2.03528E+03  2.24136E+02 -1.02986E+02 -1.20596E+04 -1.07058E+02  6.01973E+01  1.90000E+01  2.50000E+00  1.00000E+00  2.74589E-06 -7.02575E-05 -1.22971E-09  4.42532E+02 -2.67190E+02 -7.95519E+01 -1.13341E+04  4.57415E+01 -1.77180E+01  1.90000E+01  2.50000E+00  5.00000E-01  2.74682E-06 -7.02580E-05  2.21658E-16  4.45326E+02 -2.32618E+02 -6.83423E+01 -1.15006E+04 -9.31250E+01  1.19217E+01  1.90000E+01  2.00000E+00  5.00000E-01  4.25634E-20 -7.02570E-05  2.22418E-16  2.24433E+03  3.85981E+02  2.95886E+02 -1.13337E+04  5.74227E+01 -6.61245E+01  1.90000E+01  2.00000E+00  1.00000E+00 -7.78789E-18 -7.02566E-05  2.22417E-16  2.20689E+03  4.03308E+02  2.89850E+02 -1.14968E+04 -8.14439E+01  4.44924E+01
   1.85000E+01  3.00000E+00  5.00000E-01  5.49108E-06 -6.74425E-05  2.13033E-16  2.90315E+03 -4.04808E+02 -4.80324E+02 -1.03667E+04  1.38194E+02 -8.92269E+01  1.85000E+01  3.00000E+00  0.00000E+00  5.48982E-06 -6.74407E-05  5.91777E-09  2.95192E+03 -4.59898E+02 -4.82220E+02 -1.02303E+04 -1.13780E+02  7.52060E+01  1.85000E+01  2.50000E+00  0.00000E+00  2.73960E-06 -6.74378E-05  2.80877E-09  4.85738E+03  2.16741E+02 -3.62724E+02 -1.02965E+04  1.11597E+02 -1.24470E+02  1.85000E+01  2.50000E+00  5.00000E-01  2.74031E-06 -6.74393E-05  2.13808E-16  4.95798E+03  1.83863E+02 -3.42407E+02 -1.01666E+04 -1.40377E+02  1.06014E+02  1.90000E+01  3.00000E+00  5.00000E-01  5.50532E-06 -7.02605E-05  2.20891E-16  3.25501E+03  8.73358E+01  2.00403E+02 -9.70035E+03  1.29363E+02 -6.38937E+01  1.90000E+01  3.00000E+00  0.00000E+00  5.50355E-06 -7.02596E-05  3.05072E-09  3.29414E+03  9.76314E+00  1.88872E+02 -9.54916E+03 -5.65606E+01  1.00539E+02  1.90000E+01  2.50000E+00  0.00000E+00  2.74589E-06 -7.02575E-05  1.22971E-09  5.30832E+03  8.07962E+02  5.49182E+02 -9.63021E+03  9.63424E+01 -8.43285E+01  1.90000E+01  2.50000E+00  5.00000E-01  2.74682E-06 -7.02580E-05  2.21658E-16  5.39928E+03  7.52601E+02  5.59863E+02 -9.48544E+03 -8.95813E+01  1.46155E+02
   1.85000E+01  3.00000E+00  1.00000E+00  5.48982E-06 -6.74407E-05 -5.91777E-09  2.95192E+03 -4.59898E+02 -4.82220E+02 -1.02303E+04  1.13780E+02 -7.52060E+01  1.85000E+01  3.00000E+00  5.00000E-01  5.49108E-06 -6.74425E-05  2.13033E-16  2.90315E+03 -4.04808E+02 -4.80324E+02 -1.03667E+04 -1.38194E+02  8.92269E+01  1.85000E+01  2.50000E+00  5.00000E-01  2.74031E-06 -6.74393E-05  2.13808E-16  4.95798E+03  1.83863E+02 -3.42407E+02 -1.01666E+04  1.40377E+02 -1.06014E+02  1.85000E+01  2.50000E+00  1.00000E+00  2.73960E-06 -6.74378E-05 -2.80877E-09  4.85738E+03  2.16741E+02 -3.62724E+02 -1.02965E+04 -1.11597E+02  1.24470E+02  1.90000E+01  3.00000E+00  1.00000E+00  5.50355E-06 -7.02596E-05 -3.05072E-09  3.29414E+03  9.76314E+00  1.88872E+02 -9.54916E+03  5.65606E+01 -1.00539E+02  1.90000E+01  3.00000E+00  5.00000E-01  5.50532E-06 -7.02605E-05  2.20891E-16  3.25501E+03  8.73358E+01  2.00403E+02 -9.70035E+03 -1.29363E+02  6.38937E+01  1.90000E+01  2.50000E+00  5.00000E-01  2.74682E-06 -7.02580E-05  2.21658E-16  5.39928E+03  7.52601E+02  5.59863E+02 -9.48544E+03  8.95813E+01 -1.46155E+02  1.90000E+01  2.50000E+00  1.00000E+00  2.74589E-06 -7.02575E-05 -1.22971E-09  5.30832E+03  8.07962E+02  5.49182E+02 -9.63021E+03 -9.63424E+01  8.43285E+01
   1.85000E+01  3.50000E+00  5.00000E-01  8.26103E-06 -6.74491E-05  2.12257E-16  6.02424E+03 -7.52322E+02 -8.44924E+02 -7.06753E+03  1.76905E+02 -1.46007E+02  1.85000E+01  3.50000E+00  0.00000E+00  8.25942E-06 -6.74471E-05  9.64558E-09  6.11889E+03 -8.20103E+02 -8.36864E+02 -6.98054E+03 -1.40166E+02  1.22699E+02  1.85000E+01  3.00000E+00  0.00000E+00  5.48982E-06 -6.74407E-05  5.91777E-09  9.10911E+03  2.97991E+02 -4.28751E+02 -6.79562E+03  1.38984E+02 -1.69605E+02  1.85000E+01  3.00000E+00  5.00000E-01  5.49108E-06 -6.74425E-05  2.13033E-16  9.18208E+03  2.20917E+02 -4.29985E+02 -6.74809E+03 -1.78086E+02  1.37474E+02  1.90000E+01  3.50000E+00  5.00000E-01  8.28663E-06 -7.02647E-05  2.20140E-16  6.83518E+03  6.02447E+02  5.03422E+02 -6.05025E+03  1.82659E+02 -1.02713E+02  1.90000E+01  3.50000E+00  0.00000E+00  8.28463E-06 -7.02627E-05  6.03026E-09  6.87062E+03  3.96512E+02  4.52273E+02 -5.96946E+03 -9.60380E+01  1.65992E+02  1.90000E+01  3.00000E+00  0.00000E+00  5.50355E-06 -7.02596E-05  3.05072E-09  9.97761E+03  1.71032E+03  1.05390E+03 -5.77834E+03  1.05266E+02 -1.32507E+02  1.90000E+01  3.00000E+00  5.00000E-01  5.50532E-06 -7.02605E-05  2.20891E-16  9.99136E+03  1.49509E+03  9.93458E+02 -5.73701E+03 -1.73431E+02  1.74572E+02
   1.85000E+01  3.50000E+00  1.00000E+00  8.25942E-06 -6.74471E-05 -9.64558E-09  6.11889E+03 -8.20103E+02 -8.36864E+02 -6.98054E+03  1.40166E+02 -1.22699E+02  1.85000E+01  3.50000E+00  5.00000E-01  8.26103E-06 -6.74491E-05  2.12257E-16  6.02424E+03 -7.52322E+02 -8.44924E+02 -7.06753E+03 -1.76905E+02  1.46007E+02  1.85000E+01  3.00000E+00  5.00000E-01  5.49108E-06 -6.74425E-05  2.13033E-16  9.18208E+03  2.20917E+02 -4.29985E+02 -6.74809E+03  1.78086E+02 -1.37474E+02  1.85000E+01  3.00000E+00  1.00000E+00  5.48982E-06 -6.74407E-05 -5.91777E-09  9.10911E+03  2.97991E+02 -4.28751E+02 -6.79562E+03 -1.38984E+02  1.69605E+02  1.90000E+01  3.50000E+00  1.00000E+00  8.28463E-06 -7.02627E-05 -6.03025E-09  6.87062E+03  3.96512E+02  4.52273E+02 -5.96946E+03  9.60380E+01 -1.65992E+02  1.90000E+01  3.50000E+00  5.00000E-01  8.28663E-06 -7.02647E-05  2.20140E-16  6.83518E+03  6.02447E+02  5.03422E+02 -6.05025E+03 -1.82659E+02  1.02713E+02  1.90000E+01  3.00000E+00  5.00000E-01  5.50532E-06 -7.02605E-05  2.20891E-16  9.99136E+03  1.49509E+03  9.93458E+02 -5.73701E+03  1.73431E+02 -1.74572E+02  1.90000E+01  3.00000E+00  1.00000E+00  5.50355E-06 -7.02596E-05 -3.05072E-09  9.97761E+03  1.71032E+03  1.05390E+03 -5.77834E+03 -1.05266E+02  1.32507E+02
   1.85000E+01  4.00000E+00  5.00000E-01  1.10548E-05 -6.74602E-05  2.11516E-16  1.06764E+04 -1.22600E+03 -1.09974E+03 -2.78210E+03  2.31861E+02 -1.46443E+02  1.85000E+01  4.00000E+00  0.00000E+00  1.10532E-05 -6.74579E-05  1.39157E-08  1.07886E+04 -1.24629E+03 -1.07217E+03 -2.77433E+03 -1.69773E+02  1.52336E+02  1.85000E+01  3.50000E+00  0.00000E+00  8.25942E-06 -6.74471E-05  9.64558E-09  1.46993E+04  1.53831E+02 -5.23170E+02 -2.51769E+03  2.07931E+02 -5.95665E+01  1.85000E+01  3.50000E+00  5.00000E-01  8.26103E-06 -6.74491E-05  2.12257E-16  1.48830E+04  1.64190E+02 -4.64952E+02 -2.50979E+03 -1.93702E+02  1.78164E+02  1.90000E+01  4.00000E+00  5.00000E-01  1.10956E-05 -7.02728E-05  2.19393E-16  1.15212E+04  1.47613E+02  3.42610E+02 -1.46058E+03  3.19551E+02 -1.04134E+02  1.90000E+01  4.00000E+00  0.00000E+00  1.10932E-05 -7.02705E-05  1.14909E-08  1.16335E+04  1.27739E+02  3.70358E+02 -1.43237E+03 -1.43131E+02  1.94645E+02  1.90000E+01  3.50000E+00  0.00000E+00  8.28463E-06 -7.02627E-05  6.03026E-09  1.54525E+04  1.43587E+03  7.05507E+02 -1.19617E+03  2.95740E+02  3.17520E+00  1.90000E+01  3.50000E+00  5.00000E-01  8.28663E-06 -7.02647E-05  2.20140E-16  1.56364E+04  1.44665E+03  7.63903E+02 -1.16784E+03 -1.66942E+02  2.40906E+02
   1.85000E+01  4.00000E+00  1.00000E+00  1.10532E-05 -6.74579E-05 -1.39157E-08  1.07886E+04 -1.24629E+03 -1.07217E+03 -2.77433E+03  1.69773E+02 -1.52336E+02  1.85000E+01  4.00000E+00  5.00000E-01  1.10548E-05 -6.74602E-05  2.11516E-16  1.06764E+04 -1.22600E+03 -1.09974E+03 -2.78210E+03 -2.31861E+02  1.46443E+02  1.85000E+01  3.50000E+00  5.00000E-01  8.26103E-06 -6.74491E-05  2.12257E-16  1.48830E+04  1.64190E+02 -4.64952E+02 -2.50979E+03  1.93702E+02 -1.78164E+02  1.85000E+01  3.50000E+00  1.00000E+00  8.25942E-06 -6.74471E-05 -9.64558E-09  1.46993E+04  1.53831E+02 -5.23170E+02 -2.51769E+03 -2.07931E+02  5.95665E+01  1.90000E+01  4.00000E+00  1.00000E+00  1.10932E-05 -7.02705E-05 -1.14909E-08  1.16335E+04  1.27739E+02  3.70358E+02 -1.43237E+03  1.43131E+02 -1.94645E+02  1.90000E+01  4.00000E+00  5.00000E-01  1.10956E-05 -7.02728E-05  2.19393E-16  1.15212E+04  1.47613E+02  3.42610E+02 -1.46058E+03 -3.19551E+02  1.04134E+02  1.90000E+01  3.50000E+00  5.00000E-01  8.28663E-06 -7.02647E-05  2.20140E-16  1.56364E+04  1.44665E+03  7.63903E+02 -1.16784E+03  1.66942E+02 -2.40906E+02  1.90000E+01  3.50000E+00  1.00000E+00  8.28463E-06 -7.02627E-05 -6.03025E-09  1.54525E+04  1.43587E+03  7.05507E+02 -1.19617E+03 -2.95740E+02 -3.17520E+00
   1.90000E+01  5.00000E-01  5.00000E-01 -8.28663E-06 -7.02647E-05  2.24792E-16 -1.08990E+04 -3.49579E+02  2.63457E+02 -2.28534E+03  1.85971E+02  3.25572E+02  1.90000E+01  5.00000E-01  0.00000E+00 -8.28463E-06 -7.02627E-05 -6.03025E-09 -1.11181E+04 -1.95301E+02  2.44002E+02 -2.60589E+03 -2.79857E+02 -1.96381E+02  1.90000E+01  0.00000E+00  0.00000E+00 -1.10932E-05 -7.02705E-05 -1.14909E-08 -5.64070E+03  1.50470E+03  1.18608E+03 -2.62033E+03  2.72837E+02  2.49417E+02  1.90000E+01  0.00000E+00  5.00000E-01 -1.10956E-05 -7.02728E-05  2.25595E-16 -6.20308E+03  1.51187E+03  1.01952E+03 -2.76849E+03 -1.92990E+02 -2.20082E+02  1.95000E+01  5.00000E-01  5.00000E-01 -8.30078E-06 -7.30959E-05  2.32613E-16 -1.21844E+04 -2.30499E+03 -2.06587E+03 -5.83327E+02 -2.01734E+02  2.25736E+02  1.95000E+01  5.00000E-01  0.00000E+00 -8.29614E-06 -7.30930E-05 -9.60636E-10 -1.21450E+04 -1.54734E+03 -1.82674E+03 -1.00195E+03 -6.15108E+02 -2.96218E+02  1.95000E+01  0.00000E+00  0.00000E+00 -1.11243E-05 -7.30964E-05 -5.39837E-09 -6.84744E+03 -3.72031E+02 -9.59660E+02 -9.18321E+02  5.75230E+01  5.15109E+01  1.95000E+01  0.00000E+00  5.00000E-01 -1.11274E-05 -7.31029E-05  2.33428E-16 -7.15123E+03  2.38511E+02 -8.67633E+02 -1.16455E+03 -3.55850E+02 -4.17988E+02
   1.90000E+01  5.00000E-01  1.00000E+00 -8.28463E-06 -7.02627E-05  6.03026E-09 -1.11181E+04 -1.95301E+02  2.44002E+02 -2.60589E+03  2.79857E+02  1.96381E+02  1.90000E+01  5.00000E-01  5.00000E-01 -8.28663E-06 -7.02647E-05  2.24792E-16 -1.08990E+04 -3.49579E+02  2.63457E+02 -2.28534E+03 -1.85971E+02 -3.25572E+02  1.90000E+01  0.00000E+00  5.00000E-01 -1.10956E-05 -7.02728E-05  2.25595E-16 -6.20308E+03  1.51187E+03  1.01952E+03 -2.76849E+03  1.92990E+02  2.20082E+02  1.90000E+01  0.00000E+00  1.00000E+00 -1.10932E-05 -7.02705E-05  1.14909E-08 -5.64070E+03  1.50470E+03  1.18608E+03 -2.62033E+03 -2.72837E+02 -2.49417E+02  1.95000E+01  5.00000E-01  1.00000E+00 -8.29614E-06 -7.30930E-05  9.60637E-10 -1.21450E+04 -1.54734E+03 -1.82674E+03 -1.00195E+03  6.15108E+02  2.96218E+02  1.95000E+01  5.00000E-01  5.00000E-01 -8.30078E-06 -7.30959E-05  2.32613E-16 -1.21844E+04 -2.30499E+03 -2.06587E+03 -5.83327E+02  2.01734E+02 -2.25736E+02  1.95000E+01  0.00000E+00  5.00000E-01 -1.11274E-05 -7.31029E-05  2.33428E-16 -7.15123E+03  2.38511E+02 -8.67633E+02 -1.16455E+03  3.55850E+02  4.17988E+02  1.95000E+01  0.00000E+00  1.00000E+00 -1.11243E-05 -7.30964E-05  5.39837E-09 -6.84744E+03 -3.72031E+02 -9.59660E+02 -9.18321E+02 -5.75230E+01 -5.15109E+01
   1.90000E+01  1.00000E+00  5.00000E-01 -5.50532E-06 -7.02605E-05  2.23989E-16 -3.95916E+03  6.86389E+02  7.67939E+02 -7.31561E+03  3.63835E+01  2.16451E+02  1.90000E+01  1.00000E+00  0.00000E+00 -5.50355E-06 -7.02596E-05 -3.05072E-09 -4.51633E+03  7.01215E+02  6.05236E+02 -7.34232E+03 -2.09288E+02 -2.14868E+02  1.90000E+01  5.00000E-01  0.00000E+00 -8.28463E-06 -7.02627E-05 -6.03025E-09 -2.73618E+03  9.99947E+02  5.90154E+02 -6.99680E+03  1.25148E+02  2.02541E+02  1.90000E+01  5.00000E-01  5.00000E-01 -8.28663E-06 -7.02647E-05  2.24792E-16 -2.94367E+03  1.16464E+03  5.77314E+02 -7.03192E+03 -1.20523E+02 -1.76922E+02  1.95000E+01  1.00000E+00  5.00000E-01 -5.51281E-06 -7.30883E-05  2.31811E-16 -4.12793E+03  1.15523E+03 -2.63467E+02 -6.86090E+03 -1.18090E+02  1.92178E+01  1.95000E+01  1.00000E+00  0.00000E+00 -5.51036E-06 -7.30863E-05  1.00771E-09 -4.69771E+03  1.14064E+03 -4.38778E+02 -6.78770E+03 -3.11906E+02 -4.12101E+02  1.95000E+01  5.00000E-01  0.00000E+00 -8.29614E-06 -7.30930E-05 -9.60636E-10 -2.82717E+03  1.54657E+03 -2.59757E+02 -6.54209E+03 -3.77313E+01  1.05216E+02  1.95000E+01  5.00000E-01  5.00000E-01 -8.30078E-06 -7.30959E-05  2.32613E-16 -3.04727E+03  1.68184E+03 -2.85205E+02 -6.47730E+03 -2.31547E+02 -2.74247E+02
   1.90000E+01  1.00000E+00  1.00000E+00 -5.50355E-06 -7.02596E-05  3.05072E-09 -4.51633E+03  7.01215E+02  6.05236E+02 -7.34232E+03  2.09288E+02  2.14868E+02  1.90000E+01  1.00000E+00  5.00000E-01 -5.50532E-06 -7.02605E-05  2.23989E-16 -3.95916E+03  6.86389E+02  7.67939E+02 -7.31561E+03 -3.63835E+01 -2.16451E+02  1.90000E+01  5.00000E-01  5.00000E-01 -8.28663E-06 -7.02647E-05  2.24792E-16 -2.94367E+03  1.16464E+03  5.77314E+02 -7.03192E+03  1.20523E+02  1.76922E+02  1.90000E+01  5.00000E-01  1.00000E+00 -8.28463E-06 -7.02627E-05  6.03026E-09 -2.73618E+03  9.99947E+02  5.90154E+02 -6.99680E+03 -1.25148E+02 -2.02541E+02  1.95000E+01  1.00000E+00  1.00000E+00 -5.51036E-06 -7.30863E-05 -1.00771E-09 -4.69771E+03  1.14064E+03 -4.38778E+02 -6.78770E+03  3.11906E+02  4.12101E+02  1.95000E+01  1.00000E+00  5.00000E-01 -5.51281E-06 -7.30883E-05  2.31811E-16 -4.12793E+03  1.15523E+03 -2.63467E+02 -6.86090E+03  1.18090E+02 -1.92178E+01  1.95000E+01  5.00000E-01  5.00000E-01 -8.30078E-06 -7.30959E-05  2.32613E-16 -3.04727E+03  1.68184E+03 -2.85205E+02 -6.47730E+03  2.31547E+02  2.74247E+02  1.95000E+01  5.00000E-01  1.00000E+00 -8.29614E-06 -7.30930E-05  9.60637E-10 -2.82717E+03  1.54657E+03 -2.59757E+02 -6.54209E+03  3.77313E+01 -1.05216E+02
   1.90000E+01  1.50000E+00  5.00000E-01 -2.74682E-06 -7.02580E-05  2.23200E-16 -2.16733E+03  7.10002E+02  3.17946E+02 -1.03655E+04  1.16313E+01  1.81228E+02  1.90000E+01  1.50000E+00  0.00000E+00 -2.74589E-06 -7.02575E-05 -1.22971E-09 -2.30241E+03  7.64126E+02  2.93662E+02 -1.03762E+04 -1.16651E+02 -1.45790E+02  1.90000E+01  1.00000E+00  0.00000E+00 -5.50355E-06 -7.02596E-05 -3.05072E-09 -1.23892E+03  9.97939E+02  3.49318E+02 -9.96380E+03  5.08355E+01  1.36910E+02  1.90000E+01  1.00000E+00  5.00000E-01 -5.50532E-06 -7.02605E-05  2.23989E-16 -1.32272E+03  1.07404E+03  3.47008E+02 -9.96404E+03 -7.74470E+01 -9.86800E+01  1.95000E+01  1.50000E+00  5.00000E-01 -2.75048E-06 -7.30811E-05  2.31021E-16 -2.05531E+03  1.62542E+03 -2.24068E+02 -1.00453E+04 -2.04549E+02  1.25834E+02  1.95000E+01  1.50000E+00  0.00000E+00 -2.74916E-06 -7.30797E-05  1.04587E-09 -2.17468E+03  1.71619E+03 -2.32648E+02 -1.00413E+04 -2.41403E+02 -2.01183E+02  1.95000E+01  1.00000E+00  0.00000E+00 -5.51036E-06 -7.30863E-05  1.00771E-09 -9.89754E+02  2.05050E+03  1.27302E+02 -9.64356E+03 -1.54875E+02  9.61654E+01  1.95000E+01  1.00000E+00  5.00000E-01 -5.51281E-06 -7.30883E-05  2.31811E-16 -1.05785E+03  2.16324E+03  1.40696E+02 -9.62915E+03 -1.91729E+02 -1.39424E+02
   1.90000E+01  1.50000E+00  1.00000E+00 -2.74589E-06 -7.02575E-05  1.22971E-09 -2.30241E+03  7.64126E+02  2.93662E+02 -1.03762E+04  1.16651E+02  1.45790E+02  1.90000E+01  1.50000E+00  5.00000E-01 -2.74682E-06 -7.02580E-05  2.23200E-16 -2.16733E+03  7.10002E+02  3.17946E+02 -1.03655E+04 -1.16313E+01 -1.81228E+02  1.90000E+01  1.00000E+00  5.00000E-01 -5.50532E-06 -7.02605E-05  2.23989E-16 -1.32272E+03  1.07404E+03  3.47008E+02 -9.96404E+03  7.74470E+01  9.86800E+01  1.90000E+01  1.00000E+00  1.00000E+00 -5.50355E-06 -7.02596E-05  3.05072E-09 -1.23892E+03  9.97939E+02  3.49318E+02 -9.96380E+03 -5.08355E+01 -1.36910E+02  1.95000E+01  1.50000E+00  1.00000E+00 -2.74916E-06 -7.30797E-05 -1.04587E-09 -2.17468E+03  1.71619E+03 -2.32648E+02 -1.00413E+04  2.41403E+02  2.01183E+02  1.95000E+01  1.50000E+00  5.00000E-01 -2.75048E-06 -7.30811E-05  2.31021E-16 -2.05531E+03  1.62542E+03 -2.24068E+02 -1.00453E+04  2.04549E+02 -1.25834E+02  1.95000E+01  1.00000E+00  5.00000E-01 -5.51281E-06 -7.30883E-05  2.31811E-16 -1.05785E+03  2.16324E+03  1.40696E+02 -9.62915E+03  1.91729E+02  1.39424E+02  1.95000E+01  1.00000E+00  1.00000E+00 -5.51036E-06 -7.30863E-05 -1.00771E-09 -9.89754E+02  2.05050E+03  1.27302E+02 -9.64356E+03  1.54875E+02 -9.61654E+01
   1.90000E+01  2.00000E+00  5.00000E-01  4.25634E-20 -7.02570E-05  2.22418E-16 -1.00076E+03  1.89614E+02 -7.11184E+00 -1.15748E+04 -1.35962E+01  9.51837E+01  1.90000E+01  2.00000E+00  0.00000E+00  7.88524E-18 -7.02566E-05  2.22427E-16 -1.07549E+03  2.01279E+02 -2.60310E+01 -1.15597E+04 -8.01091E+01 -6.42270E+01  1.90000E+01  1.50000E+00  0.00000E+00 -2.74589E-06 -7.02575E-05 -1.22971E-09 -6.03733E+01  5.35625E+02  2.05874E+02 -1.14174E+04  1.69613E+00  2.55044E+01  1.90000E+01  1.50000E+00  5.00000E-01 -2.74682E-06 -7.02580E-05  2.23200E-16 -6.36048E+01  5.77932E+02  2.17596E+02 -1.13958E+04 -6.48168E+01 -1.72096E+01  1.95000E+01  2.00000E+00  5.00000E-01  3.91753E-20 -7.30782E-05  2.30242E-16 -1.00366E+03  5.01661E+02 -3.28837E+02 -1.12777E+04 -2.47636E+02  6.72786E+01  1.95000E+01  2.00000E+00  0.00000E+00  7.86788E-18 -7.30771E-05  2.30251E-16 -1.06874E+03  5.35849E+02 -3.38103E+02 -1.12421E+04 -1.97453E+02 -9.21321E+01  1.95000E+01  1.50000E+00  0.00000E+00 -2.74916E-06 -7.30797E-05  1.04587E-09  1.11768E+02  1.02272E+03  2.92587E+02 -1.11202E+04 -2.25909E+02  1.80272E+01  1.95000E+01  1.50000E+00  5.00000E-01 -2.75048E-06 -7.30811E-05  2.31021E-16  1.18190E+02  1.08755E+03  3.13963E+02 -1.10782E+04 -1.75725E+02 -2.46867E+01
   1.90000E+01  2.00000E+00  1.00000E+00 -7.78789E-18 -7.02566E-05  2.22417E-16 -1.07549E+03  2.01279E+02 -2.60310E+01 -1.15597E+04  8.01091E+01  6.42270E+01  1.90000E+01  2.00000E+00  5.00000E-01  4.25634E-20 -7.02570E-05  2.22418E-16 -1.00076E+03  1.89614E+02 -7.11184E+00 -1.15748E+04  1.35962E+01 -9.51837E+01  1.90000E+01  1.50000E+00  5.00000E-01 -2.74682E-06 -7.02580E-05  2.23200E-16 -6.36048E+01  5.77932E+02  2.17596E+02 -1.13958E+04  6.48168E+01  1.72096E+01  1.90000E+01  1.50000E+00  1.00000E+00 -2.74589E-06 -7.02575E-05  1.22971E-09 -6.03733E+01  5.35625E+02  2.05874E+02 -1.14174E+04 -1.69613E+00 -2.55044E+01  1.95000E+01  2.00000E+00  1.00000E+00 -7.79228E-18 -7.30771E-05  2.30243E-16 -1.06874E+03  5.35849E+02 -3.38103E+02 -1.12421E+04  1.97453E+02  9.21321E+01  1.95000E+01  2.00000E+00  5.00000E-01  3.91753E-20 -7.30782E-05  2.30242E-16 -1.00366E+03  5.01661E+02 -3.28837E+02 -1.12777E+04  2.47636E+02 -6.72786E+01  1.95000E+01  1.50000E+00  5.00000E-01 -2.75048E-06 -7.30811E-05  2.31021E-16  1.18190E+02  1.08755E+03  3.13963E+02 -1.10782E+04  1.75725E+02  2.46867E+01  1.95000E+01  1.50000E+00  1.00000E+00 -2.74916E-06 -7.30797E-05 -1.04587E-09  1.11768E+02  1.02272E+03  2.92587E+02 -1.11202E+04  2.25909E+02 -1.80272E+01
   1.90000E+01  2.50000E+00  5.00000E-01  2.74682E-06 -7.02580E-05  2.21658E-16  6.03733E+01 -5.35625E+02 -2.05874E+02 -1.14174E+04  1.69613E+00 -2.55044E+01  1.90000E+01  2.50000E+00  0.00000E+00  2.74589E-06 -7.02575E-05  1.22971E-09  6.36048E+01 -5.77932E+02 -2.17596E+02 -1.13958E+04 -6.48168E+01  1.72096E+01  1.90000E+01  2.00000E+00  0.00000E+00  7.88524E-18 -7.02566E-05  2.22427E-16  1.00076E+03 -1.89614E+02  7.11184E+00 -1.15748E+04 -1.35962E+01 -9.51837E+01  1.90000E+01  2.00000E+00  5.00000E-01  4.25634E-20 -7.02570E-05  2.22418E-16  1.07549E+03 -2.01279E+02  2.60310E+01 -1.15597E+04 -8.01091E+01  6.42270E+01  1.95000E+01  2.50000E+00  5.00000E-01  2.75048E-06 -7.30811E-05  2.29491E-16 -1.11768E+02 -1.02272E+03 -2.92587E+02 -1.11202E+04 -2.25909E+02 -1.80272E+01  1.95000E+01  2.50000E+00  0.00000E+00  2.74916E-06 -7.30797E-05 -1.04587E-09 -1.18190E+02 -1.08755E+03 -3.13963E+02 -1.10782E+04 -1.75725E+02  2.46867E+01  1.95000E+01  2.00000E+00  0.00000E+00  7.86788E-18 -7.30771E-05  2.30251E-16  1.00366E+03 -5.01661E+02  3.28837E+02 -1.12777E+04 -2.47636E+02 -6.72786E+01  1.95000E+01  2.00000E+00  5.00000E-01  3.91753E-20 -7.30782E-05  2.30242E-16  1.06874E+03 -5.35849E+02  3.38103E+02 -1.12421E+04 -1.97453E+02  9.21321E+01
   1.90000E+01  2.50000E+00  1.00000E+00  2.74589E-06 -7.02575E-05 -1.22971E-09  6.36048E+01 -5.77932E+02 -2.17596E+02 -1.13958E+04  6.48168E+01 -1.72096E+01  1.90000E+01  2.50000E+00  5.00000E-01  2.74682E-06 -7.02580E-05  2.21658E-16  6.03733E+01 -5.35625E+02 -2.05874E+02 -1.14174E+04 -1.69613E+00  2.55044E+01  1.90000E+01  2.00000E+00  5.00000E-01  4.25634E-20 -7.02570E-05  2.22418E-16  1.07549E+03 -2.01279E+02  2.60310E+01 -1.15597E+04  8.01091E+01 -6.42270E+01  1.90000E+01  2.00000E+00  1.00000E+00 -7.78789E-18 -7.02566E-05  2.22417E-16  1.00076E+03 -1.89614E+02  7.11184E+00 -1.15748E+04  1.35962E+01  9.51837E+01  1.95000E+01  2.50000E+00  1.00000E+00  2.74916E-06 -7.30797E-05  1.04587E-09 -1.18190E+02 -1.08755E+03 -3.13963E+02 -1.10782E+04  1.75725E+02 -2.46867E+01  1.95000E+01  2.50000E+00  5.00000E-01  2.75048E-06 -7.30811E-05  2.29491E-16 -1.11768E+02 -1.02272E+03 -2.92587E+02 -1.11202E+04  2.25909E+02  1.80272E+01  1.95000E+01  2.00000E+00  5.00000E-01  3.91753E-20 -7.30782E-05  2.30242E-16  1.06874E+03 -5.35849E+02  3.38103E+02 -1.12421E+04  1.97453E+02 -9.21321E+01  1.95000E+01  2.00000E+00  1.00000E+00 -7.79228E-18 -7.30771E-05  2.30243E-16  1.00366E+03 -5.01661E+02  3.28837E+02 -1.12777E+04  2.47636E+02  6.72786E+01
   1.90000E+01  3.00000E+00  5.00000E-01  5.50532E-06 -7.02605E-05  2.20891E-16  1.23892E+03 -9.97939E+02 -3.49318E+02 -9.96380E+03  5.08355E+01 -1.36910E+02  1.90000E+01  3.00000E+00  0.00000E+00  5.50355E-06 -7.02596E-05  3.05072E-09  1.32272E+03 -1.07404E+03 -3.47008E+02 -9.96404E+03 -7.74470E+01  9.86800E+01  1.90000E+01  2.50000E+00  0.00000E+00  2.74589E-06 -7.02575E-05  1.22971E-09  2.16733E+03 -7.10002E+02 -3.17946E+02 -1.03655E+04  1.16313E+01 -1.81228E+02  1.90000E+01  2.50000E+00  5.00000E-01  2.74682E-06 -7.02580E-05  2.21658E-16  2.30241E+03 -7.64126E+02 -2.93662E+02 -1.03762E+04 -1.16651E+02  1.45790E+02  1.95000E+01  3.00000E+00  5.00000E-01  5.51281E-06 -7.30883E-05  2.28744E-16  9.89754E+02 -2.05050E+03 -1.27302E+02 -9.64356E+03 -1.54875E+02 -9.61654E+01  1.95000E+01  3.00000E+00  0.00000E+00  5.51036E-06 -7.30863E-05 -1.00771E-09  1.05785E+03 -2.16324E+03 -1.40696E+02 -9.62915E+03 -1.91729E+02  1.39424E+02  1.95000E+01  2.50000E+00  0.00000E+00  2.74916E-06 -7.30797E-05 -1.04587E-09  2.05531E+03 -1.62542E+03  2.24068E+02 -1.00453E+04 -2.04549E+02 -1.25834E+02  1.95000E+01  2.50000E+00  5.00000E-01  2.75048E-06 -7.30811E-05  2.29491E-16  2.17468E+03 -1.71619E+03  2.32648E+02 -1.00413E+04 -2.41403E+02  2.01183E+02
   1.90000E+01  3.00000E+00  1.00000E+00  5.50355E-06 -7.02596E-05 -3.05072E-09  1.32272E+03 -1.07404E+03 -3.47008E+02 -9.96404E+03  7.74470E+01 -9.86800E+01  1.90000E+01  3.00000E+00  5.00000E-01  5.50532E-06 -7.02605E-05  2.20891E-16  1.23892E+03 -9.97939E+02 -3.49318E+02 -9.96380E+03 -5.08355E+01  1.36910E+02  1.90000E+01  2.50000E+00  5.00000E-01  2.74682E-06 -7.02580E-05  2.21658E-16  2.30241E+03 -7.64126E+02 -2.93662E+02 -1.03762E+04  1.16651E+02 -1.45790E+02  1.90000E+01  2.50000E+00  1.00000E+00  2.74589E-06 -7.02575E-05 -1.22971E-09  2.16733E+03 -7.10002E+02 -3.17946E+02 -1.03655E+04 -1.16313E+01  1.81228E+02  1.95000E+01  3.00000E+00  1.00000E+00  5.51036E-06 -7.30863E-05  1.00771E-09  1.05785E+03 -2.16324E+03 -1.40696E+02 -9.62915E+03  1.91729E+02 -1.39424E+02  1.95000E+01  3.00000E+00  5.00000E-01  5.51281E-06 -7.30883E-05  2.28744E-16  9.89754E+02 -2.05050E+03 -1.27302E+02 -9.64356E+03  1.54875E+02  9.61654E+01  1.95000E+01  2.50000E+00  5.00000E-01  2.75048E-06 -7.30811E-05  2.29491E-16  2.17468E+03 -1.71619E+03  2.32648E+02 -1.00413E+04  2.41403E+02 -2.01183E+02  1.95000E+01  2.50000E+00  1.00000E+00  2.74916E-06 -7.30797E-05  1.04587E-09  2.05531E+03 -1.62542E+03  2.24068E+02 -1.00453E+04  2.04549E+02  1.25834E+02
   1.90000E+01  3.50000E+00  5.00000E-01  8.28663E-06 -7.02647E-05  2.20140E-16  2.73618E+03 -9.99947E+02 -5.90154E+02 -6.99680E+03  1.25148E+02 -2.02541E+02  1.90000E+01  3.50000E+00  0.00000E+00  8.28463E-06 -7.02627E-05  6.03026E-09  2.94367E+03 -1.16464E+03 -5.77314E+02 -7.03192E+03 -1.20523E+02  1.76922E+02  1.90000E+01  3.00000E+00  0.00000E+00  5.50355E-06 -7.02596E-05  3.05072E-09  3.95916E+03 -6.86389E+02 -7.67939E+02 -7.31561E+03  3.63835E+01 -2.16451E+02  1.90000E+01  3.00000E+00  5.00000E-01  5.50532E-06 -7.02605E-05  2.20891E-16  4.51633E+03 -7.01215E+02 -6.05236E+02 -7.34232E+03 -2.09288E+02  2.14868E+02  1.95000E+01  3.50000E+00  5.00000E-01  8.30078E-06 -7.30959E-05  2.28006E-16  2.82717E+03 -1.54657E+03  2.59757E+02 -6.54209E+03 -3.77313E+01 -1.05216E+02  1.95000E+01  3.50000E+00  0.00000E+00  8.29614E-06 -7.30930E-05  9.60637E-10  3.04727E+03 -1.68184E+03  2.85205E+02 -6.47730E+03 -2.31547E+02  2.74247E+02  1.95000E+01  3.00000E+00  0.00000E+00  5.51036E-06 -7.30863E-05 -1.00771E-09  4.12793E+03 -1.15523E+03  2.63467E+02 -6.86090E+03 -1.18090E+02 -1.92178E+01  1.95000E+01  3.00000E+00  5.00000E-01  5.51281E-06 -7.30883E-05  2.28744E-16  4.69771E+03 -1.14064E+03  4.38778E+02 -6.78770E+03 -3.11906E+02  4.12101E+02
   1.90000E+01  3.50000E+00  1.00000E+00  8.28463E-06 -7.02627E-05 -6.03025E-09  2.94367E+03 -1.16464E+03 -5.77314E+02 -7.03192E+03  1.20523E+02 -1.76922E+02  1.90000E+01  3.50000E+00  5.00000E-01  8.28663E-06 -7.02647E-05  2.20140E-16  2.73618E+03 -9.99947E+02 -5.90154E+02 -6.99680E+03 -1.25148E+02  2.02541E+02  1.90000E+01  3.00000E+00  5.00000E-01  5.50532E-06 -7.02605E-05  2.20891E-16  4.51633E+03 -7.01215E+02 -6.05236E+02 -7.34232E+03  2.09288E+02 -2.14868E+02  1.90000E+01  3.00000E+00  1.00000E+00  5.50355E-06 -7.02596E-05 -3.05072E-09  3.95916E+03 -6.86389E+02 -7.67939E+02 -7.31561E+03 -3.63835E+01  2.16451E+02  1.95000E+01  3.50000E+00  1.00000E+00  8.29614E-06 -7.30930E-05 -9.60636E-10  3.04727E+03 -1.68184E+03  2.85205E+02 -6.47730E+03  2.31547E+02 -2.74247E+02  1.95000E+01  3.50000E+00  5.00000E-01  8.30078E-06 -7.30959E-05  2.28006E-16  2.82717E+03 -1.54657E+03  2.59757E+02 -6.54209E+03  3.77313E+01  1.05216E+02  1.95000E+01  3.00000E+00  5.00000E-01  5.51281E-06 -7.30883E-05  2.28744E-16  4.69771E+03 -1.14064E+03  4.38778E+02 -6.78770E+03  3.11906E+02 -4.12101E+02  1.95000E+01  3.00000E+00  1.00000E+00  5.51036E-06 -7.30863E-05  1.00771E-09  4.12793E+03 -1.15523E+03  2.63467E+02 -6.86090E+03  1.18090E+02  1.92178E+01
   1.90000E+01  4.00000E+00  5.00000E-01  1.10956E-05 -7.02728E-05  2.19393E-16  5.64070E+03 -1.50470E+03 -1.18608E+03 -2.62033E+03  2.72837E+02 -2.49417E+02  1.90000E+01  4.00000E+00  0.00000E+00  1.10932E-05 -7.02705E-05  1.14909E-08  6.20308E+03 -1.51187E+03 -1.01952E+03 -2.76849E+03 -1.92990E+02  2.20082E+02  1.90000E+01  3.50000E+00  0.00000E+00  8.28463E-06 -7.02627E-05  6.03026E-09  1.08990E+04  3.49579E+02 -2.63457E+02 -2.28534E+03  1.85971E+02 -3.25572E+02  1.90000E+01  3.50000E+00  5.00000E-01  8.28663E-06 -7.02647E-05  2.20140E-16  1.11181E+04  1.95301E+02 -2.44002E+02 -2.60589E+03 -2.79857E+02  1.96381E+02  1.95000E+01  4.00000E+00  5.00000E-01  1.11274E-05 -7.31029E-05  2.27270E-16  6.84744E+03  3.72031E+02  9.59660E+02 -9.18321E+02  5.75230E+01 -5.15109E+01  1.95000E+01  4.00000E+00  0.00000E+00  1.11243E-05 -7.30964E-05  5.39837E-09  7.15123E+03 -2.38511E+02  8.67633E+02 -1.16455E+03 -3.55850E+02  4.17988E+02  1.95000E+01  3.50000E+00  0.00000E+00  8.29614E-06 -7.30930E-05  9.60637E-10  1.21844E+04  2.30499E+03  2.06587E+03 -5.83327E+02 -2.01734E+02 -2.25736E+02  1.95000E+01  3.50000E+00  5.00000E-01  8.30078E-06 -7.30959E-05  2.28006E-16  1.21450E+04  1.54734E+03  1.82674E+03 -1.00195E+03 -6.15108E+02  2.96218E+02
   1.90000E+01  4.00000E+00  1.00000E+00  1.10932E-05 -7.02705E-05 -1.14909E-08  6.20308E+03 -1.51187E+03 -1.01952E+03 -2.76849E+03  1.92990E+02 -2.20082E+02  1.90000E+01  4.00000E+00  5.00000E-01  1.10956E-05 -7.02728E-05  2.19393E-16  5.64070E+03 -1.50470E+03 -1.18608E+03 -2.62033E+03 -2.72837E+02  2.49417E+02  1.90000E+01  3.50000E+00  5.00000E-01  8.28663E-06 -7.02647E-05  2.20140E-16  1.11181E+04  1.95301E+02 -2.44002E+02 -2.60589E+03  2.79857E+02 -1.96381E+02  1.90000E+01  3.50000E+00  1.00000E+00  8.28463E-06 -7.02627E-05 -6.03025E-09  1.08990E+04  3.49579E+02 -2.63457E+02 -2.28534E+03 -1.85971E+02  3.25572E+02  1.95000E+01  4.00000E+00  1.00000E+00  1.11243E-05 -7.30964E-05 -5.39837E-09  7.15123E+03 -2.38511E+02  8.67633E+02 -1.16455E+03  3.55850E+02 -4.17988E+02  1.95000E+01  4.00000E+00  5.00000E-01  1.11274E-05 -7.31029E-05  2.27270E-16  6.84744E+03  3.72031E+02  9.59660E+02 -9.18321E+02 -5.75230E+01  5.15109E+01  1.95000E+01  3.50000E+00  5.00000E-01  8.30078E-06 -7.30959E-05  2.28006E-16  1.21450E+04  1.54734E+03  1.82674E+03 -1.00195E+03  6.15108E+02 -2.96218E+02  1.95000E+01  3.50000E+00  1.00000E+00  8.29614E-06 -7.30930E-05 -9.60636E-10  1.21844E+04  2.30499E+03  2.06587E+03 -5.83327E+02  2.01734E+02  2.25736E+02
   1.95000E+01  5.00000E-01  5.00000E-01 -8.30078E-06 -7.30959E-05  2.32613E-16 -6.09446E+03  2.38245E+03 -6.74549E+02 -7.82858E+03  6.42181E+02  1.49831E+03  1.95000E+01  5.00000E-01  0.00000E+00 -8.29614E-06 -7.30930E-05 -9.60636E-10 -5.35058E+03  2.45623E+03 -4.29253E+02 -4.58501E+03  4.55251E+02  8.48121E+01  1.95000E+01  0.00000E+00  0.00000E+00 -1.11243E-05 -7.30964E-05 -5.39837E-09 -3.05791E+03  3.52360E+03  9.27475E+01 -4.92645E+03  5.56422E+02  5.01648E+02  1.95000E+01  0.00000E+00  5.00000E-01 -1.11274E-05 -7.31029E-05  2.33428E-16 -3.12437E+03  3.25009E+03 -9.24496E+00 -2.79788E+03  3.69493E+02 -3.45643E+02  2.00000E+01  5.00000E-01  5.00000E-01 -8.30948E-06 -7.59338E-05  2.40444E-16 -3.86151E+03  1.04196E+04 -1.26859E+03 -6.88088E+03  3.33550E+03  1.74760E+03  2.00000E+01  5.00000E-01  0.00000E+00 -8.30409E-06 -7.59528E-05  6.24522E-09 -4.79012E+03  6.59095E+03 -2.69578E+03 -3.86884E+03  3.71478E+03  3.34101E+02  2.00000E+01  0.00000E+00  0.00000E+00 -1.11438E-05 -7.59935E-05  1.28484E-08  2.43446E+01  1.24101E+04  1.48042E+03 -3.97875E+03  2.13475E+03  5.19411E+02  2.00000E+01  0.00000E+00  5.00000E-01 -1.11432E-05 -7.59563E-05  2.41246E-16 -1.71461E+03  8.23412E+03 -2.94065E+02 -2.08171E+03  2.51403E+03 -3.27880E+02
   1.95000E+01  5.00000E-01  1.00000E+00 -8.29614E-06 -7.30930E-05  9.60637E-10 -5.35058E+03  2.45623E+03 -4.29253E+02 -4.58501E+03 -4.55251E+02 -8.48121E+01  1.95000E+01  5.00000E-01  5.00000E-01 -8.30078E-06 -7.30959E-05  2.32613E-16 -6.09446E+03  2.38245E+03 -6.74549E+02 -7.82858E+03 -6.42181E+02 -1.49831E+03  1.95000E+01  0.00000E+00  5.00000E-01 -1.11274E-05 -7.31029E-05  2.33428E-16 -3.12437E+03  3.25009E+03 -9.24496E+00 -2.79788E+03 -3.69493E+02  3.45643E+02  1.95000E+01  0.00000E+00  1.00000E+00 -1.11243E-05 -7.30964E-05  5.39837E-09 -3.05791E+03  3.52360E+03  9.27475E+01 -4.92645E+03 -5.56422E+02 -5.01648E+02  2.00000E+01  5.00000E-01  1.00000E+00 -8.30409E-06 -7.59528E-05 -6.24522E-09 -4.79012E+03  6.59095E+03 -2.69578E+03 -3.86884E+03 -3.71478E+03 -3.34101E+02  2.00000E+01  5.00000E-01  5.00000E-01 -8.30948E-06 -7.59338E-05  2.40444E-16 -3.86151E+03  1.04196E+04 -1.26859E+03 -6.88088E+03 -3.33550E+03 -1.74760E+03  2.00000E+01  0.00000E+00  5.00000E-01 -1.11432E-05 -7.59563E-05  2.41246E-16 -1.71461E+03  8.23412E+03 -2.94065E+02 -2.08171E+03 -2.51403E+03  3.27880E+02  2.00000E+01  0.00000E+00  1.00000E+00 -1.11438E-05 -7.59935E-05 -1.28484E-08  2.43446E+01  1.24101E+04  1.48042E+03 -3.97875E+03 -2.13475E+03 -5.19411E+02
   1.95000E+01  1.00000E+00  5.00000E-01 -5.51281E-06 -7.30883E-05  2.31811E-16 -1.63216E+03  4.37795E+03  4.40856E+02 -9.78797E+03  5.10208E+02  1.96829E+02  1.95000E+01  1.00000E+00  0.00000E+00 -5.51036E-06 -7.30863E-05  1.00771E-09 -1.79907E+03  4.41333E+03  4.01399E+02 -7.68750E+03  3.44157E+02 -4.34433E+02  1.95000E+01  5.00000E-01  0.00000E+00 -8.29614E-06 -7.30930E-05 -9.60636E-10 -1.28136E+03  4.38597E+03  1.16772E+02 -7.72916E+03  5.47627E+02  3.60708E+02  1.95000E+01  5.00000E-01  5.00000E-01 -8.30078E-06 -7.30959E-05  2.32613E-16 -1.41710E+03  4.43470E+03  9.06677E+01 -5.73761E+03  3.81576E+02 -2.46555E+02  2.00000E+01  1.00000E+00  5.00000E-01 -5.51944E-06 -7.59047E-05  2.39631E-16  5.09153E+02  1.06369E+04  1.31965E+03 -9.61657E+03  2.38123E+03  1.33107E+02  2.00000E+01  1.00000E+00  0.00000E+00 -5.51641E-06 -7.59224E-05  7.74559E-09  1.78886E+02  1.02911E+04  1.11683E+03 -7.50721E+03  2.23917E+03 -4.98156E+02  2.00000E+01  5.00000E-01  0.00000E+00 -8.30409E-06 -7.59528E-05  6.24522E-09  8.95960E+02  1.06809E+04  1.07956E+03 -7.55776E+03  2.30973E+03  3.05887E+02  2.00000E+01  5.00000E-01  5.00000E-01 -8.30948E-06 -7.59338E-05  2.40444E-16  5.96849E+02  1.03484E+04  8.90092E+02 -5.55731E+03  2.16768E+03 -3.01376E+02
   1.95000E+01  1.00000E+00  1.00000E+00 -5.51036E-06 -7.30863E-05 -1.00771E-09 -1.79907E+03  4.41333E+03  4.01399E+02 -7.68750E+03 -3.44157E+02  4.34433E+02  1.95000E+01  1.00000E+00  5.00000E-01 -5.51281E-06 -7.30883E-05  2.31811E-16 -1.63216E+03  4.37795E+03  4.40856E+02 -9.78797E+03 -5.10208E+02 -1.96829E+02  1.95000E+01  5.00000E-01  5.00000E-01 -8.30078E-06 -7.30959E-05  2.32613E-16 -1.41710E+03  4.43470E+03  9.06677E+01 -5.73761E+03 -3.81576E+02  2.46555E+02  1.95000E+01  5.00000E-01  1.00000E+00 -8.29614E-06 -7.30930E-05  9.60637E-10 -1.28136E+03  4.38597E+03  1.16772E+02 -7.72916E+03 -5.47627E+02 -3.60708E+02  2.00000E+01  1.00000E+00  1.00000E+00 -5.51641E-06 -7.59224E-05 -7.74559E-09  1.78886E+02  1.02911E+04  1.11683E+03 -7.50721E+03 -2.23917E+03  4.98156E+02  2.00000E+01  1.00000E+00  5.00000E-01 -5.51944E-06 -7.59047E-05  2.39631E-16  5.09153E+02  1.06369E+04  1.31965E+03 -9.61657E+03 -2.38123E+03 -1.33107E+02  2.00000E+01  5.00000E-01  5.00000E-01 -8.30948E-06 -7.59338E-05  2.40444E-16  5.96849E+02  1.03484E+04  8.90092E+02 -5.55731E+03 -2.16768E+03  3.01376E+02  2.00000E+01  5.00000E-01  1.00000E+00 -8.30409E-06 -7.59528E-05 -6.24522E-09  8.95960E+02  1.06809E+04  1.07956E+03 -7.55776E+03 -2.30973E+03 -3.05887E+02
   1.95000E+01  1.50000E+00  5.00000E-01 -2.75048E-06 -7.30811E-05  2.31021E-16 -1.31377E+03  3.33795E+03 -3.04886E+02 -1.03247E+04  2.71215E+02  3.67548E+02  1.95000E+01  1.50000E+00  0.00000E+00 -2.74916E-06 -7.30797E-05  1.04587E-09 -1.38327E+03  3.49208E+03 -2.79497E+02 -8.45406E+03  3.34786E+02 -1.63971E+02  1.95000E+01  1.00000E+00  0.00000E+00 -5.51036E-06 -7.30863E-05  1.00771E-09 -3.15979E+02  3.82006E+03  3.04369E+02 -9.13513E+03  3.35585E+02  2.22356E+02  1.95000E+01  1.00000E+00  5.00000E-01 -5.51281E-06 -7.30883E-05  2.31811E-16 -3.46085E+02  3.99107E+03  3.46640E+02 -7.23485E+03  3.99155E+02 -1.26226E+02  2.00000E+01  1.50000E+00  5.00000E-01 -2.75403E-06 -7.58836E-05  2.38835E-16 -3.26759E+02  6.70402E+03 -3.80912E+02 -1.00668E+04  1.78721E+03  3.20104E+02  2.00000E+01  1.50000E+00  0.00000E+00 -2.75235E-06 -7.59026E-05  4.21646E-09 -3.51739E+02  6.96202E+03 -3.11006E+02 -8.18497E+03  2.03372E+03 -2.11415E+02  2.00000E+01  1.00000E+00  0.00000E+00 -5.51641E-06 -7.59224E-05  7.74559E-09  9.45439E+02  7.46054E+03  8.68624E+02 -8.87729E+03  1.88125E+03  1.86167E+02  2.00000E+01  1.00000E+00  5.00000E-01 -5.51944E-06 -7.59047E-05  2.39631E-16  9.59850E+02  7.73542E+03  9.55412E+02 -6.96576E+03  2.12776E+03 -1.62414E+02
   1.95000E+01  1.50000E+00  1.00000E+00 -2.74916E-06 -7.30797E-05 -1.04587E-09 -1.38327E+03  3.49208E+03 -2.79497E+02 -8.45406E+03 -3.34786E+02  1.63971E+02  1.95000E+01  1.50000E+00  5.00000E-01 -2.75048E-06 -7.30811E-05  2.31021E-16 -1.31377E+03  3.33795E+03 -3.04886E+02 -1.03247E+04 -2.71215E+02 -3.67548E+02  1.95000E+01  1.00000E+00  5.00000E-01 -5.51281E-06 -7.30883E-05  2.31811E-16 -3.46085E+02  3.99107E+03  3.46640E+02 -7.23485E+03 -3.99155E+02  1.26226E+02  1.95000E+01  1.00000E+00  1.00000E+00 -5.51036E-06 -7.30863E-05 -1.00771E-09 -3.15979E+02  3.82006E+03  3.04369E+02 -9.13513E+03 -3.35585E+02 -2.22356E+02  2.00000E+01  1.50000E+00  1.00000E+00 -2.75235E-06 -7.59026E-05 -4.21646E-09 -3.51739E+02  6.96202E+03 -3.11006E+02 -8.18497E+03 -2.03372E+03  2.11415E+02  2.00000E+01  1.50000E+00  5.00000E-01 -2.75403E-06 -7.58836E-05  2.38835E-16 -3.26759E+02  6.70402E+03 -3.80912E+02 -1.00668E+04 -1.78721E+03 -3.20104E+02  2.00000E+01  1.00000E+00  5.00000E-01 -5.51944E-06 -7.59047E-05  2.39631E-16  9.59850E+02  7.73542E+03  9.55412E+02 -6.96576E+03 -2.12776E+03  1.62414E+02  2.00000E+01  1.00000E+00  1.00000E+00 -5.51641E-06 -7.59224E-05 -7.74559E-09  9.45439E+02  7.46054E+03  8.68624E+02 -8.87729E+03 -1.88125E+03 -1.86167E+02
   1.95000E+01  2.00000E+00  5.00000E-01  3.91753E-20 -7.30782E-05  2.30242E-16 -8.76786E+02  1.01552E+03 -4.99694E+02 -1.03899E+04  2.46096E+02  1.33453E+02  1.95000E+01  2.00000E+00  0.00000E+00  7.86788E-18 -7.30771E-05  2.30251E-16 -9.31254E+02  1.05704E+03 -5.03578E+02 -8.46046E+03  3.98507E+02 -8.86548E+01  1.95000E+01  1.50000E+00  0.00000E+00 -2.74916E-06 -7.30797E-05  1.04587E-09  3.68359E+02  1.67979E+03  4.69401E+02 -9.99358E+03  2.68799E+02  3.57587E+01  1.95000E+01  1.50000E+00  5.00000E-01 -2.75048E-06 -7.30811E-05  2.31021E-16  3.78695E+02  1.74909E+03  4.93290E+02 -8.06788E+03  4.21210E+02 -2.37550E+01  2.00000E+01  2.00000E+00  5.00000E-01  3.28755E-20 -7.58764E-05  2.38068E-16 -6.15426E+02  2.06958E+03 -6.82551E+02 -1.00995E+04  1.82904E+03  1.08161E+02  2.00000E+01  2.00000E+00  0.00000E+00  7.85792E-18 -7.58955E-05  2.38074E-16 -6.75549E+02  2.09790E+03 -6.92089E+02 -8.15151E+03  2.14404E+03 -1.13947E+02  2.00000E+01  1.50000E+00  0.00000E+00 -2.75235E-06 -7.59026E-05  4.21646E-09  8.73611E+02  2.97774E+03  8.55625E+02 -9.70314E+03  1.84797E+03  2.89817E+01  2.00000E+01  1.50000E+00  5.00000E-01 -2.75403E-06 -7.58836E-05  2.38835E-16  8.78291E+02  3.03384E+03  8.73859E+02 -7.75893E+03  2.16298E+03 -3.05320E+01
   1.95000E+01  2.00000E+00  1.00000E+00 -7.79228E-18 -7.30771E-05  2.30243E-16 -9.31254E+02  1.05704E+03 -5.03578E+02 -8.46046E+03 -3.98507E+02  8.86548E+01  1.95000E+01  2.00000E+00  5.00000E-01  3.91753E-20 -7.30782E-05  2.30242E-16 -8.76786E+02  1.01552E+03 -4.99694E+02 -1.03899E+04 -2.46096E+02 -1.33453E+02  1.95000E+01  1.50000E+00  5.00000E-01 -2.75048E-06 -7.30811E-05  2.31021E-16  3.78695E+02  1.74909E+03  4.93290E+02 -8.06788E+03 -4.21210E+02  2.37550E+01  1.95000E+01  1.50000E+00  1.00000E+00 -2.74916E-06 -7.30797E-05 -1.04587E-09  3.68359E+02  1.67979E+03  4.69401E+02 -9.99358E+03 -2.68799E+02 -3.57587E+01  2.00000E+01  2.00000E+00  1.00000E+00 -7.79694E-18 -7.58955E-05  2.38064E-16 -6.75549E+02  2.09790E+03 -6.92089E+02 -8.15151E+03 -2.14404E+03  1.13947E+02  2.00000E+01  2.00000E+00  5.00000E-01  3.28755E-20 -7.58764E-05  2.38068E-16 -6.15426E+02  2.06958E+03 -6.82551E+02 -1.00995E+04 -1.82904E+03 -1.08161E+02  2.00000E+01  1.50000E+00  5.00000E-01 -2.75403E-06 -7.58836E-05  2.38835E-16  8.78291E+02  3.03384E+03  8.73859E+02 -7.75893E+03 -2.16298E+03  3.05320E+01  2.00000E+01  1.50000E+00  1.00000E+00 -2.75235E-06 -7.59026E-05 -4.21646E-09  8.73611E+02  2.97774E+03  8.55625E+02 -9.70314E+03 -1.84797E+03 -2.89817E+01
   1.95000E+01  2.50000E+00  5.00000E-01  2.75048E-06 -7.30811E-05  2.29491E-16 -3.68359E+02 -1.67979E+03 -4.69401E+02 -9.99358E+03  2.68799E+02 -3.57587E+01  1.95000E+01  2.50000E+00  0.00000E+00  2.74916E-06 -7.30797E-05 -1.04587E-09 -3.78695E+02 -1.74909E+03 -4.93290E+02 -8.06788E+03  4.21210E+02  2.37550E+01  1.95000E+01  2.00000E+00  0.00000E+00  7.86788E-18 -7.30771E-05  2.30251E-16  8.76786E+02 -1.01552E+03  4.99694E+02 -1.03899E+04  2.46096E+02 -1.33453E+02  1.95000E+01  2.00000E+00  5.00000E-01  3.91753E-20 -7.30782E-05  2.30242E-16  9.31254E+02 -1.05704E+03  5.03578E+02 -8.46046E+03  3.98507E+02  8.86548E+01  2.00000E+01  2.50000E+00  5.00000E-01  2.75403E-06 -7.58836E-05  2.37317E-16 -8.73611E+02 -2.97774E+03 -8.55625E+02 -9.70314E+03  1.84797E+03 -2.89817E+01  2.00000E+01  2.50000E+00  0.00000E+00  2.75235E-06 -7.59026E-05 -4.21646E-09 -8.78291E+02 -3.03384E+03 -8.73859E+02 -7.75893E+03  2.16298E+03  3.05320E+01  2.00000E+01  2.00000E+00  0.00000E+00  7.85792E-18 -7.58955E-05  2.38074E-16  6.15426E+02 -2.06958E+03  6.82551E+02 -1.00995E+04  1.82904E+03 -1.08161E+02  2.00000E+01  2.00000E+00  5.00000E-01  3.28755E-20 -7.58764E-05  2.38068E-16  6.75549E+02 -2.09790E+03  6.92089E+02 -8.15151E+03  2.14404E+03  1.13947E+02
   1.95000E+01  2.50000E+00  1.00000E+00  2.74916E-06 -7.30797E-05  1.04587E-09 -3.78695E+02 -1.74909E+03 -4.93290E+02 -8.06788E+03 -4.21210E+02 -2.37550E+01  1.95000E+01  2.50000E+00  5.00000E-01  2.75048E-06 -7.30811E-05  2.29491E-16 -3.68359E+02 -1.67979E+03 -4.69401E+02 -9.99358E+03 -2.68799E+02  3.57587E+01  1.95000E+01  2.00000E+00  5.00000E-01  3.91753E-20 -7.30782E-05  2.30242E-16  9.31254E+02 -1.05704E+03  5.03578E+02 -8.46046E+03 -3.98507E+02 -8.86548E+01  1.95000E+01  2.00000E+00  1.00000E+00 -7.79228E-18 -7.30771E-05  2.30243E-16  8.76786E+02 -1.01552E+03  4.99694E+02 -1.03899E+04 -2.46096E+02  1.33453E+02  2.00000E+01  2.50000E+00  1.00000E+00  2.75235E-06 -7.59026E-05  4.21646E-09 -8.78291E+02 -3.03384E+03 -8.73859E+02 -7.75893E+03 -2.16298E+03 -3.05320E+01  2.00000E+01  2.50000E+00  5.00000E-01  2.75403E-06 -7.58836E-05  2.37317E-16 -8.73611E+02 -2.97774E+03 -8.55625E+02 -9.70314E+03 -1.84797E+03  2.89817E+01  2.00000E+01  2.00000E+00  5.00000E-01  3.28755E-20 -7.58764E-05  2.38068E-16  6.75549E+02 -2.09790E+03  6.92089E+02 -8.15151E+03 -2.14404E+03 -1.13947E+02  2.00000E+01  2.00000E+00  1.00000E+00 -7.79694E-18 -7.58955E-05  2.38064E-16  6.15426E+02 -2.06958E+03  6.82551E+02 -1.00995E+04 -1.82904E+03  1.08161E+02
   1.95000E+01  3.00000E+00  5.00000E-01  5.51281E-06 -7.30883E-05  2.28744E-16  3.15979E+02 -3.82006E+03 -3.04369E+02 -9.13513E+03  3.35585E+02 -2.22356E+02  1.95000E+01  3.00000E+00  0.00000E+00  5.51036E-06 -7.30863E-05 -1.00771E-09  3.46085E+02 -3.99107E+03 -3.46640E+02 -7.23485E+03  3.99155E+02  1.26226E+02  1.95000E+01  2.50000E+00  0.00000E+00  2.74916E-06 -7.30797E-05 -1.04587E-09  1.31377E+03 -3.33795E+03  3.04886E+02 -1.03247E+04  2.71215E+02 -3.67548E+02  1.95000E+01  2.50000E+00  5.00000E-01  2.75048E-06 -7.30811E-05  2.29491E-16  1.38327E+03 -3.49208E+03  2.79497E+02 -8.45406E+03  3.34786E+02  1.63971E+02  2.00000E+01  3.00000E+00  5.00000E-01  5.51944E-06 -7.59047E-05  2.36584E-16 -9.45439E+02 -7.46054E+03 -8.68624E+02 -8.87729E+03  1.88125E+03 -1.86167E+02  2.00000E+01  3.00000E+00  0.00000E+00  5.51641E-06 -7.59224E-05 -7.74559E-09 -9.59850E+02 -7.73542E+03 -9.55412E+02 -6.96576E+03  2.12776E+03  1.62414E+02  2.00000E+01  2.50000E+00  0.00000E+00  2.75235E-06 -7.59026E-05 -4.21646E-09  3.26759E+02 -6.70402E+03  3.80912E+02 -1.00668E+04  1.78721E+03 -3.20104E+02  2.00000E+01  2.50000E+00  5.00000E-01  2.75403E-06 -7.58836E-05  2.37317E-16  3.51739E+02 -6.96202E+03  3.11006E+02 -8.18497E+03  2.03372E+03  2.11415E+02
   1.95000E+01  3.00000E+00  1.00000E+00  5.51036E-06 -7.30863E-05  1.00771E-09  3.46085E+02 -3.99107E+03 -3.46640E+02 -7.23485E+03 -3.99155E+02 -1.26226E+02  1.95000E+01  3.00000E+00  5.00000E-01  5.51281E-06 -7.30883E-05  2.28744E-16  3.15979E+02 -3.82006E+03 -3.04369E+02 -9.13513E+03 -3.35585E+02  2.22356E+02  1.95000E+01  2.50000E+00  5.00000E-01  2.75048E-06 -7.30811E-05  2.29491E-16  1.38327E+03 -3.49208E+03  2.79497E+02 -8.45406E+03 -3.34786E+02 -1.63971E+02  1.95000E+01  2.50000E+00  1.00000E+00  2.74916E-06 -7.30797E-05  1.04587E-09  1.31377E+03 -3.33795E+03  3.04886E+02 -1.03247E+04 -2.71215E+02  3.67548E+02  2.00000E+01  3.00000E+00  1.00000E+00  5.51641E-06 -7.59224E-05  7.74559E-09 -9.59850E+02 -7.73542E+03 -9.55412E+02 -6.96576E+03 -2.12776E+03 -1.62414E+02  2.00000E+01  3.00000E+00  5.00000E-01  5.51944E-06 -7.59047E-05  2.36584E-16 -9.45439E+02 -7.46054E+03 -8.68624E+02 -8.87729E+03 -1.88125E+03  1.86167E+02  2.00000E+01  2.50000E+00  5.00000E-01  2.75403E-06 -7.58836E-05  2.37317E-16  3.51739E+02 -6.96202E+03  3.11006E+02 -8.18497E+03 -2.03372E+03 -2.11415E+02  2.00000E+01  2.50000E+00  1.00000E+00  2.75235E-06 -7.59026E-05  4.21646E-09  3.26759E+02 -6.70402E+03  3.80912E+02 -1.00668E+04 -1.78721E+03  3.20104E+02
   1.95000E+01  3.50000E+00  5.00000E-01  8.30078E-06 -7.30959E-05  2.28006E-16  1.28136E+03 -4.38597E+03 -1.16772E+02 -7.72916E+03  5.47627E+02 -3.60708E+02  1.95000E+01  3.50000E+00  0.00000E+00  8.29614E-06 -7.30930E-05  9.60637E-10  1.41710E+03 -4.43470E+03 -9.06677E+01 -5.73761E+03  3.81576E+02  2.46555E+02  1.95000E+01  3.00000E+00  0.00000E+00  5.51036E-06 -7.30863E-05 -1.00771E-09  1.63216E+03 -4.37795E+03 -4.40856E+02 -9.78797E+03  5.10208E+02 -1.96829E+02  1.95000E+01  3.00000E+00  5.00000E-01  5.51281E-06 -7.30883E-05  2.28744E-16  1.79907E+03 -4.41333E+03 -4.01399E+02 -7.68750E+03  3.44157E+02  4.34433E+02  2.00000E+01  3.50000E+00  5.00000E-01  8.30948E-06 -7.59338E-05  2.35860E-16 -8.95960E+02 -1.06809E+04 -1.07956E+03 -7.55776E+03  2.30973E+03 -3.05887E+02  2.00000E+01  3.50000E+00  0.00000E+00  8.30409E-06 -7.59528E-05 -6.24522E-09 -5.96849E+02 -1.03484E+04 -8.90092E+02 -5.55731E+03  2.16768E+03  3.01376E+02  2.00000E+01  3.00000E+00  0.00000E+00  5.51641E-06 -7.59224E-05 -7.74559E-09 -5.09153E+02 -1.06369E+04 -1.31965E+03 -9.61657E+03  2.38123E+03 -1.33107E+02  2.00000E+01  3.00000E+00  5.00000E-01  5.51944E-06 -7.59047E-05  2.36584E-16 -1.78886E+02 -1.02911E+04 -1.11683E+03 -7.50721E+03  2.23917E+03  4.98156E+02
   1.95000E+01  3.50000E+00  1.00000E+00  8.29614E-06 -7.30930E-05 -9.60636E-10  1.41710E+03 -4.43470E+03 -9.06677E+01 -5.73761E+03 -3.81576E+02 -2.46555E+02  1.95000E+01  3.50000E+00  5.00000E-01  8.30078E-06 -7.30959E-05  2.28006E-16  1.28136E+03 -4.38597E+03 -1.16772E+02 -7.72916E+03 -5.47627E+02  3.60708E+02  1.95000E+01  3.00000E+00  5.00000E-01  5.51281E-06 -7.30883E-05  2.28744E-16  1.79907E+03 -4.41333E+03 -4.01399E+02 -7.68750E+03 -3.44157E+02 -4.34433E+02  1.95000E+01  3.00000E+00  1.00000E+00  5.51036E-06 -7.30863E-05  1.00771E-09  1.63216E+03 -4.37795E+03 -4.40856E+02 -9.78797E+03 -5.10208E+02  1.96829E+02  2.00000E+01  3.50000E+00  1.00000E+00  8.30409E-06 -7.59528E-05  6.24522E-09 -5.96849E+02 -1.03484E+04 -8.90092E+02 -5.55731E+03 -2.16768E+03 -3.01376E+02  2.00000E+01  3.50000E+00  5.00000E-01  8.30948E-06 -7.59338E-05  2.35860E-16 -8.95960E+02 -1.06809E+04 -1.07956E+03 -7.55776E+03 -2.30973E+03  3.05887E+02  2.00000E+01  3.00000E+00  5.00000E-01  5.51944E-06 -7.59047E-05  2.36584E-16 -1.78886E+02 -1.02911E+04 -1.11683E+03 -7.50721E+03 -2.23917E+03 -4.98156E+02  2.00000E+01  3.00000E+00  1.00000E+00  5.51641E-06 -7.59224E-05  7.74559E-09 -5.09153E+02 -1.06369E+04 -1.31965E+03 -9.61657E+03 -2.38123E+03  1.33107E+02
   1.95000E+01  4.00000E+00  5.00000E-01  1.11274E-05 -7.31029E-05  2.27270E-16  3.05791E+03 -3.52360E+03 -9.27475E+01 -4.92645E+03  5.56422E+02 -5.01648E+02  1.95000E+01  4.00000E+00  0.00000E+00  1.11243E-05 -7.30964E-05  5.39837E-09  3.12437E+03 -3.25009E+03  9.24496E+00 -2.79788E+03  3.69493E+02  3.45643E+02  1.95000E+01  3.50000E+00  0.00000E+00  8.29614E-06 -7.30930E-05  9.60637E-10  6.09446E+03 -2.38245E+03  6.74549E+02 -7.82858E+03  6.42181E+02 -1.49831E+03  1.95000E+01  3.50000E+00  5.00000E-01  8.30078E-06 -7.30959E-05  2.28006E-16  5.35058E+03 -2.45623E+03  4.29253E+02 -4.58501E+03  4.55251E+02 -8.48121E+01  2.00000E+01  4.00000E+00  5.00000E-01  1.11432E-05 -7.59563E-05  2.35130E-16 -2.43446E+01 -1.24101E+04 -1.48042E+03 -3.97875E+03  2.13475E+03 -5.19411E+02  2.00000E+01  4.00000E+00  0.00000E+00  1.11438E-05 -7.59935E-05 -1.28484E-08  1.71461E+03 -8.23412E+03  2.94065E+02 -2.08171E+03  2.51403E+03  3.27880E+02  2.00000E+01  3.50000E+00  0.00000E+00  8.30409E-06 -7.59528E-05 -6.24522E-09  3.86151E+03 -1.04196E+04  1.26859E+03 -6.88088E+03  3.33550E+03 -1.74760E+03  2.00000E+01  3.50000E+00  5.00000E-01  8.30948E-06 -7.59338E-05  2.35860E-16  4.79012E+03 -6.59095E+03  2.69578E+03 -3.86884E+03  3.71478E+03 -3.34101E+02
   1.95000E+01  4.00000E+00  1.00000E+00  1.11243E-05 -7.30964E-05 -5.39837E-09  3.12437E+03 -3.25009E+03  9.24496E+00 -2.79788E+03 -3.69493E+02 -3.45643E+02  1.95000E+01  4.00000E+00  5.00000E-01  1.11274E-05 -7.31029E-05  2.27270E-16  3.05791E+03 -3.52360E+03 -9.27475E+01 -4.92645E+03 -5.56422E+02  5.01648E+02  1.95000E+01  3.50000E+00  5.00000E-01  8.30078E-06 -7.30959E-05  2.28006E-16  5.35058E+03 -2.45623E+03  4.29253E+02 -4.58501E+03 -4.55251E+02  8.48121E+01  1.95000E+01  3.50000E+00  1.00000E+00  8.29614E-06 -7.30930E-05 -9.60636E-10  6.09446E+03 -2.38245E+03  6.74549E+02 -7.82858E+03 -6.42181E+02  1.49831E+03  2.00000E+01  4.00000E+00  1.00000E+00  1.11438E-05 -7.59935E-05  1.28484E-08  1.71461E+03 -8.23412E+03  2.94065E+02 -2.08171E+03 -2.51403E+03 -3.27880E+02  2.00000E+01  4.00000E+00  5.00000E-01  1.11432E-05 -7.59563E-05  2.35130E-16 -2.43446E+01 -1.24101E+04 -1.48042E+03 -3.97875E+03 -2.13475E+03  5.19411E+02  2.00000E+01  3.50000E+00  5.00000E-01  8.30948E-06 -7.59338E-05  2.35860E-16  4.79012E+03 -6.59095E+03  2.69578E+03 -3.86884E+03 -3.71478E+03  3.34101E+02  2.00000E+01  3.50000E+00  1.00000E+00  8.30409E-06 -7.59528E-05  6.24522E-09  3.86151E+03 -1.04196E+04  1.26859E+03 -6.88088E+03 -3.33550E+03  1.74760E+03
