 EQUATION NUMBER
 ---------------------
     node   dof    eqn
     28      1      1
     28      2      2
     28      3      3
     29      1      4
     29      2      5
     29      3      6
     30      1      7
     30      2      8
     30      3      9
     31      1     10
     31      2     11
     31      3     12
     32      1     13
     32      2     14
     32      3     15
     33      1     16
     33      2     17
     33      3     18
     34      1     19
     34      2     20
     34      3     21
     35      1     22
     35      2     23
     35      3     24
     36      1     25
     36      2     26
     36      3     27
     37      1     28
     37      2     29
     37      3     30
     38      1     31
     38      2     32
     38      3     33
     39      1     34
     39      2     35
     39      3     36
     40      1     37
     40      2     38
     40      3     39
     41      1     40
     41      2     41
     41      3     42
     42      1     43
     42      2     44
     42      3     45
     43      1     46
     43      2     47
     43      3     48
     44      1     49
     44      2     50
     44      3     51
     45      1     52
     45      2     53
     45      3     54
     46      1     55
     46      2     56
     46      3     57
     47      1     58
     47      2     59
     47      3     60
     48      1     61
     48      2     62
     48      3     63
     49      1     64
     49      2     65
     49      3     66
     50      1     67
     50      2     68
     50      3     69
     51      1     70
     51      2     71
     51      3     72
     52      1     73
     52      2     74
     52      3     75
     53      1     76
     53      2     77
     53      3     78
     54      1     79
     54      2     80
     54      3     81
     55      1     82
     55      2     83
     55      3     84
     56      1     85
     56      2     86
     56      3     87
     57      1     88
     57      2     89
     57      3     90
     58      1     91
     58      2     92
     58      3     93
     59      1     94
     59      2     95
     59      3     96
     60      1     97
     60      2     98
     60      3     99
     61      1    100
     61      2    101
     61      3    102
     62      1    103
     62      2    104
     62      3    105
     63      1    106
     63      2    107
     63      3    108
     64      1    109
     64      2    110
     64      3    111
     65      1    112
     65      2    113
     65      3    114
     66      1    115
     66      2    116
     66      3    117
     67      1    118
     67      2    119
     67      3    120
     68      1    121
     68      2    122
     68      3    123
     69      1    124
     69      2    125
     69      3    126
     70      1    127
     70      2    128
     70      3    129
     71      1    130
     71      2    131
     71      3    132
     72      1    133
     72      2    134
     72      3    135
     73      1    136
     73      2    137
     73      3    138
     74      1    139
     74      2    140
     74      3    141
     75      1    142
     75      2    143
     75      3    144
     76      1    145
     76      2    146
     76      3    147
     77      1    148
     77      2    149
     77      3    150
     78      1    151
     78      2    152
     78      3    153
     79      1    154
     79      2    155
     79      3    156
     80      1    157
     80      2    158
     80      3    159
     81      1    160
     81      2    161
     81      3    162
     82      1    163
     82      2    164
     82      3    165
     83      1    166
     83      2    167
     83      3    168
     84      1    169
     84      2    170
     84      3    171
     85      1    172
     85      2    173
     85      3    174
     86      1    175
     86      2    176
     86      3    177
     87      1    178
     87      2    179
     87      3    180
     88      1    181
     88      2    182
     88      3    183
     89      1    184
     89      2    185
     89      3    186
     90      1    187
     90      2    188
     90      3    189
     91      1    190
     91      2    191
     91      3    192
     92      1    193
     92      2    194
     92      3    195
     93      1    196
     93      2    197
     93      3    198
     94      1    199
     94      2    200
     94      3    201
     95      1    202
     95      2    203
     95      3    204
     96      1    205
     96      2    206
     96      3    207
     97      1    208
     97      2    209
     97      3    210
     98      1    211
     98      2    212
     98      3    213
     99      1    214
     99      2    215
     99      3    216
    100      1    217
    100      2    218
    100      3    219
    101      1    220
    101      2    221
    101      3    222
    102      1    223
    102      2    224
    102      3    225
    103      1    226
    103      2    227
    103      3    228
    104      1    229
    104      2    230
    104      3    231
    105      1    232
    105      2    233
    105      3    234
    106      1    235
    106      2    236
    106      3    237
    107      1    238
    107      2    239
    107      3    240
    108      1    241
    108      2    242
    108      3    243
    109      1    244
    109      2    245
    109      3    246
    110      1    247
    110      2    248
    110      3    249
    111      1    250
    111      2    251
    111      3    252
    112      1    253
    112      2    254
    112      3    255
    113      1    256
    113      2    257
    113      3    258
    114      1    259
    114      2    260
    114      3    261
    115      1    262
    115      2    263
    115      3    264
    116      1    265
    116      2    266
    116      3    267
    117      1    268
    117      2    269
    117      3    270
    118      1    271
    118      2    272
    118      3    273
    119      1    274
    119      2    275
    119      3    276
    120      1    277
    120      2    278
    120      3    279
    121      1    280
    121      2    281
    121      3    282
    122      1    283
    122      2    284
    122      3    285
    123      1    286
    123      2    287
    123      3    288
    124      1    289
    124      2    290
    124      3    291
    125      1    292
    125      2    293
    125      3    294
    126      1    295
    126      2    296
    126      3    297
    127      1    298
    127      2    299
    127      3    300
    128      1    301
    128      2    302
    128      3    303
    129      1    304
    129      2    305
    129      3    306
    130      1    307
    130      2    308
    130      3    309
    131      1    310
    131      2    311
    131      3    312
    132      1    313
    132      2    314
    132      3    315
    133      1    316
    133      2    317
    133      3    318
    134      1    319
    134      2    320
    134      3    321
    135      1    322
    135      2    323
    135      3    324
    136      1    325
    136      2    326
    136      3    327
    137      1    328
    137      2    329
    137      3    330
    138      1    331
    138      2    332
    138      3    333
    139      1    334
    139      2    335
    139      3    336
    140      1    337
    140      2    338
    140      3    339
    141      1    340
    141      2    341
    141      3    342
    142      1    343
    142      2    344
    142      3    345
    143      1    346
    143      2    347
    143      3    348
    144      1    349
    144      2    350
    144      3    351
    145      1    352
    145      2    353
    145      3    354
    146      1    355
    146      2    356
    146      3    357
    147      1    358
    147      2    359
    147      3    360
    148      1    361
    148      2    362
    148      3    363
    149      1    364
    149      2    365
    149      3    366
    150      1    367
    150      2    368
    150      3    369
    151      1    370
    151      2    371
    151      3    372
    152      1    373
    152      2    374
    152      3    375
    153      1    376
    153      2    377
    153      3    378
    154      1    379
    154      2    380
    154      3    381
    155      1    382
    155      2    383
    155      3    384
    156      1    385
    156      2    386
    156      3    387
    157      1    388
    157      2    389
    157      3    390
    158      1    391
    158      2    392
    158      3    393
    159      1    394
    159      2    395
    159      3    396
    160      1    397
    160      2    398
    160      3    399
    161      1    400
    161      2    401
    161      3    402
    162      1    403
    162      2    404
    162      3    405
    163      1    406
    163      2    407
    163      3    408
    164      1    409
    164      2    410
    164      3    411
    165      1    412
    165      2    413
    165      3    414
    166      1    415
    166      2    416
    166      3    417
    167      1    418
    167      2    419
    167      3    420
    168      1    421
    168      2    422
    168      3    423
    169      1    424
    169      2    425
    169      3    426
    170      1    427
    170      2    428
    170      3    429
    171      1    430
    171      2    431
    171      3    432
    172      1    433
    172      2    434
    172      3    435
    173      1    436
    173      2    437
    173      3    438
    174      1    439
    174      2    440
    174      3    441
    175      1    442
    175      2    443
    175      3    444
    176      1    445
    176      2    446
    176      3    447
    177      1    448
    177      2    449
    177      3    450
    178      1    451
    178      2    452
    178      3    453
    179      1    454
    179      2    455
    179      3    456
    180      1    457
    180      2    458
    180      3    459
    181      1    460
    181      2    461
    181      3    462
    182      1    463
    182      2    464
    182      3    465
    183      1    466
    183      2    467
    183      3    468
    184      1    469
    184      2    470
    184      3    471
    185      1    472
    185      2    473
    185      3    474
    186      1    475
    186      2    476
    186      3    477
    187      1    478
    187      2    479
    187      3    480
    188      1    481
    188      2    482
    188      3    483
    189      1    484
    189      2    485
    189      3    486
    190      1    487
    190      2    488
    190      3    489
    191      1    490
    191      2    491
    191      3    492
    192      1    493
    192      2    494
    192      3    495
    193      1    496
    193      2    497
    193      3    498
    194      1    499
    194      2    500
    194      3    501
    195      1    502
    195      2    503
    195      3    504
    196      1    505
    196      2    506
    196      3    507
    197      1    508
    197      2    509
    197      3    510
    198      1    511
    198      2    512
    198      3    513
    199      1    514
    199      2    515
    199      3    516
    200      1    517
    200      2    518
    200      3    519
    201      1    520
    201      2    521
    201      3    522
    202      1    523
    202      2    524
    202      3    525
    203      1    526
    203      2    527
    203      3    528
    204      1    529
    204      2    530
    204      3    531
    205      1    532
    205      2    533
    205      3    534
    206      1    535
    206      2    536
    206      3    537
    207      1    538
    207      2    539
    207      3    540
    208      1    541
    208      2    542
    208      3    543
    209      1    544
    209      2    545
    209      3    546
    210      1    547
    210      2    548
    210      3    549
    211      1    550
    211      2    551
    211      3    552
    212      1    553
    212      2    554
    212      3    555
    213      1    556
    213      2    557
    213      3    558
    214      1    559
    214      2    560
    214      3    561
    215      1    562
    215      2    563
    215      3    564
    216      1    565
    216      2    566
    216      3    567
    217      1    568
    217      2    569
    217      3    570
    218      1    571
    218      2    572
    218      3    573
    219      1    574
    219      2    575
    219      3    576
    220      1    577
    220      2    578
    220      3    579
    221      1    580
    221      2    581
    221      3    582
    222      1    583
    222      2    584
    222      3    585
    223      1    586
    223      2    587
    223      3    588
    224      1    589
    224      2    590
    224      3    591
    225      1    592
    225      2    593
    225      3    594
    226      1    595
    226      2    596
    226      3    597
    227      1    598
    227      2    599
    227      3    600
    228      1    601
    228      2    602
    228      3    603
    229      1    604
    229      2    605
    229      3    606
    230      1    607
    230      2    608
    230      3    609
    231      1    610
    231      2    611
    231      3    612
    232      1    613
    232      2    614
    232      3    615
    233      1    616
    233      2    617
    233      3    618
    234      1    619
    234      2    620
    234      3    621
    235      1    622
    235      2    623
    235      3    624
    236      1    625
    236      2    626
    236      3    627
    237      1    628
    237      2    629
    237      3    630
    238      1    631
    238      2    632
    238      3    633
    239      1    634
    239      2    635
    239      3    636
    240      1    637
    240      2    638
    240      3    639
    241      1    640
    241      2    641
    241      3    642
    242      1    643
    242      2    644
    242      3    645
    243      1    646
    243      2    647
    243      3    648
    244      1    649
    244      2    650
    244      3    651
    245      1    652
    245      2    653
    245      3    654
    246      1    655
    246      2    656
    246      3    657
    247      1    658
    247      2    659
    247      3    660
    248      1    661
    248      2    662
    248      3    663
    249      1    664
    249      2    665
    249      3    666
    250      1    667
    250      2    668
    250      3    669
    251      1    670
    251      2    671
    251      3    672
    252      1    673
    252      2    674
    252      3    675
    253      1    676
    253      2    677
    253      3    678
    254      1    679
    254      2    680
    254      3    681
    255      1    682
    255      2    683
    255      3    684
    256      1    685
    256      2    686
    256      3    687
    257      1    688
    257      2    689
    257      3    690
    258      1    691
    258      2    692
    258      3    693
    259      1    694
    259      2    695
    259      3    696
    260      1    697
    260      2    698
    260      3    699
    261      1    700
    261      2    701
    261      3    702
    262      1    703
    262      2    704
    262      3    705
    263      1    706
    263      2    707
    263      3    708
    264      1    709
    264      2    710
    264      3    711
    265      1    712
    265      2    713
    265      3    714
    266      1    715
    266      2    716
    266      3    717
    267      1    718
    267      2    719
    267      3    720
    268      1    721
    268      2    722
    268      3    723
    269      1    724
    269      2    725
    269      3    726
    270      1    727
    270      2    728
    270      3    729
    271      1    730
    271      2    731
    271      3    732
    272      1    733
    272      2    734
    272      3    735
    273      1    736
    273      2    737
    273      3    738
    274      1    739
    274      2    740
    274      3    741
    275      1    742
    275      2    743
    275      3    744
    276      1    745
    276      2    746
    276      3    747
    277      1    748
    277      2    749
    277      3    750
    278      1    751
    278      2    752
    278      3    753
    279      1    754
    279      2    755
    279      3    756
    280      1    757
    280      2    758
    280      3    759
    281      1    760
    281      2    761
    281      3    762
    282      1    763
    282      2    764
    282      3    765
    283      1    766
    283      2    767
    283      3    768
    284      1    769
    284      2    770
    284      3    771
    285      1    772
    285      2    773
    285      3    774
    286      1    775
    286      2    776
    286      3    777
    287      1    778
    287      2    779
    287      3    780
    288      1    781
    288      2    782
    288      3    783
    289      1    784
    289      2    785
    289      3    786
    290      1    787
    290      2    788
    290      3    789
    291      1    790
    291      2    791
    291      3    792
    292      1    793
    292      2    794
    292      3    795
    293      1    796
    293      2    797
    293      3    798
    294      1    799
    294      2    800
    294      3    801
    295      1    802
    295      2    803
    295      3    804
    296      1    805
    296      2    806
    296      3    807
    297      1    808
    297      2    809
    297      3    810
    298      1    811
    298      2    812
    298      3    813
    299      1    814
    299      2    815
    299      3    816
    300      1    817
    300      2    818
    300      3    819
    301      1    820
    301      2    821
    301      3    822
    302      1    823
    302      2    824
    302      3    825
    303      1    826
    303      2    827
    303      3    828
    304      1    829
    304      2    830
    304      3    831
    305      1    832
    305      2    833
    305      3    834
    306      1    835
    306      2    836
    306      3    837
    307      1    838
    307      2    839
    307      3    840
    308      1    841
    308      2    842
    308      3    843
    309      1    844
    309      2    845
    309      3    846
    310      1    847
    310      2    848
    310      3    849
    311      1    850
    311      2    851
    311      3    852
    312      1    853
    312      2    854
    312      3    855
    313      1    856
    313      2    857
    313      3    858
    314      1    859
    314      2    860
    314      3    861
    315      1    862
    315      2    863
    315      3    864
    316      1    865
    316      2    866
    316      3    867
    317      1    868
    317      2    869
    317      3    870
    318      1    871
    318      2    872
    318      3    873
    319      1    874
    319      2    875
    319      3    876
    320      1    877
    320      2    878
    320      3    879
    321      1    880
    321      2    881
    321      3    882
    322      1    883
    322      2    884
    322      3    885
    323      1    886
    323      2    887
    323      3    888
    324      1    889
    324      2    890
    324      3    891
    325      1    892
    325      2    893
    325      3    894
    326      1    895
    326      2    896
    326      3    897
    327      1    898
    327      2    899
    327      3    900
    328      1    901
    328      2    902
    328      3    903
    329      1    904
    329      2    905
    329      3    906
    330      1    907
    330      2    908
    330      3    909
    331      1    910
    331      2    911
    331      3    912
    332      1    913
    332      2    914
    332      3    915
    333      1    916
    333      2    917
    333      3    918
    334      1    919
    334      2    920
    334      3    921
    335      1    922
    335      2    923
    335      3    924
    336      1    925
    336      2    926
    336      3    927
    337      1    928
    337      2    929
    337      3    930
    338      1    931
    338      2    932
    338      3    933
    339      1    934
    339      2    935
    339      3    936
    340      1    937
    340      2    938
    340      3    939
    341      1    940
    341      2    941
    341      3    942
    342      1    943
    342      2    944
    342      3    945
    343      1    946
    343      2    947
    343      3    948
    344      1    949
    344      2    950
    344      3    951
    345      1    952
    345      2    953
    345      3    954
    346      1    955
    346      2    956
    346      3    957
    347      1    958
    347      2    959
    347      3    960
    348      1    961
    348      2    962
    348      3    963
    349      1    964
    349      2    965
    349      3    966
    350      1    967
    350      2    968
    350      3    969
    351      1    970
    351      2    971
    351      3    972
    352      1    973
    352      2    974
    352      3    975
    353      1    976
    353      2    977
    353      3    978
    354      1    979
    354      2    980
    354      3    981
    355      1    982
    355      2    983
    355      3    984
    356      1    985
    356      2    986
    356      3    987
    357      1    988
    357      2    989
    357      3    990
    358      1    991
    358      2    992
    358      3    993
    359      1    994
    359      2    995
    359      3    996
    360      1    997
    360      2    998
    360      3    999
    361      1   1000
    361      2   1001
    361      3   1002
    362      1   1003
    362      2   1004
    362      3   1005
    363      1   1006
    363      2   1007
    363      3   1008
    364      1   1009
    364      2   1010
    364      3   1011
    365      1   1012
    365      2   1013
    365      3   1014
    366      1   1015
    366      2   1016
    366      3   1017
    367      1   1018
    367      2   1019
    367      3   1020
    368      1   1021
    368      2   1022
    368      3   1023
    369      1   1024
    369      2   1025
    369      3   1026
    370      1   1027
    370      2   1028
    370      3   1029
    371      1   1030
    371      2   1031
    371      3   1032
    372      1   1033
    372      2   1034
    372      3   1035
    373      1   1036
    373      2   1037
    373      3   1038
    374      1   1039
    374      2   1040
    374      3   1041
    375      1   1042
    375      2   1043
    375      3   1044
    376      1   1045
    376      2   1046
    376      3   1047
    377      1   1048
    377      2   1049
    377      3   1050
    378      1   1051
    378      2   1052
    378      3   1053
    379      1   1054
    379      2   1055
    379      3   1056
    380      1   1057
    380      2   1058
    380      3   1059
    381      1   1060
    381      2   1061
    381      3   1062
    382      1   1063
    382      2   1064
    382      3   1065
    383      1   1066
    383      2   1067
    383      3   1068
    384      1   1069
    384      2   1070
    384      3   1071
    385      1   1072
    385      2   1073
    385      3   1074
    386      1   1075
    386      2   1076
    386      3   1077
    387      1   1078
    387      2   1079
    387      3   1080
    388      1   1081
    388      2   1082
    388      3   1083
    389      1   1084
    389      2   1085
    389      3   1086
    390      1   1087
    390      2   1088
    390      3   1089
    391      1   1090
    391      2   1091
    391      3   1092
    392      1   1093
    392      2   1094
    392      3   1095
    393      1   1096
    393      2   1097
    393      3   1098
    394      1   1099
    394      2   1100
    394      3   1101
    395      1   1102
    395      2   1103
    395      3   1104
    396      1   1105
    396      2   1106
    396      3   1107
    397      1   1108
    397      2   1109
    397      3   1110
    398      1   1111
    398      2   1112
    398      3   1113
    399      1   1114
    399      2   1115
    399      3   1116
    400      1   1117
    400      2   1118
    400      3   1119
    401      1   1120
    401      2   1121
    401      3   1122
    402      1   1123
    402      2   1124
    402      3   1125
    403      1   1126
    403      2   1127
    403      3   1128
    404      1   1129
    404      2   1130
    404      3   1131
    405      1   1132
    405      2   1133
    405      3   1134
    406      1   1135
    406      2   1136
    406      3   1137
    407      1   1138
    407      2   1139
    407      3   1140
    408      1   1141
    408      2   1142
    408      3   1143
    409      1   1144
    409      2   1145
    409      3   1146
    410      1   1147
    410      2   1148
    410      3   1149
    411      1   1150
    411      2   1151
    411      3   1152
    412      1   1153
    412      2   1154
    412      3   1155
    413      1   1156
    413      2   1157
    413      3   1158
    414      1   1159
    414      2   1160
    414      3   1161
    415      1   1162
    415      2   1163
    415      3   1164
    416      1   1165
    416      2   1166
    416      3   1167
    417      1   1168
    417      2   1169
    417      3   1170
    418      1   1171
    418      2   1172
    418      3   1173
    419      1   1174
    419      2   1175
    419      3   1176
    420      1   1177
    420      2   1178
    420      3   1179
    421      1   1180
    421      2   1181
    421      3   1182
    422      1   1183
    422      2   1184
    422      3   1185
    423      1   1186
    423      2   1187
    423      3   1188
    424      1   1189
    424      2   1190
    424      3   1191
    425      1   1192
    425      2   1193
    425      3   1194
    426      1   1195
    426      2   1196
    426      3   1197
    427      1   1198
    427      2   1199
    427      3   1200
    428      1   1201
    428      2   1202
    428      3   1203
    429      1   1204
    429      2   1205
    429      3   1206
    430      1   1207
    430      2   1208
    430      3   1209
    431      1   1210
    431      2   1211
    431      3   1212
    432      1   1213
    432      2   1214
    432      3   1215
    433      1   1216
    433      2   1217
    433      3   1218
    434      1   1219
    434      2   1220
    434      3   1221
    435      1   1222
    435      2   1223
    435      3   1224
    436      1   1225
    436      2   1226
    436      3   1227
    437      1   1228
    437      2   1229
    437      3   1230
    438      1   1231
    438      2   1232
    438      3   1233
    439      1   1234
    439      2   1235
    439      3   1236
    440      1   1237
    440      2   1238
    440      3   1239
    441      1   1240
    441      2   1241
    441      3   1242
    442      1   1243
    442      2   1244
    442      3   1245
    443      1   1246
    443      2   1247
    443      3   1248
    444      1   1249
    444      2   1250
    444      3   1251
    445      1   1252
    445      2   1253
    445      3   1254
    446      1   1255
    446      2   1256
    446      3   1257
    447      1   1258
    447      2   1259
    447      3   1260
    448      1   1261
    448      2   1262
    448      3   1263
    449      1   1264
    449      2   1265
    449      3   1266
    450      1   1267
    450      2   1268
    450      3   1269
    451      1   1270
    451      2   1271
    451      3   1272
    452      1   1273
    452      2   1274
    452      3   1275
    453      1   1276
    453      2   1277
    453      3   1278
    454      1   1279
    454      2   1280
    454      3   1281
    455      1   1282
    455      2   1283
    455      3   1284
    456      1   1285
    456      2   1286
    456      3   1287
    457      1   1288
    457      2   1289
    457      3   1290
    458      1   1291
    458      2   1292
    458      3   1293
    459      1   1294
    459      2   1295
    459      3   1296
    460      1   1297
    460      2   1298
    460      3   1299
    461      1   1300
    461      2   1301
    461      3   1302
    462      1   1303
    462      2   1304
    462      3   1305
    463      1   1306
    463      2   1307
    463      3   1308
    464      1   1309
    464      2   1310
    464      3   1311
    465      1   1312
    465      2   1313
    465      3   1314
    466      1   1315
    466      2   1316
    466      3   1317
    467      1   1318
    467      2   1319
    467      3   1320
    468      1   1321
    468      2   1322
    468      3   1323
    469      1   1324
    469      2   1325
    469      3   1326
    470      1   1327
    470      2   1328
    470      3   1329
    471      1   1330
    471      2   1331
    471      3   1332
    472      1   1333
    472      2   1334
    472      3   1335
    473      1   1336
    473      2   1337
    473      3   1338
    474      1   1339
    474      2   1340
    474      3   1341
    475      1   1342
    475      2   1343
    475      3   1344
    476      1   1345
    476      2   1346
    476      3   1347
    477      1   1348
    477      2   1349
    477      3   1350
    478      1   1351
    478      2   1352
    478      3   1353
    479      1   1354
    479      2   1355
    479      3   1356
    480      1   1357
    480      2   1358
    480      3   1359
    481      1   1360
    481      2   1361
    481      3   1362
    482      1   1363
    482      2   1364
    482      3   1365
    483      1   1366
    483      2   1367
    483      3   1368
    484      1   1369
    484      2   1370
    484      3   1371
    485      1   1372
    485      2   1373
    485      3   1374
    486      1   1375
    486      2   1376
    486      3   1377
    487      1   1378
    487      2   1379
    487      3   1380
    488      1   1381
    488      2   1382
    488      3   1383
    489      1   1384
    489      2   1385
    489      3   1386
    490      1   1387
    490      2   1388
    490      3   1389
    491      1   1390
    491      2   1391
    491      3   1392
    492      1   1393
    492      2   1394
    492      3   1395
    493      1   1396
    493      2   1397
    493      3   1398
    494      1   1399
    494      2   1400
    494      3   1401
    495      1   1402
    495      2   1403
    495      3   1404
    496      1   1405
    496      2   1406
    496      3   1407
    497      1   1408
    497      2   1409
    497      3   1410
    498      1   1411
    498      2   1412
    498      3   1413
    499      1   1414
    499      2   1415
    499      3   1416
    500      1   1417
    500      2   1418
    500      3   1419
    501      1   1420
    501      2   1421
    501      3   1422
    502      1   1423
    502      2   1424
    502      3   1425
    503      1   1426
    503      2   1427
    503      3   1428
    504      1   1429
    504      2   1430
    504      3   1431
    505      1   1432
    505      2   1433
    505      3   1434
    506      1   1435
    506      2   1436
    506      3   1437
    507      1   1438
    507      2   1439
    507      3   1440
    508      1   1441
    508      2   1442
    508      3   1443
    509      1   1444
    509      2   1445
    509      3   1446
    510      1   1447
    510      2   1448
    510      3   1449
    511      1   1450
    511      2   1451
    511      3   1452
    512      1   1453
    512      2   1454
    512      3   1455
    513      1   1456
    513      2   1457
    513      3   1458
    514      1   1459
    514      2   1460
    514      3   1461
    515      1   1462
    515      2   1463
    515      3   1464
    516      1   1465
    516      2   1466
    516      3   1467
    517      1   1468
    517      2   1469
    517      3   1470
    518      1   1471
    518      2   1472
    518      3   1473
    519      1   1474
    519      2   1475
    519      3   1476
    520      1   1477
    520      2   1478
    520      3   1479
    521      1   1480
    521      2   1481
    521      3   1482
    522      1   1483
    522      2   1484
    522      3   1485
    523      1   1486
    523      2   1487
    523      3   1488
    524      1   1489
    524      2   1490
    524      3   1491
    525      1   1492
    525      2   1493
    525      3   1494
    526      1   1495
    526      2   1496
    526      3   1497
    527      1   1498
    527      2   1499
    527      3   1500
    528      1   1501
    528      2   1502
    528      3   1503
    529      1   1504
    529      2   1505
    529      3   1506
    530      1   1507
    530      2   1508
    530      3   1509
    531      1   1510
    531      2   1511
    531      3   1512
    532      1   1513
    532      2   1514
    532      3   1515
    533      1   1516
    533      2   1517
    533      3   1518
    534      1   1519
    534      2   1520
    534      3   1521
    535      1   1522
    535      2   1523
    535      3   1524
    536      1   1525
    536      2   1526
    536      3   1527
    537      1   1528
    537      2   1529
    537      3   1530
    538      1   1531
    538      2   1532
    538      3   1533
    539      1   1534
    539      2   1535
    539      3   1536
    540      1   1537
    540      2   1538
    540      3   1539
    541      1   1540
    541      2   1541
    541      3   1542
    542      1   1543
    542      2   1544
    542      3   1545
    543      1   1546
    543      2   1547
    543      3   1548
    544      1   1549
    544      2   1550
    544      3   1551
    545      1   1552
    545      2   1553
    545      3   1554
    546      1   1555
    546      2   1556
    546      3   1557
    547      1   1558
    547      2   1559
    547      3   1560
    548      1   1561
    548      2   1562
    548      3   1563
    549      1   1564
    549      2   1565
    549      3   1566
    550      1   1567
    550      2   1568
    550      3   1569
    551      1   1570
    551      2   1571
    551      3   1572
    552      1   1573
    552      2   1574
    552      3   1575
    553      1   1576
    553      2   1577
    553      3   1578
    554      1   1579
    554      2   1580
    554      3   1581
    555      1   1582
    555      2   1583
    555      3   1584
    556      1   1585
    556      2   1586
    556      3   1587
    557      1   1588
    557      2   1589
    557      3   1590
    558      1   1591
    558      2   1592
    558      3   1593
    559      1   1594
    559      2   1595
    559      3   1596
    560      1   1597
    560      2   1598
    560      3   1599
    561      1   1600
    561      2   1601
    561      3   1602
    562      1   1603
    562      2   1604
    562      3   1605
    563      1   1606
    563      2   1607
    563      3   1608
    564      1   1609
    564      2   1610
    564      3   1611
    565      1   1612
    565      2   1613
    565      3   1614
    566      1   1615
    566      2   1616
    566      3   1617
    567      1   1618
    567      2   1619
    567      3   1620
    568      1   1621
    568      2   1622
    568      3   1623
    569      1   1624
    569      2   1625
    569      3   1626
    570      1   1627
    570      2   1628
    570      3   1629
    571      1   1630
    571      2   1631
    571      3   1632
    572      1   1633
    572      2   1634
    572      3   1635
    573      1   1636
    573      2   1637
    573      3   1638
    574      1   1639
    574      2   1640
    574      3   1641
    575      1   1642
    575      2   1643
    575      3   1644
    576      1   1645
    576      2   1646
    576      3   1647
    577      1   1648
    577      2   1649
    577      3   1650
    578      1   1651
    578      2   1652
    578      3   1653
    579      1   1654
    579      2   1655
    579      3   1656
    580      1   1657
    580      2   1658
    580      3   1659
    581      1   1660
    581      2   1661
    581      3   1662
    582      1   1663
    582      2   1664
    582      3   1665
    583      1   1666
    583      2   1667
    583      3   1668
    584      1   1669
    584      2   1670
    584      3   1671
    585      1   1672
    585      2   1673
    585      3   1674
    586      1   1675
    586      2   1676
    586      3   1677
    587      1   1678
    587      2   1679
    587      3   1680
    588      1   1681
    588      2   1682
    588      3   1683
    589      1   1684
    589      2   1685
    589      3   1686
    590      1   1687
    590      2   1688
    590      3   1689
    591      1   1690
    591      2   1691
    591      3   1692
    592      1   1693
    592      2   1694
    592      3   1695
    593      1   1696
    593      2   1697
    593      3   1698
    594      1   1699
    594      2   1700
    594      3   1701
    595      1   1702
    595      2   1703
    595      3   1704
    596      1   1705
    596      2   1706
    596      3   1707
    597      1   1708
    597      2   1709
    597      3   1710
    598      1   1711
    598      2   1712
    598      3   1713
    599      1   1714
    599      2   1715
    599      3   1716
    600      1   1717
    600      2   1718
    600      3   1719
    601      1   1720
    601      2   1721
    601      3   1722
    602      1   1723
    602      2   1724
    602      3   1725
    603      1   1726
    603      2   1727
    603      3   1728
    604      1   1729
    604      2   1730
    604      3   1731
    605      1   1732
    605      2   1733
    605      3   1734
    606      1   1735
    606      2   1736
    606      3   1737
    607      1   1738
    607      2   1739
    607      3   1740
    608      1   1741
    608      2   1742
    608      3   1743
    609      1   1744
    609      2   1745
    609      3   1746
    610      1   1747
    610      2   1748
    610      3   1749
    611      1   1750
    611      2   1751
    611      3   1752
    612      1   1753
    612      2   1754
    612      3   1755
    613      1   1756
    613      2   1757
    613      3   1758
    614      1   1759
    614      2   1760
    614      3   1761
    615      1   1762
    615      2   1763
    615      3   1764
    616      1   1765
    616      2   1766
    616      3   1767
    617      1   1768
    617      2   1769
    617      3   1770
    618      1   1771
    618      2   1772
    618      3   1773
    619      1   1774
    619      2   1775
    619      3   1776
    620      1   1777
    620      2   1778
    620      3   1779
    621      1   1780
    621      2   1781
    621      3   1782
    622      1   1783
    622      2   1784
    622      3   1785
    623      1   1786
    623      2   1787
    623      3   1788
    624      1   1789
    624      2   1790
    624      3   1791
    625      1   1792
    625      2   1793
    625      3   1794
    626      1   1795
    626      2   1796
    626      3   1797
    627      1   1798
    627      2   1799
    627      3   1800
    628      1   1801
    628      2   1802
    628      3   1803
    629      1   1804
    629      2   1805
    629      3   1806
    630      1   1807
    630      2   1808
    630      3   1809
    631      1   1810
    631      2   1811
    631      3   1812
    632      1   1813
    632      2   1814
    632      3   1815
    633      1   1816
    633      2   1817
    633      3   1818
    634      1   1819
    634      2   1820
    634      3   1821
    635      1   1822
    635      2   1823
    635      3   1824
    636      1   1825
    636      2   1826
    636      3   1827
    637      1   1828
    637      2   1829
    637      3   1830
    638      1   1831
    638      2   1832
    638      3   1833
    639      1   1834
    639      2   1835
    639      3   1836
    640      1   1837
    640      2   1838
    640      3   1839
    641      1   1840
    641      2   1841
    641      3   1842
    642      1   1843
    642      2   1844
    642      3   1845
    643      1   1846
    643      2   1847
    643      3   1848
    644      1   1849
    644      2   1850
    644      3   1851
    645      1   1852
    645      2   1853
    645      3   1854
    646      1   1855
    646      2   1856
    646      3   1857
    647      1   1858
    647      2   1859
    647      3   1860
    648      1   1861
    648      2   1862
    648      3   1863
    649      1   1864
    649      2   1865
    649      3   1866
    650      1   1867
    650      2   1868
    650      3   1869
    651      1   1870
    651      2   1871
    651      3   1872
    652      1   1873
    652      2   1874
    652      3   1875
    653      1   1876
    653      2   1877
    653      3   1878
    654      1   1879
    654      2   1880
    654      3   1881
    655      1   1882
    655      2   1883
    655      3   1884
    656      1   1885
    656      2   1886
    656      3   1887
    657      1   1888
    657      2   1889
    657      3   1890
    658      1   1891
    658      2   1892
    658      3   1893
    659      1   1894
    659      2   1895
    659      3   1896
    660      1   1897
    660      2   1898
    660      3   1899
    661      1   1900
    661      2   1901
    661      3   1902
    662      1   1903
    662      2   1904
    662      3   1905
    663      1   1906
    663      2   1907
    663      3   1908
    664      1   1909
    664      2   1910
    664      3   1911
    665      1   1912
    665      2   1913
    665      3   1914
    666      1   1915
    666      2   1916
    666      3   1917
    667      1   1918
    667      2   1919
    667      3   1920
    668      1   1921
    668      2   1922
    668      3   1923
    669      1   1924
    669      2   1925
    669      3   1926
    670      1   1927
    670      2   1928
    670      3   1929
    671      1   1930
    671      2   1931
    671      3   1932
    672      1   1933
    672      2   1934
    672      3   1935
    673      1   1936
    673      2   1937
    673      3   1938
    674      1   1939
    674      2   1940
    674      3   1941
    675      1   1942
    675      2   1943
    675      3   1944
    676      1   1945
    676      2   1946
    676      3   1947
    677      1   1948
    677      2   1949
    677      3   1950
    678      1   1951
    678      2   1952
    678      3   1953
    679      1   1954
    679      2   1955
    679      3   1956
    680      1   1957
    680      2   1958
    680      3   1959
    681      1   1960
    681      2   1961
    681      3   1962
    682      1   1963
    682      2   1964
    682      3   1965
    683      1   1966
    683      2   1967
    683      3   1968
    684      1   1969
    684      2   1970
    684      3   1971
    685      1   1972
    685      2   1973
    685      3   1974
    686      1   1975
    686      2   1976
    686      3   1977
    687      1   1978
    687      2   1979
    687      3   1980
    688      1   1981
    688      2   1982
    688      3   1983
    689      1   1984
    689      2   1985
    689      3   1986
    690      1   1987
    690      2   1988
    690      3   1989
    691      1   1990
    691      2   1991
    691      3   1992
    692      1   1993
    692      2   1994
    692      3   1995
    693      1   1996
    693      2   1997
    693      3   1998
    694      1   1999
    694      2   2000
    694      3   2001
    695      1   2002
    695      2   2003
    695      3   2004
    696      1   2005
    696      2   2006
    696      3   2007
    697      1   2008
    697      2   2009
    697      3   2010
    698      1   2011
    698      2   2012
    698      3   2013
    699      1   2014
    699      2   2015
    699      3   2016
    700      1   2017
    700      2   2018
    700      3   2019
    701      1   2020
    701      2   2021
    701      3   2022
    702      1   2023
    702      2   2024
    702      3   2025
    703      1   2026
    703      2   2027
    703      3   2028
    704      1   2029
    704      2   2030
    704      3   2031
    705      1   2032
    705      2   2033
    705      3   2034
    706      1   2035
    706      2   2036
    706      3   2037
    707      1   2038
    707      2   2039
    707      3   2040
    708      1   2041
    708      2   2042
    708      3   2043
    709      1   2044
    709      2   2045
    709      3   2046
    710      1   2047
    710      2   2048
    710      3   2049
    711      1   2050
    711      2   2051
    711      3   2052
    712      1   2053
    712      2   2054
    712      3   2055
    713      1   2056
    713      2   2057
    713      3   2058
    714      1   2059
    714      2   2060
    714      3   2061
    715      1   2062
    715      2   2063
    715      3   2064
    716      1   2065
    716      2   2066
    716      3   2067
    717      1   2068
    717      2   2069
    717      3   2070
    718      1   2071
    718      2   2072
    718      3   2073
    719      1   2074
    719      2   2075
    719      3   2076
    720      1   2077
    720      2   2078
    720      3   2079
    721      1   2080
    721      2   2081
    721      3   2082
    722      1   2083
    722      2   2084
    722      3   2085
    723      1   2086
    723      2   2087
    723      3   2088
    724      1   2089
    724      2   2090
    724      3   2091
    725      1   2092
    725      2   2093
    725      3   2094
    726      1   2095
    726      2   2096
    726      3   2097
    727      1   2098
    727      2   2099
    727      3   2100
    728      1   2101
    728      2   2102
    728      3   2103
    729      1   2104
    729      2   2105
    729      3   2106
    730      1   2107
    730      2   2108
    730      3   2109
    731      1   2110
    731      2   2111
    731      3   2112
    732      1   2113
    732      2   2114
    732      3   2115
    733      1   2116
    733      2   2117
    733      3   2118
    734      1   2119
    734      2   2120
    734      3   2121
    735      1   2122
    735      2   2123
    735      3   2124
    736      1   2125
    736      2   2126
    736      3   2127
    737      1   2128
    737      2   2129
    737      3   2130
    738      1   2131
    738      2   2132
    738      3   2133
    739      1   2134
    739      2   2135
    739      3   2136
    740      1   2137
    740      2   2138
    740      3   2139
    741      1   2140
    741      2   2141
    741      3   2142
    742      1   2143
    742      2   2144
    742      3   2145
    743      1   2146
    743      2   2147
    743      3   2148
    744      1   2149
    744      2   2150
    744      3   2151
    745      1   2152
    745      2   2153
    745      3   2154
    746      1   2155
    746      2   2156
    746      3   2157
    747      1   2158
    747      2   2159
    747      3   2160
    748      1   2161
    748      2   2162
    748      3   2163
    749      1   2164
    749      2   2165
    749      3   2166
    750      1   2167
    750      2   2168
    750      3   2169
    751      1   2170
    751      2   2171
    751      3   2172
    752      1   2173
    752      2   2174
    752      3   2175
    753      1   2176
    753      2   2177
    753      3   2178
    754      1   2179
    754      2   2180
    754      3   2181
    755      1   2182
    755      2   2183
    755      3   2184
    756      1   2185
    756      2   2186
    756      3   2187
    757      1   2188
    757      2   2189
    757      3   2190
    758      1   2191
    758      2   2192
    758      3   2193
    759      1   2194
    759      2   2195
    759      3   2196
    760      1   2197
    760      2   2198
    760      3   2199
    761      1   2200
    761      2   2201
    761      3   2202
    762      1   2203
    762      2   2204
    762      3   2205
    763      1   2206
    763      2   2207
    763      3   2208
    764      1   2209
    764      2   2210
    764      3   2211
    765      1   2212
    765      2   2213
    765      3   2214
    766      1   2215
    766      2   2216
    766      3   2217
    767      1   2218
    767      2   2219
    767      3   2220
    768      1   2221
    768      2   2222
    768      3   2223
    769      1   2224
    769      2   2225
    769      3   2226
    770      1   2227
    770      2   2228
    770      3   2229
    771      1   2230
    771      2   2231
    771      3   2232
    772      1   2233
    772      2   2234
    772      3   2235
    773      1   2236
    773      2   2237
    773      3   2238
    774      1   2239
    774      2   2240
    774      3   2241
    775      1   2242
    775      2   2243
    775      3   2244
    776      1   2245
    776      2   2246
    776      3   2247
    777      1   2248
    777      2   2249
    777      3   2250
    778      1   2251
    778      2   2252
    778      3   2253
    779      1   2254
    779      2   2255
    779      3   2256
    780      1   2257
    780      2   2258
    780      3   2259
    781      1   2260
    781      2   2261
    781      3   2262
    782      1   2263
    782      2   2264
    782      3   2265
    783      1   2266
    783      2   2267
    783      3   2268
    784      1   2269
    784      2   2270
    784      3   2271
    785      1   2272
    785      2   2273
    785      3   2274
    786      1   2275
    786      2   2276
    786      3   2277
    787      1   2278
    787      2   2279
    787      3   2280
    788      1   2281
    788      2   2282
    788      3   2283
    789      1   2284
    789      2   2285
    789      3   2286
    790      1   2287
    790      2   2288
    790      3   2289
    791      1   2290
    791      2   2291
    791      3   2292
    792      1   2293
    792      2   2294
    792      3   2295
    793      1   2296
    793      2   2297
    793      3   2298
    794      1   2299
    794      2   2300
    794      3   2301
    795      1   2302
    795      2   2303
    795      3   2304
    796      1   2305
    796      2   2306
    796      3   2307
    797      1   2308
    797      2   2309
    797      3   2310
    798      1   2311
    798      2   2312
    798      3   2313
    799      1   2314
    799      2   2315
    799      3   2316
    800      1   2317
    800      2   2318
    800      3   2319
    801      1   2320
    801      2   2321
    801      3   2322
    802      1   2323
    802      2   2324
    802      3   2325
    803      1   2326
    803      2   2327
    803      3   2328
    804      1   2329
    804      2   2330
    804      3   2331
    805      1   2332
    805      2   2333
    805      3   2334
    806      1   2335
    806      2   2336
    806      3   2337
    807      1   2338
    807      2   2339
    807      3   2340
    808      1   2341
    808      2   2342
    808      3   2343
    809      1   2344
    809      2   2345
    809      3   2346
    810      1   2347
    810      2   2348
    810      3   2349
    811      1   2350
    811      2   2351
    811      3   2352
    812      1   2353
    812      2   2354
    812      3   2355
    813      1   2356
    813      2   2357
    813      3   2358
    814      1   2359
    814      2   2360
    814      3   2361
    815      1   2362
    815      2   2363
    815      3   2364
    816      1   2365
    816      2   2366
    816      3   2367
    817      1   2368
    817      2   2369
    817      3   2370
    818      1   2371
    818      2   2372
    818      3   2373
    819      1   2374
    819      2   2375
    819      3   2376
    820      1   2377
    820      2   2378
    820      3   2379
    821      1   2380
    821      2   2381
    821      3   2382
    822      1   2383
    822      2   2384
    822      3   2385
    823      1   2386
    823      2   2387
    823      3   2388
    824      1   2389
    824      2   2390
    824      3   2391
    825      1   2392
    825      2   2393
    825      3   2394
    826      1   2395
    826      2   2396
    826      3   2397
    827      1   2398
    827      2   2399
    827      3   2400
    828      1   2401
    828      2   2402
    828      3   2403
    829      1   2404
    829      2   2405
    829      3   2406
    830      1   2407
    830      2   2408
    830      3   2409
    831      1   2410
    831      2   2411
    831      3   2412
    832      1   2413
    832      2   2414
    832      3   2415
    833      1   2416
    833      2   2417
    833      3   2418
    834      1   2419
    834      2   2420
    834      3   2421
    835      1   2422
    835      2   2423
    835      3   2424
    836      1   2425
    836      2   2426
    836      3   2427
    837      1   2428
    837      2   2429
    837      3   2430
    838      1   2431
    838      2   2432
    838      3   2433
    839      1   2434
    839      2   2435
    839      3   2436
    840      1   2437
    840      2   2438
    840      3   2439
    841      1   2440
    841      2   2441
    841      3   2442
    842      1   2443
    842      2   2444
    842      3   2445
    843      1   2446
    843      2   2447
    843      3   2448
    844      1   2449
    844      2   2450
    844      3   2451
    845      1   2452
    845      2   2453
    845      3   2454
    846      1   2455
    846      2   2456
    846      3   2457
    847      1   2458
    847      2   2459
    847      3   2460
    848      1   2461
    848      2   2462
    848      3   2463
    849      1   2464
    849      2   2465
    849      3   2466
    850      1   2467
    850      2   2468
    850      3   2469
    851      1   2470
    851      2   2471
    851      3   2472
    852      1   2473
    852      2   2474
    852      3   2475
    853      1   2476
    853      2   2477
    853      3   2478
    854      1   2479
    854      2   2480
    854      3   2481
    855      1   2482
    855      2   2483
    855      3   2484
    856      1   2485
    856      2   2486
    856      3   2487
    857      1   2488
    857      2   2489
    857      3   2490
    858      1   2491
    858      2   2492
    858      3   2493
    859      1   2494
    859      2   2495
    859      3   2496
    860      1   2497
    860      2   2498
    860      3   2499
    861      1   2500
    861      2   2501
    861      3   2502
    862      1   2503
    862      2   2504
    862      3   2505
    863      1   2506
    863      2   2507
    863      3   2508
    864      1   2509
    864      2   2510
    864      3   2511
    865      1   2512
    865      2   2513
    865      3   2514
    866      1   2515
    866      2   2516
    866      3   2517
    867      1   2518
    867      2   2519
    867      3   2520
    868      1   2521
    868      2   2522
    868      3   2523
    869      1   2524
    869      2   2525
    869      3   2526
    870      1   2527
    870      2   2528
    870      3   2529
    871      1   2530
    871      2   2531
    871      3   2532
    872      1   2533
    872      2   2534
    872      3   2535
    873      1   2536
    873      2   2537
    873      3   2538
    874      1   2539
    874      2   2540
    874      3   2541
    875      1   2542
    875      2   2543
    875      3   2544
    876      1   2545
    876      2   2546
    876      3   2547
    877      1   2548
    877      2   2549
    877      3   2550
    878      1   2551
    878      2   2552
    878      3   2553
    879      1   2554
    879      2   2555
    879      3   2556
    880      1   2557
    880      2   2558
    880      3   2559
    881      1   2560
    881      2   2561
    881      3   2562
    882      1   2563
    882      2   2564
    882      3   2565
    883      1   2566
    883      2   2567
    883      3   2568
    884      1   2569
    884      2   2570
    884      3   2571
    885      1   2572
    885      2   2573
    885      3   2574
    886      1   2575
    886      2   2576
    886      3   2577
    887      1   2578
    887      2   2579
    887      3   2580
    888      1   2581
    888      2   2582
    888      3   2583
    889      1   2584
    889      2   2585
    889      3   2586
    890      1   2587
    890      2   2588
    890      3   2589
    891      1   2590
    891      2   2591
    891      3   2592
    892      1   2593
    892      2   2594
    892      3   2595
    893      1   2596
    893      2   2597
    893      3   2598
    894      1   2599
    894      2   2600
    894      3   2601
    895      1   2602
    895      2   2603
    895      3   2604
    896      1   2605
    896      2   2606
    896      3   2607
    897      1   2608
    897      2   2609
    897      3   2610
    898      1   2611
    898      2   2612
    898      3   2613
    899      1   2614
    899      2   2615
    899      3   2616
    900      1   2617
    900      2   2618
    900      3   2619
    901      1   2620
    901      2   2621
    901      3   2622
    902      1   2623
    902      2   2624
    902      3   2625
    903      1   2626
    903      2   2627
    903      3   2628
    904      1   2629
    904      2   2630
    904      3   2631
    905      1   2632
    905      2   2633
    905      3   2634
    906      1   2635
    906      2   2636
    906      3   2637
    907      1   2638
    907      2   2639
    907      3   2640
    908      1   2641
    908      2   2642
    908      3   2643
    909      1   2644
    909      2   2645
    909      3   2646
    910      1   2647
    910      2   2648
    910      3   2649
    911      1   2650
    911      2   2651
    911      3   2652
    912      1   2653
    912      2   2654
    912      3   2655
    913      1   2656
    913      2   2657
    913      3   2658
    914      1   2659
    914      2   2660
    914      3   2661
    915      1   2662
    915      2   2663
    915      3   2664
    916      1   2665
    916      2   2666
    916      3   2667
    917      1   2668
    917      2   2669
    917      3   2670
    918      1   2671
    918      2   2672
    918      3   2673
    919      1   2674
    919      2   2675
    919      3   2676
    920      1   2677
    920      2   2678
    920      3   2679
    921      1   2680
    921      2   2681
    921      3   2682
    922      1   2683
    922      2   2684
    922      3   2685
    923      1   2686
    923      2   2687
    923      3   2688
    924      1   2689
    924      2   2690
    924      3   2691
    925      1   2692
    925      2   2693
    925      3   2694
    926      1   2695
    926      2   2696
    926      3   2697
    927      1   2698
    927      2   2699
    927      3   2700
    928      1   2701
    928      2   2702
    928      3   2703
    929      1   2704
    929      2   2705
    929      3   2706
    930      1   2707
    930      2   2708
    930      3   2709
    931      1   2710
    931      2   2711
    931      3   2712
    932      1   2713
    932      2   2714
    932      3   2715
    933      1   2716
    933      2   2717
    933      3   2718
    934      1   2719
    934      2   2720
    934      3   2721
    935      1   2722
    935      2   2723
    935      3   2724
    936      1   2725
    936      2   2726
    936      3   2727
    937      1   2728
    937      2   2729
    937      3   2730
    938      1   2731
    938      2   2732
    938      3   2733
    939      1   2734
    939      2   2735
    939      3   2736
    940      1   2737
    940      2   2738
    940      3   2739
    941      1   2740
    941      2   2741
    941      3   2742
    942      1   2743
    942      2   2744
    942      3   2745
    943      1   2746
    943      2   2747
    943      3   2748
    944      1   2749
    944      2   2750
    944      3   2751
    945      1   2752
    945      2   2753
    945      3   2754
    946      1   2755
    946      2   2756
    946      3   2757
    947      1   2758
    947      2   2759
    947      3   2760
    948      1   2761
    948      2   2762
    948      3   2763
    949      1   2764
    949      2   2765
    949      3   2766
    950      1   2767
    950      2   2768
    950      3   2769
    951      1   2770
    951      2   2771
    951      3   2772
    952      1   2773
    952      2   2774
    952      3   2775
    953      1   2776
    953      2   2777
    953      3   2778
    954      1   2779
    954      2   2780
    954      3   2781
    955      1   2782
    955      2   2783
    955      3   2784
    956      1   2785
    956      2   2786
    956      3   2787
    957      1   2788
    957      2   2789
    957      3   2790
    958      1   2791
    958      2   2792
    958      3   2793
    959      1   2794
    959      2   2795
    959      3   2796
    960      1   2797
    960      2   2798
    960      3   2799
    961      1   2800
    961      2   2801
    961      3   2802
    962      1   2803
    962      2   2804
    962      3   2805
    963      1   2806
    963      2   2807
    963      3   2808
    964      1   2809
    964      2   2810
    964      3   2811
    965      1   2812
    965      2   2813
    965      3   2814
    966      1   2815
    966      2   2816
    966      3   2817
    967      1   2818
    967      2   2819
    967      3   2820
    968      1   2821
    968      2   2822
    968      3   2823
    969      1   2824
    969      2   2825
    969      3   2826
    970      1   2827
    970      2   2828
    970      3   2829
    971      1   2830
    971      2   2831
    971      3   2832
    972      1   2833
    972      2   2834
    972      3   2835
    973      1   2836
    973      2   2837
    973      3   2838
    974      1   2839
    974      2   2840
    974      3   2841
    975      1   2842
    975      2   2843
    975      3   2844
    976      1   2845
    976      2   2846
    976      3   2847
    977      1   2848
    977      2   2849
    977      3   2850
    978      1   2851
    978      2   2852
    978      3   2853
    979      1   2854
    979      2   2855
    979      3   2856
    980      1   2857
    980      2   2858
    980      3   2859
    981      1   2860
    981      2   2861
    981      3   2862
    982      1   2863
    982      2   2864
    982      3   2865
    983      1   2866
    983      2   2867
    983      3   2868
    984      1   2869
    984      2   2870
    984      3   2871
    985      1   2872
    985      2   2873
    985      3   2874
    986      1   2875
    986      2   2876
    986      3   2877
    987      1   2878
    987      2   2879
    987      3   2880
    988      1   2881
    988      2   2882
    988      3   2883
    989      1   2884
    989      2   2885
    989      3   2886
    990      1   2887
    990      2   2888
    990      3   2889
    991      1   2890
    991      2   2891
    991      3   2892
    992      1   2893
    992      2   2894
    992      3   2895
    993      1   2896
    993      2   2897
    993      3   2898
    994      1   2899
    994      2   2900
    994      3   2901
    995      1   2902
    995      2   2903
    995      3   2904
    996      1   2905
    996      2   2906
    996      3   2907
    997      1   2908
    997      2   2909
    997      3   2910
    998      1   2911
    998      2   2912
    998      3   2913
    999      1   2914
    999      2   2915
    999      3   2916
   1000      1   2917
   1000      2   2918
   1000      3   2919
   1001      1   2920
   1001      2   2921
   1001      3   2922
   1002      1   2923
   1002      2   2924
   1002      3   2925
   1003      1   2926
   1003      2   2927
   1003      3   2928
   1004      1   2929
   1004      2   2930
   1004      3   2931
   1005      1   2932
   1005      2   2933
   1005      3   2934
   1006      1   2935
   1006      2   2936
   1006      3   2937
   1007      1   2938
   1007      2   2939
   1007      3   2940
   1008      1   2941
   1008      2   2942
   1008      3   2943
   1009      1   2944
   1009      2   2945
   1009      3   2946
   1010      1   2947
   1010      2   2948
   1010      3   2949
   1011      1   2950
   1011      2   2951
   1011      3   2952
   1012      1   2953
   1012      2   2954
   1012      3   2955
   1013      1   2956
   1013      2   2957
   1013      3   2958
   1014      1   2959
   1014      2   2960
   1014      3   2961
   1015      1   2962
   1015      2   2963
   1015      3   2964
   1016      1   2965
   1016      2   2966
   1016      3   2967
   1017      1   2968
   1017      2   2969
   1017      3   2970
   1018      1   2971
   1018      2   2972
   1018      3   2973
   1019      1   2974
   1019      2   2975
   1019      3   2976
   1020      1   2977
   1020      2   2978
   1020      3   2979
   1021      1   2980
   1021      2   2981
   1021      3   2982
   1022      1   2983
   1022      2   2984
   1022      3   2985
   1023      1   2986
   1023      2   2987
   1023      3   2988
   1024      1   2989
   1024      2   2990
   1024      3   2991
   1025      1   2992
   1025      2   2993
   1025      3   2994
   1026      1   2995
   1026      2   2996
   1026      3   2997
   1027      1   2998
   1027      2   2999
   1027      3   3000
   1028      1   3001
   1028      2   3002
   1028      3   3003
   1029      1   3004
   1029      2   3005
   1029      3   3006
   1030      1   3007
   1030      2   3008
   1030      3   3009
   1031      1   3010
   1031      2   3011
   1031      3   3012
   1032      1   3013
   1032      2   3014
   1032      3   3015
   1033      1   3016
   1033      2   3017
   1033      3   3018
   1034      1   3019
   1034      2   3020
   1034      3   3021
   1035      1   3022
   1035      2   3023
   1035      3   3024
   1036      1   3025
   1036      2   3026
   1036      3   3027
   1037      1   3028
   1037      2   3029
   1037      3   3030
   1038      1   3031
   1038      2   3032
   1038      3   3033
   1039      1   3034
   1039      2   3035
   1039      3   3036
   1040      1   3037
   1040      2   3038
   1040      3   3039
   1041      1   3040
   1041      2   3041
   1041      3   3042
   1042      1   3043
   1042      2   3044
   1042      3   3045
   1043      1   3046
   1043      2   3047
   1043      3   3048
   1044      1   3049
   1044      2   3050
   1044      3   3051
   1045      1   3052
   1045      2   3053
   1045      3   3054
   1046      1   3055
   1046      2   3056
   1046      3   3057
   1047      1   3058
   1047      2   3059
   1047      3   3060
   1048      1   3061
   1048      2   3062
   1048      3   3063
   1049      1   3064
   1049      2   3065
   1049      3   3066
   1050      1   3067
   1050      2   3068
   1050      3   3069
   1051      1   3070
   1051      2   3071
   1051      3   3072
   1052      1   3073
   1052      2   3074
   1052      3   3075
   1053      1   3076
   1053      2   3077
   1053      3   3078
   1054      1   3079
   1054      2   3080
   1054      3   3081
   1055      1   3082
   1055      2   3083
   1055      3   3084
   1056      1   3085
   1056      2   3086
   1056      3   3087
   1057      1   3088
   1057      2   3089
   1057      3   3090
   1058      1   3091
   1058      2   3092
   1058      3   3093
   1059      1   3094
   1059      2   3095
   1059      3   3096
   1060      1   3097
   1060      2   3098
   1060      3   3099
   1061      1   3100
   1061      2   3101
   1061      3   3102
   1062      1   3103
   1062      2   3104
   1062      3   3105
   1063      1   3106
   1063      2   3107
   1063      3   3108
   1064      1   3109
   1064      2   3110
   1064      3   3111
   1065      1   3112
   1065      2   3113
   1065      3   3114
   1066      1   3115
   1066      2   3116
   1066      3   3117
   1067      1   3118
   1067      2   3119
   1067      3   3120
   1068      1   3121
   1068      2   3122
   1068      3   3123
   1069      1   3124
   1069      2   3125
   1069      3   3126
   1070      1   3127
   1070      2   3128
   1070      3   3129
   1071      1   3130
   1071      2   3131
   1071      3   3132
   1072      1   3133
   1072      2   3134
   1072      3   3135
   1073      1   3136
   1073      2   3137
   1073      3   3138
   1074      1   3139
   1074      2   3140
   1074      3   3141
   1075      1   3142
   1075      2   3143
   1075      3   3144
   1076      1   3145
   1076      2   3146
   1076      3   3147
   1077      1   3148
   1077      2   3149
   1077      3   3150
   1078      1   3151
   1078      2   3152
   1078      3   3153
   1079      1   3154
   1079      2   3155
   1079      3   3156
   1080      1   3157
   1080      2   3158
   1080      3   3159
   1081      1   3160
   1081      2   3161
   1081      3   3162
   1082      1   3163
   1082      2   3164
   1082      3   3165
   1083      1   3166
   1083      2   3167
   1083      3   3168
   1084      1   3169
   1084      2   3170
   1084      3   3171
   1085      1   3172
   1085      2   3173
   1085      3   3174
   1086      1   3175
   1086      2   3176
   1086      3   3177
   1087      1   3178
   1087      2   3179
   1087      3   3180
   1088      1   3181
   1088      2   3182
   1088      3   3183
   1089      1   3184
   1089      2   3185
   1089      3   3186
   1090      1   3187
   1090      2   3188
   1090      3   3189
   1091      1   3190
   1091      2   3191
   1091      3   3192
   1092      1   3193
   1092      2   3194
   1092      3   3195
   1093      1   3196
   1093      2   3197
   1093      3   3198
   1094      1   3199
   1094      2   3200
   1094      3   3201
   1095      1   3202
   1095      2   3203
   1095      3   3204
   1096      1   3205
   1096      2   3206
   1096      3   3207
   1097      1   3208
   1097      2   3209
   1097      3   3210
   1098      1   3211
   1098      2   3212
   1098      3   3213
   1099      1   3214
   1099      2   3215
   1099      3   3216
   1100      1   3217
   1100      2   3218
   1100      3   3219
   1101      1   3220
   1101      2   3221
   1101      3   3222
   1102      1   3223
   1102      2   3224
   1102      3   3225
   1103      1   3226
   1103      2   3227
   1103      3   3228
   1104      1   3229
   1104      2   3230
   1104      3   3231
   1105      1   3232
   1105      2   3233
   1105      3   3234
   1106      1   3235
   1106      2   3236
   1106      3   3237
   1107      1   3238
   1107      2   3239
   1107      3   3240
 
 STRAIN ENERGY =   0.113894E+01
 
 DISPLACEMENT 
 ------------------------------
   Node      Dx         Dy         Dz     
    1    0.000E+00  0.000E+00  0.000E+00
    2    0.000E+00  0.000E+00  0.000E+00
    3    0.000E+00  0.000E+00  0.000E+00
    4    0.000E+00  0.000E+00  0.000E+00
    5    0.000E+00  0.000E+00  0.000E+00
    6    0.000E+00  0.000E+00  0.000E+00
    7    0.000E+00  0.000E+00  0.000E+00
    8    0.000E+00  0.000E+00  0.000E+00
    9    0.000E+00  0.000E+00  0.000E+00
   10    0.000E+00  0.000E+00  0.000E+00
   11    0.000E+00  0.000E+00  0.000E+00
   12    0.000E+00  0.000E+00  0.000E+00
   13    0.000E+00  0.000E+00  0.000E+00
   14    0.000E+00  0.000E+00  0.000E+00
   15    0.000E+00  0.000E+00  0.000E+00
   16    0.000E+00  0.000E+00  0.000E+00
   17    0.000E+00  0.000E+00  0.000E+00
   18    0.000E+00  0.000E+00  0.000E+00
   19    0.000E+00  0.000E+00  0.000E+00
   20    0.000E+00  0.000E+00  0.000E+00
   21    0.000E+00  0.000E+00  0.000E+00
   22    0.000E+00  0.000E+00  0.000E+00
   23    0.000E+00  0.000E+00  0.000E+00
   24    0.000E+00  0.000E+00  0.000E+00
   25    0.000E+00  0.000E+00  0.000E+00
   26    0.000E+00  0.000E+00  0.000E+00
   27    0.000E+00  0.000E+00  0.000E+00
   28   -5.477E-07 -2.887E-07 -1.808E-07
   29   -5.185E-07 -3.088E-07  2.687E-20
   30   -5.477E-07 -2.887E-07  1.808E-07
   31   -3.543E-07 -1.424E-07 -1.337E-07
   32   -3.290E-07 -1.621E-07  2.085E-19
   33   -3.543E-07 -1.424E-07  1.337E-07
   34   -2.288E-07 -7.489E-08 -9.227E-08
   35   -2.123E-07 -9.449E-08  2.653E-19
   36   -2.288E-07 -7.489E-08  9.227E-08
   37   -1.123E-07 -4.306E-08 -4.639E-08
   38   -1.039E-07 -6.357E-08  2.823E-19
   39   -1.123E-07 -4.306E-08  4.639E-08
   40    5.354E-19 -3.354E-08  4.127E-19
   41    9.092E-22 -5.420E-08  2.810E-19
   42   -5.335E-19 -3.354E-08  4.118E-19
   43    1.123E-07 -4.306E-08  4.639E-08
   44    1.039E-07 -6.357E-08  2.666E-19
   45    1.123E-07 -4.306E-08 -4.639E-08
   46    2.288E-07 -7.489E-08  9.227E-08
   47    2.123E-07 -9.449E-08  2.321E-19
   48    2.288E-07 -7.489E-08 -9.227E-08
   49    3.543E-07 -1.424E-07  1.337E-07
   50    3.290E-07 -1.621E-07  1.551E-19
   51    3.543E-07 -1.424E-07 -1.337E-07
   52    5.477E-07 -2.887E-07  1.808E-07
   53    5.185E-07 -3.088E-07 -4.453E-20
   54    5.477E-07 -2.887E-07 -1.808E-07
   55   -1.062E-06 -5.513E-07 -1.604E-07
   56   -1.065E-06 -5.743E-07  7.102E-19
   57   -1.062E-06 -5.513E-07  1.604E-07
   58   -7.520E-07 -4.197E-07 -1.244E-07
   59   -7.535E-07 -4.388E-07  9.860E-19
   60   -7.520E-07 -4.197E-07  1.244E-07
   61   -4.806E-07 -3.223E-07 -8.400E-08
   62   -4.818E-07 -3.419E-07  1.120E-18
   63   -4.806E-07 -3.223E-07  8.400E-08
   64   -2.360E-07 -2.701E-07 -4.259E-08
   65   -2.366E-07 -2.902E-07  1.167E-18
   66   -2.360E-07 -2.701E-07  4.259E-08
   67    1.065E-18 -2.536E-07  1.255E-18
   68    2.022E-21 -2.740E-07  1.163E-18
   69   -1.061E-18 -2.536E-07  1.254E-18
   70    2.360E-07 -2.701E-07  4.259E-08
   71    2.366E-07 -2.902E-07  1.116E-18
   72    2.360E-07 -2.701E-07 -4.259E-08
   73    4.806E-07 -3.223E-07  8.400E-08
   74    4.818E-07 -3.419E-07  1.017E-18
   75    4.806E-07 -3.223E-07 -8.400E-08
   76    7.520E-07 -4.197E-07  1.244E-07
   77    7.535E-07 -4.388E-07  8.293E-19
   78    7.520E-07 -4.197E-07 -1.244E-07
   79    1.062E-06 -5.513E-07  1.604E-07
   80    1.065E-06 -5.743E-07  5.022E-19
   81    1.062E-06 -5.513E-07 -1.604E-07
   82   -1.575E-06 -9.367E-07 -1.540E-07
   83   -1.578E-06 -9.548E-07  1.968E-18
   84   -1.575E-06 -9.367E-07  1.540E-07
   85   -1.146E-06 -8.013E-07 -1.162E-07
   86   -1.149E-06 -8.204E-07  2.289E-18
   87   -1.146E-06 -8.013E-07  1.162E-07
   88   -7.454E-07 -7.037E-07 -7.867E-08
   89   -7.473E-07 -7.231E-07  2.464E-18
   90   -7.454E-07 -7.037E-07  7.867E-08
   91   -3.669E-07 -6.449E-07 -3.952E-08
   92   -3.679E-07 -6.647E-07  2.532E-18
   93   -3.669E-07 -6.449E-07  3.952E-08
   94    1.558E-18 -6.257E-07  2.608E-18
   95    3.272E-21 -6.455E-07  2.521E-18
   96   -1.551E-18 -6.257E-07  2.607E-18
   97    3.669E-07 -6.449E-07  3.952E-08
   98    3.679E-07 -6.647E-07  2.439E-18
   99    3.669E-07 -6.449E-07 -3.952E-08
  100    7.454E-07 -7.037E-07  7.867E-08
  101    7.473E-07 -7.231E-07  2.275E-18
  102    7.454E-07 -7.037E-07 -7.867E-08
  103    1.146E-06 -8.013E-07  1.162E-07
  104    1.149E-06 -8.204E-07  2.004E-18
  105    1.146E-06 -8.013E-07 -1.162E-07
  106    1.575E-06 -9.367E-07  1.540E-07
  107    1.578E-06 -9.548E-07  1.588E-18
  108    1.575E-06 -9.367E-07 -1.540E-07
  109   -2.080E-06 -1.438E-06 -1.507E-07
  110   -2.081E-06 -1.456E-06  3.779E-18
  111   -2.080E-06 -1.438E-06  1.507E-07
  112   -1.529E-06 -1.306E-06 -1.126E-07
  113   -1.531E-06 -1.325E-06  4.113E-18
  114   -1.529E-06 -1.306E-06  1.126E-07
  115   -1.003E-06 -1.211E-06 -7.560E-08
  116   -1.005E-06 -1.230E-06  4.303E-18
  117   -1.003E-06 -1.211E-06  7.560E-08
  118   -4.964E-07 -1.153E-06 -3.798E-08
  119   -4.971E-07 -1.172E-06  4.377E-18
  120   -4.964E-07 -1.153E-06  3.798E-08
  121    2.033E-18 -1.133E-06  4.430E-18
  122    4.639E-21 -1.152E-06  4.352E-18
  123   -2.023E-18 -1.133E-06  4.430E-18
  124    4.964E-07 -1.153E-06  3.798E-08
  125    4.971E-07 -1.172E-06  4.234E-18
  126    4.964E-07 -1.153E-06 -3.798E-08
  127    1.003E-06 -1.211E-06  7.560E-08
  128    1.005E-06 -1.230E-06  4.017E-18
  129    1.003E-06 -1.211E-06 -7.560E-08
  130    1.529E-06 -1.306E-06  1.126E-07
  131    1.531E-06 -1.325E-06  3.682E-18
  132    1.529E-06 -1.306E-06 -1.126E-07
  133    2.080E-06 -1.438E-06  1.507E-07
  134    2.081E-06 -1.456E-06  3.206E-18
  135    2.080E-06 -1.438E-06 -1.507E-07
  136   -2.573E-06 -2.062E-06 -1.473E-07
  137   -2.574E-06 -2.081E-06  6.106E-18
  138   -2.573E-06 -2.062E-06  1.473E-07
  139   -1.901E-06 -1.935E-06 -1.096E-07
  140   -1.902E-06 -1.953E-06  6.431E-18
  141   -1.901E-06 -1.935E-06  1.096E-07
  142   -1.253E-06 -1.842E-06 -7.326E-08
  143   -1.254E-06 -1.861E-06  6.618E-18
  144   -1.253E-06 -1.842E-06  7.326E-08
  145   -6.217E-07 -1.787E-06 -3.672E-08
  146   -6.223E-07 -1.805E-06  6.683E-18
  147   -6.217E-07 -1.787E-06  3.672E-08
  148    2.491E-18 -1.768E-06  6.712E-18
  149    6.022E-21 -1.786E-06  6.639E-18
  150   -2.479E-18 -1.768E-06  6.711E-18
  151    6.217E-07 -1.787E-06  3.672E-08
  152    6.223E-07 -1.805E-06  6.488E-18
  153    6.217E-07 -1.787E-06 -3.672E-08
  154    1.253E-06 -1.842E-06  7.326E-08
  155    1.254E-06 -1.861E-06  6.228E-18
  156    1.253E-06 -1.842E-06 -7.326E-08
  157    1.901E-06 -1.935E-06  1.096E-07
  158    1.902E-06 -1.953E-06  5.847E-18
  159    1.901E-06 -1.935E-06 -1.096E-07
  160    2.573E-06 -2.062E-06  1.473E-07
  161    2.574E-06 -2.081E-06  5.326E-18
  162    2.573E-06 -2.062E-06 -1.473E-07
  163   -3.053E-06 -2.809E-06 -1.434E-07
  164   -3.055E-06 -2.827E-06  8.918E-18
  165   -3.053E-06 -2.809E-06  1.434E-07
  166   -2.262E-06 -2.685E-06 -1.065E-07
  167   -2.263E-06 -2.703E-06  9.222E-18
  168   -2.262E-06 -2.685E-06  1.065E-07
  169   -1.494E-06 -2.596E-06 -7.109E-08
  170   -1.495E-06 -2.613E-06  9.391E-18
  171   -1.494E-06 -2.596E-06  7.109E-08
  172   -7.427E-07 -2.542E-06 -3.559E-08
  173   -7.432E-07 -2.560E-06  9.438E-18
  174   -7.427E-07 -2.542E-06  3.559E-08
  175    2.933E-18 -2.524E-06  9.438E-18
  176    6.942E-21 -2.542E-06  9.370E-18
  177   -2.919E-18 -2.524E-06  9.438E-18
  178    7.427E-07 -2.542E-06  3.559E-08
  179    7.432E-07 -2.560E-06  9.190E-18
  180    7.427E-07 -2.542E-06 -3.559E-08
  181    1.494E-06 -2.596E-06  7.109E-08
  182    1.495E-06 -2.613E-06  8.895E-18
  183    1.494E-06 -2.596E-06 -7.109E-08
  184    2.262E-06 -2.685E-06  1.065E-07
  185    2.263E-06 -2.703E-06  8.476E-18
  186    2.262E-06 -2.685E-06 -1.065E-07
  187    3.053E-06 -2.809E-06  1.434E-07
  188    3.055E-06 -2.827E-06  7.925E-18
  189    3.053E-06 -2.809E-06 -1.434E-07
  190   -3.520E-06 -3.674E-06 -1.393E-07
  191   -3.522E-06 -3.692E-06  1.219E-17
  192   -3.520E-06 -3.674E-06  1.393E-07
  193   -2.612E-06 -3.553E-06 -1.034E-07
  194   -2.613E-06 -3.571E-06  1.246E-17
  195   -2.612E-06 -3.553E-06  1.034E-07
  196   -1.728E-06 -3.467E-06 -6.899E-08
  197   -1.729E-06 -3.484E-06  1.260E-17
  198   -1.728E-06 -3.467E-06  6.899E-08
  199   -8.598E-07 -3.415E-06 -3.452E-08
  200   -8.603E-07 -3.432E-06  1.262E-17
  201   -8.598E-07 -3.415E-06  3.452E-08
  202    3.357E-18 -3.398E-06  1.259E-17
  203    8.060E-21 -3.415E-06  1.253E-17
  204   -3.341E-18 -3.398E-06  1.259E-17
  205    8.598E-07 -3.415E-06  3.452E-08
  206    8.603E-07 -3.432E-06  1.232E-17
  207    8.598E-07 -3.415E-06 -3.452E-08
  208    1.728E-06 -3.467E-06  6.899E-08
  209    1.729E-06 -3.484E-06  1.200E-17
  210    1.728E-06 -3.467E-06 -6.899E-08
  211    2.612E-06 -3.553E-06  1.034E-07
  212    2.613E-06 -3.571E-06  1.155E-17
  213    2.612E-06 -3.553E-06 -1.034E-07
  214    3.520E-06 -3.674E-06  1.393E-07
  215    3.522E-06 -3.692E-06  1.098E-17
  216    3.520E-06 -3.674E-06 -1.393E-07
  217   -3.973E-06 -4.654E-06 -1.351E-07
  218   -3.975E-06 -4.671E-06  1.589E-17
  219   -3.973E-06 -4.654E-06  1.351E-07
  220   -2.952E-06 -4.537E-06 -1.003E-07
  221   -2.953E-06 -4.554E-06  1.612E-17
  222   -2.952E-06 -4.537E-06  1.003E-07
  223   -1.954E-06 -4.454E-06 -6.690E-08
  224   -1.955E-06 -4.471E-06  1.623E-17
  225   -1.954E-06 -4.454E-06  6.690E-08
  226   -9.732E-07 -4.404E-06 -3.347E-08
  227   -9.737E-07 -4.420E-06  1.623E-17
  228   -9.732E-07 -4.404E-06  3.347E-08
  229    3.763E-18 -4.387E-06  1.617E-17
  230    9.410E-21 -4.403E-06  1.610E-17
  231   -3.746E-18 -4.387E-06  1.616E-17
  232    9.732E-07 -4.404E-06  3.347E-08
  233    9.737E-07 -4.420E-06  1.587E-17
  234    9.732E-07 -4.404E-06 -3.347E-08
  235    1.954E-06 -4.454E-06  6.690E-08
  236    1.955E-06 -4.471E-06  1.552E-17
  237    1.954E-06 -4.454E-06 -6.690E-08
  238    2.952E-06 -4.537E-06  1.003E-07
  239    2.953E-06 -4.554E-06  1.505E-17
  240    2.952E-06 -4.537E-06 -1.003E-07
  241    3.973E-06 -4.654E-06  1.351E-07
  242    3.975E-06 -4.671E-06  1.446E-17
  243    3.973E-06 -4.654E-06 -1.351E-07
  244   -4.412E-06 -5.746E-06 -1.309E-07
  245   -4.414E-06 -5.763E-06  2.000E-17
  246   -4.412E-06 -5.746E-06  1.309E-07
  247   -3.281E-06 -5.633E-06 -9.717E-08
  248   -3.283E-06 -5.649E-06  2.019E-17
  249   -3.281E-06 -5.633E-06  9.717E-08
  250   -2.174E-06 -5.552E-06 -6.481E-08
  251   -2.175E-06 -5.568E-06  2.026E-17
  252   -2.174E-06 -5.552E-06  6.481E-08
  253   -1.083E-06 -5.503E-06 -3.242E-08
  254   -1.084E-06 -5.520E-06  2.022E-17
  255   -1.083E-06 -5.503E-06  3.242E-08
  256    4.150E-18 -5.487E-06  2.013E-17
  257    9.741E-21 -5.503E-06  2.007E-17
  258   -4.130E-18 -5.487E-06  2.013E-17
  259    1.083E-06 -5.503E-06  3.242E-08
  260    1.084E-06 -5.520E-06  1.981E-17
  261    1.083E-06 -5.503E-06 -3.242E-08
  262    2.174E-06 -5.552E-06  6.481E-08
  263    2.175E-06 -5.568E-06  1.944E-17
  264    2.174E-06 -5.552E-06 -6.481E-08
  265    3.281E-06 -5.633E-06  9.717E-08
  266    3.283E-06 -5.649E-06  1.895E-17
  267    3.281E-06 -5.633E-06 -9.717E-08
  268    4.412E-06 -5.746E-06  1.309E-07
  269    4.414E-06 -5.763E-06  1.834E-17
  270    4.412E-06 -5.746E-06 -1.309E-07
  271   -4.838E-06 -6.946E-06 -1.266E-07
  272   -4.840E-06 -6.962E-06  2.449E-17
  273   -4.838E-06 -6.946E-06  1.266E-07
  274   -3.600E-06 -6.837E-06 -9.404E-08
  275   -3.602E-06 -6.853E-06  2.464E-17
  276   -3.600E-06 -6.837E-06  9.404E-08
  277   -2.387E-06 -6.758E-06 -6.272E-08
  278   -2.388E-06 -6.774E-06  2.467E-17
  279   -2.387E-06 -6.758E-06  6.272E-08
  280   -1.189E-06 -6.711E-06 -3.137E-08
  281   -1.190E-06 -6.727E-06  2.460E-17
  282   -1.189E-06 -6.711E-06  3.137E-08
  283    4.515E-18 -6.696E-06  2.447E-17
  284    1.096E-20 -6.711E-06  2.442E-17
  285   -4.495E-18 -6.696E-06  2.447E-17
  286    1.189E-06 -6.711E-06  3.137E-08
  287    1.190E-06 -6.727E-06  2.413E-17
  288    1.189E-06 -6.711E-06 -3.137E-08
  289    2.387E-06 -6.758E-06  6.272E-08
  290    2.388E-06 -6.774E-06  2.373E-17
  291    2.387E-06 -6.758E-06 -6.272E-08
  292    3.600E-06 -6.837E-06  9.404E-08
  293    3.602E-06 -6.853E-06  2.323E-17
  294    3.600E-06 -6.837E-06 -9.404E-08
  295    4.838E-06 -6.946E-06  1.266E-07
  296    4.840E-06 -6.962E-06  2.261E-17
  297    4.838E-06 -6.946E-06 -1.266E-07
  298   -5.249E-06 -8.251E-06 -1.224E-07
  299   -5.251E-06 -8.266E-06  2.934E-17
  300   -5.249E-06 -8.251E-06  1.224E-07
  301   -3.909E-06 -8.145E-06 -9.090E-08
  302   -3.910E-06 -8.160E-06  2.944E-17
  303   -3.909E-06 -8.145E-06  9.090E-08
  304   -2.592E-06 -8.069E-06 -6.064E-08
  305   -2.593E-06 -8.084E-06  2.943E-17
  306   -2.592E-06 -8.069E-06  6.064E-08
  307   -1.292E-06 -8.024E-06 -3.033E-08
  308   -1.293E-06 -8.039E-06  2.932E-17
  309   -1.292E-06 -8.024E-06  3.033E-08
  310    4.858E-18 -8.008E-06  2.916E-17
  311    1.136E-20 -8.024E-06  2.911E-17
  312   -4.837E-18 -8.008E-06  2.916E-17
  313    1.292E-06 -8.024E-06  3.033E-08
  314    1.293E-06 -8.039E-06  2.880E-17
  315    1.292E-06 -8.024E-06 -3.033E-08
  316    2.592E-06 -8.069E-06  6.064E-08
  317    2.593E-06 -8.084E-06  2.838E-17
  318    2.592E-06 -8.069E-06 -6.064E-08
  319    3.909E-06 -8.145E-06  9.090E-08
  320    3.910E-06 -8.160E-06  2.786E-17
  321    3.909E-06 -8.145E-06 -9.090E-08
  322    5.249E-06 -8.251E-06  1.224E-07
  323    5.251E-06 -8.266E-06  2.724E-17
  324    5.249E-06 -8.251E-06 -1.224E-07
  325   -5.646E-06 -9.656E-06 -1.182E-07
  326   -5.648E-06 -9.672E-06  3.452E-17
  327   -5.646E-06 -9.656E-06  1.182E-07
  328   -4.207E-06 -9.554E-06 -8.777E-08
  329   -4.208E-06 -9.569E-06  3.457E-17
  330   -4.207E-06 -9.554E-06  8.777E-08
  331   -2.791E-06 -9.481E-06 -5.854E-08
  332   -2.792E-06 -9.496E-06  3.452E-17
  333   -2.791E-06 -9.481E-06  5.854E-08
  334   -1.392E-06 -9.437E-06 -2.928E-08
  335   -1.392E-06 -9.452E-06  3.438E-17
  336   -1.392E-06 -9.437E-06  2.928E-08
  337    5.181E-18 -9.423E-06  3.419E-17
  338    1.109E-20 -9.437E-06  3.414E-17
  339   -5.159E-18 -9.423E-06  3.419E-17
  340    1.392E-06 -9.437E-06  2.928E-08
  341    1.392E-06 -9.452E-06  3.380E-17
  342    1.392E-06 -9.437E-06 -2.928E-08
  343    2.791E-06 -9.481E-06  5.854E-08
  344    2.792E-06 -9.496E-06  3.337E-17
  345    2.791E-06 -9.481E-06 -5.854E-08
  346    4.207E-06 -9.554E-06  8.777E-08
  347    4.208E-06 -9.569E-06  3.284E-17
  348    4.207E-06 -9.554E-06 -8.777E-08
  349    5.646E-06 -9.656E-06  1.182E-07
  350    5.648E-06 -9.672E-06  3.220E-17
  351    5.646E-06 -9.656E-06 -1.182E-07
  352   -6.030E-06 -1.116E-05 -1.140E-07
  353   -6.032E-06 -1.117E-05  4.001E-17
  354   -6.030E-06 -1.116E-05  1.140E-07
  355   -4.494E-06 -1.106E-05 -8.464E-08
  356   -4.496E-06 -1.108E-05  4.001E-17
  357   -4.494E-06 -1.106E-05  8.464E-08
  358   -2.983E-06 -1.099E-05 -5.645E-08
  359   -2.984E-06 -1.100E-05  3.993E-17
  360   -2.983E-06 -1.099E-05  5.645E-08
  361   -1.487E-06 -1.095E-05 -2.824E-08
  362   -1.488E-06 -1.096E-05  3.975E-17
  363   -1.487E-06 -1.095E-05  2.824E-08
  364    5.484E-18 -1.093E-05  3.952E-17
  365    1.069E-20 -1.095E-05  3.948E-17
  366   -5.460E-18 -1.093E-05  3.952E-17
  367    1.487E-06 -1.095E-05  2.824E-08
  368    1.488E-06 -1.096E-05  3.912E-17
  369    1.487E-06 -1.095E-05 -2.824E-08
  370    2.983E-06 -1.099E-05  5.645E-08
  371    2.984E-06 -1.100E-05  3.867E-17
  372    2.983E-06 -1.099E-05 -5.645E-08
  373    4.494E-06 -1.106E-05  8.464E-08
  374    4.496E-06 -1.108E-05  3.812E-17
  375    4.494E-06 -1.106E-05 -8.464E-08
  376    6.030E-06 -1.116E-05  1.140E-07
  377    6.032E-06 -1.117E-05  3.749E-17
  378    6.030E-06 -1.116E-05 -1.140E-07
  379   -6.399E-06 -1.276E-05 -1.098E-07
  380   -6.401E-06 -1.277E-05  4.579E-17
  381   -6.399E-06 -1.276E-05  1.098E-07
  382   -4.771E-06 -1.266E-05 -8.150E-08
  383   -4.773E-06 -1.268E-05  4.575E-17
  384   -4.771E-06 -1.266E-05  8.150E-08
  385   -3.168E-06 -1.259E-05 -5.436E-08
  386   -3.169E-06 -1.261E-05  4.562E-17
  387   -3.168E-06 -1.259E-05  5.436E-08
  388   -1.580E-06 -1.255E-05 -2.719E-08
  389   -1.580E-06 -1.257E-05  4.541E-17
  390   -1.580E-06 -1.255E-05  2.719E-08
  391    5.766E-18 -1.254E-05  4.515E-17
  392    1.064E-20 -1.255E-05  4.511E-17
  393   -5.741E-18 -1.254E-05  4.515E-17
  394    1.580E-06 -1.255E-05  2.719E-08
  395    1.580E-06 -1.257E-05  4.473E-17
  396    1.580E-06 -1.255E-05 -2.719E-08
  397    3.168E-06 -1.259E-05  5.436E-08
  398    3.169E-06 -1.261E-05  4.426E-17
  399    3.168E-06 -1.259E-05 -5.436E-08
  400    4.771E-06 -1.266E-05  8.150E-08
  401    4.773E-06 -1.268E-05  4.370E-17
  402    4.771E-06 -1.266E-05 -8.150E-08
  403    6.399E-06 -1.276E-05  1.098E-07
  404    6.401E-06 -1.277E-05  4.306E-17
  405    6.399E-06 -1.276E-05 -1.098E-07
  406   -6.755E-06 -1.445E-05 -1.055E-07
  407   -6.757E-06 -1.446E-05  5.184E-17
  408   -6.755E-06 -1.445E-05  1.055E-07
  409   -5.038E-06 -1.435E-05 -7.837E-08
  410   -5.040E-06 -1.437E-05  5.175E-17
  411   -5.038E-06 -1.435E-05  7.837E-08
  412   -3.345E-06 -1.429E-05 -5.227E-08
  413   -3.346E-06 -1.430E-05  5.158E-17
  414   -3.345E-06 -1.429E-05  5.227E-08
  415   -1.669E-06 -1.425E-05 -2.615E-08
  416   -1.669E-06 -1.426E-05  5.134E-17
  417   -1.669E-06 -1.425E-05  2.615E-08
  418    6.028E-18 -1.424E-05  5.105E-17
  419    1.255E-20 -1.425E-05  5.101E-17
  420   -6.002E-18 -1.424E-05  5.105E-17
  421    1.669E-06 -1.425E-05  2.615E-08
  422    1.669E-06 -1.426E-05  5.061E-17
  423    1.669E-06 -1.425E-05 -2.615E-08
  424    3.345E-06 -1.429E-05  5.227E-08
  425    3.346E-06 -1.430E-05  5.012E-17
  426    3.345E-06 -1.429E-05 -5.227E-08
  427    5.038E-06 -1.435E-05  7.837E-08
  428    5.040E-06 -1.437E-05  4.956E-17
  429    5.038E-06 -1.435E-05 -7.837E-08
  430    6.755E-06 -1.445E-05  1.055E-07
  431    6.757E-06 -1.446E-05  4.891E-17
  432    6.755E-06 -1.445E-05 -1.055E-07
  433   -7.097E-06 -1.622E-05 -1.013E-07
  434   -7.099E-06 -1.623E-05  5.815E-17
  435   -7.097E-06 -1.622E-05  1.013E-07
  436   -5.294E-06 -1.613E-05 -7.523E-08
  437   -5.296E-06 -1.615E-05  5.801E-17
  438   -5.294E-06 -1.613E-05  7.523E-08
  439   -3.516E-06 -1.607E-05 -5.018E-08
  440   -3.517E-06 -1.608E-05  5.780E-17
  441   -3.516E-06 -1.607E-05  5.018E-08
  442   -1.754E-06 -1.603E-05 -2.510E-08
  443   -1.755E-06 -1.605E-05  5.752E-17
  444   -1.754E-06 -1.603E-05  2.510E-08
  445    6.268E-18 -1.602E-05  5.720E-17
  446    1.350E-20 -1.603E-05  5.716E-17
  447   -6.240E-18 -1.602E-05  5.720E-17
  448    1.754E-06 -1.603E-05  2.510E-08
  449    1.755E-06 -1.605E-05  5.674E-17
  450    1.754E-06 -1.603E-05 -2.510E-08
  451    3.516E-06 -1.607E-05  5.018E-08
  452    3.517E-06 -1.608E-05  5.624E-17
  453    3.516E-06 -1.607E-05 -5.018E-08
  454    5.294E-06 -1.613E-05  7.523E-08
  455    5.296E-06 -1.615E-05  5.567E-17
  456    5.294E-06 -1.613E-05 -7.523E-08
  457    7.097E-06 -1.622E-05  1.013E-07
  458    7.099E-06 -1.623E-05  5.502E-17
  459    7.097E-06 -1.622E-05 -1.013E-07
  460   -7.424E-06 -1.808E-05 -9.709E-08
  461   -7.426E-06 -1.809E-05  6.467E-17
  462   -7.424E-06 -1.808E-05  9.709E-08
  463   -5.540E-06 -1.800E-05 -7.210E-08
  464   -5.542E-06 -1.801E-05  6.448E-17
  465   -5.540E-06 -1.800E-05  7.210E-08
  466   -3.680E-06 -1.794E-05 -4.809E-08
  467   -3.681E-06 -1.795E-05  6.424E-17
  468   -3.680E-06 -1.794E-05  4.809E-08
  469   -1.836E-06 -1.790E-05 -2.405E-08
  470   -1.837E-06 -1.791E-05  6.392E-17
  471   -1.836E-06 -1.790E-05  2.405E-08
  472    6.486E-18 -1.789E-05  6.358E-17
  473    1.281E-20 -1.790E-05  6.355E-17
  474   -6.460E-18 -1.789E-05  6.358E-17
  475    1.836E-06 -1.790E-05  2.405E-08
  476    1.837E-06 -1.791E-05  6.310E-17
  477    1.836E-06 -1.790E-05 -2.405E-08
  478    3.680E-06 -1.794E-05  4.809E-08
  479    3.681E-06 -1.795E-05  6.259E-17
  480    3.680E-06 -1.794E-05 -4.809E-08
  481    5.540E-06 -1.800E-05  7.210E-08
  482    5.542E-06 -1.801E-05  6.200E-17
  483    5.540E-06 -1.800E-05 -7.210E-08
  484    7.424E-06 -1.808E-05  9.709E-08
  485    7.426E-06 -1.809E-05  6.135E-17
  486    7.424E-06 -1.808E-05 -9.709E-08
  487   -7.738E-06 -2.002E-05 -9.287E-08
  488   -7.740E-06 -2.003E-05  7.140E-17
  489   -7.738E-06 -2.002E-05  9.287E-08
  490   -5.775E-06 -1.994E-05 -6.896E-08
  491   -5.777E-06 -1.995E-05  7.117E-17
  492   -5.775E-06 -1.994E-05  6.896E-08
  493   -3.837E-06 -1.988E-05 -4.600E-08
  494   -3.838E-06 -1.989E-05  7.088E-17
  495   -3.837E-06 -1.988E-05  4.600E-08
  496   -1.914E-06 -1.985E-05 -2.301E-08
  497   -1.915E-06 -1.986E-05  7.054E-17
  498   -1.914E-06 -1.985E-05  2.301E-08
  499    6.684E-18 -1.983E-05  7.016E-17
  500    1.286E-20 -1.985E-05  7.014E-17
  501   -6.658E-18 -1.983E-05  7.017E-17
  502    1.914E-06 -1.985E-05  2.301E-08
  503    1.915E-06 -1.986E-05  6.967E-17
  504    1.914E-06 -1.985E-05 -2.301E-08
  505    3.837E-06 -1.988E-05  4.600E-08
  506    3.838E-06 -1.989E-05  6.914E-17
  507    3.837E-06 -1.988E-05 -4.600E-08
  508    5.775E-06 -1.994E-05  6.896E-08
  509    5.777E-06 -1.995E-05  6.855E-17
  510    5.775E-06 -1.994E-05 -6.896E-08
  511    7.738E-06 -2.002E-05  9.287E-08
  512    7.740E-06 -2.003E-05  6.790E-17
  513    7.738E-06 -2.002E-05 -9.287E-08
  514   -8.038E-06 -2.203E-05 -8.865E-08
  515   -8.040E-06 -2.205E-05  7.831E-17
  516   -8.038E-06 -2.203E-05  8.865E-08
  517   -6.000E-06 -2.196E-05 -6.583E-08
  518   -6.002E-06 -2.197E-05  7.804E-17
  519   -6.000E-06 -2.196E-05  6.583E-08
  520   -3.987E-06 -2.190E-05 -4.391E-08
  521   -3.988E-06 -2.191E-05  7.772E-17
  522   -3.987E-06 -2.190E-05  4.391E-08
  523   -1.989E-06 -2.187E-05 -2.196E-08
  524   -1.990E-06 -2.188E-05  7.734E-17
  525   -1.989E-06 -2.187E-05  2.196E-08
  526    6.865E-18 -2.186E-05  7.694E-17
  527    1.106E-20 -2.187E-05  7.691E-17
  528   -6.837E-18 -2.186E-05  7.694E-17
  529    1.989E-06 -2.187E-05  2.196E-08
  530    1.990E-06 -2.188E-05  7.643E-17
  531    1.989E-06 -2.187E-05 -2.196E-08
  532    3.987E-06 -2.190E-05  4.391E-08
  533    3.988E-06 -2.191E-05  7.588E-17
  534    3.987E-06 -2.190E-05 -4.391E-08
  535    6.000E-06 -2.196E-05  6.583E-08
  536    6.002E-06 -2.197E-05  7.528E-17
  537    6.000E-06 -2.196E-05 -6.583E-08
  538    8.038E-06 -2.203E-05  8.865E-08
  539    8.040E-06 -2.205E-05  7.461E-17
  540    8.038E-06 -2.203E-05 -8.865E-08
  541   -8.324E-06 -2.412E-05 -8.443E-08
  542   -8.326E-06 -2.413E-05  8.540E-17
  543   -8.324E-06 -2.412E-05  8.443E-08
  544   -6.215E-06 -2.405E-05 -6.269E-08
  545   -6.216E-06 -2.406E-05  8.509E-17
  546   -6.215E-06 -2.405E-05  6.269E-08
  547   -4.130E-06 -2.400E-05 -4.182E-08
  548   -4.131E-06 -2.401E-05  8.473E-17
  549   -4.130E-06 -2.400E-05  4.182E-08
  550   -2.061E-06 -2.397E-05 -2.092E-08
  551   -2.061E-06 -2.398E-05  8.432E-17
  552   -2.061E-06 -2.397E-05  2.092E-08
  553    7.026E-18 -2.396E-05  8.388E-17
  554    1.101E-20 -2.397E-05  8.386E-17
  555   -7.002E-18 -2.396E-05  8.388E-17
  556    2.061E-06 -2.397E-05  2.092E-08
  557    2.061E-06 -2.398E-05  8.335E-17
  558    2.061E-06 -2.397E-05 -2.092E-08
  559    4.130E-06 -2.400E-05  4.182E-08
  560    4.131E-06 -2.401E-05  8.279E-17
  561    4.130E-06 -2.400E-05 -4.182E-08
  562    6.215E-06 -2.405E-05  6.269E-08
  563    6.216E-06 -2.406E-05  8.218E-17
  564    6.215E-06 -2.405E-05 -6.269E-08
  565    8.324E-06 -2.412E-05  8.443E-08
  566    8.326E-06 -2.413E-05  8.152E-17
  567    8.324E-06 -2.412E-05 -8.443E-08
  568   -8.596E-06 -2.628E-05 -8.021E-08
  569   -8.598E-06 -2.629E-05  9.264E-17
  570   -8.596E-06 -2.628E-05  8.021E-08
  571   -6.419E-06 -2.621E-05 -5.956E-08
  572   -6.420E-06 -2.622E-05  9.228E-17
  573   -6.419E-06 -2.621E-05  5.956E-08
  574   -4.266E-06 -2.616E-05 -3.973E-08
  575   -4.267E-06 -2.617E-05  9.188E-17
  576   -4.266E-06 -2.616E-05  3.973E-08
  577   -2.129E-06 -2.613E-05 -1.987E-08
  578   -2.129E-06 -2.614E-05  9.144E-17
  579   -2.129E-06 -2.613E-05  1.987E-08
  580    7.173E-18 -2.612E-05  9.098E-17
  581    9.211E-21 -2.613E-05  9.096E-17
  582   -7.150E-18 -2.612E-05  9.098E-17
  583    2.129E-06 -2.613E-05  1.987E-08
  584    2.129E-06 -2.614E-05  9.043E-17
  585    2.129E-06 -2.613E-05 -1.987E-08
  586    4.266E-06 -2.616E-05  3.973E-08
  587    4.267E-06 -2.617E-05  8.985E-17
  588    4.266E-06 -2.616E-05 -3.973E-08
  589    6.419E-06 -2.621E-05  5.956E-08
  590    6.420E-06 -2.622E-05  8.924E-17
  591    6.419E-06 -2.621E-05 -5.956E-08
  592    8.596E-06 -2.628E-05  8.021E-08
  593    8.598E-06 -2.629E-05  8.858E-17
  594    8.596E-06 -2.628E-05 -8.021E-08
  595   -8.854E-06 -2.851E-05 -7.598E-08
  596   -8.856E-06 -2.852E-05  1.000E-16
  597   -8.854E-06 -2.851E-05  7.598E-08
  598   -6.612E-06 -2.844E-05 -5.642E-08
  599   -6.614E-06 -2.845E-05  9.960E-17
  600   -6.612E-06 -2.844E-05  5.642E-08
  601   -4.395E-06 -2.839E-05 -3.764E-08
  602   -4.396E-06 -2.840E-05  9.917E-17
  603   -4.395E-06 -2.839E-05  3.764E-08
  604   -2.193E-06 -2.837E-05 -1.883E-08
  605   -2.194E-06 -2.838E-05  9.870E-17
  606   -2.193E-06 -2.837E-05  1.883E-08
  607    7.303E-18 -2.836E-05  9.822E-17
  608    1.059E-20 -2.837E-05  9.820E-17
  609   -7.282E-18 -2.836E-05  9.821E-17
  610    2.193E-06 -2.837E-05  1.883E-08
  611    2.194E-06 -2.838E-05  9.765E-17
  612    2.193E-06 -2.837E-05 -1.883E-08
  613    4.395E-06 -2.839E-05  3.764E-08
  614    4.396E-06 -2.840E-05  9.707E-17
  615    4.395E-06 -2.839E-05 -3.764E-08
  616    6.612E-06 -2.844E-05  5.642E-08
  617    6.614E-06 -2.845E-05  9.643E-17
  618    6.612E-06 -2.844E-05 -5.642E-08
  619    8.854E-06 -2.851E-05  7.598E-08
  620    8.856E-06 -2.852E-05  9.576E-17
  621    8.854E-06 -2.851E-05 -7.598E-08
  622   -9.098E-06 -3.079E-05 -7.176E-08
  623   -9.100E-06 -3.080E-05  1.075E-16
  624   -9.098E-06 -3.079E-05  7.176E-08
  625   -6.795E-06 -3.073E-05 -5.329E-08
  626   -6.797E-06 -3.074E-05  1.070E-16
  627   -6.795E-06 -3.073E-05  5.329E-08
  628   -4.517E-06 -3.069E-05 -3.555E-08
  629   -4.518E-06 -3.070E-05  1.066E-16
  630   -4.517E-06 -3.069E-05  3.555E-08
  631   -2.254E-06 -3.066E-05 -1.778E-08
  632   -2.255E-06 -3.067E-05  1.061E-16
  633   -2.254E-06 -3.066E-05  1.778E-08
  634    7.417E-18 -3.065E-05  1.056E-16
  635    1.133E-20 -3.066E-05  1.056E-16
  636   -7.398E-18 -3.065E-05  1.056E-16
  637    2.254E-06 -3.066E-05  1.778E-08
  638    2.255E-06 -3.067E-05  1.050E-16
  639    2.254E-06 -3.066E-05 -1.778E-08
  640    4.517E-06 -3.069E-05  3.555E-08
  641    4.518E-06 -3.070E-05  1.044E-16
  642    4.517E-06 -3.069E-05 -3.555E-08
  643    6.795E-06 -3.073E-05  5.329E-08
  644    6.797E-06 -3.074E-05  1.037E-16
  645    6.795E-06 -3.073E-05 -5.329E-08
  646    9.098E-06 -3.079E-05  7.176E-08
  647    9.100E-06 -3.080E-05  1.031E-16
  648    9.098E-06 -3.079E-05 -7.176E-08
  649   -9.328E-06 -3.314E-05 -6.754E-08
  650   -9.330E-06 -3.315E-05  1.151E-16
  651   -9.328E-06 -3.314E-05  6.754E-08
  652   -6.968E-06 -3.308E-05 -5.015E-08
  653   -6.969E-06 -3.309E-05  1.146E-16
  654   -6.968E-06 -3.308E-05  5.015E-08
  655   -4.632E-06 -3.304E-05 -3.345E-08
  656   -4.633E-06 -3.305E-05  1.141E-16
  657   -4.632E-06 -3.304E-05  3.345E-08
  658   -2.312E-06 -3.302E-05 -1.673E-08
  659   -2.312E-06 -3.302E-05  1.136E-16
  660   -2.312E-06 -3.302E-05  1.673E-08
  661    7.522E-18 -3.301E-05  1.130E-16
  662    1.059E-20 -3.302E-05  1.130E-16
  663   -7.500E-18 -3.301E-05  1.131E-16
  664    2.312E-06 -3.302E-05  1.673E-08
  665    2.312E-06 -3.302E-05  1.125E-16
  666    2.312E-06 -3.302E-05 -1.673E-08
  667    4.632E-06 -3.304E-05  3.345E-08
  668    4.633E-06 -3.305E-05  1.118E-16
  669    4.632E-06 -3.304E-05 -3.345E-08
  670    6.968E-06 -3.308E-05  5.015E-08
  671    6.969E-06 -3.309E-05  1.112E-16
  672    6.968E-06 -3.308E-05 -5.015E-08
  673    9.328E-06 -3.314E-05  6.754E-08
  674    9.330E-06 -3.315E-05  1.105E-16
  675    9.328E-06 -3.314E-05 -6.754E-08
  676   -9.544E-06 -3.554E-05 -6.332E-08
  677   -9.546E-06 -3.555E-05  1.227E-16
  678   -9.544E-06 -3.554E-05  6.332E-08
  679   -7.130E-06 -3.549E-05 -4.702E-08
  680   -7.131E-06 -3.550E-05  1.222E-16
  681   -7.130E-06 -3.549E-05  4.702E-08
  682   -4.740E-06 -3.545E-05 -3.136E-08
  683   -4.741E-06 -3.546E-05  1.217E-16
  684   -4.740E-06 -3.545E-05  3.136E-08
  685   -2.366E-06 -3.543E-05 -1.569E-08
  686   -2.366E-06 -3.543E-05  1.212E-16
  687   -2.366E-06 -3.543E-05  1.569E-08
  688    7.620E-18 -3.542E-05  1.206E-16
  689    1.334E-20 -3.543E-05  1.206E-16
  690   -7.592E-18 -3.542E-05  1.206E-16
  691    2.366E-06 -3.543E-05  1.569E-08
  692    2.366E-06 -3.543E-05  1.200E-16
  693    2.366E-06 -3.543E-05 -1.569E-08
  694    4.740E-06 -3.545E-05  3.136E-08
  695    4.741E-06 -3.546E-05  1.194E-16
  696    4.740E-06 -3.545E-05 -3.136E-08
  697    7.130E-06 -3.549E-05  4.702E-08
  698    7.131E-06 -3.550E-05  1.187E-16
  699    7.130E-06 -3.549E-05 -4.702E-08
  700    9.544E-06 -3.554E-05  6.332E-08
  701    9.546E-06 -3.555E-05  1.180E-16
  702    9.544E-06 -3.554E-05 -6.332E-08
  703   -9.746E-06 -3.800E-05 -5.910E-08
  704   -9.748E-06 -3.801E-05  1.305E-16
  705   -9.746E-06 -3.800E-05  5.910E-08
  706   -7.281E-06 -3.795E-05 -4.388E-08
  707   -7.283E-06 -3.796E-05  1.300E-16
  708   -7.281E-06 -3.795E-05  4.388E-08
  709   -4.841E-06 -3.791E-05 -2.927E-08
  710   -4.842E-06 -3.792E-05  1.294E-16
  711   -4.841E-06 -3.791E-05  2.927E-08
  712   -2.416E-06 -3.789E-05 -1.464E-08
  713   -2.417E-06 -3.790E-05  1.289E-16
  714   -2.416E-06 -3.789E-05  1.464E-08
  715    7.706E-18 -3.788E-05  1.283E-16
  716    1.980E-20 -3.789E-05  1.283E-16
  717   -7.668E-18 -3.788E-05  1.283E-16
  718    2.416E-06 -3.789E-05  1.464E-08
  719    2.417E-06 -3.790E-05  1.276E-16
  720    2.416E-06 -3.789E-05 -1.464E-08
  721    4.841E-06 -3.791E-05  2.927E-08
  722    4.842E-06 -3.792E-05  1.270E-16
  723    4.841E-06 -3.791E-05 -2.927E-08
  724    7.281E-06 -3.795E-05  4.388E-08
  725    7.283E-06 -3.796E-05  1.263E-16
  726    7.281E-06 -3.795E-05 -4.388E-08
  727    9.746E-06 -3.800E-05  5.910E-08
  728    9.748E-06 -3.801E-05  1.256E-16
  729    9.746E-06 -3.800E-05 -5.910E-08
  730   -9.934E-06 -4.050E-05 -5.488E-08
  731   -9.936E-06 -4.051E-05  1.384E-16
  732   -9.934E-06 -4.050E-05  5.488E-08
  733   -7.423E-06 -4.046E-05 -4.075E-08
  734   -7.424E-06 -4.046E-05  1.378E-16
  735   -7.423E-06 -4.046E-05  4.075E-08
  736   -4.935E-06 -4.042E-05 -2.718E-08
  737   -4.936E-06 -4.043E-05  1.372E-16
  738   -4.935E-06 -4.042E-05  2.718E-08
  739   -2.464E-06 -4.040E-05 -1.360E-08
  740   -2.464E-06 -4.041E-05  1.366E-16
  741   -2.464E-06 -4.040E-05  1.360E-08
  742    7.774E-18 -4.039E-05  1.360E-16
  743    2.276E-20 -4.040E-05  1.360E-16
  744   -7.728E-18 -4.039E-05  1.360E-16
  745    2.464E-06 -4.040E-05  1.360E-08
  746    2.464E-06 -4.041E-05  1.353E-16
  747    2.464E-06 -4.040E-05 -1.360E-08
  748    4.935E-06 -4.042E-05  2.718E-08
  749    4.936E-06 -4.043E-05  1.347E-16
  750    4.935E-06 -4.042E-05 -2.718E-08
  751    7.423E-06 -4.046E-05  4.075E-08
  752    7.424E-06 -4.046E-05  1.340E-16
  753    7.423E-06 -4.046E-05 -4.075E-08
  754    9.934E-06 -4.050E-05  5.488E-08
  755    9.936E-06 -4.051E-05  1.332E-16
  756    9.934E-06 -4.050E-05 -5.488E-08
  757   -1.011E-05 -4.305E-05 -5.066E-08
  758   -1.011E-05 -4.306E-05  1.462E-16
  759   -1.011E-05 -4.305E-05  5.066E-08
  760   -7.553E-06 -4.301E-05 -3.762E-08
  761   -7.555E-06 -4.302E-05  1.457E-16
  762   -7.553E-06 -4.301E-05  3.762E-08
  763   -5.022E-06 -4.298E-05 -2.509E-08
  764   -5.023E-06 -4.298E-05  1.450E-16
  765   -5.022E-06 -4.298E-05  2.509E-08
  766   -2.507E-06 -4.296E-05 -1.255E-08
  767   -2.508E-06 -4.296E-05  1.444E-16
  768   -2.507E-06 -4.296E-05  1.255E-08
  769    7.827E-18 -4.295E-05  1.438E-16
  770    2.700E-20 -4.296E-05  1.438E-16
  771   -7.779E-18 -4.295E-05  1.438E-16
  772    2.507E-06 -4.296E-05  1.255E-08
  773    2.508E-06 -4.296E-05  1.431E-16
  774    2.507E-06 -4.296E-05 -1.255E-08
  775    5.022E-06 -4.298E-05  2.509E-08
  776    5.023E-06 -4.298E-05  1.424E-16
  777    5.022E-06 -4.298E-05 -2.509E-08
  778    7.553E-06 -4.301E-05  3.762E-08
  779    7.555E-06 -4.302E-05  1.417E-16
  780    7.553E-06 -4.301E-05 -3.762E-08
  781    1.011E-05 -4.305E-05  5.066E-08
  782    1.011E-05 -4.306E-05  1.410E-16
  783    1.011E-05 -4.305E-05 -5.066E-08
  784   -1.027E-05 -4.564E-05 -4.643E-08
  785   -1.027E-05 -4.565E-05  1.542E-16
  786   -1.027E-05 -4.564E-05  4.643E-08
  787   -7.674E-06 -4.560E-05 -3.448E-08
  788   -7.675E-06 -4.561E-05  1.536E-16
  789   -7.674E-06 -4.560E-05  3.448E-08
  790   -5.102E-06 -4.557E-05 -2.300E-08
  791   -5.103E-06 -4.558E-05  1.529E-16
  792   -5.102E-06 -4.557E-05  2.300E-08
  793   -2.547E-06 -4.556E-05 -1.150E-08
  794   -2.548E-06 -4.556E-05  1.523E-16
  795   -2.547E-06 -4.556E-05  1.150E-08
  796    7.867E-18 -4.555E-05  1.516E-16
  797    2.975E-20 -4.556E-05  1.516E-16
  798   -7.811E-18 -4.555E-05  1.516E-16
  799    2.547E-06 -4.556E-05  1.150E-08
  800    2.548E-06 -4.556E-05  1.509E-16
  801    2.547E-06 -4.556E-05 -1.150E-08
  802    5.102E-06 -4.557E-05  2.300E-08
  803    5.103E-06 -4.558E-05  1.502E-16
  804    5.102E-06 -4.557E-05 -2.300E-08
  805    7.674E-06 -4.560E-05  3.448E-08
  806    7.675E-06 -4.561E-05  1.495E-16
  807    7.674E-06 -4.560E-05 -3.448E-08
  808    1.027E-05 -4.564E-05  4.643E-08
  809    1.027E-05 -4.565E-05  1.488E-16
  810    1.027E-05 -4.564E-05 -4.643E-08
  811   -1.042E-05 -4.827E-05 -4.221E-08
  812   -1.042E-05 -4.828E-05  1.622E-16
  813   -1.042E-05 -4.827E-05  4.221E-08
  814   -7.783E-06 -4.824E-05 -3.135E-08
  815   -7.785E-06 -4.824E-05  1.615E-16
  816   -7.783E-06 -4.824E-05  3.135E-08
  817   -5.176E-06 -4.821E-05 -2.091E-08
  818   -5.177E-06 -4.822E-05  1.608E-16
  819   -5.176E-06 -4.821E-05  2.091E-08
  820   -2.584E-06 -4.819E-05 -1.046E-08
  821   -2.584E-06 -4.820E-05  1.602E-16
  822   -2.584E-06 -4.819E-05  1.046E-08
  823    7.896E-18 -4.819E-05  1.595E-16
  824    3.494E-20 -4.819E-05  1.595E-16
  825   -7.825E-18 -4.819E-05  1.595E-16
  826    2.584E-06 -4.819E-05  1.046E-08
  827    2.584E-06 -4.820E-05  1.588E-16
  828    2.584E-06 -4.819E-05 -1.046E-08
  829    5.176E-06 -4.821E-05  2.091E-08
  830    5.177E-06 -4.822E-05  1.580E-16
  831    5.176E-06 -4.821E-05 -2.091E-08
  832    7.783E-06 -4.824E-05  3.135E-08
  833    7.785E-06 -4.824E-05  1.573E-16
  834    7.783E-06 -4.824E-05 -3.135E-08
  835    1.042E-05 -4.827E-05  4.221E-08
  836    1.042E-05 -4.828E-05  1.566E-16
  837    1.042E-05 -4.827E-05 -4.221E-08
  838   -1.055E-05 -5.094E-05 -3.799E-08
  839   -1.055E-05 -5.094E-05  1.702E-16
  840   -1.055E-05 -5.094E-05  3.799E-08
  841   -7.883E-06 -5.090E-05 -2.821E-08
  842   -7.884E-06 -5.091E-05  1.695E-16
  843   -7.883E-06 -5.090E-05  2.821E-08
  844   -5.242E-06 -5.088E-05 -1.882E-08
  845   -5.243E-06 -5.089E-05  1.688E-16
  846   -5.242E-06 -5.088E-05  1.882E-08
  847   -2.617E-06 -5.087E-05 -9.414E-09
  848   -2.617E-06 -5.087E-05  1.681E-16
  849   -2.617E-06 -5.087E-05  9.414E-09
  850    7.910E-18 -5.086E-05  1.673E-16
  851    3.875E-20 -5.087E-05  1.673E-16
  852   -7.838E-18 -5.086E-05  1.673E-16
  853    2.617E-06 -5.087E-05  9.414E-09
  854    2.617E-06 -5.087E-05  1.666E-16
  855    2.617E-06 -5.087E-05 -9.414E-09
  856    5.242E-06 -5.088E-05  1.882E-08
  857    5.243E-06 -5.089E-05  1.659E-16
  858    5.242E-06 -5.088E-05 -1.882E-08
  859    7.883E-06 -5.090E-05  2.821E-08
  860    7.884E-06 -5.091E-05  1.651E-16
  861    7.883E-06 -5.090E-05 -2.821E-08
  862    1.055E-05 -5.094E-05  3.799E-08
  863    1.055E-05 -5.094E-05  1.644E-16
  864    1.055E-05 -5.094E-05 -3.799E-08
  865   -1.067E-05 -5.363E-05 -3.377E-08
  866   -1.067E-05 -5.364E-05  1.782E-16
  867   -1.067E-05 -5.363E-05  3.377E-08
  868   -7.972E-06 -5.360E-05 -2.508E-08
  869   -7.973E-06 -5.361E-05  1.774E-16
  870   -7.972E-06 -5.360E-05  2.508E-08
  871   -5.301E-06 -5.358E-05 -1.673E-08
  872   -5.302E-06 -5.359E-05  1.767E-16
  873   -5.301E-06 -5.358E-05  1.673E-08
  874   -2.647E-06 -5.357E-05 -8.369E-09
  875   -2.647E-06 -5.357E-05  1.760E-16
  876   -2.647E-06 -5.357E-05  8.369E-09
  877    7.914E-18 -5.357E-05  1.752E-16
  878    3.790E-20 -5.357E-05  1.752E-16
  879   -7.841E-18 -5.357E-05  1.752E-16
  880    2.647E-06 -5.357E-05  8.369E-09
  881    2.647E-06 -5.357E-05  1.745E-16
  882    2.647E-06 -5.357E-05 -8.369E-09
  883    5.301E-06 -5.358E-05  1.673E-08
  884    5.302E-06 -5.359E-05  1.737E-16
  885    5.301E-06 -5.358E-05 -1.673E-08
  886    7.972E-06 -5.360E-05  2.508E-08
  887    7.973E-06 -5.361E-05  1.730E-16
  888    7.972E-06 -5.360E-05 -2.508E-08
  889    1.067E-05 -5.363E-05  3.377E-08
  890    1.067E-05 -5.364E-05  1.722E-16
  891    1.067E-05 -5.363E-05 -3.377E-08
  892   -1.077E-05 -5.636E-05 -2.955E-08
  893   -1.077E-05 -5.636E-05  1.861E-16
  894   -1.077E-05 -5.636E-05  2.955E-08
  895   -8.050E-06 -5.633E-05 -2.196E-08
  896   -8.052E-06 -5.633E-05  1.854E-16
  897   -8.050E-06 -5.633E-05  2.196E-08
  898   -5.353E-06 -5.631E-05 -1.464E-08
  899   -5.354E-06 -5.632E-05  1.846E-16
  900   -5.353E-06 -5.631E-05  1.464E-08
  901   -2.673E-06 -5.630E-05 -7.323E-09
  902   -2.673E-06 -5.630E-05  1.839E-16
  903   -2.673E-06 -5.630E-05  7.323E-09
  904    7.907E-18 -5.630E-05  1.831E-16
  905    3.261E-20 -5.630E-05  1.831E-16
  906   -7.842E-18 -5.630E-05  1.831E-16
  907    2.673E-06 -5.630E-05  7.323E-09
  908    2.673E-06 -5.630E-05  1.824E-16
  909    2.673E-06 -5.630E-05 -7.323E-09
  910    5.353E-06 -5.631E-05  1.464E-08
  911    5.354E-06 -5.632E-05  1.816E-16
  912    5.353E-06 -5.631E-05 -1.464E-08
  913    8.050E-06 -5.633E-05  2.196E-08
  914    8.052E-06 -5.633E-05  1.808E-16
  915    8.050E-06 -5.633E-05 -2.196E-08
  916    1.077E-05 -5.636E-05  2.955E-08
  917    1.077E-05 -5.636E-05  1.801E-16
  918    1.077E-05 -5.636E-05 -2.955E-08
  919   -1.086E-05 -5.910E-05 -2.536E-08
  920   -1.086E-05 -5.911E-05  1.941E-16
  921   -1.086E-05 -5.910E-05  2.536E-08
  922   -8.118E-06 -5.908E-05 -1.884E-08
  923   -8.120E-06 -5.909E-05  1.933E-16
  924   -8.118E-06 -5.908E-05  1.884E-08
  925   -5.399E-06 -5.907E-05 -1.256E-08
  926   -5.400E-06 -5.907E-05  1.925E-16
  927   -5.399E-06 -5.907E-05  1.256E-08
  928   -2.695E-06 -5.906E-05 -6.272E-09
  929   -2.696E-06 -5.906E-05  1.917E-16
  930   -2.695E-06 -5.906E-05  6.272E-09
  931    7.914E-18 -5.905E-05  1.910E-16
  932    3.621E-20 -5.906E-05  1.910E-16
  933   -7.832E-18 -5.905E-05  1.910E-16
  934    2.695E-06 -5.906E-05  6.272E-09
  935    2.696E-06 -5.906E-05  1.902E-16
  936    2.695E-06 -5.906E-05 -6.272E-09
  937    5.399E-06 -5.907E-05  1.256E-08
  938    5.400E-06 -5.907E-05  1.894E-16
  939    5.399E-06 -5.907E-05 -1.256E-08
  940    8.118E-06 -5.908E-05  1.884E-08
  941    8.120E-06 -5.909E-05  1.887E-16
  942    8.118E-06 -5.908E-05 -1.884E-08
  943    1.086E-05 -5.910E-05  2.536E-08
  944    1.086E-05 -5.911E-05  1.879E-16
  945    1.086E-05 -5.910E-05 -2.536E-08
  946   -1.094E-05 -6.187E-05 -2.125E-08
  947   -1.094E-05 -6.188E-05  2.020E-16
  948   -1.094E-05 -6.187E-05  2.125E-08
  949   -8.176E-06 -6.185E-05 -1.576E-08
  950   -8.177E-06 -6.186E-05  2.012E-16
  951   -8.176E-06 -6.185E-05  1.576E-08
  952   -5.437E-06 -6.184E-05 -1.046E-08
  953   -5.438E-06 -6.184E-05  2.004E-16
  954   -5.437E-06 -6.184E-05  1.046E-08
  955   -2.714E-06 -6.183E-05 -5.202E-09
  956   -2.715E-06 -6.184E-05  1.996E-16
  957   -2.714E-06 -6.183E-05  5.202E-09
  958    7.915E-18 -6.183E-05  1.988E-16
  959    4.701E-20 -6.183E-05  1.989E-16
  960   -7.830E-18 -6.183E-05  1.989E-16
  961    2.714E-06 -6.183E-05  5.202E-09
  962    2.715E-06 -6.184E-05  1.981E-16
  963    2.714E-06 -6.183E-05 -5.202E-09
  964    5.437E-06 -6.184E-05  1.046E-08
  965    5.438E-06 -6.184E-05  1.973E-16
  966    5.437E-06 -6.184E-05 -1.046E-08
  967    8.176E-06 -6.185E-05  1.576E-08
  968    8.177E-06 -6.186E-05  1.965E-16
  969    8.176E-06 -6.185E-05 -1.576E-08
  970    1.094E-05 -6.187E-05  2.125E-08
  971    1.094E-05 -6.188E-05  1.958E-16
  972    1.094E-05 -6.187E-05 -2.125E-08
  973   -1.100E-05 -6.466E-05 -1.735E-08
  974   -1.100E-05 -6.466E-05  2.099E-16
  975   -1.100E-05 -6.466E-05  1.735E-08
  976   -8.223E-06 -6.464E-05 -1.271E-08
  977   -8.224E-06 -6.465E-05  2.091E-16
  978   -8.223E-06 -6.464E-05  1.271E-08
  979   -5.467E-06 -6.463E-05 -8.296E-09
  980   -5.468E-06 -6.464E-05  2.083E-16
  981   -5.467E-06 -6.463E-05  8.296E-09
  982   -2.729E-06 -6.463E-05 -4.072E-09
  983   -2.730E-06 -6.463E-05  2.075E-16
  984   -2.729E-06 -6.463E-05  4.072E-09
  985    7.916E-18 -6.463E-05  2.067E-16
  986    4.913E-20 -6.463E-05  2.067E-16
  987   -7.817E-18 -6.463E-05  2.067E-16
  988    2.729E-06 -6.463E-05  4.072E-09
  989    2.730E-06 -6.463E-05  2.060E-16
  990    2.729E-06 -6.463E-05 -4.072E-09
  991    5.467E-06 -6.463E-05  8.296E-09
  992    5.468E-06 -6.464E-05  2.052E-16
  993    5.467E-06 -6.463E-05 -8.296E-09
  994    8.223E-06 -6.464E-05  1.271E-08
  995    8.224E-06 -6.465E-05  2.044E-16
  996    8.223E-06 -6.464E-05 -1.271E-08
  997    1.100E-05 -6.466E-05  1.735E-08
  998    1.100E-05 -6.466E-05  2.036E-16
  999    1.100E-05 -6.466E-05 -1.735E-08
 1000   -1.105E-05 -6.746E-05 -1.392E-08
 1001   -1.105E-05 -6.746E-05  2.178E-16
 1002   -1.105E-05 -6.746E-05  1.392E-08
 1003   -8.259E-06 -6.745E-05 -9.646E-09
 1004   -8.261E-06 -6.745E-05  2.170E-16
 1005   -8.259E-06 -6.745E-05  9.646E-09
 1006   -5.490E-06 -6.744E-05 -5.918E-09
 1007   -5.491E-06 -6.744E-05  2.161E-16
 1008   -5.490E-06 -6.744E-05  5.918E-09
 1009   -2.740E-06 -6.744E-05 -2.809E-09
 1010   -2.740E-06 -6.744E-05  2.154E-16
 1011   -2.740E-06 -6.744E-05  2.809E-09
 1012    7.907E-18 -6.744E-05  2.146E-16
 1013    4.701E-20 -6.744E-05  2.146E-16
 1014   -7.800E-18 -6.744E-05  2.146E-16
 1015    2.740E-06 -6.744E-05  2.809E-09
 1016    2.740E-06 -6.744E-05  2.138E-16
 1017    2.740E-06 -6.744E-05 -2.809E-09
 1018    5.490E-06 -6.744E-05  5.918E-09
 1019    5.491E-06 -6.744E-05  2.130E-16
 1020    5.490E-06 -6.744E-05 -5.918E-09
 1021    8.259E-06 -6.745E-05  9.646E-09
 1022    8.261E-06 -6.745E-05  2.123E-16
 1023    8.259E-06 -6.745E-05 -9.646E-09
 1024    1.105E-05 -6.746E-05  1.392E-08
 1025    1.105E-05 -6.746E-05  2.115E-16
 1026    1.105E-05 -6.746E-05 -1.392E-08
 1027   -1.109E-05 -7.027E-05 -1.149E-08
 1028   -1.110E-05 -7.027E-05  2.256E-16
 1029   -1.109E-05 -7.027E-05  1.149E-08
 1030   -8.285E-06 -7.026E-05 -6.030E-09
 1031   -8.287E-06 -7.026E-05  2.248E-16
 1032   -8.285E-06 -7.026E-05  6.030E-09
 1033   -5.504E-06 -7.026E-05 -3.051E-09
 1034   -5.505E-06 -7.026E-05  2.240E-16
 1035   -5.504E-06 -7.026E-05  3.051E-09
 1036   -2.746E-06 -7.026E-05 -1.230E-09
 1037   -2.747E-06 -7.026E-05  2.232E-16
 1038   -2.746E-06 -7.026E-05  1.230E-09
 1039    7.885E-18 -7.026E-05  2.224E-16
 1040    4.256E-20 -7.026E-05  2.224E-16
 1041   -7.788E-18 -7.026E-05  2.224E-16
 1042    2.746E-06 -7.026E-05  1.230E-09
 1043    2.747E-06 -7.026E-05  2.217E-16
 1044    2.746E-06 -7.026E-05 -1.230E-09
 1045    5.504E-06 -7.026E-05  3.051E-09
 1046    5.505E-06 -7.026E-05  2.209E-16
 1047    5.504E-06 -7.026E-05 -3.051E-09
 1048    8.285E-06 -7.026E-05  6.030E-09
 1049    8.287E-06 -7.026E-05  2.201E-16
 1050    8.285E-06 -7.026E-05 -6.030E-09
 1051    1.109E-05 -7.027E-05  1.149E-08
 1052    1.110E-05 -7.027E-05  2.194E-16
 1053    1.109E-05 -7.027E-05 -1.149E-08
 1054   -1.112E-05 -7.310E-05 -5.398E-09
 1055   -1.113E-05 -7.310E-05  2.334E-16
 1056   -1.112E-05 -7.310E-05  5.398E-09
 1057   -8.296E-06 -7.309E-05 -9.606E-10
 1058   -8.301E-06 -7.310E-05  2.326E-16
 1059   -8.296E-06 -7.309E-05  9.606E-10
 1060   -5.510E-06 -7.309E-05  1.008E-09
 1061   -5.513E-06 -7.309E-05  2.318E-16
 1062   -5.510E-06 -7.309E-05 -1.008E-09
 1063   -2.749E-06 -7.308E-05  1.046E-09
 1064   -2.750E-06 -7.308E-05  2.310E-16
 1065   -2.749E-06 -7.308E-05 -1.046E-09
 1066    7.868E-18 -7.308E-05  2.303E-16
 1067    3.918E-20 -7.308E-05  2.302E-16
 1068   -7.792E-18 -7.308E-05  2.302E-16
 1069    2.749E-06 -7.308E-05 -1.046E-09
 1070    2.750E-06 -7.308E-05  2.295E-16
 1071    2.749E-06 -7.308E-05  1.046E-09
 1072    5.510E-06 -7.309E-05 -1.008E-09
 1073    5.513E-06 -7.309E-05  2.287E-16
 1074    5.510E-06 -7.309E-05  1.008E-09
 1075    8.296E-06 -7.309E-05  9.606E-10
 1076    8.301E-06 -7.310E-05  2.280E-16
 1077    8.296E-06 -7.309E-05 -9.606E-10
 1078    1.112E-05 -7.310E-05  5.398E-09
 1079    1.113E-05 -7.310E-05  2.273E-16
 1080    1.112E-05 -7.310E-05 -5.398E-09
 1081   -1.114E-05 -7.599E-05  1.285E-08
 1082   -1.114E-05 -7.596E-05  2.412E-16
 1083   -1.114E-05 -7.599E-05 -1.285E-08
 1084   -8.304E-06 -7.595E-05  6.245E-09
 1085   -8.309E-06 -7.593E-05  2.404E-16
 1086   -8.304E-06 -7.595E-05 -6.245E-09
 1087   -5.516E-06 -7.592E-05  7.746E-09
 1088   -5.519E-06 -7.590E-05  2.396E-16
 1089   -5.516E-06 -7.592E-05 -7.746E-09
 1090   -2.752E-06 -7.590E-05  4.216E-09
 1091   -2.754E-06 -7.588E-05  2.388E-16
 1092   -2.752E-06 -7.590E-05 -4.216E-09
 1093    7.858E-18 -7.590E-05  2.381E-16
 1094    3.288E-20 -7.588E-05  2.381E-16
 1095   -7.797E-18 -7.590E-05  2.381E-16
 1096    2.752E-06 -7.590E-05 -4.216E-09
 1097    2.754E-06 -7.588E-05  2.373E-16
 1098    2.752E-06 -7.590E-05  4.216E-09
 1099    5.516E-06 -7.592E-05 -7.746E-09
 1100    5.519E-06 -7.590E-05  2.366E-16
 1101    5.516E-06 -7.592E-05  7.746E-09
 1102    8.304E-06 -7.595E-05 -6.245E-09
 1103    8.309E-06 -7.593E-05  2.359E-16
 1104    8.304E-06 -7.595E-05  6.245E-09
 1105    1.114E-05 -7.599E-05 -1.285E-08
 1106    1.114E-05 -7.596E-05  2.351E-16
 1107    1.114E-05 -7.599E-05  1.285E-08
 
 STRESS of ELEMENT :    1
 ----------------------------------------------
  Position       Sxx        Syy        Szz        Sxy        Syz        Szx     
    1         -2.542E+05 -9.059E+04 -8.900E+04 -3.405E+04  5.581E+02 -1.980E+04
    2         -2.454E+05 -8.678E+04 -8.521E+04 -3.590E+04 -3.258E+02 -4.630E+03
    3         -1.957E+05 -6.626E+04 -6.644E+04 -2.105E+04  5.638E+02 -1.658E+04
    4         -1.876E+05 -6.276E+04 -6.295E+04 -2.288E+04 -3.200E+02 -3.820E+03
    5         -2.120E+05 -2.231E+04 -1.639E+04 -1.695E+04  2.083E+03 -1.728E+04
    6         -2.031E+05 -1.845E+04 -1.257E+04 -1.900E+04 -1.216E+03 -2.106E+03
    7         -1.570E+05 -1.602E+03 -2.282E+03 -3.941E+03  2.104E+03 -1.426E+04
    8         -1.489E+05  1.954E+03  1.231E+03 -5.977E+03 -1.194E+03 -1.500E+03
 
 STRESS of ELEMENT :    2
 ----------------------------------------------
  Position       Sxx        Syy        Szz        Sxy        Syz        Szx     
    1         -2.454E+05 -8.678E+04 -8.521E+04 -3.590E+04  3.258E+02  4.630E+03
    2         -2.542E+05 -9.059E+04 -8.900E+04 -3.405E+04 -5.581E+02  1.980E+04
    3         -1.876E+05 -6.276E+04 -6.295E+04 -2.288E+04  3.200E+02  3.820E+03
    4         -1.957E+05 -6.626E+04 -6.644E+04 -2.105E+04 -5.638E+02  1.658E+04
    5         -2.031E+05 -1.845E+04 -1.257E+04 -1.900E+04  1.216E+03  2.106E+03
    6         -2.120E+05 -2.231E+04 -1.639E+04 -1.695E+04 -2.083E+03  1.728E+04
    7         -1.489E+05  1.954E+03  1.231E+03 -5.977E+03  1.194E+03  1.500E+03
    8         -1.570E+05 -1.602E+03 -2.282E+03 -3.941E+03 -2.104E+03  1.426E+04
 
 STRESS of ELEMENT :    3
 ----------------------------------------------
  Position       Sxx        Syy        Szz        Sxy        Syz        Szx     
    1         -1.645E+05 -6.073E+04 -5.700E+04 -1.633E+04  4.212E+02 -1.440E+04
    2         -1.572E+05 -5.760E+04 -5.387E+04 -1.824E+04 -3.560E+02 -3.300E+03
    3         -1.272E+05 -4.542E+04 -4.324E+04 -1.033E+04  4.235E+02 -1.166E+04
    4         -1.215E+05 -4.296E+04 -4.078E+04 -1.224E+04 -3.538E+02 -2.687E+03
    5         -1.388E+05 -2.310E+04 -9.164E+03 -5.342E+03  1.572E+03 -1.231E+04
    6         -1.315E+05 -1.994E+04 -6.029E+03 -7.706E+03 -1.329E+03 -1.218E+03
    7         -1.047E+05 -1.097E+04 -2.837E+03  6.546E+02  1.581E+03 -1.003E+04
    8         -9.899E+04 -8.489E+03 -3.753E+02 -1.703E+03 -1.320E+03 -1.054E+03
 
 STRESS of ELEMENT :    4
 ----------------------------------------------
  Position       Sxx        Syy        Szz        Sxy        Syz        Szx     
    1         -1.572E+05 -5.760E+04 -5.387E+04 -1.824E+04  3.560E+02  3.300E+03
    2         -1.645E+05 -6.073E+04 -5.700E+04 -1.633E+04 -4.212E+02  1.440E+04
    3         -1.215E+05 -4.296E+04 -4.078E+04 -1.224E+04  3.538E+02  2.687E+03
    4         -1.272E+05 -4.542E+04 -4.324E+04 -1.033E+04 -4.235E+02  1.166E+04
    5         -1.315E+05 -1.994E+04 -6.029E+03 -7.706E+03  1.329E+03  1.218E+03
    6         -1.388E+05 -2.310E+04 -9.164E+03 -5.342E+03 -1.572E+03  1.231E+04
    7         -9.899E+04 -8.489E+03 -3.753E+02 -1.703E+03  1.320E+03  1.054E+03
    8         -1.047E+05 -1.097E+04 -2.837E+03  6.546E+02 -1.581E+03  1.003E+04
 
 STRESS of ELEMENT :    5
 ----------------------------------------------
  Position       Sxx        Syy        Szz        Sxy        Syz        Szx     
    1         -1.027E+05 -3.877E+04 -3.546E+04 -7.399E+03  5.327E+02 -9.537E+03
    2         -9.811E+04 -3.685E+04 -3.351E+04 -9.310E+03 -3.284E+02 -2.203E+03
    3         -6.831E+04 -2.477E+04 -2.318E+04 -4.589E+03  5.158E+02 -6.476E+03
    4         -6.518E+04 -2.348E+04 -2.186E+04 -6.546E+03 -3.453E+02 -1.494E+03
    5         -8.747E+04 -1.793E+04 -5.572E+03  2.794E+03  1.988E+03 -8.221E+03
    6         -8.296E+04 -1.618E+04 -3.692E+03  4.676E+02 -1.226E+03 -8.868E+02
    7         -5.662E+04 -7.464E+03 -1.531E+03  5.604E+03  1.925E+03 -5.575E+03
    8         -5.356E+04 -6.335E+03 -2.746E+02  3.231E+03 -1.289E+03 -5.935E+02
 
 STRESS of ELEMENT :    6
 ----------------------------------------------
  Position       Sxx        Syy        Szz        Sxy        Syz        Szx     
    1         -9.811E+04 -3.685E+04 -3.351E+04 -9.310E+03  3.284E+02  2.203E+03
    2         -1.027E+05 -3.877E+04 -3.546E+04 -7.399E+03 -5.327E+02  9.537E+03
    3         -6.518E+04 -2.348E+04 -2.186E+04 -6.546E+03  3.453E+02  1.494E+03
    4         -6.831E+04 -2.477E+04 -2.318E+04 -4.589E+03 -5.158E+02  6.476E+03
    5         -8.296E+04 -1.618E+04 -3.692E+03  4.676E+02  1.226E+03  8.868E+02
    6         -8.747E+04 -1.793E+04 -5.572E+03  2.794E+03 -1.988E+03  8.221E+03
    7         -5.356E+04 -6.335E+03 -2.746E+02  3.231E+03  1.289E+03  5.935E+02
    8         -5.662E+04 -7.464E+03 -1.531E+03  5.604E+03 -1.925E+03  5.575E+03
 
 STRESS of ELEMENT :    7
 ----------------------------------------------
  Position       Sxx        Syy        Szz        Sxy        Syz        Szx     
    1         -4.470E+04 -1.726E+04 -1.549E+04 -3.389E+03  5.218E+02 -4.223E+03
    2         -4.264E+04 -1.638E+04 -1.461E+04 -5.371E+03 -3.491E+02 -9.735E+02
    3         -1.164E+04 -3.833E+03 -3.813E+03 -2.546E+03  5.188E+02 -1.132E+03
    4         -1.109E+04 -3.606E+03 -3.580E+03 -4.536E+03 -3.520E+02 -2.609E+02
    5         -3.856E+04 -9.431E+03 -2.854E+03  6.430E+03  1.947E+03 -3.633E+03
    6         -3.651E+04 -8.584E+03 -1.986E+03  4.016E+03 -1.303E+03 -3.834E+02
    7         -9.068E+03  4.232E+02  4.995E+02  7.273E+03  1.936E+03 -9.735E+02
    8         -8.531E+03  6.219E+02  7.202E+02  4.851E+03 -1.314E+03 -1.027E+02
 
 STRESS of ELEMENT :    8
 ----------------------------------------------
  Position       Sxx        Syy        Szz        Sxy        Syz        Szx     
    1         -4.264E+04 -1.638E+04 -1.461E+04 -5.371E+03  3.491E+02  9.735E+02
    2         -4.470E+04 -1.726E+04 -1.549E+04 -3.389E+03 -5.218E+02  4.223E+03
    3         -1.109E+04 -3.606E+03 -3.580E+03 -4.536E+03  3.520E+02  2.609E+02
    4         -1.164E+04 -3.833E+03 -3.813E+03 -2.546E+03 -5.188E+02  1.132E+03
    5         -3.651E+04 -8.584E+03 -1.986E+03  4.016E+03  1.303E+03  3.834E+02
    6         -3.856E+04 -9.431E+03 -2.854E+03  6.430E+03 -1.947E+03  3.633E+03
    7         -8.531E+03  6.219E+02  7.202E+02  4.851E+03  1.314E+03  1.027E+02
    8         -9.068E+03  4.232E+02  4.995E+02  7.273E+03 -1.936E+03  9.735E+02
 
 STRESS of ELEMENT :    9
 ----------------------------------------------
  Position       Sxx        Syy        Szz        Sxy        Syz        Szx     
    1          1.164E+04  3.833E+03  3.813E+03 -2.546E+03  5.188E+02  1.132E+03
    2          1.109E+04  3.606E+03  3.580E+03 -4.536E+03 -3.520E+02  2.609E+02
    3          4.470E+04  1.726E+04  1.549E+04 -3.389E+03  5.218E+02  4.223E+03
    4          4.264E+04  1.638E+04  1.461E+04 -5.371E+03 -3.491E+02  9.735E+02
    5          9.068E+03 -4.232E+02 -4.995E+02  7.273E+03  1.936E+03  9.735E+02
    6          8.531E+03 -6.219E+02 -7.202E+02  4.851E+03 -1.314E+03  1.027E+02
    7          3.856E+04  9.431E+03  2.854E+03  6.430E+03  1.947E+03  3.633E+03
    8          3.651E+04  8.584E+03  1.986E+03  4.016E+03 -1.303E+03  3.834E+02
 
 STRESS of ELEMENT :   10
 ----------------------------------------------
  Position       Sxx        Syy        Szz        Sxy        Syz        Szx     
    1          1.109E+04  3.606E+03  3.580E+03 -4.536E+03  3.520E+02 -2.609E+02
    2          1.164E+04  3.833E+03  3.813E+03 -2.546E+03 -5.188E+02 -1.132E+03
    3          4.264E+04  1.638E+04  1.461E+04 -5.371E+03  3.491E+02 -9.735E+02
    4          4.470E+04  1.726E+04  1.549E+04 -3.389E+03 -5.218E+02 -4.223E+03
    5          8.531E+03 -6.219E+02 -7.202E+02  4.851E+03  1.314E+03 -1.027E+02
    6          9.068E+03 -4.232E+02 -4.995E+02  7.273E+03 -1.936E+03 -9.735E+02
    7          3.651E+04  8.584E+03  1.986E+03  4.016E+03  1.303E+03 -3.834E+02
    8          3.856E+04  9.431E+03  2.854E+03  6.430E+03 -1.947E+03 -3.633E+03
 
 STRESS of ELEMENT :   11
 ----------------------------------------------
  Position       Sxx        Syy        Szz        Sxy        Syz        Szx     
    1          6.831E+04  2.477E+04  2.318E+04 -4.589E+03  5.158E+02  6.476E+03
    2          6.518E+04  2.348E+04  2.186E+04 -6.546E+03 -3.453E+02  1.494E+03
    3          1.027E+05  3.877E+04  3.546E+04 -7.399E+03  5.327E+02  9.537E+03
    4          9.811E+04  3.685E+04  3.351E+04 -9.310E+03 -3.284E+02  2.203E+03
    5          5.662E+04  7.464E+03  1.531E+03  5.604E+03  1.925E+03  5.575E+03
    6          5.356E+04  6.335E+03  2.746E+02  3.231E+03 -1.289E+03  5.935E+02
    7          8.747E+04  1.793E+04  5.572E+03  2.794E+03  1.988E+03  8.221E+03
    8          8.296E+04  1.618E+04  3.692E+03  4.676E+02 -1.226E+03  8.868E+02
 
 STRESS of ELEMENT :   12
 ----------------------------------------------
  Position       Sxx        Syy        Szz        Sxy        Syz        Szx     
    1          6.518E+04  2.348E+04  2.186E+04 -6.546E+03  3.453E+02 -1.494E+03
    2          6.831E+04  2.477E+04  2.318E+04 -4.589E+03 -5.158E+02 -6.476E+03
    3          9.811E+04  3.685E+04  3.351E+04 -9.310E+03  3.284E+02 -2.203E+03
    4          1.027E+05  3.877E+04  3.546E+04 -7.399E+03 -5.327E+02 -9.537E+03
    5          5.356E+04  6.335E+03  2.746E+02  3.231E+03  1.289E+03 -5.935E+02
    6          5.662E+04  7.464E+03  1.531E+03  5.604E+03 -1.925E+03 -5.575E+03
    7          8.296E+04  1.618E+04  3.692E+03  4.676E+02  1.226E+03 -8.868E+02
    8          8.747E+04  1.793E+04  5.572E+03  2.794E+03 -1.988E+03 -8.221E+03
 
 STRESS of ELEMENT :   13
 ----------------------------------------------
  Position       Sxx        Syy        Szz        Sxy        Syz        Szx     
    1          1.272E+05  4.542E+04  4.324E+04 -1.033E+04  4.235E+02  1.166E+04
    2          1.215E+05  4.296E+04  4.078E+04 -1.224E+04 -3.538E+02  2.687E+03
    3          1.645E+05  6.073E+04  5.700E+04 -1.633E+04  4.212E+02  1.440E+04
    4          1.572E+05  5.760E+04  5.387E+04 -1.824E+04 -3.560E+02  3.300E+03
    5          1.047E+05  1.097E+04  2.837E+03  6.546E+02  1.581E+03  1.003E+04
    6          9.899E+04  8.489E+03  3.753E+02 -1.703E+03 -1.320E+03  1.054E+03
    7          1.388E+05  2.310E+04  9.164E+03 -5.342E+03  1.572E+03  1.231E+04
    8          1.315E+05  1.994E+04  6.029E+03 -7.706E+03 -1.329E+03  1.218E+03
 
 STRESS of ELEMENT :   14
 ----------------------------------------------
  Position       Sxx        Syy        Szz        Sxy        Syz        Szx     
    1          1.215E+05  4.296E+04  4.078E+04 -1.224E+04  3.538E+02 -2.687E+03
    2          1.272E+05  4.542E+04  4.324E+04 -1.033E+04 -4.235E+02 -1.166E+04
    3          1.572E+05  5.760E+04  5.387E+04 -1.824E+04  3.560E+02 -3.300E+03
    4          1.645E+05  6.073E+04  5.700E+04 -1.633E+04 -4.212E+02 -1.440E+04
    5          9.899E+04  8.489E+03  3.753E+02 -1.703E+03  1.320E+03 -1.054E+03
    6          1.047E+05  1.097E+04  2.837E+03  6.546E+02 -1.581E+03 -1.003E+04
    7          1.315E+05  1.994E+04  6.029E+03 -7.706E+03  1.329E+03 -1.218E+03
    8          1.388E+05  2.310E+04  9.164E+03 -5.342E+03 -1.572E+03 -1.231E+04
 
 STRESS of ELEMENT :   15
 ----------------------------------------------
  Position       Sxx        Syy        Szz        Sxy        Syz        Szx     
    1          1.957E+05  6.626E+04  6.644E+04 -2.105E+04  5.638E+02  1.658E+04
    2          1.876E+05  6.276E+04  6.295E+04 -2.288E+04 -3.200E+02  3.820E+03
    3          2.542E+05  9.059E+04  8.900E+04 -3.405E+04  5.581E+02  1.980E+04
    4          2.454E+05  8.678E+04  8.521E+04 -3.590E+04 -3.258E+02  4.630E+03
    5          1.570E+05  1.602E+03  2.282E+03 -3.941E+03  2.104E+03  1.426E+04
    6          1.489E+05 -1.954E+03 -1.231E+03 -5.977E+03 -1.194E+03  1.500E+03
    7          2.120E+05  2.231E+04  1.639E+04 -1.695E+04  2.083E+03  1.728E+04
    8          2.031E+05  1.845E+04  1.257E+04 -1.900E+04 -1.216E+03  2.106E+03
 
 STRESS of ELEMENT :   16
 ----------------------------------------------
  Position       Sxx        Syy        Szz        Sxy        Syz        Szx     
    1          1.876E+05  6.276E+04  6.295E+04 -2.288E+04  3.200E+02 -3.820E+03
    2          1.957E+05  6.626E+04  6.644E+04 -2.105E+04 -5.638E+02 -1.658E+04
    3          2.454E+05  8.678E+04  8.521E+04 -3.590E+04  3.258E+02 -4.630E+03
    4          2.542E+05  9.059E+04  8.900E+04 -3.405E+04 -5.581E+02 -1.980E+04
    5          1.489E+05 -1.954E+03 -1.231E+03 -5.977E+03  1.194E+03 -1.500E+03
    6          1.570E+05  1.602E+03  2.282E+03 -3.941E+03 -2.104E+03 -1.426E+04
    7          2.031E+05  1.845E+04  1.257E+04 -1.900E+04  1.216E+03 -2.106E+03
    8          2.120E+05  2.231E+04  1.639E+04 -1.695E+04 -2.083E+03 -1.728E+04
 
 STRESS of ELEMENT :   17
 ----------------------------------------------
  Position       Sxx        Syy        Szz        Sxy        Syz        Szx     
    1         -1.955E+05  1.293E+03  8.536E+03 -7.497E+03  2.289E+03  5.556E+03
    2         -2.049E+05 -2.469E+03  4.584E+03 -7.946E+03 -1.687E+03  3.958E+03
    3         -1.649E+05  1.102E+04  1.031E+04 -8.740E+03  2.383E+03  4.526E+03
    4         -1.734E+05  7.638E+03  6.739E+03 -9.005E+03 -1.592E+03  3.492E+03
    5         -1.998E+05 -5.454E+03  1.078E+03  2.962E+03  1.327E+03  2.827E+03
    6         -2.089E+05 -8.572E+03 -2.597E+03  2.767E+03 -2.084E+03  1.229E+03
    7         -1.683E+05  5.117E+03  4.826E+03  1.719E+03  1.606E+03  2.052E+03
    8         -1.765E+05  2.381E+03  1.533E+03  1.708E+03 -1.805E+03  1.018E+03
 
 STRESS of ELEMENT :   18
 ----------------------------------------------
  Position       Sxx        Syy        Szz        Sxy        Syz        Szx     
    1         -2.049E+05 -2.469E+03  4.584E+03 -7.946E+03  1.687E+03 -3.958E+03
    2         -1.955E+05  1.293E+03  8.536E+03 -7.497E+03 -2.289E+03 -5.556E+03
    3         -1.734E+05  7.638E+03  6.739E+03 -9.005E+03  1.592E+03 -3.492E+03
    4         -1.649E+05  1.102E+04  1.031E+04 -8.740E+03 -2.383E+03 -4.526E+03
    5         -2.089E+05 -8.572E+03 -2.597E+03  2.767E+03  2.084E+03 -1.229E+03
    6         -1.998E+05 -5.454E+03  1.078E+03  2.962E+03 -1.327E+03 -2.827E+03
    7         -1.765E+05  2.381E+03  1.533E+03  1.708E+03  1.805E+03 -1.018E+03
    8         -1.683E+05  5.117E+03  4.826E+03  1.719E+03 -1.606E+03 -2.052E+03
 
 STRESS of ELEMENT :   19
 ----------------------------------------------
  Position       Sxx        Syy        Szz        Sxy        Syz        Szx     
    1         -1.549E+05 -1.774E+04 -2.602E+03 -1.785E+04  1.985E+03  3.900E+03
    2         -1.627E+05 -2.106E+04 -5.918E+03 -1.840E+04 -1.674E+03  3.092E+03
    3         -1.145E+05 -3.543E+03  4.279E+03 -1.520E+04  1.984E+03  3.220E+03
    4         -1.206E+05 -6.160E+03  1.664E+03 -1.579E+04 -1.675E+03  2.466E+03
    5         -1.522E+05 -9.698E+03 -1.462E+03 -4.723E+03  1.961E+03  1.690E+03
    6         -1.600E+05 -1.313E+04 -4.826E+03 -4.813E+03 -1.644E+03  8.826E+02
    7         -1.117E+05  4.580E+03  5.605E+03 -2.079E+03  1.928E+03  1.478E+03
    8         -1.178E+05  1.851E+03  2.942E+03 -2.201E+03 -1.677E+03  7.235E+02
 
 STRESS of ELEMENT :   20
 ----------------------------------------------
  Position       Sxx        Syy        Szz        Sxy        Syz        Szx     
    1         -1.627E+05 -2.106E+04 -5.918E+03 -1.840E+04  1.674E+03 -3.092E+03
    2         -1.549E+05 -1.774E+04 -2.602E+03 -1.785E+04 -1.985E+03 -3.900E+03
    3         -1.206E+05 -6.160E+03  1.664E+03 -1.579E+04  1.675E+03 -2.466E+03
    4         -1.145E+05 -3.543E+03  4.279E+03 -1.520E+04 -1.984E+03 -3.220E+03
    5         -1.600E+05 -1.313E+04 -4.826E+03 -4.813E+03  1.644E+03 -8.826E+02
    6         -1.522E+05 -9.698E+03 -1.462E+03 -4.723E+03 -1.961E+03 -1.690E+03
    7         -1.178E+05  1.851E+03  2.942E+03 -2.201E+03  1.677E+03 -7.235E+02
    8         -1.117E+05  4.580E+03  5.605E+03 -2.079E+03 -1.928E+03 -1.478E+03
 
 STRESS of ELEMENT :   21
 ----------------------------------------------
  Position       Sxx        Syy        Szz        Sxy        Syz        Szx     
    1         -9.582E+04 -1.457E+04 -7.045E+02 -1.552E+04  2.410E+03  2.653E+03
    2         -1.009E+05 -1.694E+04 -2.929E+03 -1.606E+04 -1.580E+03  2.002E+03
    3         -6.138E+04 -3.231E+03  2.650E+03 -1.370E+04  2.337E+03  1.782E+03
    4         -6.487E+04 -4.937E+03  1.090E+03 -1.422E+04 -1.654E+03  1.360E+03
    5         -9.406E+04 -9.161E+03 -2.476E+02 -3.971E+03  2.109E+03  1.244E+03
    6         -9.907E+04 -1.147E+04 -2.446E+03 -4.073E+03 -1.653E+03  5.928E+02
    7         -5.928E+04  2.519E+03  3.909E+03 -2.147E+03  2.053E+03  8.165E+02
    8         -6.274E+04  8.740E+02  2.376E+03 -2.232E+03 -1.709E+03  3.948E+02
 
 STRESS of ELEMENT :   22
 ----------------------------------------------
  Position       Sxx        Syy        Szz        Sxy        Syz        Szx     
    1         -1.009E+05 -1.694E+04 -2.929E+03 -1.606E+04  1.580E+03 -2.002E+03
    2         -9.582E+04 -1.457E+04 -7.045E+02 -1.552E+04 -2.410E+03 -2.653E+03
    3         -6.487E+04 -4.937E+03  1.090E+03 -1.422E+04  1.654E+03 -1.360E+03
    4         -6.138E+04 -3.231E+03  2.650E+03 -1.370E+04 -2.337E+03 -1.782E+03
    5         -9.907E+04 -1.147E+04 -2.446E+03 -4.073E+03  1.653E+03 -5.928E+02
    6         -9.406E+04 -9.161E+03 -2.476E+02 -3.971E+03 -2.109E+03 -1.244E+03
    7         -6.274E+04  8.740E+02  2.376E+03 -2.232E+03  1.709E+03 -3.948E+02
    8         -5.928E+04  2.519E+03  3.909E+03 -2.147E+03 -2.053E+03 -8.165E+02
 
 STRESS of ELEMENT :   23
 ----------------------------------------------
  Position       Sxx        Syy        Szz        Sxy        Syz        Szx     
    1         -4.249E+04 -8.659E+03 -9.637E+02 -1.360E+04  2.384E+03  1.154E+03
    2         -4.473E+04 -9.663E+03 -1.937E+03 -1.414E+04 -1.665E+03  8.878E+02
    3         -9.537E+03  1.994E+03  1.591E+03 -1.298E+04  2.369E+03  3.093E+02
    4         -1.015E+04  1.686E+03  1.313E+03 -1.353E+04 -1.681E+03  2.379E+02
    5         -4.198E+04 -6.918E+03 -9.786E+02 -2.445E+03  2.152E+03  5.206E+02
    6         -4.422E+04 -7.936E+03 -1.958E+03 -2.525E+03 -1.702E+03  2.542E+02
    7         -8.727E+03  4.028E+03  2.259E+03 -1.833E+03  2.133E+03  1.395E+02
    8         -9.350E+03  3.706E+03  1.975E+03 -1.918E+03 -1.722E+03  6.811E+01
 
 STRESS of ELEMENT :   24
 ----------------------------------------------
  Position       Sxx        Syy        Szz        Sxy        Syz        Szx     
    1         -4.473E+04 -9.663E+03 -1.937E+03 -1.414E+04  1.665E+03 -8.878E+02
    2         -4.249E+04 -8.659E+03 -9.637E+02 -1.360E+04 -2.384E+03 -1.154E+03
    3         -1.015E+04  1.686E+03  1.313E+03 -1.353E+04  1.681E+03 -2.379E+02
    4         -9.537E+03  1.994E+03  1.591E+03 -1.298E+04 -2.369E+03 -3.093E+02
    5         -4.422E+04 -7.936E+03 -1.958E+03 -2.525E+03  1.702E+03 -2.542E+02
    6         -4.198E+04 -6.918E+03 -9.786E+02 -2.445E+03 -2.152E+03 -5.206E+02
    7         -9.350E+03  3.706E+03  1.975E+03 -1.918E+03  1.722E+03 -6.811E+01
    8         -8.727E+03  4.028E+03  2.259E+03 -1.833E+03 -2.133E+03 -1.395E+02
 
 STRESS of ELEMENT :   25
 ----------------------------------------------
  Position       Sxx        Syy        Szz        Sxy        Syz        Szx     
    1          9.537E+03 -1.994E+03 -1.591E+03 -1.298E+04  2.369E+03 -3.093E+02
    2          1.015E+04 -1.686E+03 -1.313E+03 -1.353E+04 -1.681E+03 -2.379E+02
    3          4.249E+04  8.659E+03  9.637E+02 -1.360E+04  2.384E+03 -1.154E+03
    4          4.473E+04  9.663E+03  1.937E+03 -1.414E+04 -1.665E+03 -8.878E+02
    5          8.727E+03 -4.028E+03 -2.259E+03 -1.833E+03  2.133E+03 -1.395E+02
    6          9.350E+03 -3.706E+03 -1.975E+03 -1.918E+03 -1.722E+03 -6.811E+01
    7          4.198E+04  6.918E+03  9.786E+02 -2.445E+03  2.152E+03 -5.206E+02
    8          4.422E+04  7.936E+03  1.958E+03 -2.525E+03 -1.702E+03 -2.542E+02
 
 STRESS of ELEMENT :   26
 ----------------------------------------------
  Position       Sxx        Syy        Szz        Sxy        Syz        Szx     
    1          1.015E+04 -1.686E+03 -1.313E+03 -1.353E+04  1.681E+03  2.379E+02
    2          9.537E+03 -1.994E+03 -1.591E+03 -1.298E+04 -2.369E+03  3.093E+02
    3          4.473E+04  9.663E+03  1.937E+03 -1.414E+04  1.665E+03  8.878E+02
    4          4.249E+04  8.659E+03  9.637E+02 -1.360E+04 -2.384E+03  1.154E+03
    5          9.350E+03 -3.706E+03 -1.975E+03 -1.918E+03  1.722E+03  6.811E+01
    6          8.727E+03 -4.028E+03 -2.259E+03 -1.833E+03 -2.133E+03  1.395E+02
    7          4.422E+04  7.936E+03  1.958E+03 -2.525E+03  1.702E+03  2.542E+02
    8          4.198E+04  6.918E+03  9.786E+02 -2.445E+03 -2.152E+03  5.206E+02
 
 STRESS of ELEMENT :   27
 ----------------------------------------------
  Position       Sxx        Syy        Szz        Sxy        Syz        Szx     
    1          6.138E+04  3.231E+03 -2.650E+03 -1.370E+04  2.337E+03 -1.782E+03
    2          6.487E+04  4.937E+03 -1.090E+03 -1.422E+04 -1.654E+03 -1.360E+03
    3          9.582E+04  1.457E+04  7.045E+02 -1.552E+04  2.410E+03 -2.653E+03
    4          1.009E+05  1.694E+04  2.929E+03 -1.606E+04 -1.580E+03 -2.002E+03
    5          5.928E+04 -2.519E+03 -3.909E+03 -2.147E+03  2.053E+03 -8.165E+02
    6          6.274E+04 -8.740E+02 -2.376E+03 -2.232E+03 -1.709E+03 -3.948E+02
    7          9.406E+04  9.161E+03  2.476E+02 -3.971E+03  2.109E+03 -1.244E+03
    8          9.907E+04  1.147E+04  2.446E+03 -4.073E+03 -1.653E+03 -5.928E+02
 
 STRESS of ELEMENT :   28
 ----------------------------------------------
  Position       Sxx        Syy        Szz        Sxy        Syz        Szx     
    1          6.487E+04  4.937E+03 -1.090E+03 -1.422E+04  1.654E+03  1.360E+03
    2          6.138E+04  3.231E+03 -2.650E+03 -1.370E+04 -2.337E+03  1.782E+03
    3          1.009E+05  1.694E+04  2.929E+03 -1.606E+04  1.580E+03  2.002E+03
    4          9.582E+04  1.457E+04  7.045E+02 -1.552E+04 -2.410E+03  2.653E+03
    5          6.274E+04 -8.740E+02 -2.376E+03 -2.232E+03  1.709E+03  3.948E+02
    6          5.928E+04 -2.519E+03 -3.909E+03 -2.147E+03 -2.053E+03  8.165E+02
    7          9.907E+04  1.147E+04  2.446E+03 -4.073E+03  1.653E+03  5.928E+02
    8          9.406E+04  9.161E+03  2.476E+02 -3.971E+03 -2.109E+03  1.244E+03
 
 STRESS of ELEMENT :   29
 ----------------------------------------------
  Position       Sxx        Syy        Szz        Sxy        Syz        Szx     
    1          1.145E+05  3.543E+03 -4.279E+03 -1.520E+04  1.984E+03 -3.220E+03
    2          1.206E+05  6.160E+03 -1.664E+03 -1.579E+04 -1.675E+03 -2.466E+03
    3          1.549E+05  1.774E+04  2.602E+03 -1.785E+04  1.985E+03 -3.900E+03
    4          1.627E+05  2.106E+04  5.918E+03 -1.840E+04 -1.674E+03 -3.092E+03
    5          1.117E+05 -4.580E+03 -5.605E+03 -2.079E+03  1.928E+03 -1.478E+03
    6          1.178E+05 -1.851E+03 -2.942E+03 -2.201E+03 -1.677E+03 -7.235E+02
    7          1.522E+05  9.698E+03  1.462E+03 -4.723E+03  1.961E+03 -1.690E+03
    8          1.600E+05  1.313E+04  4.826E+03 -4.813E+03 -1.644E+03 -8.826E+02
 
 STRESS of ELEMENT :   30
 ----------------------------------------------
  Position       Sxx        Syy        Szz        Sxy        Syz        Szx     
    1          1.206E+05  6.160E+03 -1.664E+03 -1.579E+04  1.675E+03  2.466E+03
    2          1.145E+05  3.543E+03 -4.279E+03 -1.520E+04 -1.984E+03  3.220E+03
    3          1.627E+05  2.106E+04  5.918E+03 -1.840E+04  1.674E+03  3.092E+03
    4          1.549E+05  1.774E+04  2.602E+03 -1.785E+04 -1.985E+03  3.900E+03
    5          1.178E+05 -1.851E+03 -2.942E+03 -2.201E+03  1.677E+03  7.235E+02
    6          1.117E+05 -4.580E+03 -5.605E+03 -2.079E+03 -1.928E+03  1.478E+03
    7          1.600E+05  1.313E+04  4.826E+03 -4.813E+03  1.644E+03  8.826E+02
    8          1.522E+05  9.698E+03  1.462E+03 -4.723E+03 -1.961E+03  1.690E+03
 
 STRESS of ELEMENT :   31
 ----------------------------------------------
  Position       Sxx        Syy        Szz        Sxy        Syz        Szx     
    1          1.649E+05 -1.102E+04 -1.031E+04 -8.740E+03  2.383E+03 -4.526E+03
    2          1.734E+05 -7.638E+03 -6.739E+03 -9.005E+03 -1.592E+03 -3.492E+03
    3          1.955E+05 -1.293E+03 -8.536E+03 -7.497E+03  2.289E+03 -5.556E+03
    4          2.049E+05  2.469E+03 -4.584E+03 -7.946E+03 -1.687E+03 -3.958E+03
    5          1.683E+05 -5.117E+03 -4.826E+03  1.719E+03  1.606E+03 -2.052E+03
    6          1.765E+05 -2.381E+03 -1.533E+03  1.708E+03 -1.805E+03 -1.018E+03
    7          1.998E+05  5.454E+03 -1.078E+03  2.962E+03  1.327E+03 -2.827E+03
    8          2.089E+05  8.572E+03  2.597E+03  2.767E+03 -2.084E+03 -1.229E+03
 
 STRESS of ELEMENT :   32
 ----------------------------------------------
  Position       Sxx        Syy        Szz        Sxy        Syz        Szx     
    1          1.734E+05 -7.638E+03 -6.739E+03 -9.005E+03  1.592E+03  3.492E+03
    2          1.649E+05 -1.102E+04 -1.031E+04 -8.740E+03 -2.383E+03  4.526E+03
    3          2.049E+05  2.469E+03 -4.584E+03 -7.946E+03  1.687E+03  3.958E+03
    4          1.955E+05 -1.293E+03 -8.536E+03 -7.497E+03 -2.289E+03  5.556E+03
    5          1.765E+05 -2.381E+03 -1.533E+03  1.708E+03  1.805E+03  1.018E+03
    6          1.683E+05 -5.117E+03 -4.826E+03  1.719E+03 -1.606E+03  2.052E+03
    7          2.089E+05  8.572E+03  2.597E+03  2.767E+03  2.084E+03  1.229E+03
    8          1.998E+05  5.454E+03 -1.078E+03  2.962E+03 -1.327E+03  2.827E+03
 
 STRESS of ELEMENT :   33
 ----------------------------------------------
  Position       Sxx        Syy        Szz        Sxy        Syz        Szx     
    1         -1.972E+05 -6.095E+03 -4.503E+02 -7.449E+03  1.142E+03  4.711E+02
    2         -1.969E+05 -5.224E+03 -8.903E+01 -7.049E+03 -2.094E+03 -1.375E+02
    3         -1.652E+05  4.845E+03  4.017E+03 -7.202E+03  1.397E+03  6.532E+02
    4         -1.652E+05  5.608E+03  4.269E+03 -7.051E+03 -1.839E+03 -4.299E+01
    5         -1.978E+05 -6.144E+03 -2.210E+03  3.081E+03  1.599E+03  4.570E+02
    6         -1.978E+05 -6.142E+03 -2.222E+03  3.409E+03 -1.725E+03 -1.517E+02
    7         -1.659E+05  4.665E+03  1.951E+03  3.328E+03  1.606E+03  5.665E+02
    8         -1.662E+05  4.558E+03  1.830E+03  3.407E+03 -1.718E+03 -1.297E+02
 
 STRESS of ELEMENT :   34
 ----------------------------------------------
  Position       Sxx        Syy        Szz        Sxy        Syz        Szx     
    1         -1.969E+05 -5.224E+03 -8.903E+01 -7.049E+03  2.094E+03  1.375E+02
    2         -1.972E+05 -6.095E+03 -4.503E+02 -7.449E+03 -1.142E+03 -4.711E+02
    3         -1.652E+05  5.608E+03  4.269E+03 -7.051E+03  1.839E+03  4.299E+01
    4         -1.652E+05  4.845E+03  4.017E+03 -7.202E+03 -1.397E+03 -6.532E+02
    5         -1.978E+05 -6.142E+03 -2.222E+03  3.409E+03  1.725E+03  1.517E+02
    6         -1.978E+05 -6.144E+03 -2.210E+03  3.081E+03 -1.599E+03 -4.570E+02
    7         -1.662E+05  4.558E+03  1.830E+03  3.407E+03  1.718E+03  1.297E+02
    8         -1.659E+05  4.665E+03  1.951E+03  3.328E+03 -1.606E+03 -5.665E+02
 
 STRESS of ELEMENT :   35
 ----------------------------------------------
  Position       Sxx        Syy        Szz        Sxy        Syz        Szx     
    1         -1.489E+05 -5.985E+03 -7.850E+02 -1.272E+04  1.879E+03  6.618E+02
    2         -1.494E+05 -6.279E+03 -9.987E+02 -1.268E+04 -1.653E+03 -1.252E+01
    3         -1.139E+05  5.998E+03  4.134E+03 -1.270E+04  1.839E+03  5.033E+02
    4         -1.142E+05  5.749E+03  3.966E+03 -1.264E+04 -1.693E+03 -2.382E+01
    5         -1.499E+05 -6.921E+03 -3.113E+03 -1.200E+03  1.680E+03  5.596E+02
    6         -1.503E+05 -7.174E+03 -3.309E+03 -1.125E+03 -1.704E+03 -1.147E+02
    7         -1.147E+05  5.282E+03  2.321E+03 -1.178E+03  1.652E+03  4.312E+02
    8         -1.150E+05  5.075E+03  2.171E+03 -1.092E+03 -1.733E+03 -9.589E+01
 
 STRESS of ELEMENT :   36
 ----------------------------------------------
  Position       Sxx        Syy        Szz        Sxy        Syz        Szx     
    1         -1.494E+05 -6.279E+03 -9.987E+02 -1.268E+04  1.653E+03  1.252E+01
    2         -1.489E+05 -5.985E+03 -7.850E+02 -1.272E+04 -1.879E+03 -6.618E+02
    3         -1.142E+05  5.749E+03  3.966E+03 -1.264E+04  1.693E+03  2.382E+01
    4         -1.139E+05  5.998E+03  4.134E+03 -1.270E+04 -1.839E+03 -5.033E+02
    5         -1.503E+05 -7.174E+03 -3.309E+03 -1.125E+03  1.704E+03  1.147E+02
    6         -1.499E+05 -6.921E+03 -3.113E+03 -1.200E+03 -1.680E+03 -5.596E+02
    7         -1.150E+05  5.075E+03  2.171E+03 -1.092E+03  1.733E+03  9.589E+01
    8         -1.147E+05  5.282E+03  2.321E+03 -1.178E+03 -1.652E+03 -4.312E+02
 
 STRESS of ELEMENT :   37
 ----------------------------------------------
  Position       Sxx        Syy        Szz        Sxy        Syz        Szx     
    1         -9.795E+04 -8.651E+03 -2.292E+03 -1.644E+04  1.948E+03  4.068E+02
    2         -9.822E+04 -8.899E+03 -2.446E+03 -1.637E+04 -1.687E+03 -2.395E+01
    3         -6.176E+04  3.744E+03  2.832E+03 -1.586E+04  1.901E+03  3.017E+02
    4         -6.197E+04  3.517E+03  2.700E+03 -1.578E+04 -1.734E+03 -1.300E+01
    5         -9.772E+04 -7.253E+03 -2.923E+03 -4.544E+03  1.811E+03  3.510E+02
    6         -9.797E+04 -7.476E+03 -3.067E+03 -4.456E+03 -1.709E+03 -7.969E+01
    7         -6.135E+04  5.316E+03  2.607E+03 -3.960E+03  1.771E+03  2.604E+02
    8         -6.156E+04  5.115E+03  2.485E+03 -3.864E+03 -1.748E+03 -5.431E+01
 
 STRESS of ELEMENT :   38
 ----------------------------------------------
  Position       Sxx        Syy        Szz        Sxy        Syz        Szx     
    1         -9.822E+04 -8.899E+03 -2.446E+03 -1.637E+04  1.687E+03  2.395E+01
    2         -9.795E+04 -8.651E+03 -2.292E+03 -1.644E+04 -1.948E+03 -4.068E+02
    3         -6.197E+04  3.517E+03  2.700E+03 -1.578E+04  1.734E+03  1.300E+01
    4         -6.176E+04  3.744E+03  2.832E+03 -1.586E+04 -1.901E+03 -3.017E+02
    5         -9.797E+04 -7.476E+03 -3.067E+03 -4.456E+03  1.709E+03  7.969E+01
    6         -9.772E+04 -7.253E+03 -2.923E+03 -4.544E+03 -1.811E+03 -3.510E+02
    7         -6.156E+04  5.115E+03  2.485E+03 -3.864E+03  1.748E+03  5.431E+01
    8         -6.135E+04  5.316E+03  2.607E+03 -3.960E+03 -1.771E+03 -2.604E+02
 
 STRESS of ELEMENT :   39
 ----------------------------------------------
  Position       Sxx        Syy        Szz        Sxy        Syz        Szx     
    1         -4.409E+04 -7.070E+03 -2.116E+03 -1.698E+04  2.000E+03  2.076E+02
    2         -4.422E+04 -7.178E+03 -2.186E+03 -1.689E+04 -1.725E+03 -7.089E+00
    3         -8.945E+03  4.798E+03  2.301E+03 -1.673E+04  1.982E+03  5.563E+01
    4         -9.000E+03  4.721E+03  2.262E+03 -1.663E+04 -1.744E+03 -1.900E+00
    5         -4.403E+04 -6.509E+03 -2.489E+03 -5.345E+03  1.818E+03  1.792E+02
    6         -4.415E+04 -6.596E+03 -2.550E+03 -5.229E+03 -1.750E+03 -3.551E+01
    7         -8.653E+03  5.595E+03  2.478E+03 -5.093E+03  1.806E+03  4.801E+01
    8         -8.699E+03  5.539E+03  2.448E+03 -4.971E+03 -1.762E+03 -9.514E+00
 
 STRESS of ELEMENT :   40
 ----------------------------------------------
  Position       Sxx        Syy        Szz        Sxy        Syz        Szx     
    1         -4.422E+04 -7.178E+03 -2.186E+03 -1.689E+04  1.725E+03  7.089E+00
    2         -4.409E+04 -7.070E+03 -2.116E+03 -1.698E+04 -2.000E+03 -2.076E+02
    3         -9.000E+03  4.721E+03  2.262E+03 -1.663E+04  1.744E+03  1.900E+00
    4         -8.945E+03  4.798E+03  2.301E+03 -1.673E+04 -1.982E+03 -5.563E+01
    5         -4.415E+04 -6.596E+03 -2.550E+03 -5.229E+03  1.750E+03  3.551E+01
    6         -4.403E+04 -6.509E+03 -2.489E+03 -5.345E+03 -1.818E+03 -1.792E+02
    7         -8.699E+03  5.539E+03  2.448E+03 -4.971E+03  1.762E+03  9.514E+00
    8         -8.653E+03  5.595E+03  2.478E+03 -5.093E+03 -1.806E+03 -4.801E+01
 
 STRESS of ELEMENT :   41
 ----------------------------------------------
  Position       Sxx        Syy        Szz        Sxy        Syz        Szx     
    1          8.945E+03 -4.798E+03 -2.301E+03 -1.673E+04  1.982E+03 -5.563E+01
    2          9.000E+03 -4.721E+03 -2.262E+03 -1.663E+04 -1.744E+03  1.900E+00
    3          4.409E+04  7.070E+03  2.116E+03 -1.698E+04  2.000E+03 -2.076E+02
    4          4.422E+04  7.178E+03  2.186E+03 -1.689E+04 -1.725E+03  7.089E+00
    5          8.653E+03 -5.595E+03 -2.478E+03 -5.093E+03  1.806E+03 -4.801E+01
    6          8.699E+03 -5.539E+03 -2.448E+03 -4.971E+03 -1.762E+03  9.514E+00
    7          4.403E+04  6.509E+03  2.489E+03 -5.345E+03  1.818E+03 -1.792E+02
    8          4.415E+04  6.596E+03  2.550E+03 -5.229E+03 -1.750E+03  3.551E+01
 
 STRESS of ELEMENT :   42
 ----------------------------------------------
  Position       Sxx        Syy        Szz        Sxy        Syz        Szx     
    1          9.000E+03 -4.721E+03 -2.262E+03 -1.663E+04  1.744E+03 -1.900E+00
    2          8.945E+03 -4.798E+03 -2.301E+03 -1.673E+04 -1.982E+03  5.563E+01
    3          4.422E+04  7.178E+03  2.186E+03 -1.689E+04  1.725E+03 -7.089E+00
    4          4.409E+04  7.070E+03  2.116E+03 -1.698E+04 -2.000E+03  2.076E+02
    5          8.699E+03 -5.539E+03 -2.448E+03 -4.971E+03  1.762E+03 -9.514E+00
    6          8.653E+03 -5.595E+03 -2.478E+03 -5.093E+03 -1.806E+03  4.801E+01
    7          4.415E+04  6.596E+03  2.550E+03 -5.229E+03  1.750E+03 -3.551E+01
    8          4.403E+04  6.509E+03  2.489E+03 -5.345E+03 -1.818E+03  1.792E+02
 
 STRESS of ELEMENT :   43
 ----------------------------------------------
  Position       Sxx        Syy        Szz        Sxy        Syz        Szx     
    1          6.176E+04 -3.744E+03 -2.832E+03 -1.586E+04  1.901E+03 -3.017E+02
    2          6.197E+04 -3.517E+03 -2.700E+03 -1.578E+04 -1.734E+03  1.300E+01
    3          9.795E+04  8.651E+03  2.292E+03 -1.644E+04  1.948E+03 -4.068E+02
    4          9.822E+04  8.899E+03  2.446E+03 -1.637E+04 -1.687E+03  2.395E+01
    5          6.135E+04 -5.316E+03 -2.607E+03 -3.960E+03  1.771E+03 -2.604E+02
    6          6.156E+04 -5.115E+03 -2.485E+03 -3.864E+03 -1.748E+03  5.431E+01
    7          9.772E+04  7.253E+03  2.923E+03 -4.544E+03  1.811E+03 -3.510E+02
    8          9.797E+04  7.476E+03  3.067E+03 -4.456E+03 -1.709E+03  7.969E+01
 
 STRESS of ELEMENT :   44
 ----------------------------------------------
  Position       Sxx        Syy        Szz        Sxy        Syz        Szx     
    1          6.197E+04 -3.517E+03 -2.700E+03 -1.578E+04  1.734E+03 -1.300E+01
    2          6.176E+04 -3.744E+03 -2.832E+03 -1.586E+04 -1.901E+03  3.017E+02
    3          9.822E+04  8.899E+03  2.446E+03 -1.637E+04  1.687E+03 -2.395E+01
    4          9.795E+04  8.651E+03  2.292E+03 -1.644E+04 -1.948E+03  4.068E+02
    5          6.156E+04 -5.115E+03 -2.485E+03 -3.864E+03  1.748E+03 -5.431E+01
    6          6.135E+04 -5.316E+03 -2.607E+03 -3.960E+03 -1.771E+03  2.604E+02
    7          9.797E+04  7.476E+03  3.067E+03 -4.456E+03  1.709E+03 -7.969E+01
    8          9.772E+04  7.253E+03  2.923E+03 -4.544E+03 -1.811E+03  3.510E+02
 
 STRESS of ELEMENT :   45
 ----------------------------------------------
  Position       Sxx        Syy        Szz        Sxy        Syz        Szx     
    1          1.139E+05 -5.998E+03 -4.134E+03 -1.270E+04  1.839E+03 -5.033E+02
    2          1.142E+05 -5.749E+03 -3.966E+03 -1.264E+04 -1.693E+03  2.382E+01
    3          1.489E+05  5.985E+03  7.850E+02 -1.272E+04  1.879E+03 -6.618E+02
    4          1.494E+05  6.279E+03  9.987E+02 -1.268E+04 -1.653E+03  1.252E+01
    5          1.147E+05 -5.282E+03 -2.321E+03 -1.178E+03  1.652E+03 -4.312E+02
    6          1.150E+05 -5.075E+03 -2.171E+03 -1.092E+03 -1.733E+03  9.589E+01
    7          1.499E+05  6.921E+03  3.113E+03 -1.200E+03  1.680E+03 -5.596E+02
    8          1.503E+05  7.174E+03  3.309E+03 -1.125E+03 -1.704E+03  1.147E+02
 
 STRESS of ELEMENT :   46
 ----------------------------------------------
  Position       Sxx        Syy        Szz        Sxy        Syz        Szx     
    1          1.142E+05 -5.749E+03 -3.966E+03 -1.264E+04  1.693E+03 -2.382E+01
    2          1.139E+05 -5.998E+03 -4.134E+03 -1.270E+04 -1.839E+03  5.033E+02
    3          1.494E+05  6.279E+03  9.987E+02 -1.268E+04  1.653E+03 -1.252E+01
    4          1.489E+05  5.985E+03  7.850E+02 -1.272E+04 -1.879E+03  6.618E+02
    5          1.150E+05 -5.075E+03 -2.171E+03 -1.092E+03  1.733E+03 -9.589E+01
    6          1.147E+05 -5.282E+03 -2.321E+03 -1.178E+03 -1.652E+03  4.312E+02
    7          1.503E+05  7.174E+03  3.309E+03 -1.125E+03  1.704E+03 -1.147E+02
    8          1.499E+05  6.921E+03  3.113E+03 -1.200E+03 -1.680E+03  5.596E+02
 
 STRESS of ELEMENT :   47
 ----------------------------------------------
  Position       Sxx        Syy        Szz        Sxy        Syz        Szx     
    1          1.652E+05 -4.845E+03 -4.017E+03 -7.202E+03  1.397E+03 -6.532E+02
    2          1.652E+05 -5.608E+03 -4.269E+03 -7.051E+03 -1.839E+03  4.299E+01
    3          1.972E+05  6.095E+03  4.503E+02 -7.449E+03  1.142E+03 -4.711E+02
    4          1.969E+05  5.224E+03  8.903E+01 -7.049E+03 -2.094E+03  1.375E+02
    5          1.659E+05 -4.665E+03 -1.951E+03  3.328E+03  1.606E+03 -5.665E+02
    6          1.662E+05 -4.558E+03 -1.830E+03  3.407E+03 -1.718E+03  1.297E+02
    7          1.978E+05  6.144E+03  2.210E+03  3.081E+03  1.599E+03 -4.570E+02
    8          1.978E+05  6.142E+03  2.222E+03  3.409E+03 -1.725E+03  1.517E+02
 
 STRESS of ELEMENT :   48
 ----------------------------------------------
  Position       Sxx        Syy        Szz        Sxy        Syz        Szx     
    1          1.652E+05 -5.608E+03 -4.269E+03 -7.051E+03  1.839E+03 -4.299E+01
    2          1.652E+05 -4.845E+03 -4.017E+03 -7.202E+03 -1.397E+03  6.532E+02
    3          1.969E+05  5.224E+03  8.903E+01 -7.049E+03  2.094E+03 -1.375E+02
    4          1.972E+05  6.095E+03  4.503E+02 -7.449E+03 -1.142E+03  4.711E+02
    5          1.662E+05 -4.558E+03 -1.830E+03  3.407E+03  1.718E+03 -1.297E+02
    6          1.659E+05 -4.665E+03 -1.951E+03  3.328E+03 -1.606E+03  5.665E+02
    7          1.978E+05  6.142E+03  2.222E+03  3.409E+03  1.725E+03 -1.517E+02
    8          1.978E+05  6.144E+03  2.210E+03  3.081E+03 -1.599E+03  4.570E+02
 
 STRESS of ELEMENT :   49
 ----------------------------------------------
  Position       Sxx        Syy        Szz        Sxy        Syz        Szx     
    1         -1.932E+05 -4.552E+03 -1.205E+03 -7.271E+03  1.755E+03  4.588E+01
    2         -1.930E+05 -4.667E+03 -1.195E+03 -7.350E+03 -1.607E+03 -2.472E+02
    3         -1.604E+05  6.600E+03  3.224E+03 -7.618E+03  1.693E+03  3.897E+01
    4         -1.602E+05  6.523E+03  3.272E+03 -7.636E+03 -1.669E+03 -2.690E+02
    5         -1.941E+05 -6.207E+03 -2.752E+03  3.525E+03  1.724E+03  1.144E+02
    6         -1.939E+05 -6.111E+03 -2.652E+03  3.473E+03 -1.652E+03 -1.787E+02
    7         -1.614E+05  4.923E+03  1.625E+03  3.178E+03  1.722E+03  1.335E+02
    8         -1.611E+05  5.058E+03  1.764E+03  3.186E+03 -1.654E+03 -1.745E+02
 
 STRESS of ELEMENT :   50
 ----------------------------------------------
  Position       Sxx        Syy        Szz        Sxy        Syz        Szx     
    1         -1.930E+05 -4.667E+03 -1.195E+03 -7.350E+03  1.607E+03  2.472E+02
    2         -1.932E+05 -4.552E+03 -1.205E+03 -7.271E+03 -1.755E+03 -4.588E+01
    3         -1.602E+05  6.523E+03  3.272E+03 -7.636E+03  1.669E+03  2.690E+02
    4         -1.604E+05  6.600E+03  3.224E+03 -7.618E+03 -1.693E+03 -3.897E+01
    5         -1.939E+05 -6.111E+03 -2.652E+03  3.473E+03  1.652E+03  1.787E+02
    6         -1.941E+05 -6.207E+03 -2.752E+03  3.525E+03 -1.724E+03 -1.144E+02
    7         -1.611E+05  5.058E+03  1.764E+03  3.186E+03  1.654E+03  1.745E+02
    8         -1.614E+05  4.923E+03  1.625E+03  3.178E+03 -1.722E+03 -1.335E+02
 
 STRESS of ELEMENT :   51
 ----------------------------------------------
  Position       Sxx        Syy        Szz        Sxy        Syz        Szx     
    1         -1.446E+05 -5.141E+03 -1.926E+03 -1.196E+04  1.609E+03  5.088E+01
    2         -1.443E+05 -5.071E+03 -1.818E+03 -1.186E+04 -1.713E+03 -2.539E+02
    3         -1.107E+05  6.536E+03  3.106E+03 -1.215E+04  1.590E+03  9.033E+01
    4         -1.106E+05  6.555E+03  3.164E+03 -1.203E+04 -1.733E+03 -1.911E+02
    5         -1.454E+05 -6.259E+03 -3.276E+03 -8.581E+02  1.613E+03  1.424E+02
    6         -1.451E+05 -6.143E+03 -3.148E+03 -7.845E+02 -1.686E+03 -1.623E+02
    7         -1.115E+05  5.453E+03  1.838E+03 -1.047E+03  1.607E+03  1.480E+02
    8         -1.113E+05  5.518E+03  1.915E+03 -9.603E+02 -1.692E+03 -1.334E+02
 
 STRESS of ELEMENT :   52
 ----------------------------------------------
  Position       Sxx        Syy        Szz        Sxy        Syz        Szx     
    1         -1.443E+05 -5.071E+03 -1.818E+03 -1.186E+04  1.713E+03  2.539E+02
    2         -1.446E+05 -5.141E+03 -1.926E+03 -1.196E+04 -1.609E+03 -5.088E+01
    3         -1.106E+05  6.555E+03  3.164E+03 -1.203E+04  1.733E+03  1.911E+02
    4         -1.107E+05  6.536E+03  3.106E+03 -1.215E+04 -1.590E+03 -9.033E+01
    5         -1.451E+05 -6.143E+03 -3.148E+03 -7.845E+02  1.686E+03  1.623E+02
    6         -1.454E+05 -6.259E+03 -3.276E+03 -8.581E+02 -1.613E+03 -1.424E+02
    7         -1.113E+05  5.518E+03  1.915E+03 -9.603E+02  1.692E+03  1.334E+02
    8         -1.115E+05  5.453E+03  1.838E+03 -1.047E+03 -1.607E+03 -1.480E+02
 
 STRESS of ELEMENT :   53
 ----------------------------------------------
  Position       Sxx        Syy        Szz        Sxy        Syz        Szx     
    1         -9.453E+04 -5.565E+03 -2.102E+03 -1.560E+04  1.742E+03  9.102E+01
    2         -9.443E+04 -5.618E+03 -2.089E+03 -1.547E+04 -1.706E+03 -1.531E+02
    3         -5.984E+04  6.348E+03  2.915E+03 -1.567E+04  1.709E+03  5.348E+01
    4         -5.977E+04  6.281E+03  2.914E+03 -1.553E+04 -1.739E+03 -1.121E+02
    5         -9.501E+04 -6.194E+03 -3.069E+03 -4.206E+03  1.693E+03  1.329E+02
    6         -9.490E+04 -6.208E+03 -3.039E+03 -4.087E+03 -1.676E+03 -1.113E+02
    7         -6.020E+04  5.837E+03  2.222E+03 -4.281E+03  1.671E+03  8.598E+01
    8         -6.012E+04  5.809E+03  2.238E+03 -4.151E+03 -1.698E+03 -7.962E+01
 
 STRESS of ELEMENT :   54
 ----------------------------------------------
  Position       Sxx        Syy        Szz        Sxy        Syz        Szx     
    1         -9.443E+04 -5.618E+03 -2.089E+03 -1.547E+04  1.706E+03  1.531E+02
    2         -9.453E+04 -5.565E+03 -2.102E+03 -1.560E+04 -1.742E+03 -9.102E+01
    3         -5.977E+04  6.281E+03  2.914E+03 -1.553E+04  1.739E+03  1.121E+02
    4         -5.984E+04  6.348E+03  2.915E+03 -1.567E+04 -1.709E+03 -5.348E+01
    5         -9.490E+04 -6.208E+03 -3.039E+03 -4.087E+03  1.676E+03  1.113E+02
    6         -9.501E+04 -6.194E+03 -3.069E+03 -4.206E+03 -1.693E+03 -1.329E+02
    7         -6.012E+04  5.809E+03  2.238E+03 -4.151E+03  1.698E+03  7.962E+01
    8         -6.020E+04  5.837E+03  2.222E+03 -4.281E+03 -1.671E+03 -8.598E+01
 
 STRESS of ELEMENT :   55
 ----------------------------------------------
  Position       Sxx        Syy        Szz        Sxy        Syz        Szx     
    1         -4.339E+04 -6.049E+03 -2.465E+03 -1.744E+04  1.739E+03  3.134E+01
    2         -4.332E+04 -6.050E+03 -2.445E+03 -1.728E+04 -1.742E+03 -7.659E+01
    3         -8.371E+03  5.974E+03  2.594E+03 -1.742E+04  1.729E+03  8.399E+00
    4         -8.364E+03  5.948E+03  2.589E+03 -1.726E+04 -1.752E+03 -2.052E+01
    5         -4.352E+04 -6.140E+03 -2.812E+03 -5.942E+03  1.706E+03  5.428E+01
    6         -4.345E+04 -6.135E+03 -2.791E+03 -5.799E+03 -1.697E+03 -5.366E+01
    7         -8.384E+03  6.002E+03  2.524E+03 -5.921E+03  1.697E+03  1.454E+01
    8         -8.375E+03  5.981E+03  2.520E+03 -5.777E+03 -1.706E+03 -1.438E+01
 
 STRESS of ELEMENT :   56
 ----------------------------------------------
  Position       Sxx        Syy        Szz        Sxy        Syz        Szx     
    1         -4.332E+04 -6.050E+03 -2.445E+03 -1.728E+04  1.742E+03  7.659E+01
    2         -4.339E+04 -6.049E+03 -2.465E+03 -1.744E+04 -1.739E+03 -3.134E+01
    3         -8.364E+03  5.948E+03  2.589E+03 -1.726E+04  1.752E+03  2.052E+01
    4         -8.371E+03  5.974E+03  2.594E+03 -1.742E+04 -1.729E+03 -8.399E+00
    5         -4.345E+04 -6.135E+03 -2.791E+03 -5.799E+03  1.697E+03  5.366E+01
    6         -4.352E+04 -6.140E+03 -2.812E+03 -5.942E+03 -1.706E+03 -5.428E+01
    7         -8.375E+03  5.981E+03  2.520E+03 -5.777E+03  1.706E+03  1.438E+01
    8         -8.384E+03  6.002E+03  2.524E+03 -5.921E+03 -1.697E+03 -1.454E+01
 
 STRESS of ELEMENT :   57
 ----------------------------------------------
  Position       Sxx        Syy        Szz        Sxy        Syz        Szx     
    1          8.371E+03 -5.974E+03 -2.594E+03 -1.742E+04  1.729E+03 -8.399E+00
    2          8.364E+03 -5.948E+03 -2.589E+03 -1.726E+04 -1.752E+03  2.052E+01
    3          4.339E+04  6.049E+03  2.465E+03 -1.744E+04  1.739E+03 -3.134E+01
    4          4.332E+04  6.050E+03  2.445E+03 -1.728E+04 -1.742E+03  7.659E+01
    5          8.384E+03 -6.002E+03 -2.524E+03 -5.921E+03  1.697E+03 -1.454E+01
    6          8.375E+03 -5.981E+03 -2.520E+03 -5.777E+03 -1.706E+03  1.438E+01
    7          4.352E+04  6.140E+03  2.812E+03 -5.942E+03  1.706E+03 -5.428E+01
    8          4.345E+04  6.135E+03  2.791E+03 -5.799E+03 -1.697E+03  5.366E+01
 
 STRESS of ELEMENT :   58
 ----------------------------------------------
  Position       Sxx        Syy        Szz        Sxy        Syz        Szx     
    1          8.364E+03 -5.948E+03 -2.589E+03 -1.726E+04  1.752E+03 -2.052E+01
    2          8.371E+03 -5.974E+03 -2.594E+03 -1.742E+04 -1.729E+03  8.399E+00
    3          4.332E+04  6.050E+03  2.445E+03 -1.728E+04  1.742E+03 -7.659E+01
    4          4.339E+04  6.049E+03  2.465E+03 -1.744E+04 -1.739E+03  3.134E+01
    5          8.375E+03 -5.981E+03 -2.520E+03 -5.777E+03  1.706E+03 -1.438E+01
    6          8.384E+03 -6.002E+03 -2.524E+03 -5.921E+03 -1.697E+03  1.454E+01
    7          4.345E+04  6.135E+03  2.791E+03 -5.799E+03  1.697E+03 -5.366E+01
    8          4.352E+04  6.140E+03  2.812E+03 -5.942E+03 -1.706E+03  5.428E+01
 
 STRESS of ELEMENT :   59
 ----------------------------------------------
  Position       Sxx        Syy        Szz        Sxy        Syz        Szx     
    1          5.984E+04 -6.348E+03 -2.915E+03 -1.567E+04  1.709E+03 -5.348E+01
    2          5.977E+04 -6.281E+03 -2.914E+03 -1.553E+04 -1.739E+03  1.121E+02
    3          9.453E+04  5.565E+03  2.102E+03 -1.560E+04  1.742E+03 -9.102E+01
    4          9.443E+04  5.618E+03  2.089E+03 -1.547E+04 -1.706E+03  1.531E+02
    5          6.020E+04 -5.837E+03 -2.222E+03 -4.281E+03  1.671E+03 -8.598E+01
    6          6.012E+04 -5.809E+03 -2.238E+03 -4.151E+03 -1.698E+03  7.962E+01
    7          9.501E+04  6.194E+03  3.069E+03 -4.206E+03  1.693E+03 -1.329E+02
    8          9.490E+04  6.208E+03  3.039E+03 -4.087E+03 -1.676E+03  1.113E+02
 
 STRESS of ELEMENT :   60
 ----------------------------------------------
  Position       Sxx        Syy        Szz        Sxy        Syz        Szx     
    1          5.977E+04 -6.281E+03 -2.914E+03 -1.553E+04  1.739E+03 -1.121E+02
    2          5.984E+04 -6.348E+03 -2.915E+03 -1.567E+04 -1.709E+03  5.348E+01
    3          9.443E+04  5.618E+03  2.089E+03 -1.547E+04  1.706E+03 -1.531E+02
    4          9.453E+04  5.565E+03  2.102E+03 -1.560E+04 -1.742E+03  9.102E+01
    5          6.012E+04 -5.809E+03 -2.238E+03 -4.151E+03  1.698E+03 -7.962E+01
    6          6.020E+04 -5.837E+03 -2.222E+03 -4.281E+03 -1.671E+03  8.598E+01
    7          9.490E+04  6.208E+03  3.039E+03 -4.087E+03  1.676E+03 -1.113E+02
    8          9.501E+04  6.194E+03  3.069E+03 -4.206E+03 -1.693E+03  1.329E+02
 
 STRESS of ELEMENT :   61
 ----------------------------------------------
  Position       Sxx        Syy        Szz        Sxy        Syz        Szx     
    1          1.107E+05 -6.536E+03 -3.106E+03 -1.215E+04  1.590E+03 -9.033E+01
    2          1.106E+05 -6.555E+03 -3.164E+03 -1.203E+04 -1.733E+03  1.911E+02
    3          1.446E+05  5.141E+03  1.926E+03 -1.196E+04  1.609E+03 -5.088E+01
    4          1.443E+05  5.071E+03  1.818E+03 -1.186E+04 -1.713E+03  2.539E+02
    5          1.115E+05 -5.453E+03 -1.838E+03 -1.047E+03  1.607E+03 -1.480E+02
    6          1.113E+05 -5.518E+03 -1.915E+03 -9.603E+02 -1.692E+03  1.334E+02
    7          1.454E+05  6.259E+03  3.276E+03 -8.581E+02  1.613E+03 -1.424E+02
    8          1.451E+05  6.143E+03  3.148E+03 -7.845E+02 -1.686E+03  1.623E+02
 
 STRESS of ELEMENT :   62
 ----------------------------------------------
  Position       Sxx        Syy        Szz        Sxy        Syz        Szx     
    1          1.106E+05 -6.555E+03 -3.164E+03 -1.203E+04  1.733E+03 -1.911E+02
    2          1.107E+05 -6.536E+03 -3.106E+03 -1.215E+04 -1.590E+03  9.033E+01
    3          1.443E+05  5.071E+03  1.818E+03 -1.186E+04  1.713E+03 -2.539E+02
    4          1.446E+05  5.141E+03  1.926E+03 -1.196E+04 -1.609E+03  5.088E+01
    5          1.113E+05 -5.518E+03 -1.915E+03 -9.603E+02  1.692E+03 -1.334E+02
    6          1.115E+05 -5.453E+03 -1.838E+03 -1.047E+03 -1.607E+03  1.480E+02
    7          1.451E+05  6.143E+03  3.148E+03 -7.845E+02  1.686E+03 -1.623E+02
    8          1.454E+05  6.259E+03  3.276E+03 -8.581E+02 -1.613E+03  1.424E+02
 
 STRESS of ELEMENT :   63
 ----------------------------------------------
  Position       Sxx        Syy        Szz        Sxy        Syz        Szx     
    1          1.604E+05 -6.600E+03 -3.224E+03 -7.618E+03  1.693E+03 -3.897E+01
    2          1.602E+05 -6.523E+03 -3.272E+03 -7.636E+03 -1.669E+03  2.690E+02
    3          1.932E+05  4.552E+03  1.205E+03 -7.271E+03  1.755E+03 -4.588E+01
    4          1.930E+05  4.667E+03  1.195E+03 -7.350E+03 -1.607E+03  2.472E+02
    5          1.614E+05 -4.923E+03 -1.625E+03  3.178E+03  1.722E+03 -1.335E+02
    6          1.611E+05 -5.058E+03 -1.764E+03  3.186E+03 -1.654E+03  1.745E+02
    7          1.941E+05  6.207E+03  2.752E+03  3.525E+03  1.724E+03 -1.144E+02
    8          1.939E+05  6.111E+03  2.652E+03  3.473E+03 -1.652E+03  1.787E+02
 
 STRESS of ELEMENT :   64
 ----------------------------------------------
  Position       Sxx        Syy        Szz        Sxy        Syz        Szx     
    1          1.602E+05 -6.523E+03 -3.272E+03 -7.636E+03  1.669E+03 -2.690E+02
    2          1.604E+05 -6.600E+03 -3.224E+03 -7.618E+03 -1.693E+03  3.897E+01
    3          1.930E+05  4.667E+03  1.195E+03 -7.350E+03  1.607E+03 -2.472E+02
    4          1.932E+05  4.552E+03  1.205E+03 -7.271E+03 -1.755E+03  4.588E+01
    5          1.611E+05 -5.058E+03 -1.764E+03  3.186E+03  1.654E+03 -1.745E+02
    6          1.614E+05 -4.923E+03 -1.625E+03  3.178E+03 -1.722E+03  1.335E+02
    7          1.939E+05  6.111E+03  2.652E+03  3.473E+03  1.652E+03 -1.787E+02
    8          1.941E+05  6.207E+03  2.752E+03  3.525E+03 -1.724E+03  1.144E+02
 
 STRESS of ELEMENT :   65
 ----------------------------------------------
  Position       Sxx        Syy        Szz        Sxy        Syz        Szx     
    1         -1.887E+05 -4.761E+03 -1.256E+03 -7.591E+03  1.710E+03  1.464E+02
    2         -1.887E+05 -4.685E+03 -1.222E+03 -7.565E+03 -1.666E+03 -1.514E+02
    3         -1.560E+05  6.373E+03  3.127E+03 -7.903E+03  1.731E+03  1.327E+02
    4         -1.559E+05  6.457E+03  3.168E+03 -7.874E+03 -1.644E+03 -1.477E+02
    5         -1.896E+05 -6.298E+03 -2.766E+03  3.207E+03  1.703E+03  1.476E+02
    6         -1.896E+05 -6.212E+03 -2.728E+03  3.239E+03 -1.655E+03 -1.502E+02
    7         -1.569E+05  4.862E+03  1.679E+03  2.895E+03  1.727E+03  1.388E+02
    8         -1.568E+05  4.955E+03  1.724E+03  2.930E+03 -1.631E+03 -1.415E+02
 
 STRESS of ELEMENT :   66
 ----------------------------------------------
  Position       Sxx        Syy        Szz        Sxy        Syz        Szx     
    1         -1.887E+05 -4.685E+03 -1.222E+03 -7.565E+03  1.666E+03  1.514E+02
    2         -1.887E+05 -4.761E+03 -1.256E+03 -7.591E+03 -1.710E+03 -1.464E+02
    3         -1.559E+05  6.457E+03  3.168E+03 -7.874E+03  1.644E+03  1.477E+02
    4         -1.560E+05  6.373E+03  3.127E+03 -7.903E+03 -1.731E+03 -1.327E+02
    5         -1.896E+05 -6.212E+03 -2.728E+03  3.239E+03  1.655E+03  1.502E+02
    6         -1.896E+05 -6.298E+03 -2.766E+03  3.207E+03 -1.703E+03 -1.476E+02
    7         -1.568E+05  4.955E+03  1.724E+03  2.930E+03  1.631E+03  1.415E+02
    8         -1.569E+05  4.862E+03  1.679E+03  2.895E+03 -1.727E+03 -1.388E+02
 
 STRESS of ELEMENT :   67
 ----------------------------------------------
  Position       Sxx        Syy        Szz        Sxy        Syz        Szx     
    1         -1.402E+05 -4.706E+03 -1.787E+03 -1.183E+04  1.605E+03  1.187E+02
    2         -1.401E+05 -4.676E+03 -1.765E+03 -1.178E+04 -1.672E+03 -1.413E+02
    3         -1.071E+05  6.646E+03  3.012E+03 -1.212E+04  1.608E+03  9.418E+01
    4         -1.071E+05  6.686E+03  3.045E+03 -1.205E+04 -1.668E+03 -1.275E+02
    5         -1.410E+05 -6.104E+03 -3.129E+03 -9.879E+02  1.578E+03  1.294E+02
    6         -1.409E+05 -6.027E+03 -3.087E+03 -9.272E+02 -1.660E+03 -1.306E+02
    7         -1.079E+05  5.305E+03  1.804E+03 -1.276E+03  1.595E+03  1.124E+02
    8         -1.078E+05  5.393E+03  1.857E+03 -1.202E+03 -1.643E+03 -1.093E+02
 
 STRESS of ELEMENT :   68
 ----------------------------------------------
  Position       Sxx        Syy        Szz        Sxy        Syz        Szx     
    1         -1.401E+05 -4.676E+03 -1.765E+03 -1.178E+04  1.672E+03  1.413E+02
    2         -1.402E+05 -4.706E+03 -1.787E+03 -1.183E+04 -1.605E+03 -1.187E+02
    3         -1.071E+05  6.686E+03  3.045E+03 -1.205E+04  1.668E+03  1.275E+02
    4         -1.071E+05  6.646E+03  3.012E+03 -1.212E+04 -1.608E+03 -9.418E+01
    5         -1.409E+05 -6.027E+03 -3.087E+03 -9.272E+02  1.660E+03  1.306E+02
    6         -1.410E+05 -6.104E+03 -3.129E+03 -9.879E+02 -1.578E+03 -1.294E+02
    7         -1.078E+05  5.393E+03  1.857E+03 -1.202E+03  1.643E+03  1.093E+02
    8         -1.079E+05  5.305E+03  1.804E+03 -1.276E+03 -1.595E+03 -1.124E+02
 
 STRESS of ELEMENT :   69
 ----------------------------------------------
  Position       Sxx        Syy        Szz        Sxy        Syz        Szx     
    1         -9.135E+04 -5.026E+03 -2.031E+03 -1.519E+04  1.665E+03  7.773E+01
    2         -9.130E+04 -5.053E+03 -2.026E+03 -1.508E+04 -1.656E+03 -1.098E+02
    3         -5.776E+04  6.520E+03  2.874E+03 -1.536E+04  1.649E+03  5.727E+01
    4         -5.775E+04  6.483E+03  2.868E+03 -1.526E+04 -1.672E+03 -7.538E+01
    5         -9.190E+04 -5.934E+03 -2.956E+03 -4.167E+03  1.636E+03  9.628E+01
    6         -9.185E+04 -5.941E+03 -2.943E+03 -4.073E+03 -1.630E+03 -9.129E+01
    7         -5.823E+04  5.694E+03  2.141E+03 -4.346E+03  1.626E+03  6.931E+01
    8         -5.820E+04  5.677E+03  2.144E+03 -4.247E+03 -1.640E+03 -6.333E+01
 
 STRESS of ELEMENT :   70
 ----------------------------------------------
  Position       Sxx        Syy        Szz        Sxy        Syz        Szx     
    1         -9.130E+04 -5.053E+03 -2.026E+03 -1.508E+04  1.656E+03  1.098E+02
    2         -9.135E+04 -5.026E+03 -2.031E+03 -1.519E+04 -1.665E+03 -7.773E+01
    3         -5.775E+04  6.483E+03  2.868E+03 -1.526E+04  1.672E+03  7.538E+01
    4         -5.776E+04  6.520E+03  2.874E+03 -1.536E+04 -1.649E+03 -5.727E+01
    5         -9.185E+04 -5.941E+03 -2.943E+03 -4.073E+03  1.630E+03  9.129E+01
    6         -9.190E+04 -5.934E+03 -2.956E+03 -4.167E+03 -1.636E+03 -9.628E+01
    7         -5.820E+04  5.677E+03  2.144E+03 -4.247E+03  1.640E+03  6.333E+01
    8         -5.823E+04  5.694E+03  2.141E+03 -4.346E+03 -1.626E+03 -6.931E+01
 
 STRESS of ELEMENT :   71
 ----------------------------------------------
  Position       Sxx        Syy        Szz        Sxy        Syz        Szx     
    1         -4.187E+04 -5.540E+03 -2.324E+03 -1.702E+04  1.681E+03  3.926E+01
    2         -4.185E+04 -5.554E+03 -2.324E+03 -1.690E+04 -1.669E+03 -4.950E+01
    3         -7.959E+03  6.121E+03  2.637E+03 -1.708E+04  1.674E+03  1.052E+01
    4         -7.963E+03  6.100E+03  2.629E+03 -1.696E+04 -1.676E+03 -1.326E+01
    5         -4.210E+04 -5.898E+03 -2.731E+03 -5.892E+03  1.647E+03  4.688E+01
    6         -4.208E+04 -5.903E+03 -2.727E+03 -5.782E+03 -1.638E+03 -4.188E+01
    7         -8.091E+03  5.861E+03  2.457E+03 -5.956E+03  1.642E+03  1.256E+01
    8         -8.091E+03  5.848E+03  2.453E+03 -5.844E+03 -1.643E+03 -1.122E+01
 
 STRESS of ELEMENT :   72
 ----------------------------------------------
  Position       Sxx        Syy        Szz        Sxy        Syz        Szx     
    1         -4.185E+04 -5.554E+03 -2.324E+03 -1.690E+04  1.669E+03  4.950E+01
    2         -4.187E+04 -5.540E+03 -2.324E+03 -1.702E+04 -1.681E+03 -3.926E+01
    3         -7.963E+03  6.100E+03  2.629E+03 -1.696E+04  1.676E+03  1.326E+01
    4         -7.959E+03  6.121E+03  2.637E+03 -1.708E+04 -1.674E+03 -1.052E+01
    5         -4.208E+04 -5.903E+03 -2.727E+03 -5.782E+03  1.638E+03  4.188E+01
    6         -4.210E+04 -5.898E+03 -2.731E+03 -5.892E+03 -1.647E+03 -4.688E+01
    7         -8.091E+03  5.848E+03  2.453E+03 -5.844E+03  1.643E+03  1.122E+01
    8         -8.091E+03  5.861E+03  2.457E+03 -5.956E+03 -1.642E+03 -1.256E+01
 
 STRESS of ELEMENT :   73
 ----------------------------------------------
  Position       Sxx        Syy        Szz        Sxy        Syz        Szx     
    1          7.959E+03 -6.121E+03 -2.637E+03 -1.708E+04  1.674E+03 -1.052E+01
    2          7.963E+03 -6.100E+03 -2.629E+03 -1.696E+04 -1.676E+03  1.326E+01
    3          4.187E+04  5.540E+03  2.324E+03 -1.702E+04  1.681E+03 -3.926E+01
    4          4.185E+04  5.554E+03  2.324E+03 -1.690E+04 -1.669E+03  4.950E+01
    5          8.091E+03 -5.861E+03 -2.457E+03 -5.956E+03  1.642E+03 -1.256E+01
    6          8.091E+03 -5.848E+03 -2.453E+03 -5.844E+03 -1.643E+03  1.122E+01
    7          4.210E+04  5.898E+03  2.731E+03 -5.892E+03  1.647E+03 -4.688E+01
    8          4.208E+04  5.903E+03  2.727E+03 -5.782E+03 -1.638E+03  4.188E+01
 
 STRESS of ELEMENT :   74
 ----------------------------------------------
  Position       Sxx        Syy        Szz        Sxy        Syz        Szx     
    1          7.963E+03 -6.100E+03 -2.629E+03 -1.696E+04  1.676E+03 -1.326E+01
    2          7.959E+03 -6.121E+03 -2.637E+03 -1.708E+04 -1.674E+03  1.052E+01
    3          4.185E+04  5.554E+03  2.324E+03 -1.690E+04  1.669E+03 -4.950E+01
    4          4.187E+04  5.540E+03  2.324E+03 -1.702E+04 -1.681E+03  3.926E+01
    5          8.091E+03 -5.848E+03 -2.453E+03 -5.844E+03  1.643E+03 -1.122E+01
    6          8.091E+03 -5.861E+03 -2.457E+03 -5.956E+03 -1.642E+03  1.256E+01
    7          4.208E+04  5.903E+03  2.727E+03 -5.782E+03  1.638E+03 -4.188E+01
    8          4.210E+04  5.898E+03  2.731E+03 -5.892E+03 -1.647E+03  4.688E+01
 
 STRESS of ELEMENT :   75
 ----------------------------------------------
  Position       Sxx        Syy        Szz        Sxy        Syz        Szx     
    1          5.776E+04 -6.520E+03 -2.874E+03 -1.536E+04  1.649E+03 -5.727E+01
    2          5.775E+04 -6.483E+03 -2.868E+03 -1.526E+04 -1.672E+03  7.538E+01
    3          9.135E+04  5.026E+03  2.031E+03 -1.519E+04  1.665E+03 -7.773E+01
    4          9.130E+04  5.053E+03  2.026E+03 -1.508E+04 -1.656E+03  1.098E+02
    5          5.823E+04 -5.694E+03 -2.141E+03 -4.346E+03  1.626E+03 -6.931E+01
    6          5.820E+04 -5.677E+03 -2.144E+03 -4.247E+03 -1.640E+03  6.333E+01
    7          9.190E+04  5.934E+03  2.956E+03 -4.167E+03  1.636E+03 -9.628E+01
    8          9.185E+04  5.941E+03  2.943E+03 -4.073E+03 -1.630E+03  9.129E+01
 
 STRESS of ELEMENT :   76
 ----------------------------------------------
  Position       Sxx        Syy        Szz        Sxy        Syz        Szx     
    1          5.775E+04 -6.483E+03 -2.868E+03 -1.526E+04  1.672E+03 -7.538E+01
    2          5.776E+04 -6.520E+03 -2.874E+03 -1.536E+04 -1.649E+03  5.727E+01
    3          9.130E+04  5.053E+03  2.026E+03 -1.508E+04  1.656E+03 -1.098E+02
    4          9.135E+04  5.026E+03  2.031E+03 -1.519E+04 -1.665E+03  7.773E+01
    5          5.820E+04 -5.677E+03 -2.144E+03 -4.247E+03  1.640E+03 -6.333E+01
    6          5.823E+04 -5.694E+03 -2.141E+03 -4.346E+03 -1.626E+03  6.931E+01
    7          9.185E+04  5.941E+03  2.943E+03 -4.073E+03  1.630E+03 -9.129E+01
    8          9.190E+04  5.934E+03  2.956E+03 -4.167E+03 -1.636E+03  9.628E+01
 
 STRESS of ELEMENT :   77
 ----------------------------------------------
  Position       Sxx        Syy        Szz        Sxy        Syz        Szx     
    1          1.071E+05 -6.646E+03 -3.012E+03 -1.212E+04  1.608E+03 -9.418E+01
    2          1.071E+05 -6.686E+03 -3.045E+03 -1.205E+04 -1.668E+03  1.275E+02
    3          1.402E+05  4.706E+03  1.787E+03 -1.183E+04  1.605E+03 -1.187E+02
    4          1.401E+05  4.676E+03  1.765E+03 -1.178E+04 -1.672E+03  1.413E+02
    5          1.079E+05 -5.305E+03 -1.804E+03 -1.276E+03  1.595E+03 -1.124E+02
    6          1.078E+05 -5.393E+03 -1.857E+03 -1.202E+03 -1.643E+03  1.093E+02
    7          1.410E+05  6.104E+03  3.129E+03 -9.879E+02  1.578E+03 -1.294E+02
    8          1.409E+05  6.027E+03  3.087E+03 -9.272E+02 -1.660E+03  1.306E+02
 
 STRESS of ELEMENT :   78
 ----------------------------------------------
  Position       Sxx        Syy        Szz        Sxy        Syz        Szx     
    1          1.071E+05 -6.686E+03 -3.045E+03 -1.205E+04  1.668E+03 -1.275E+02
    2          1.071E+05 -6.646E+03 -3.012E+03 -1.212E+04 -1.608E+03  9.418E+01
    3          1.401E+05  4.676E+03  1.765E+03 -1.178E+04  1.672E+03 -1.413E+02
    4          1.402E+05  4.706E+03  1.787E+03 -1.183E+04 -1.605E+03  1.187E+02
    5          1.078E+05 -5.393E+03 -1.857E+03 -1.202E+03  1.643E+03 -1.093E+02
    6          1.079E+05 -5.305E+03 -1.804E+03 -1.276E+03 -1.595E+03  1.124E+02
    7          1.409E+05  6.027E+03  3.087E+03 -9.272E+02  1.660E+03 -1.306E+02
    8          1.410E+05  6.104E+03  3.129E+03 -9.879E+02 -1.578E+03  1.294E+02
 
 STRESS of ELEMENT :   79
 ----------------------------------------------
  Position       Sxx        Syy        Szz        Sxy        Syz        Szx     
    1          1.560E+05 -6.373E+03 -3.127E+03 -7.903E+03  1.731E+03 -1.327E+02
    2          1.559E+05 -6.457E+03 -3.168E+03 -7.874E+03 -1.644E+03  1.477E+02
    3          1.887E+05  4.761E+03  1.256E+03 -7.591E+03  1.710E+03 -1.464E+02
    4          1.887E+05  4.685E+03  1.222E+03 -7.565E+03 -1.666E+03  1.514E+02
    5          1.569E+05 -4.862E+03 -1.679E+03  2.895E+03  1.727E+03 -1.388E+02
    6          1.568E+05 -4.955E+03 -1.724E+03  2.930E+03 -1.631E+03  1.415E+02
    7          1.896E+05  6.298E+03  2.766E+03  3.207E+03  1.703E+03 -1.476E+02
    8          1.896E+05  6.212E+03  2.728E+03  3.239E+03 -1.655E+03  1.502E+02
 
 STRESS of ELEMENT :   80
 ----------------------------------------------
  Position       Sxx        Syy        Szz        Sxy        Syz        Szx     
    1          1.559E+05 -6.457E+03 -3.168E+03 -7.874E+03  1.644E+03 -1.477E+02
    2          1.560E+05 -6.373E+03 -3.127E+03 -7.903E+03 -1.731E+03  1.327E+02
    3          1.887E+05  4.685E+03  1.222E+03 -7.565E+03  1.666E+03 -1.514E+02
    4          1.887E+05  4.761E+03  1.256E+03 -7.591E+03 -1.710E+03  1.464E+02
    5          1.568E+05 -4.955E+03 -1.724E+03  2.930E+03  1.631E+03 -1.415E+02
    6          1.569E+05 -4.862E+03 -1.679E+03  2.895E+03 -1.727E+03  1.388E+02
    7          1.896E+05  6.212E+03  2.728E+03  3.239E+03  1.655E+03 -1.502E+02
    8          1.896E+05  6.298E+03  2.766E+03  3.207E+03 -1.703E+03  1.476E+02
 
 STRESS of ELEMENT :   81
 ----------------------------------------------
  Position       Sxx        Syy        Szz        Sxy        Syz        Szx     
    1         -1.838E+05 -4.652E+03 -1.114E+03 -7.676E+03  1.691E+03  1.916E+02
    2         -1.837E+05 -4.573E+03 -1.085E+03 -7.622E+03 -1.644E+03 -1.399E+02
    3         -1.516E+05  6.277E+03  3.144E+03 -8.002E+03  1.717E+03  1.500E+02
    4         -1.516E+05  6.362E+03  3.178E+03 -7.946E+03 -1.619E+03 -1.377E+02
    5         -1.847E+05 -6.290E+03 -2.763E+03  2.946E+03  1.668E+03  1.848E+02
    6         -1.847E+05 -6.205E+03 -2.732E+03  3.004E+03 -1.624E+03 -1.467E+02
    7         -1.525E+05  4.705E+03  1.648E+03  2.620E+03  1.695E+03  1.469E+02
    8         -1.525E+05  4.795E+03  1.684E+03  2.679E+03 -1.597E+03 -1.409E+02
 
 STRESS of ELEMENT :   82
 ----------------------------------------------
  Position       Sxx        Syy        Szz        Sxy        Syz        Szx     
    1         -1.837E+05 -4.573E+03 -1.085E+03 -7.622E+03  1.644E+03  1.399E+02
    2         -1.838E+05 -4.652E+03 -1.114E+03 -7.676E+03 -1.691E+03 -1.916E+02
    3         -1.516E+05  6.362E+03  3.178E+03 -7.946E+03  1.619E+03  1.377E+02
    4         -1.516E+05  6.277E+03  3.144E+03 -8.002E+03 -1.717E+03 -1.500E+02
    5         -1.847E+05 -6.205E+03 -2.732E+03  3.004E+03  1.624E+03  1.467E+02
    6         -1.847E+05 -6.290E+03 -2.763E+03  2.946E+03 -1.668E+03 -1.848E+02
    7         -1.525E+05  4.795E+03  1.684E+03  2.679E+03  1.597E+03  1.409E+02
    8         -1.525E+05  4.705E+03  1.648E+03  2.620E+03 -1.695E+03 -1.469E+02
 
 STRESS of ELEMENT :   83
 ----------------------------------------------
  Position       Sxx        Syy        Szz        Sxy        Syz        Szx     
    1         -1.362E+05 -4.778E+03 -1.775E+03 -1.187E+04  1.559E+03  1.263E+02
    2         -1.361E+05 -4.698E+03 -1.741E+03 -1.179E+04 -1.648E+03 -1.287E+02
    3         -1.038E+05  6.327E+03  2.916E+03 -1.214E+04  1.583E+03  1.030E+02
    4         -1.038E+05  6.413E+03  2.956E+03 -1.206E+04 -1.625E+03 -1.062E+02
    5         -1.370E+05 -6.092E+03 -3.066E+03 -1.259E+03  1.536E+03  1.257E+02
    6         -1.369E+05 -6.004E+03 -3.029E+03 -1.177E+03 -1.625E+03 -1.292E+02
    7         -1.046E+05  5.082E+03  1.785E+03 -1.525E+03  1.561E+03  1.060E+02
    8         -1.045E+05  5.176E+03  1.828E+03 -1.441E+03 -1.600E+03 -1.032E+02
 
 STRESS of ELEMENT :   84
 ----------------------------------------------
  Position       Sxx        Syy        Szz        Sxy        Syz        Szx     
    1         -1.361E+05 -4.698E+03 -1.741E+03 -1.179E+04  1.648E+03  1.287E+02
    2         -1.362E+05 -4.778E+03 -1.775E+03 -1.187E+04 -1.559E+03 -1.263E+02
    3         -1.038E+05  6.413E+03  2.956E+03 -1.206E+04  1.625E+03  1.062E+02
    4         -1.038E+05  6.327E+03  2.916E+03 -1.214E+04 -1.583E+03 -1.030E+02
    5         -1.369E+05 -6.004E+03 -3.029E+03 -1.177E+03  1.625E+03  1.292E+02
    6         -1.370E+05 -6.092E+03 -3.066E+03 -1.259E+03 -1.536E+03 -1.257E+02
    7         -1.045E+05  5.176E+03  1.828E+03 -1.441E+03  1.600E+03  1.032E+02
    8         -1.046E+05  5.082E+03  1.785E+03 -1.525E+03 -1.561E+03 -1.060E+02
 
 STRESS of ELEMENT :   85
 ----------------------------------------------
  Position       Sxx        Syy        Szz        Sxy        Syz        Szx     
    1         -8.842E+04 -4.939E+03 -1.959E+03 -1.493E+04  1.615E+03  8.455E+01
    2         -8.842E+04 -4.956E+03 -1.962E+03 -1.484E+04 -1.611E+03 -8.833E+01
    3         -5.586E+04  6.249E+03  2.777E+03 -1.512E+04  1.608E+03  5.753E+01
    4         -5.586E+04  6.232E+03  2.773E+03 -1.502E+04 -1.618E+03 -6.215E+01
    5         -8.896E+04 -5.845E+03 -2.841E+03 -4.245E+03  1.586E+03  8.881E+01
    6         -8.895E+04 -5.849E+03 -2.839E+03 -4.156E+03 -1.587E+03 -8.407E+01
    7         -5.632E+04  5.423E+03  2.081E+03 -4.430E+03  1.583E+03  6.170E+01
    8         -5.631E+04  5.419E+03  2.083E+03 -4.337E+03 -1.590E+03 -5.798E+01
 
 STRESS of ELEMENT :   86
 ----------------------------------------------
  Position       Sxx        Syy        Szz        Sxy        Syz        Szx     
    1         -8.842E+04 -4.956E+03 -1.962E+03 -1.484E+04  1.611E+03  8.833E+01
    2         -8.842E+04 -4.939E+03 -1.959E+03 -1.493E+04 -1.615E+03 -8.455E+01
    3         -5.586E+04  6.232E+03  2.773E+03 -1.502E+04  1.618E+03  6.215E+01
    4         -5.586E+04  6.249E+03  2.777E+03 -1.512E+04 -1.608E+03 -5.753E+01
    5         -8.895E+04 -5.849E+03 -2.839E+03 -4.156E+03  1.587E+03  8.407E+01
    6         -8.896E+04 -5.845E+03 -2.841E+03 -4.245E+03 -1.586E+03 -8.881E+01
    7         -5.631E+04  5.419E+03  2.083E+03 -4.337E+03  1.590E+03  5.798E+01
    8         -5.632E+04  5.423E+03  2.081E+03 -4.430E+03 -1.583E+03 -6.170E+01
 
 STRESS of ELEMENT :   87
 ----------------------------------------------
  Position       Sxx        Syy        Szz        Sxy        Syz        Szx     
    1         -4.046E+04 -5.385E+03 -2.247E+03 -1.660E+04  1.623E+03  3.757E+01
    2         -4.046E+04 -5.392E+03 -2.247E+03 -1.650E+04 -1.617E+03 -4.146E+01
    3         -7.705E+03  5.878E+03  2.535E+03 -1.667E+04  1.620E+03  1.007E+01
    4         -7.707E+03  5.867E+03  2.532E+03 -1.656E+04 -1.620E+03 -1.111E+01
    5         -4.068E+04 -5.729E+03 -2.620E+03 -5.852E+03  1.594E+03  4.083E+01
    6         -4.067E+04 -5.732E+03 -2.619E+03 -5.754E+03 -1.589E+03 -3.819E+01
    7         -7.834E+03  5.620E+03  2.364E+03 -5.917E+03  1.591E+03  1.094E+01
    8         -7.834E+03  5.613E+03  2.362E+03 -5.817E+03 -1.591E+03 -1.023E+01
 
 STRESS of ELEMENT :   88
 ----------------------------------------------
  Position       Sxx        Syy        Szz        Sxy        Syz        Szx     
    1         -4.046E+04 -5.392E+03 -2.247E+03 -1.650E+04  1.617E+03  4.146E+01
    2         -4.046E+04 -5.385E+03 -2.247E+03 -1.660E+04 -1.623E+03 -3.757E+01
    3         -7.707E+03  5.867E+03  2.532E+03 -1.656E+04  1.620E+03  1.111E+01
    4         -7.705E+03  5.878E+03  2.535E+03 -1.667E+04 -1.620E+03 -1.007E+01
    5         -4.067E+04 -5.732E+03 -2.619E+03 -5.754E+03  1.589E+03  3.819E+01
    6         -4.068E+04 -5.729E+03 -2.620E+03 -5.852E+03 -1.594E+03 -4.083E+01
    7         -7.834E+03  5.613E+03  2.362E+03 -5.817E+03  1.591E+03  1.023E+01
    8         -7.834E+03  5.620E+03  2.364E+03 -5.917E+03 -1.591E+03 -1.094E+01
 
 STRESS of ELEMENT :   89
 ----------------------------------------------
  Position       Sxx        Syy        Szz        Sxy        Syz        Szx     
    1          7.705E+03 -5.878E+03 -2.535E+03 -1.667E+04  1.620E+03 -1.007E+01
    2          7.707E+03 -5.867E+03 -2.532E+03 -1.656E+04 -1.620E+03  1.111E+01
    3          4.046E+04  5.385E+03  2.247E+03 -1.660E+04  1.623E+03 -3.757E+01
    4          4.046E+04  5.392E+03  2.247E+03 -1.650E+04 -1.617E+03  4.146E+01
    5          7.834E+03 -5.620E+03 -2.364E+03 -5.917E+03  1.591E+03 -1.094E+01
    6          7.834E+03 -5.613E+03 -2.362E+03 -5.817E+03 -1.591E+03  1.023E+01
    7          4.068E+04  5.729E+03  2.620E+03 -5.852E+03  1.594E+03 -4.083E+01
    8          4.067E+04  5.732E+03  2.619E+03 -5.754E+03 -1.589E+03  3.819E+01
 
 STRESS of ELEMENT :   90
 ----------------------------------------------
  Position       Sxx        Syy        Szz        Sxy        Syz        Szx     
    1          7.707E+03 -5.867E+03 -2.532E+03 -1.656E+04  1.620E+03 -1.111E+01
    2          7.705E+03 -5.878E+03 -2.535E+03 -1.667E+04 -1.620E+03  1.007E+01
    3          4.046E+04  5.392E+03  2.247E+03 -1.650E+04  1.617E+03 -4.146E+01
    4          4.046E+04  5.385E+03  2.247E+03 -1.660E+04 -1.623E+03  3.757E+01
    5          7.834E+03 -5.613E+03 -2.362E+03 -5.817E+03  1.591E+03 -1.023E+01
    6          7.834E+03 -5.620E+03 -2.364E+03 -5.917E+03 -1.591E+03  1.094E+01
    7          4.067E+04  5.732E+03  2.619E+03 -5.754E+03  1.589E+03 -3.819E+01
    8          4.068E+04  5.729E+03  2.620E+03 -5.852E+03 -1.594E+03  4.083E+01
 
 STRESS of ELEMENT :   91
 ----------------------------------------------
  Position       Sxx        Syy        Szz        Sxy        Syz        Szx     
    1          5.586E+04 -6.249E+03 -2.777E+03 -1.512E+04  1.608E+03 -5.753E+01
    2          5.586E+04 -6.232E+03 -2.773E+03 -1.502E+04 -1.618E+03  6.215E+01
    3          8.842E+04  4.939E+03  1.959E+03 -1.493E+04  1.615E+03 -8.455E+01
    4          8.842E+04  4.956E+03  1.962E+03 -1.484E+04 -1.611E+03  8.833E+01
    5          5.632E+04 -5.423E+03 -2.081E+03 -4.430E+03  1.583E+03 -6.170E+01
    6          5.631E+04 -5.419E+03 -2.083E+03 -4.337E+03 -1.590E+03  5.798E+01
    7          8.896E+04  5.845E+03  2.841E+03 -4.245E+03  1.586E+03 -8.881E+01
    8          8.895E+04  5.849E+03  2.839E+03 -4.156E+03 -1.587E+03  8.407E+01
 
 STRESS of ELEMENT :   92
 ----------------------------------------------
  Position       Sxx        Syy        Szz        Sxy        Syz        Szx     
    1          5.586E+04 -6.232E+03 -2.773E+03 -1.502E+04  1.618E+03 -6.215E+01
    2          5.586E+04 -6.249E+03 -2.777E+03 -1.512E+04 -1.608E+03  5.753E+01
    3          8.842E+04  4.956E+03  1.962E+03 -1.484E+04  1.611E+03 -8.833E+01
    4          8.842E+04  4.939E+03  1.959E+03 -1.493E+04 -1.615E+03  8.455E+01
    5          5.631E+04 -5.419E+03 -2.083E+03 -4.337E+03  1.590E+03 -5.798E+01
    6          5.632E+04 -5.423E+03 -2.081E+03 -4.430E+03 -1.583E+03  6.170E+01
    7          8.895E+04  5.849E+03  2.839E+03 -4.156E+03  1.587E+03 -8.407E+01
    8          8.896E+04  5.845E+03  2.841E+03 -4.245E+03 -1.586E+03  8.881E+01
 
 STRESS of ELEMENT :   93
 ----------------------------------------------
  Position       Sxx        Syy        Szz        Sxy        Syz        Szx     
    1          1.038E+05 -6.327E+03 -2.916E+03 -1.214E+04  1.583E+03 -1.030E+02
    2          1.038E+05 -6.413E+03 -2.956E+03 -1.206E+04 -1.625E+03  1.062E+02
    3          1.362E+05  4.778E+03  1.775E+03 -1.187E+04  1.559E+03 -1.263E+02
    4          1.361E+05  4.698E+03  1.741E+03 -1.179E+04 -1.648E+03  1.287E+02
    5          1.046E+05 -5.082E+03 -1.785E+03 -1.525E+03  1.561E+03 -1.060E+02
    6          1.045E+05 -5.176E+03 -1.828E+03 -1.441E+03 -1.600E+03  1.032E+02
    7          1.370E+05  6.092E+03  3.066E+03 -1.259E+03  1.536E+03 -1.257E+02
    8          1.369E+05  6.004E+03  3.029E+03 -1.177E+03 -1.625E+03  1.292E+02
 
 STRESS of ELEMENT :   94
 ----------------------------------------------
  Position       Sxx        Syy        Szz        Sxy        Syz        Szx     
    1          1.038E+05 -6.413E+03 -2.956E+03 -1.206E+04  1.625E+03 -1.062E+02
    2          1.038E+05 -6.327E+03 -2.916E+03 -1.214E+04 -1.583E+03  1.030E+02
    3          1.361E+05  4.698E+03  1.741E+03 -1.179E+04  1.648E+03 -1.287E+02
    4          1.362E+05  4.778E+03  1.775E+03 -1.187E+04 -1.559E+03  1.263E+02
    5          1.045E+05 -5.176E+03 -1.828E+03 -1.441E+03  1.600E+03 -1.032E+02
    6          1.046E+05 -5.082E+03 -1.785E+03 -1.525E+03 -1.561E+03  1.060E+02
    7          1.369E+05  6.004E+03  3.029E+03 -1.177E+03  1.625E+03 -1.292E+02
    8          1.370E+05  6.092E+03  3.066E+03 -1.259E+03 -1.536E+03  1.257E+02
 
 STRESS of ELEMENT :   95
 ----------------------------------------------
  Position       Sxx        Syy        Szz        Sxy        Syz        Szx     
    1          1.516E+05 -6.277E+03 -3.144E+03 -8.002E+03  1.717E+03 -1.500E+02
    2          1.516E+05 -6.362E+03 -3.178E+03 -7.946E+03 -1.619E+03  1.377E+02
    3          1.838E+05  4.652E+03  1.114E+03 -7.676E+03  1.691E+03 -1.916E+02
    4          1.837E+05  4.573E+03  1.085E+03 -7.622E+03 -1.644E+03  1.399E+02
    5          1.525E+05 -4.705E+03 -1.648E+03  2.620E+03  1.695E+03 -1.469E+02
    6          1.525E+05 -4.795E+03 -1.684E+03  2.679E+03 -1.597E+03  1.409E+02
    7          1.847E+05  6.290E+03  2.763E+03  2.946E+03  1.668E+03 -1.848E+02
    8          1.847E+05  6.205E+03  2.732E+03  3.004E+03 -1.624E+03  1.467E+02
 
 STRESS of ELEMENT :   96
 ----------------------------------------------
  Position       Sxx        Syy        Szz        Sxy        Syz        Szx     
    1          1.516E+05 -6.362E+03 -3.178E+03 -7.946E+03  1.619E+03 -1.377E+02
    2          1.516E+05 -6.277E+03 -3.144E+03 -8.002E+03 -1.717E+03  1.500E+02
    3          1.837E+05  4.573E+03  1.085E+03 -7.622E+03  1.644E+03 -1.399E+02
    4          1.838E+05  4.652E+03  1.114E+03 -7.676E+03 -1.691E+03  1.916E+02
    5          1.525E+05 -4.795E+03 -1.684E+03  2.679E+03  1.597E+03 -1.409E+02
    6          1.525E+05 -4.705E+03 -1.648E+03  2.620E+03 -1.695E+03  1.469E+02
    7          1.847E+05  6.205E+03  2.732E+03  3.004E+03  1.624E+03 -1.467E+02
    8          1.847E+05  6.290E+03  2.763E+03  2.946E+03 -1.668E+03  1.848E+02
 
 STRESS of ELEMENT :   97
 ----------------------------------------------
  Position       Sxx        Syy        Szz        Sxy        Syz        Szx     
    1         -1.786E+05 -4.542E+03 -1.035E+03 -7.628E+03  1.649E+03  2.007E+02
    2         -1.786E+05 -4.452E+03 -9.998E+02 -7.560E+03 -1.607E+03 -1.452E+02
    3         -1.472E+05  6.110E+03  3.104E+03 -7.953E+03  1.677E+03  1.527E+02
    4         -1.472E+05  6.202E+03  3.141E+03 -7.885E+03 -1.580E+03 -1.408E+02
    5         -1.796E+05 -6.198E+03 -2.733E+03  2.730E+03  1.623E+03  1.970E+02
    6         -1.796E+05 -6.111E+03 -2.699E+03  2.800E+03 -1.581E+03 -1.490E+02
    7         -1.481E+05  4.533E+03  1.590E+03  2.405E+03  1.649E+03  1.502E+02
    8         -1.481E+05  4.622E+03  1.626E+03  2.474E+03 -1.555E+03 -1.432E+02
 
 STRESS of ELEMENT :   98
 ----------------------------------------------
  Position       Sxx        Syy        Szz        Sxy        Syz        Szx     
    1         -1.786E+05 -4.452E+03 -9.998E+02 -7.560E+03  1.607E+03  1.452E+02
    2         -1.786E+05 -4.542E+03 -1.035E+03 -7.628E+03 -1.649E+03 -2.007E+02
    3         -1.472E+05  6.202E+03  3.141E+03 -7.885E+03  1.580E+03  1.408E+02
    4         -1.472E+05  6.110E+03  3.104E+03 -7.953E+03 -1.677E+03 -1.527E+02
    5         -1.796E+05 -6.111E+03 -2.699E+03  2.800E+03  1.581E+03  1.490E+02
    6         -1.796E+05 -6.198E+03 -2.733E+03  2.730E+03 -1.623E+03 -1.970E+02
    7         -1.481E+05  4.622E+03  1.626E+03  2.474E+03  1.555E+03  1.432E+02
    8         -1.481E+05  4.533E+03  1.590E+03  2.405E+03 -1.649E+03 -1.502E+02
 
 STRESS of ELEMENT :   99
 ----------------------------------------------
  Position       Sxx        Syy        Szz        Sxy        Syz        Szx     
    1         -1.322E+05 -4.768E+03 -1.738E+03 -1.183E+04  1.518E+03  1.262E+02
    2         -1.322E+05 -4.677E+03 -1.700E+03 -1.174E+04 -1.608E+03 -1.296E+02
    3         -1.007E+05  6.060E+03  2.837E+03 -1.208E+04  1.545E+03  1.021E+02
    4         -1.007E+05  6.153E+03  2.878E+03 -1.199E+04 -1.581E+03 -1.033E+02
    5         -1.330E+05 -6.027E+03 -3.008E+03 -1.489E+03  1.493E+03  1.250E+02
    6         -1.330E+05 -5.934E+03 -2.970E+03 -1.399E+03 -1.582E+03 -1.309E+02
    7         -1.014E+05  4.877E+03  1.744E+03 -1.739E+03  1.520E+03  1.026E+02
    8         -1.014E+05  4.972E+03  1.785E+03 -1.648E+03 -1.555E+03 -1.028E+02
 
 STRESS of ELEMENT :  100
 ----------------------------------------------
  Position       Sxx        Syy        Szz        Sxy        Syz        Szx     
    1         -1.322E+05 -4.677E+03 -1.700E+03 -1.174E+04  1.608E+03  1.296E+02
    2         -1.322E+05 -4.768E+03 -1.738E+03 -1.183E+04 -1.518E+03 -1.262E+02
    3         -1.007E+05  6.153E+03  2.878E+03 -1.199E+04  1.581E+03  1.033E+02
    4         -1.007E+05  6.060E+03  2.837E+03 -1.208E+04 -1.545E+03 -1.021E+02
    5         -1.330E+05 -5.934E+03 -2.970E+03 -1.399E+03  1.582E+03  1.309E+02
    6         -1.330E+05 -6.027E+03 -3.008E+03 -1.489E+03 -1.493E+03 -1.250E+02
    7         -1.014E+05  4.972E+03  1.785E+03 -1.648E+03  1.555E+03  1.028E+02
    8         -1.014E+05  4.877E+03  1.744E+03 -1.739E+03 -1.520E+03 -1.026E+02
 
 STRESS of ELEMENT :  101
 ----------------------------------------------
  Position       Sxx        Syy        Szz        Sxy        Syz        Szx     
    1         -8.573E+04 -4.931E+03 -1.920E+03 -1.475E+04  1.565E+03  8.345E+01
    2         -8.572E+04 -4.933E+03 -1.920E+03 -1.466E+04 -1.569E+03 -8.404E+01
    3         -5.413E+04  5.925E+03  2.667E+03 -1.492E+04  1.564E+03  5.674E+01
    4         -5.412E+04  5.924E+03  2.668E+03 -1.483E+04 -1.570E+03 -5.784E+01
    5         -8.622E+04 -5.755E+03 -2.752E+03 -4.382E+03  1.538E+03  8.464E+01
    6         -8.622E+04 -5.753E+03 -2.750E+03 -4.291E+03 -1.543E+03 -8.286E+01
    7         -5.454E+04  5.180E+03  2.021E+03 -4.546E+03  1.538E+03  5.804E+01
    8         -5.454E+04  5.183E+03  2.023E+03 -4.454E+03 -1.543E+03 -5.654E+01
 
 STRESS of ELEMENT :  102
 ----------------------------------------------
  Position       Sxx        Syy        Szz        Sxy        Syz        Szx     
    1         -8.572E+04 -4.933E+03 -1.920E+03 -1.466E+04  1.569E+03  8.404E+01
    2         -8.573E+04 -4.931E+03 -1.920E+03 -1.475E+04 -1.565E+03 -8.345E+01
    3         -5.412E+04  5.924E+03  2.668E+03 -1.483E+04  1.570E+03  5.784E+01
    4         -5.413E+04  5.925E+03  2.667E+03 -1.492E+04 -1.564E+03 -5.674E+01
    5         -8.622E+04 -5.753E+03 -2.750E+03 -4.291E+03  1.543E+03  8.286E+01
    6         -8.622E+04 -5.755E+03 -2.752E+03 -4.382E+03 -1.538E+03 -8.464E+01
    7         -5.454E+04  5.183E+03  2.023E+03 -4.454E+03  1.543E+03  5.654E+01
    8         -5.454E+04  5.180E+03  2.021E+03 -4.546E+03 -1.538E+03 -5.804E+01
 
 STRESS of ELEMENT :  103
 ----------------------------------------------
  Position       Sxx        Syy        Szz        Sxy        Syz        Szx     
    1         -3.916E+04 -5.257E+03 -2.171E+03 -1.630E+04  1.572E+03  3.704E+01
    2         -3.916E+04 -5.261E+03 -2.172E+03 -1.620E+04 -1.569E+03 -3.805E+01
    3         -7.477E+03  5.631E+03  2.436E+03 -1.635E+04  1.571E+03  9.925E+00
    4         -7.479E+03  5.626E+03  2.433E+03 -1.626E+04 -1.570E+03 -1.020E+01
    5         -3.936E+04 -5.572E+03 -2.521E+03 -5.896E+03  1.544E+03  3.810E+01
    6         -3.936E+04 -5.574E+03 -2.520E+03 -5.802E+03 -1.542E+03 -3.700E+01
    7         -7.594E+03  5.398E+03  2.278E+03 -5.954E+03  1.543E+03  1.021E+01
    8         -7.595E+03  5.395E+03  2.277E+03 -5.859E+03 -1.543E+03 -9.913E+00
 
 STRESS of ELEMENT :  104
 ----------------------------------------------
  Position       Sxx        Syy        Szz        Sxy        Syz        Szx     
    1         -3.916E+04 -5.261E+03 -2.172E+03 -1.620E+04  1.569E+03  3.805E+01
    2         -3.916E+04 -5.257E+03 -2.171E+03 -1.630E+04 -1.572E+03 -3.704E+01
    3         -7.479E+03  5.626E+03  2.433E+03 -1.626E+04  1.570E+03  1.020E+01
    4         -7.477E+03  5.631E+03  2.436E+03 -1.635E+04 -1.571E+03 -9.925E+00
    5         -3.936E+04 -5.574E+03 -2.520E+03 -5.802E+03  1.542E+03  3.700E+01
    6         -3.936E+04 -5.572E+03 -2.521E+03 -5.896E+03 -1.544E+03 -3.810E+01
    7         -7.595E+03  5.395E+03  2.277E+03 -5.859E+03  1.543E+03  9.913E+00
    8         -7.594E+03  5.398E+03  2.278E+03 -5.954E+03 -1.543E+03 -1.021E+01
 
 STRESS of ELEMENT :  105
 ----------------------------------------------
  Position       Sxx        Syy        Szz        Sxy        Syz        Szx     
    1          7.477E+03 -5.631E+03 -2.436E+03 -1.635E+04  1.571E+03 -9.925E+00
    2          7.479E+03 -5.626E+03 -2.433E+03 -1.626E+04 -1.570E+03  1.020E+01
    3          3.916E+04  5.257E+03  2.171E+03 -1.630E+04  1.572E+03 -3.704E+01
    4          3.916E+04  5.261E+03  2.172E+03 -1.620E+04 -1.569E+03  3.805E+01
    5          7.594E+03 -5.398E+03 -2.278E+03 -5.954E+03  1.543E+03 -1.021E+01
    6          7.595E+03 -5.395E+03 -2.277E+03 -5.859E+03 -1.543E+03  9.913E+00
    7          3.936E+04  5.572E+03  2.521E+03 -5.896E+03  1.544E+03 -3.810E+01
    8          3.936E+04  5.574E+03  2.520E+03 -5.802E+03 -1.542E+03  3.700E+01
 
 STRESS of ELEMENT :  106
 ----------------------------------------------
  Position       Sxx        Syy        Szz        Sxy        Syz        Szx     
    1          7.479E+03 -5.626E+03 -2.433E+03 -1.626E+04  1.570E+03 -1.020E+01
    2          7.477E+03 -5.631E+03 -2.436E+03 -1.635E+04 -1.571E+03  9.925E+00
    3          3.916E+04  5.261E+03  2.172E+03 -1.620E+04  1.569E+03 -3.805E+01
    4          3.916E+04  5.257E+03  2.171E+03 -1.630E+04 -1.572E+03  3.704E+01
    5          7.595E+03 -5.395E+03 -2.277E+03 -5.859E+03  1.543E+03 -9.913E+00
    6          7.594E+03 -5.398E+03 -2.278E+03 -5.954E+03 -1.543E+03  1.021E+01
    7          3.936E+04  5.574E+03  2.520E+03 -5.802E+03  1.542E+03 -3.700E+01
    8          3.936E+04  5.572E+03  2.521E+03 -5.896E+03 -1.544E+03  3.810E+01
 
 STRESS of ELEMENT :  107
 ----------------------------------------------
  Position       Sxx        Syy        Szz        Sxy        Syz        Szx     
    1          5.413E+04 -5.925E+03 -2.667E+03 -1.492E+04  1.564E+03 -5.674E+01
    2          5.412E+04 -5.924E+03 -2.668E+03 -1.483E+04 -1.570E+03  5.784E+01
    3          8.573E+04  4.931E+03  1.920E+03 -1.475E+04  1.565E+03 -8.345E+01
    4          8.572E+04  4.933E+03  1.920E+03 -1.466E+04 -1.569E+03  8.404E+01
    5          5.454E+04 -5.180E+03 -2.021E+03 -4.546E+03  1.538E+03 -5.804E+01
    6          5.454E+04 -5.183E+03 -2.023E+03 -4.454E+03 -1.543E+03  5.654E+01
    7          8.622E+04  5.755E+03  2.752E+03 -4.382E+03  1.538E+03 -8.464E+01
    8          8.622E+04  5.753E+03  2.750E+03 -4.291E+03 -1.543E+03  8.286E+01
 
 STRESS of ELEMENT :  108
 ----------------------------------------------
  Position       Sxx        Syy        Szz        Sxy        Syz        Szx     
    1          5.412E+04 -5.924E+03 -2.668E+03 -1.483E+04  1.570E+03 -5.784E+01
    2          5.413E+04 -5.925E+03 -2.667E+03 -1.492E+04 -1.564E+03  5.674E+01
    3          8.572E+04  4.933E+03  1.920E+03 -1.466E+04  1.569E+03 -8.404E+01
    4          8.573E+04  4.931E+03  1.920E+03 -1.475E+04 -1.565E+03  8.345E+01
    5          5.454E+04 -5.183E+03 -2.023E+03 -4.454E+03  1.543E+03 -5.654E+01
    6          5.454E+04 -5.180E+03 -2.021E+03 -4.546E+03 -1.538E+03  5.804E+01
    7          8.622E+04  5.753E+03  2.750E+03 -4.291E+03  1.543E+03 -8.286E+01
    8          8.622E+04  5.755E+03  2.752E+03 -4.382E+03 -1.538E+03  8.464E+01
 
 STRESS of ELEMENT :  109
 ----------------------------------------------
  Position       Sxx        Syy        Szz        Sxy        Syz        Szx     
    1          1.007E+05 -6.060E+03 -2.837E+03 -1.208E+04  1.545E+03 -1.021E+02
    2          1.007E+05 -6.153E+03 -2.878E+03 -1.199E+04 -1.581E+03  1.033E+02
    3          1.322E+05  4.768E+03  1.738E+03 -1.183E+04  1.518E+03 -1.262E+02
    4          1.322E+05  4.677E+03  1.700E+03 -1.174E+04 -1.608E+03  1.296E+02
    5          1.014E+05 -4.877E+03 -1.744E+03 -1.739E+03  1.520E+03 -1.026E+02
    6          1.014E+05 -4.972E+03 -1.785E+03 -1.648E+03 -1.555E+03  1.028E+02
    7          1.330E+05  6.027E+03  3.008E+03 -1.489E+03  1.493E+03 -1.250E+02
    8          1.330E+05  5.934E+03  2.970E+03 -1.399E+03 -1.582E+03  1.309E+02
 
 STRESS of ELEMENT :  110
 ----------------------------------------------
  Position       Sxx        Syy        Szz        Sxy        Syz        Szx     
    1          1.007E+05 -6.153E+03 -2.878E+03 -1.199E+04  1.581E+03 -1.033E+02
    2          1.007E+05 -6.060E+03 -2.837E+03 -1.208E+04 -1.545E+03  1.021E+02
    3          1.322E+05  4.677E+03  1.700E+03 -1.174E+04  1.608E+03 -1.296E+02
    4          1.322E+05  4.768E+03  1.738E+03 -1.183E+04 -1.518E+03  1.262E+02
    5          1.014E+05 -4.972E+03 -1.785E+03 -1.648E+03  1.555E+03 -1.028E+02
    6          1.014E+05 -4.877E+03 -1.744E+03 -1.739E+03 -1.520E+03  1.026E+02
    7          1.330E+05  5.934E+03  2.970E+03 -1.399E+03  1.582E+03 -1.309E+02
    8          1.330E+05  6.027E+03  3.008E+03 -1.489E+03 -1.493E+03  1.250E+02
 
 STRESS of ELEMENT :  111
 ----------------------------------------------
  Position       Sxx        Syy        Szz        Sxy        Syz        Szx     
    1          1.472E+05 -6.110E+03 -3.104E+03 -7.953E+03  1.677E+03 -1.527E+02
    2          1.472E+05 -6.202E+03 -3.141E+03 -7.885E+03 -1.580E+03  1.408E+02
    3          1.786E+05  4.542E+03  1.035E+03 -7.628E+03  1.649E+03 -2.007E+02
    4          1.786E+05  4.452E+03  9.998E+02 -7.560E+03 -1.607E+03  1.452E+02
    5          1.481E+05 -4.533E+03 -1.590E+03  2.405E+03  1.649E+03 -1.502E+02
    6          1.481E+05 -4.622E+03 -1.626E+03  2.474E+03 -1.555E+03  1.432E+02
    7          1.796E+05  6.198E+03  2.733E+03  2.730E+03  1.623E+03 -1.970E+02
    8          1.796E+05  6.111E+03  2.699E+03  2.800E+03 -1.581E+03  1.490E+02
 
 STRESS of ELEMENT :  112
 ----------------------------------------------
  Position       Sxx        Syy        Szz        Sxy        Syz        Szx     
    1          1.472E+05 -6.202E+03 -3.141E+03 -7.885E+03  1.580E+03 -1.408E+02
    2          1.472E+05 -6.110E+03 -3.104E+03 -7.953E+03 -1.677E+03  1.527E+02
    3          1.786E+05  4.452E+03  9.998E+02 -7.560E+03  1.607E+03 -1.452E+02
    4          1.786E+05  4.542E+03  1.035E+03 -7.628E+03 -1.649E+03  2.007E+02
    5          1.481E+05 -4.622E+03 -1.626E+03  2.474E+03  1.555E+03 -1.432E+02
    6          1.481E+05 -4.533E+03 -1.590E+03  2.405E+03 -1.649E+03  1.502E+02
    7          1.796E+05  6.111E+03  2.699E+03  2.800E+03  1.581E+03 -1.490E+02
    8          1.796E+05  6.198E+03  2.733E+03  2.730E+03 -1.623E+03  1.970E+02
 
 STRESS of ELEMENT :  113
 ----------------------------------------------
  Position       Sxx        Syy        Szz        Sxy        Syz        Szx     
    1         -1.733E+05 -4.398E+03 -9.683E+02 -7.512E+03  1.603E+03  2.029E+02
    2         -1.733E+05 -4.309E+03 -9.318E+02 -7.439E+03 -1.562E+03 -1.489E+02
    3         -1.428E+05  5.948E+03  3.048E+03 -7.837E+03  1.629E+03  1.532E+02
    4         -1.428E+05  6.037E+03  3.085E+03 -7.765E+03 -1.536E+03 -1.434E+02
    5         -1.743E+05 -6.062E+03 -2.687E+03  2.550E+03  1.575E+03  2.014E+02
    6         -1.743E+05 -5.976E+03 -2.651E+03  2.623E+03 -1.535E+03 -1.504E+02
    7         -1.438E+05  4.366E+03  1.523E+03  2.225E+03  1.600E+03  1.520E+02
    8         -1.437E+05  4.453E+03  1.559E+03  2.298E+03 -1.510E+03 -1.446E+02
 
 STRESS of ELEMENT :  114
 ----------------------------------------------
  Position       Sxx        Syy        Szz        Sxy        Syz        Szx     
    1         -1.733E+05 -4.309E+03 -9.318E+02 -7.439E+03  1.562E+03  1.489E+02
    2         -1.733E+05 -4.398E+03 -9.683E+02 -7.512E+03 -1.603E+03 -2.029E+02
    3         -1.428E+05  6.037E+03  3.085E+03 -7.765E+03  1.536E+03  1.434E+02
    4         -1.428E+05  5.948E+03  3.048E+03 -7.837E+03 -1.629E+03 -1.532E+02
    5         -1.743E+05 -5.976E+03 -2.651E+03  2.623E+03  1.535E+03  1.504E+02
    6         -1.743E+05 -6.062E+03 -2.687E+03  2.550E+03 -1.575E+03 -2.014E+02
    7         -1.437E+05  4.453E+03  1.559E+03  2.298E+03  1.510E+03  1.446E+02
    8         -1.438E+05  4.366E+03  1.523E+03  2.225E+03 -1.600E+03 -1.520E+02
 
 STRESS of ELEMENT :  115
 ----------------------------------------------
  Position       Sxx        Syy        Szz        Sxy        Syz        Szx     
    1         -1.283E+05 -4.686E+03 -1.685E+03 -1.174E+04  1.475E+03  1.261E+02
    2         -1.283E+05 -4.592E+03 -1.646E+03 -1.164E+04 -1.563E+03 -1.311E+02
    3         -9.766E+04  5.838E+03  2.763E+03 -1.197E+04  1.502E+03  1.018E+02
    4         -9.762E+04  5.933E+03  2.804E+03 -1.188E+04 -1.536E+03 -1.029E+02
    5         -1.290E+05 -5.909E+03 -2.944E+03 -1.681E+03  1.449E+03  1.253E+02
    6         -1.290E+05 -5.817E+03 -2.905E+03 -1.587E+03 -1.536E+03 -1.319E+02
    7         -9.833E+04  4.694E+03  1.688E+03 -1.921E+03  1.476E+03  1.017E+02
    8         -9.829E+04  4.787E+03  1.728E+03 -1.827E+03 -1.509E+03 -1.030E+02
 
 STRESS of ELEMENT :  116
 ----------------------------------------------
  Position       Sxx        Syy        Szz        Sxy        Syz        Szx     
    1         -1.283E+05 -4.592E+03 -1.646E+03 -1.164E+04  1.563E+03  1.311E+02
    2         -1.283E+05 -4.686E+03 -1.685E+03 -1.174E+04 -1.475E+03 -1.261E+02
    3         -9.762E+04  5.933E+03  2.804E+03 -1.188E+04  1.536E+03  1.029E+02
    4         -9.766E+04  5.838E+03  2.763E+03 -1.197E+04 -1.502E+03 -1.018E+02
    5         -1.290E+05 -5.817E+03 -2.905E+03 -1.587E+03  1.536E+03  1.319E+02
    6         -1.290E+05 -5.909E+03 -2.944E+03 -1.681E+03 -1.449E+03 -1.253E+02
    7         -9.829E+04  4.787E+03  1.728E+03 -1.827E+03  1.509E+03  1.030E+02
    8         -9.833E+04  4.694E+03  1.688E+03 -1.921E+03 -1.476E+03 -1.017E+02
 
 STRESS of ELEMENT :  117
 ----------------------------------------------
  Position       Sxx        Syy        Szz        Sxy        Syz        Szx     
    1         -8.312E+04 -4.857E+03 -1.868E+03 -1.460E+04  1.518E+03  8.314E+01
    2         -8.311E+04 -4.854E+03 -1.867E+03 -1.450E+04 -1.524E+03 -8.289E+01
    3         -5.246E+04  5.673E+03  2.577E+03 -1.475E+04  1.519E+03  5.631E+01
    4         -5.246E+04  5.676E+03  2.578E+03 -1.465E+04 -1.524E+03 -5.656E+01
    5         -8.359E+04 -5.631E+03 -2.674E+03 -4.534E+03  1.491E+03  8.334E+01
    6         -8.359E+04 -5.627E+03 -2.672E+03 -4.442E+03 -1.498E+03 -8.269E+01
    7         -5.286E+04  4.978E+03  1.956E+03 -4.684E+03  1.493E+03  5.666E+01
    8         -5.285E+04  4.982E+03  1.959E+03 -4.592E+03 -1.497E+03 -5.621E+01
 
 STRESS of ELEMENT :  118
 ----------------------------------------------
  Position       Sxx        Syy        Szz        Sxy        Syz        Szx     
    1         -8.311E+04 -4.854E+03 -1.867E+03 -1.450E+04  1.524E+03  8.289E+01
    2         -8.312E+04 -4.857E+03 -1.868E+03 -1.460E+04 -1.518E+03 -8.314E+01
    3         -5.246E+04  5.676E+03  2.578E+03 -1.465E+04  1.524E+03  5.656E+01
    4         -5.246E+04  5.673E+03  2.577E+03 -1.475E+04 -1.519E+03 -5.631E+01
    5         -8.359E+04 -5.627E+03 -2.672E+03 -4.442E+03  1.498E+03  8.269E+01
    6         -8.359E+04 -5.631E+03 -2.674E+03 -4.534E+03 -1.491E+03 -8.334E+01
    7         -5.285E+04  4.982E+03  1.959E+03 -4.592E+03  1.497E+03  5.621E+01
    8         -5.286E+04  4.978E+03  1.956E+03 -4.684E+03 -1.493E+03 -5.666E+01
 
 STRESS of ELEMENT :  119
 ----------------------------------------------
  Position       Sxx        Syy        Szz        Sxy        Syz        Szx     
    1         -3.794E+04 -5.124E+03 -2.101E+03 -1.607E+04  1.524E+03  3.666E+01
    2         -3.794E+04 -5.126E+03 -2.101E+03 -1.598E+04 -1.522E+03 -3.701E+01
    3         -7.257E+03  5.416E+03  2.347E+03 -1.613E+04  1.523E+03  9.824E+00
    4         -7.258E+03  5.414E+03  2.346E+03 -1.603E+04 -1.523E+03 -9.917E+00
    5         -3.813E+04 -5.415E+03 -2.436E+03 -6.002E+03  1.497E+03  3.699E+01
    6         -3.813E+04 -5.416E+03 -2.436E+03 -5.909E+03 -1.495E+03 -3.668E+01
    7         -7.364E+03  5.206E+03  2.200E+03 -6.054E+03  1.496E+03  9.911E+00
    8         -7.364E+03  5.204E+03  2.200E+03 -5.960E+03 -1.496E+03 -9.829E+00
 
 STRESS of ELEMENT :  120
 ----------------------------------------------
  Position       Sxx        Syy        Szz        Sxy        Syz        Szx     
    1         -3.794E+04 -5.126E+03 -2.101E+03 -1.598E+04  1.522E+03  3.701E+01
    2         -3.794E+04 -5.124E+03 -2.101E+03 -1.607E+04 -1.524E+03 -3.666E+01
    3         -7.258E+03  5.414E+03  2.346E+03 -1.603E+04  1.523E+03  9.917E+00
    4         -7.257E+03  5.416E+03  2.347E+03 -1.613E+04 -1.523E+03 -9.824E+00
    5         -3.813E+04 -5.416E+03 -2.436E+03 -5.909E+03  1.495E+03  3.668E+01
    6         -3.813E+04 -5.415E+03 -2.436E+03 -6.002E+03 -1.497E+03 -3.699E+01
    7         -7.364E+03  5.204E+03  2.200E+03 -5.960E+03  1.496E+03  9.829E+00
    8         -7.364E+03  5.206E+03  2.200E+03 -6.054E+03 -1.496E+03 -9.911E+00
 
 STRESS of ELEMENT :  121
 ----------------------------------------------
  Position       Sxx        Syy        Szz        Sxy        Syz        Szx     
    1          7.257E+03 -5.416E+03 -2.347E+03 -1.613E+04  1.523E+03 -9.824E+00
    2          7.258E+03 -5.414E+03 -2.346E+03 -1.603E+04 -1.523E+03  9.917E+00
    3          3.794E+04  5.124E+03  2.101E+03 -1.607E+04  1.524E+03 -3.666E+01
    4          3.794E+04  5.126E+03  2.101E+03 -1.598E+04 -1.522E+03  3.701E+01
    5          7.364E+03 -5.206E+03 -2.200E+03 -6.054E+03  1.496E+03 -9.911E+00
    6          7.364E+03 -5.204E+03 -2.200E+03 -5.960E+03 -1.496E+03  9.829E+00
    7          3.813E+04  5.415E+03  2.436E+03 -6.002E+03  1.497E+03 -3.699E+01
    8          3.813E+04  5.416E+03  2.436E+03 -5.909E+03 -1.495E+03  3.668E+01
 
 STRESS of ELEMENT :  122
 ----------------------------------------------
  Position       Sxx        Syy        Szz        Sxy        Syz        Szx     
    1          7.258E+03 -5.414E+03 -2.346E+03 -1.603E+04  1.523E+03 -9.917E+00
    2          7.257E+03 -5.416E+03 -2.347E+03 -1.613E+04 -1.523E+03  9.824E+00
    3          3.794E+04  5.126E+03  2.101E+03 -1.598E+04  1.522E+03 -3.701E+01
    4          3.794E+04  5.124E+03  2.101E+03 -1.607E+04 -1.524E+03  3.666E+01
    5          7.364E+03 -5.204E+03 -2.200E+03 -5.960E+03  1.496E+03 -9.829E+00
    6          7.364E+03 -5.206E+03 -2.200E+03 -6.054E+03 -1.496E+03  9.911E+00
    7          3.813E+04  5.416E+03  2.436E+03 -5.909E+03  1.495E+03 -3.668E+01
    8          3.813E+04  5.415E+03  2.436E+03 -6.002E+03 -1.497E+03  3.699E+01
 
 STRESS of ELEMENT :  123
 ----------------------------------------------
  Position       Sxx        Syy        Szz        Sxy        Syz        Szx     
    1          5.246E+04 -5.673E+03 -2.577E+03 -1.475E+04  1.519E+03 -5.631E+01
    2          5.246E+04 -5.676E+03 -2.578E+03 -1.465E+04 -1.524E+03  5.656E+01
    3          8.312E+04  4.857E+03  1.868E+03 -1.460E+04  1.518E+03 -8.314E+01
    4          8.311E+04  4.854E+03  1.867E+03 -1.450E+04 -1.524E+03  8.289E+01
    5          5.286E+04 -4.978E+03 -1.956E+03 -4.684E+03  1.493E+03 -5.666E+01
    6          5.285E+04 -4.982E+03 -1.959E+03 -4.592E+03 -1.497E+03  5.621E+01
    7          8.359E+04  5.631E+03  2.674E+03 -4.534E+03  1.491E+03 -8.334E+01
    8          8.359E+04  5.627E+03  2.672E+03 -4.442E+03 -1.498E+03  8.269E+01
 
 STRESS of ELEMENT :  124
 ----------------------------------------------
  Position       Sxx        Syy        Szz        Sxy        Syz        Szx     
    1          5.246E+04 -5.676E+03 -2.578E+03 -1.465E+04  1.524E+03 -5.656E+01
    2          5.246E+04 -5.673E+03 -2.577E+03 -1.475E+04 -1.519E+03  5.631E+01
    3          8.311E+04  4.854E+03  1.867E+03 -1.450E+04  1.524E+03 -8.289E+01
    4          8.312E+04  4.857E+03  1.868E+03 -1.460E+04 -1.518E+03  8.314E+01
    5          5.285E+04 -4.982E+03 -1.959E+03 -4.592E+03  1.497E+03 -5.621E+01
    6          5.286E+04 -4.978E+03 -1.956E+03 -4.684E+03 -1.493E+03  5.666E+01
    7          8.359E+04  5.627E+03  2.672E+03 -4.442E+03  1.498E+03 -8.269E+01
    8          8.359E+04  5.631E+03  2.674E+03 -4.534E+03 -1.491E+03  8.334E+01
 
 STRESS of ELEMENT :  125
 ----------------------------------------------
  Position       Sxx        Syy        Szz        Sxy        Syz        Szx     
    1          9.766E+04 -5.838E+03 -2.763E+03 -1.197E+04  1.502E+03 -1.018E+02
    2          9.762E+04 -5.933E+03 -2.804E+03 -1.188E+04 -1.536E+03  1.029E+02
    3          1.283E+05  4.686E+03  1.685E+03 -1.174E+04  1.475E+03 -1.261E+02
    4          1.283E+05  4.592E+03  1.646E+03 -1.164E+04 -1.563E+03  1.311E+02
    5          9.833E+04 -4.694E+03 -1.688E+03 -1.921E+03  1.476E+03 -1.017E+02
    6          9.829E+04 -4.787E+03 -1.728E+03 -1.827E+03 -1.509E+03  1.030E+02
    7          1.290E+05  5.909E+03  2.944E+03 -1.681E+03  1.449E+03 -1.253E+02
    8          1.290E+05  5.817E+03  2.905E+03 -1.587E+03 -1.536E+03  1.319E+02
 
 STRESS of ELEMENT :  126
 ----------------------------------------------
  Position       Sxx        Syy        Szz        Sxy        Syz        Szx     
    1          9.762E+04 -5.933E+03 -2.804E+03 -1.188E+04  1.536E+03 -1.029E+02
    2          9.766E+04 -5.838E+03 -2.763E+03 -1.197E+04 -1.502E+03  1.018E+02
    3          1.283E+05  4.592E+03  1.646E+03 -1.164E+04  1.563E+03 -1.311E+02
    4          1.283E+05  4.686E+03  1.685E+03 -1.174E+04 -1.475E+03  1.261E+02
    5          9.829E+04 -4.787E+03 -1.728E+03 -1.827E+03  1.509E+03 -1.030E+02
    6          9.833E+04 -4.694E+03 -1.688E+03 -1.921E+03 -1.476E+03  1.017E+02
    7          1.290E+05  5.817E+03  2.905E+03 -1.587E+03  1.536E+03 -1.319E+02
    8          1.290E+05  5.909E+03  2.944E+03 -1.681E+03 -1.449E+03  1.253E+02
 
 STRESS of ELEMENT :  127
 ----------------------------------------------
  Position       Sxx        Syy        Szz        Sxy        Syz        Szx     
    1          1.428E+05 -5.948E+03 -3.048E+03 -7.837E+03  1.629E+03 -1.532E+02
    2          1.428E+05 -6.037E+03 -3.085E+03 -7.765E+03 -1.536E+03  1.434E+02
    3          1.733E+05  4.398E+03  9.683E+02 -7.512E+03  1.603E+03 -2.029E+02
    4          1.733E+05  4.309E+03  9.318E+02 -7.439E+03 -1.562E+03  1.489E+02
    5          1.438E+05 -4.366E+03 -1.523E+03  2.225E+03  1.600E+03 -1.520E+02
    6          1.437E+05 -4.453E+03 -1.559E+03  2.298E+03 -1.510E+03  1.446E+02
    7          1.743E+05  6.062E+03  2.687E+03  2.550E+03  1.575E+03 -2.014E+02
    8          1.743E+05  5.976E+03  2.651E+03  2.623E+03 -1.535E+03  1.504E+02
 
 STRESS of ELEMENT :  128
 ----------------------------------------------
  Position       Sxx        Syy        Szz        Sxy        Syz        Szx     
    1          1.428E+05 -6.037E+03 -3.085E+03 -7.765E+03  1.536E+03 -1.434E+02
    2          1.428E+05 -5.948E+03 -3.048E+03 -7.837E+03 -1.629E+03  1.532E+02
    3          1.733E+05  4.309E+03  9.318E+02 -7.439E+03  1.562E+03 -1.489E+02
    4          1.733E+05  4.398E+03  9.683E+02 -7.512E+03 -1.603E+03  2.029E+02
    5          1.437E+05 -4.453E+03 -1.559E+03  2.298E+03  1.510E+03 -1.446E+02
    6          1.438E+05 -4.366E+03 -1.523E+03  2.225E+03 -1.600E+03  1.520E+02
    7          1.743E+05  5.976E+03  2.651E+03  2.623E+03  1.535E+03 -1.504E+02
    8          1.743E+05  6.062E+03  2.687E+03  2.550E+03 -1.575E+03  2.014E+02
 
 STRESS of ELEMENT :  129
 ----------------------------------------------
  Position       Sxx        Syy        Szz        Sxy        Syz        Szx     
    1         -1.680E+05 -4.243E+03 -9.082E+02 -7.369E+03  1.554E+03  2.034E+02
    2         -1.679E+05 -4.157E+03 -8.719E+02 -7.295E+03 -1.515E+03 -1.505E+02
    3         -1.384E+05  5.787E+03  2.983E+03 -7.694E+03  1.579E+03  1.534E+02
    4         -1.384E+05  5.873E+03  3.020E+03 -7.620E+03 -1.490E+03 -1.447E+02
    5         -1.690E+05 -5.909E+03 -2.634E+03  2.386E+03  1.526E+03  2.028E+02
    6         -1.689E+05 -5.825E+03 -2.598E+03  2.460E+03 -1.487E+03 -1.511E+02
    7         -1.394E+05  4.204E+03  1.453E+03  2.061E+03  1.550E+03  1.529E+02
    8         -1.393E+05  4.288E+03  1.489E+03  2.135E+03 -1.463E+03 -1.452E+02
 
 STRESS of ELEMENT :  130
 ----------------------------------------------
  Position       Sxx        Syy        Szz        Sxy        Syz        Szx     
    1         -1.679E+05 -4.157E+03 -8.719E+02 -7.295E+03  1.515E+03  1.505E+02
    2         -1.680E+05 -4.243E+03 -9.082E+02 -7.369E+03 -1.554E+03 -2.034E+02
    3         -1.384E+05  5.873E+03  3.020E+03 -7.620E+03  1.490E+03  1.447E+02
    4         -1.384E+05  5.787E+03  2.983E+03 -7.694E+03 -1.579E+03 -1.534E+02
    5         -1.689E+05 -5.825E+03 -2.598E+03  2.460E+03  1.487E+03  1.511E+02
    6         -1.690E+05 -5.909E+03 -2.634E+03  2.386E+03 -1.526E+03 -2.028E+02
    7         -1.393E+05  4.288E+03  1.489E+03  2.135E+03  1.463E+03  1.452E+02
    8         -1.394E+05  4.204E+03  1.453E+03  2.061E+03 -1.550E+03 -1.529E+02
 
 STRESS of ELEMENT :  131
 ----------------------------------------------
  Position       Sxx        Syy        Szz        Sxy        Syz        Szx     
    1         -1.243E+05 -4.555E+03 -1.620E+03 -1.160E+04  1.431E+03  1.262E+02
    2         -1.243E+05 -4.463E+03 -1.581E+03 -1.151E+04 -1.516E+03 -1.319E+02
    3         -9.463E+04  5.652E+03  2.693E+03 -1.184E+04  1.457E+03  1.019E+02
    4         -9.460E+04  5.744E+03  2.733E+03 -1.174E+04 -1.490E+03 -1.030E+02
    5         -1.251E+05 -5.763E+03 -2.876E+03 -1.851E+03  1.405E+03  1.258E+02
    6         -1.250E+05 -5.673E+03 -2.838E+03 -1.755E+03 -1.489E+03 -1.323E+02
    7         -9.529E+04  4.524E+03  1.624E+03 -2.086E+03  1.431E+03  1.017E+02
    8         -9.526E+04  4.614E+03  1.663E+03 -1.991E+03 -1.463E+03 -1.032E+02
 
 STRESS of ELEMENT :  132
 ----------------------------------------------
  Position       Sxx        Syy        Szz        Sxy        Syz        Szx     
    1         -1.243E+05 -4.463E+03 -1.581E+03 -1.151E+04  1.516E+03  1.319E+02
    2         -1.243E+05 -4.555E+03 -1.620E+03 -1.160E+04 -1.431E+03 -1.262E+02
    3         -9.460E+04  5.744E+03  2.733E+03 -1.174E+04  1.490E+03  1.030E+02
    4         -9.463E+04  5.652E+03  2.693E+03 -1.184E+04 -1.457E+03 -1.019E+02
    5         -1.250E+05 -5.673E+03 -2.838E+03 -1.755E+03  1.489E+03  1.323E+02
    6         -1.251E+05 -5.763E+03 -2.876E+03 -1.851E+03 -1.405E+03 -1.258E+02
    7         -9.526E+04  4.614E+03  1.663E+03 -1.991E+03  1.463E+03  1.032E+02
    8         -9.529E+04  4.524E+03  1.624E+03 -2.086E+03 -1.431E+03 -1.017E+02
 
 STRESS of ELEMENT :  133
 ----------------------------------------------
  Position       Sxx        Syy        Szz        Sxy        Syz        Szx     
    1         -8.054E+04 -4.735E+03 -1.806E+03 -1.444E+04  1.472E+03  8.314E+01
    2         -8.054E+04 -4.731E+03 -1.804E+03 -1.435E+04 -1.478E+03 -8.270E+01
    3         -5.083E+04  5.469E+03  2.498E+03 -1.459E+04  1.473E+03  5.624E+01
    4         -5.083E+04  5.474E+03  2.500E+03 -1.449E+04 -1.477E+03 -5.621E+01
    5         -8.100E+04 -5.485E+03 -2.601E+03 -4.689E+03  1.445E+03  8.310E+01
    6         -8.100E+04 -5.481E+03 -2.599E+03 -4.597E+03 -1.452E+03 -8.274E+01
    7         -5.121E+04  4.799E+03  1.889E+03 -4.833E+03  1.447E+03  5.629E+01
    8         -5.121E+04  4.804E+03  1.891E+03 -4.740E+03 -1.450E+03 -5.616E+01
 
 STRESS of ELEMENT :  134
 ----------------------------------------------
  Position       Sxx        Syy        Szz        Sxy        Syz        Szx     
    1         -8.054E+04 -4.731E+03 -1.804E+03 -1.435E+04  1.478E+03  8.270E+01
    2         -8.054E+04 -4.735E+03 -1.806E+03 -1.444E+04 -1.472E+03 -8.314E+01
    3         -5.083E+04  5.474E+03  2.500E+03 -1.449E+04  1.477E+03  5.621E+01
    4         -5.083E+04  5.469E+03  2.498E+03 -1.459E+04 -1.473E+03 -5.624E+01
    5         -8.100E+04 -5.481E+03 -2.599E+03 -4.597E+03  1.452E+03  8.274E+01
    6         -8.100E+04 -5.485E+03 -2.601E+03 -4.689E+03 -1.445E+03 -8.310E+01
    7         -5.121E+04  4.804E+03  1.891E+03 -4.740E+03  1.450E+03  5.616E+01
    8         -5.121E+04  4.799E+03  1.889E+03 -4.833E+03 -1.447E+03 -5.629E+01
 
 STRESS of ELEMENT :  135
 ----------------------------------------------
  Position       Sxx        Syy        Szz        Sxy        Syz        Szx     
    1         -3.675E+04 -4.976E+03 -2.031E+03 -1.590E+04  1.477E+03  3.659E+01
    2         -3.675E+04 -4.977E+03 -2.032E+03 -1.580E+04 -1.476E+03 -3.669E+01
    3         -7.035E+03  5.230E+03  2.268E+03 -1.594E+04  1.477E+03  9.804E+00
    4         -7.036E+03  5.228E+03  2.268E+03 -1.585E+04 -1.476E+03 -9.830E+00
    5         -3.694E+04 -5.255E+03 -2.360E+03 -6.139E+03  1.450E+03  3.666E+01
    6         -3.694E+04 -5.256E+03 -2.361E+03 -6.046E+03 -1.449E+03 -3.662E+01
    7         -7.137E+03  5.031E+03  2.127E+03 -6.187E+03  1.450E+03  9.822E+00
    8         -7.138E+03  5.030E+03  2.127E+03 -6.094E+03 -1.449E+03 -9.813E+00
 
 STRESS of ELEMENT :  136
 ----------------------------------------------
  Position       Sxx        Syy        Szz        Sxy        Syz        Szx     
    1         -3.675E+04 -4.977E+03 -2.032E+03 -1.580E+04  1.476E+03  3.669E+01
    2         -3.675E+04 -4.976E+03 -2.031E+03 -1.590E+04 -1.477E+03 -3.659E+01
    3         -7.036E+03  5.228E+03  2.268E+03 -1.585E+04  1.476E+03  9.830E+00
    4         -7.035E+03  5.230E+03  2.268E+03 -1.594E+04 -1.477E+03 -9.804E+00
    5         -3.694E+04 -5.256E+03 -2.361E+03 -6.046E+03  1.449E+03  3.662E+01
    6         -3.694E+04 -5.255E+03 -2.360E+03 -6.139E+03 -1.450E+03 -3.666E+01
    7         -7.138E+03  5.030E+03  2.127E+03 -6.094E+03  1.449E+03  9.813E+00
    8         -7.137E+03  5.031E+03  2.127E+03 -6.187E+03 -1.450E+03 -9.822E+00
 
 STRESS of ELEMENT :  137
 ----------------------------------------------
  Position       Sxx        Syy        Szz        Sxy        Syz        Szx     
    1          7.035E+03 -5.230E+03 -2.268E+03 -1.594E+04  1.477E+03 -9.804E+00
    2          7.036E+03 -5.228E+03 -2.268E+03 -1.585E+04 -1.476E+03  9.830E+00
    3          3.675E+04  4.976E+03  2.031E+03 -1.590E+04  1.477E+03 -3.659E+01
    4          3.675E+04  4.977E+03  2.032E+03 -1.580E+04 -1.476E+03  3.669E+01
    5          7.137E+03 -5.031E+03 -2.127E+03 -6.187E+03  1.450E+03 -9.822E+00
    6          7.138E+03 -5.030E+03 -2.127E+03 -6.094E+03 -1.449E+03  9.813E+00
    7          3.694E+04  5.255E+03  2.360E+03 -6.139E+03  1.450E+03 -3.666E+01
    8          3.694E+04  5.256E+03  2.361E+03 -6.046E+03 -1.449E+03  3.662E+01
 
 STRESS of ELEMENT :  138
 ----------------------------------------------
  Position       Sxx        Syy        Szz        Sxy        Syz        Szx     
    1          7.036E+03 -5.228E+03 -2.268E+03 -1.585E+04  1.476E+03 -9.830E+00
    2          7.035E+03 -5.230E+03 -2.268E+03 -1.594E+04 -1.477E+03  9.804E+00
    3          3.675E+04  4.977E+03  2.032E+03 -1.580E+04  1.476E+03 -3.669E+01
    4          3.675E+04  4.976E+03  2.031E+03 -1.590E+04 -1.477E+03  3.659E+01
    5          7.138E+03 -5.030E+03 -2.127E+03 -6.094E+03  1.449E+03 -9.813E+00
    6          7.137E+03 -5.031E+03 -2.127E+03 -6.187E+03 -1.450E+03  9.822E+00
    7          3.694E+04  5.256E+03  2.361E+03 -6.046E+03  1.449E+03 -3.662E+01
    8          3.694E+04  5.255E+03  2.360E+03 -6.139E+03 -1.450E+03  3.666E+01
 
 STRESS of ELEMENT :  139
 ----------------------------------------------
  Position       Sxx        Syy        Szz        Sxy        Syz        Szx     
    1          5.083E+04 -5.469E+03 -2.498E+03 -1.459E+04  1.473E+03 -5.624E+01
    2          5.083E+04 -5.474E+03 -2.500E+03 -1.449E+04 -1.477E+03  5.621E+01
    3          8.054E+04  4.735E+03  1.806E+03 -1.444E+04  1.472E+03 -8.314E+01
    4          8.054E+04  4.731E+03  1.804E+03 -1.435E+04 -1.478E+03  8.270E+01
    5          5.121E+04 -4.799E+03 -1.889E+03 -4.833E+03  1.447E+03 -5.629E+01
    6          5.121E+04 -4.804E+03 -1.891E+03 -4.740E+03 -1.450E+03  5.616E+01
    7          8.100E+04  5.485E+03  2.601E+03 -4.689E+03  1.445E+03 -8.310E+01
    8          8.100E+04  5.481E+03  2.599E+03 -4.597E+03 -1.452E+03  8.274E+01
 
 STRESS of ELEMENT :  140
 ----------------------------------------------
  Position       Sxx        Syy        Szz        Sxy        Syz        Szx     
    1          5.083E+04 -5.474E+03 -2.500E+03 -1.449E+04  1.477E+03 -5.621E+01
    2          5.083E+04 -5.469E+03 -2.498E+03 -1.459E+04 -1.473E+03  5.624E+01
    3          8.054E+04  4.731E+03  1.804E+03 -1.435E+04  1.478E+03 -8.270E+01
    4          8.054E+04  4.735E+03  1.806E+03 -1.444E+04 -1.472E+03  8.314E+01
    5          5.121E+04 -4.804E+03 -1.891E+03 -4.740E+03  1.450E+03 -5.616E+01
    6          5.121E+04 -4.799E+03 -1.889E+03 -4.833E+03 -1.447E+03  5.629E+01
    7          8.100E+04  5.481E+03  2.599E+03 -4.597E+03  1.452E+03 -8.274E+01
    8          8.100E+04  5.485E+03  2.601E+03 -4.689E+03 -1.445E+03  8.310E+01
 
 STRESS of ELEMENT :  141
 ----------------------------------------------
  Position       Sxx        Syy        Szz        Sxy        Syz        Szx     
    1          9.463E+04 -5.652E+03 -2.693E+03 -1.184E+04  1.457E+03 -1.019E+02
    2          9.460E+04 -5.744E+03 -2.733E+03 -1.174E+04 -1.490E+03  1.030E+02
    3          1.243E+05  4.555E+03  1.620E+03 -1.160E+04  1.431E+03 -1.262E+02
    4          1.243E+05  4.463E+03  1.581E+03 -1.151E+04 -1.516E+03  1.319E+02
    5          9.529E+04 -4.524E+03 -1.624E+03 -2.086E+03  1.431E+03 -1.017E+02
    6          9.526E+04 -4.614E+03 -1.663E+03 -1.991E+03 -1.463E+03  1.032E+02
    7          1.251E+05  5.763E+03  2.876E+03 -1.851E+03  1.405E+03 -1.258E+02
    8          1.250E+05  5.673E+03  2.838E+03 -1.755E+03 -1.489E+03  1.323E+02
 
 STRESS of ELEMENT :  142
 ----------------------------------------------
  Position       Sxx        Syy        Szz        Sxy        Syz        Szx     
    1          9.460E+04 -5.744E+03 -2.733E+03 -1.174E+04  1.490E+03 -1.030E+02
    2          9.463E+04 -5.652E+03 -2.693E+03 -1.184E+04 -1.457E+03  1.019E+02
    3          1.243E+05  4.463E+03  1.581E+03 -1.151E+04  1.516E+03 -1.319E+02
    4          1.243E+05  4.555E+03  1.620E+03 -1.160E+04 -1.431E+03  1.262E+02
    5          9.526E+04 -4.614E+03 -1.663E+03 -1.991E+03  1.463E+03 -1.032E+02
    6          9.529E+04 -4.524E+03 -1.624E+03 -2.086E+03 -1.431E+03  1.017E+02
    7          1.250E+05  5.673E+03  2.838E+03 -1.755E+03  1.489E+03 -1.323E+02
    8          1.251E+05  5.763E+03  2.876E+03 -1.851E+03 -1.405E+03  1.258E+02
 
 STRESS of ELEMENT :  143
 ----------------------------------------------
  Position       Sxx        Syy        Szz        Sxy        Syz        Szx     
    1          1.384E+05 -5.787E+03 -2.983E+03 -7.694E+03  1.579E+03 -1.534E+02
    2          1.384E+05 -5.873E+03 -3.020E+03 -7.620E+03 -1.490E+03  1.447E+02
    3          1.680E+05  4.243E+03  9.082E+02 -7.369E+03  1.554E+03 -2.034E+02
    4          1.679E+05  4.157E+03  8.719E+02 -7.295E+03 -1.515E+03  1.505E+02
    5          1.394E+05 -4.204E+03 -1.453E+03  2.061E+03  1.550E+03 -1.529E+02
    6          1.393E+05 -4.288E+03 -1.489E+03  2.135E+03 -1.463E+03  1.452E+02
    7          1.690E+05  5.909E+03  2.634E+03  2.386E+03  1.526E+03 -2.028E+02
    8          1.689E+05  5.825E+03  2.598E+03  2.460E+03 -1.487E+03  1.511E+02
 
 STRESS of ELEMENT :  144
 ----------------------------------------------
  Position       Sxx        Syy        Szz        Sxy        Syz        Szx     
    1          1.384E+05 -5.873E+03 -3.020E+03 -7.620E+03  1.490E+03 -1.447E+02
    2          1.384E+05 -5.787E+03 -2.983E+03 -7.694E+03 -1.579E+03  1.534E+02
    3          1.679E+05  4.157E+03  8.719E+02 -7.295E+03  1.515E+03 -1.505E+02
    4          1.680E+05  4.243E+03  9.082E+02 -7.369E+03 -1.554E+03  2.034E+02
    5          1.393E+05 -4.288E+03 -1.489E+03  2.135E+03  1.463E+03 -1.452E+02
    6          1.394E+05 -4.204E+03 -1.453E+03  2.061E+03 -1.550E+03  1.529E+02
    7          1.689E+05  5.825E+03  2.598E+03  2.460E+03  1.487E+03 -1.511E+02
    8          1.690E+05  5.909E+03  2.634E+03  2.386E+03 -1.526E+03  2.028E+02
 
 STRESS of ELEMENT :  145
 ----------------------------------------------
  Position       Sxx        Syy        Szz        Sxy        Syz        Szx     
    1         -1.626E+05 -4.083E+03 -8.507E+02 -7.217E+03  1.505E+03  2.033E+02
    2         -1.626E+05 -4.000E+03 -8.153E+02 -7.143E+03 -1.467E+03 -1.511E+02
    3         -1.340E+05  5.627E+03  2.914E+03 -7.541E+03  1.529E+03  1.534E+02
    4         -1.340E+05  5.710E+03  2.950E+03 -7.468E+03 -1.443E+03 -1.452E+02
    5         -1.636E+05 -5.750E+03 -2.578E+03  2.228E+03  1.477E+03  2.031E+02
    6         -1.636E+05 -5.669E+03 -2.543E+03  2.303E+03 -1.440E+03 -1.513E+02
    7         -1.350E+05  4.044E+03  1.383E+03  1.904E+03  1.500E+03  1.532E+02
    8         -1.349E+05  4.125E+03  1.417E+03  1.978E+03 -1.416E+03 -1.454E+02
 
 STRESS of ELEMENT :  146
 ----------------------------------------------
  Position       Sxx        Syy        Szz        Sxy        Syz        Szx     
    1         -1.626E+05 -4.000E+03 -8.153E+02 -7.143E+03  1.467E+03  1.511E+02
    2         -1.626E+05 -4.083E+03 -8.507E+02 -7.217E+03 -1.505E+03 -2.033E+02
    3         -1.340E+05  5.710E+03  2.950E+03 -7.468E+03  1.443E+03  1.452E+02
    4         -1.340E+05  5.627E+03  2.914E+03 -7.541E+03 -1.529E+03 -1.534E+02
    5         -1.636E+05 -5.669E+03 -2.543E+03  2.303E+03  1.440E+03  1.513E+02
    6         -1.636E+05 -5.750E+03 -2.578E+03  2.228E+03 -1.477E+03 -2.031E+02
    7         -1.349E+05  4.125E+03  1.417E+03  1.978E+03  1.416E+03  1.454E+02
    8         -1.350E+05  4.044E+03  1.383E+03  1.904E+03 -1.500E+03 -1.532E+02
 
 STRESS of ELEMENT :  147
 ----------------------------------------------
  Position       Sxx        Syy        Szz        Sxy        Syz        Szx     
    1         -1.204E+05 -4.403E+03 -1.551E+03 -1.145E+04  1.386E+03  1.262E+02
    2         -1.204E+05 -4.314E+03 -1.513E+03 -1.136E+04 -1.469E+03 -1.324E+02
    3         -9.162E+04  5.482E+03  2.624E+03 -1.169E+04  1.411E+03  1.019E+02
    4         -9.158E+04  5.571E+03  2.662E+03 -1.159E+04 -1.443E+03 -1.032E+02
    5         -1.211E+05 -5.605E+03 -2.805E+03 -2.011E+03  1.360E+03  1.261E+02
    6         -1.211E+05 -5.518E+03 -2.768E+03 -1.915E+03 -1.441E+03 -1.325E+02
    7         -9.227E+04  4.360E+03  1.557E+03 -2.244E+03  1.385E+03  1.018E+02
    8         -9.224E+04  4.447E+03  1.595E+03 -2.148E+03 -1.416E+03 -1.033E+02
 
 STRESS of ELEMENT :  148
 ----------------------------------------------
  Position       Sxx        Syy        Szz        Sxy        Syz        Szx     
    1         -1.204E+05 -4.314E+03 -1.513E+03 -1.136E+04  1.469E+03  1.324E+02
    2         -1.204E+05 -4.403E+03 -1.551E+03 -1.145E+04 -1.386E+03 -1.262E+02
    3         -9.158E+04  5.571E+03  2.662E+03 -1.159E+04  1.443E+03  1.032E+02
    4         -9.162E+04  5.482E+03  2.624E+03 -1.169E+04 -1.411E+03 -1.019E+02
    5         -1.211E+05 -5.518E+03 -2.768E+03 -1.915E+03  1.441E+03  1.325E+02
    6         -1.211E+05 -5.605E+03 -2.805E+03 -2.011E+03 -1.360E+03 -1.261E+02
    7         -9.224E+04  4.447E+03  1.595E+03 -2.148E+03  1.416E+03  1.033E+02
    8         -9.227E+04  4.360E+03  1.557E+03 -2.244E+03 -1.385E+03 -1.018E+02
 
 STRESS of ELEMENT :  149
 ----------------------------------------------
  Position       Sxx        Syy        Szz        Sxy        Syz        Szx     
    1         -7.797E+04 -4.588E+03 -1.739E+03 -1.429E+04  1.426E+03  8.318E+01
    2         -7.797E+04 -4.583E+03 -1.737E+03 -1.420E+04 -1.432E+03 -8.275E+01
    3         -4.921E+04  5.292E+03  2.425E+03 -1.443E+04  1.427E+03  5.625E+01
    4         -4.920E+04  5.296E+03  2.427E+03 -1.434E+04 -1.431E+03 -5.616E+01
    5         -7.843E+04 -5.329E+03 -2.531E+03 -4.845E+03  1.399E+03  8.312E+01
    6         -7.843E+04 -5.324E+03 -2.529E+03 -4.753E+03 -1.405E+03 -8.281E+01
    7         -4.958E+04  4.631E+03  1.821E+03 -4.986E+03  1.400E+03  5.623E+01
    8         -4.958E+04  4.636E+03  1.823E+03 -4.893E+03 -1.404E+03 -5.618E+01
 
 STRESS of ELEMENT :  150
 ----------------------------------------------
  Position       Sxx        Syy        Szz        Sxy        Syz        Szx     
    1         -7.797E+04 -4.583E+03 -1.737E+03 -1.420E+04  1.432E+03  8.275E+01
    2         -7.797E+04 -4.588E+03 -1.739E+03 -1.429E+04 -1.426E+03 -8.318E+01
    3         -4.920E+04  5.296E+03  2.427E+03 -1.434E+04  1.431E+03  5.616E+01
    4         -4.921E+04  5.292E+03  2.425E+03 -1.443E+04 -1.427E+03 -5.625E+01
    5         -7.843E+04 -5.324E+03 -2.529E+03 -4.753E+03  1.405E+03  8.281E+01
    6         -7.843E+04 -5.329E+03 -2.531E+03 -4.845E+03 -1.399E+03 -8.312E+01
    7         -4.958E+04  4.636E+03  1.823E+03 -4.893E+03  1.404E+03  5.618E+01
    8         -4.958E+04  4.631E+03  1.821E+03 -4.986E+03 -1.400E+03 -5.623E+01
 
 STRESS of ELEMENT :  151
 ----------------------------------------------
  Position       Sxx        Syy        Szz        Sxy        Syz        Szx     
    1         -3.558E+04 -4.819E+03 -1.962E+03 -1.573E+04  1.430E+03  3.659E+01
    2         -3.558E+04 -4.820E+03 -1.962E+03 -1.564E+04 -1.429E+03 -3.662E+01
    3         -6.812E+03  5.058E+03  2.196E+03 -1.578E+04  1.430E+03  9.804E+00
    4         -6.813E+03  5.057E+03  2.195E+03 -1.569E+04 -1.430E+03 -9.813E+00
    5         -3.576E+04 -5.094E+03 -2.289E+03 -6.288E+03  1.404E+03  3.659E+01
    6         -3.576E+04 -5.094E+03 -2.289E+03 -6.195E+03 -1.403E+03 -3.662E+01
    7         -6.912E+03  4.864E+03  2.056E+03 -6.335E+03  1.403E+03  9.804E+00
    8         -6.913E+03  4.863E+03  2.056E+03 -6.242E+03 -1.403E+03 -9.814E+00
 
 STRESS of ELEMENT :  152
 ----------------------------------------------
  Position       Sxx        Syy        Szz        Sxy        Syz        Szx     
    1         -3.558E+04 -4.820E+03 -1.962E+03 -1.564E+04  1.429E+03  3.662E+01
    2         -3.558E+04 -4.819E+03 -1.962E+03 -1.573E+04 -1.430E+03 -3.659E+01
    3         -6.813E+03  5.057E+03  2.195E+03 -1.569E+04  1.430E+03  9.813E+00
    4         -6.812E+03  5.058E+03  2.196E+03 -1.578E+04 -1.430E+03 -9.804E+00
    5         -3.576E+04 -5.094E+03 -2.289E+03 -6.195E+03  1.403E+03  3.662E+01
    6         -3.576E+04 -5.094E+03 -2.289E+03 -6.288E+03 -1.404E+03 -3.659E+01
    7         -6.913E+03  4.863E+03  2.056E+03 -6.242E+03  1.403E+03  9.814E+00
    8         -6.912E+03  4.864E+03  2.056E+03 -6.335E+03 -1.403E+03 -9.804E+00
 
 STRESS of ELEMENT :  153
 ----------------------------------------------
  Position       Sxx        Syy        Szz        Sxy        Syz        Szx     
    1          6.812E+03 -5.058E+03 -2.196E+03 -1.578E+04  1.430E+03 -9.804E+00
    2          6.813E+03 -5.057E+03 -2.195E+03 -1.569E+04 -1.430E+03  9.813E+00
    3          3.558E+04  4.819E+03  1.962E+03 -1.573E+04  1.430E+03 -3.659E+01
    4          3.558E+04  4.820E+03  1.962E+03 -1.564E+04 -1.429E+03  3.662E+01
    5          6.912E+03 -4.864E+03 -2.056E+03 -6.335E+03  1.403E+03 -9.804E+00
    6          6.913E+03 -4.863E+03 -2.056E+03 -6.242E+03 -1.403E+03  9.814E+00
    7          3.576E+04  5.094E+03  2.289E+03 -6.288E+03  1.404E+03 -3.659E+01
    8          3.576E+04  5.094E+03  2.289E+03 -6.195E+03 -1.403E+03  3.662E+01
 
 STRESS of ELEMENT :  154
 ----------------------------------------------
  Position       Sxx        Syy        Szz        Sxy        Syz        Szx     
    1          6.813E+03 -5.057E+03 -2.195E+03 -1.569E+04  1.430E+03 -9.813E+00
    2          6.812E+03 -5.058E+03 -2.196E+03 -1.578E+04 -1.430E+03  9.804E+00
    3          3.558E+04  4.820E+03  1.962E+03 -1.564E+04  1.429E+03 -3.662E+01
    4          3.558E+04  4.819E+03  1.962E+03 -1.573E+04 -1.430E+03  3.659E+01
    5          6.913E+03 -4.863E+03 -2.056E+03 -6.242E+03  1.403E+03 -9.814E+00
    6          6.912E+03 -4.864E+03 -2.056E+03 -6.335E+03 -1.403E+03  9.804E+00
    7          3.576E+04  5.094E+03  2.289E+03 -6.195E+03  1.403E+03 -3.662E+01
    8          3.576E+04  5.094E+03  2.289E+03 -6.288E+03 -1.404E+03  3.659E+01
 
 STRESS of ELEMENT :  155
 ----------------------------------------------
  Position       Sxx        Syy        Szz        Sxy        Syz        Szx     
    1          4.921E+04 -5.292E+03 -2.425E+03 -1.443E+04  1.427E+03 -5.625E+01
    2          4.920E+04 -5.296E+03 -2.427E+03 -1.434E+04 -1.431E+03  5.616E+01
    3          7.797E+04  4.588E+03  1.739E+03 -1.429E+04  1.426E+03 -8.318E+01
    4          7.797E+04  4.583E+03  1.737E+03 -1.420E+04 -1.432E+03  8.275E+01
    5          4.958E+04 -4.631E+03 -1.821E+03 -4.986E+03  1.400E+03 -5.623E+01
    6          4.958E+04 -4.636E+03 -1.823E+03 -4.893E+03 -1.404E+03  5.618E+01
    7          7.843E+04  5.329E+03  2.531E+03 -4.845E+03  1.399E+03 -8.312E+01
    8          7.843E+04  5.324E+03  2.529E+03 -4.753E+03 -1.405E+03  8.281E+01
 
 STRESS of ELEMENT :  156
 ----------------------------------------------
  Position       Sxx        Syy        Szz        Sxy        Syz        Szx     
    1          4.920E+04 -5.296E+03 -2.427E+03 -1.434E+04  1.431E+03 -5.616E+01
    2          4.921E+04 -5.292E+03 -2.425E+03 -1.443E+04 -1.427E+03  5.625E+01
    3          7.797E+04  4.583E+03  1.737E+03 -1.420E+04  1.432E+03 -8.275E+01
    4          7.797E+04  4.588E+03  1.739E+03 -1.429E+04 -1.426E+03  8.318E+01
    5          4.958E+04 -4.636E+03 -1.823E+03 -4.893E+03  1.404E+03 -5.618E+01
    6          4.958E+04 -4.631E+03 -1.821E+03 -4.986E+03 -1.400E+03  5.623E+01
    7          7.843E+04  5.324E+03  2.529E+03 -4.753E+03  1.405E+03 -8.281E+01
    8          7.843E+04  5.329E+03  2.531E+03 -4.845E+03 -1.399E+03  8.312E+01
 
 STRESS of ELEMENT :  157
 ----------------------------------------------
  Position       Sxx        Syy        Szz        Sxy        Syz        Szx     
    1          9.162E+04 -5.482E+03 -2.624E+03 -1.169E+04  1.411E+03 -1.019E+02
    2          9.158E+04 -5.571E+03 -2.662E+03 -1.159E+04 -1.443E+03  1.032E+02
    3          1.204E+05  4.403E+03  1.551E+03 -1.145E+04  1.386E+03 -1.262E+02
    4          1.204E+05  4.314E+03  1.513E+03 -1.136E+04 -1.469E+03  1.324E+02
    5          9.227E+04 -4.360E+03 -1.557E+03 -2.244E+03  1.385E+03 -1.018E+02
    6          9.224E+04 -4.447E+03 -1.595E+03 -2.148E+03 -1.416E+03  1.033E+02
    7          1.211E+05  5.605E+03  2.805E+03 -2.011E+03  1.360E+03 -1.261E+02
    8          1.211E+05  5.518E+03  2.768E+03 -1.915E+03 -1.441E+03  1.325E+02
 
 STRESS of ELEMENT :  158
 ----------------------------------------------
  Position       Sxx        Syy        Szz        Sxy        Syz        Szx     
    1          9.158E+04 -5.571E+03 -2.662E+03 -1.159E+04  1.443E+03 -1.032E+02
    2          9.162E+04 -5.482E+03 -2.624E+03 -1.169E+04 -1.411E+03  1.019E+02
    3          1.204E+05  4.314E+03  1.513E+03 -1.136E+04  1.469E+03 -1.324E+02
    4          1.204E+05  4.403E+03  1.551E+03 -1.145E+04 -1.386E+03  1.262E+02
    5          9.224E+04 -4.447E+03 -1.595E+03 -2.148E+03  1.416E+03 -1.033E+02
    6          9.227E+04 -4.360E+03 -1.557E+03 -2.244E+03 -1.385E+03  1.018E+02
    7          1.211E+05  5.518E+03  2.768E+03 -1.915E+03  1.441E+03 -1.325E+02
    8          1.211E+05  5.605E+03  2.805E+03 -2.011E+03 -1.360E+03  1.261E+02
 
 STRESS of ELEMENT :  159
 ----------------------------------------------
  Position       Sxx        Syy        Szz        Sxy        Syz        Szx     
    1          1.340E+05 -5.627E+03 -2.914E+03 -7.541E+03  1.529E+03 -1.534E+02
    2          1.340E+05 -5.710E+03 -2.950E+03 -7.468E+03 -1.443E+03  1.452E+02
    3          1.626E+05  4.083E+03  8.507E+02 -7.217E+03  1.505E+03 -2.033E+02
    4          1.626E+05  4.000E+03  8.153E+02 -7.143E+03 -1.467E+03  1.511E+02
    5          1.350E+05 -4.044E+03 -1.383E+03  1.904E+03  1.500E+03 -1.532E+02
    6          1.349E+05 -4.125E+03 -1.417E+03  1.978E+03 -1.416E+03  1.454E+02
    7          1.636E+05  5.750E+03  2.578E+03  2.228E+03  1.477E+03 -2.031E+02
    8          1.636E+05  5.669E+03  2.543E+03  2.303E+03 -1.440E+03  1.513E+02
 
 STRESS of ELEMENT :  160
 ----------------------------------------------
  Position       Sxx        Syy        Szz        Sxy        Syz        Szx     
    1          1.340E+05 -5.710E+03 -2.950E+03 -7.468E+03  1.443E+03 -1.452E+02
    2          1.340E+05 -5.627E+03 -2.914E+03 -7.541E+03 -1.529E+03  1.534E+02
    3          1.626E+05  4.000E+03  8.153E+02 -7.143E+03  1.467E+03 -1.511E+02
    4          1.626E+05  4.083E+03  8.507E+02 -7.217E+03 -1.505E+03  2.033E+02
    5          1.349E+05 -4.125E+03 -1.417E+03  1.978E+03  1.416E+03 -1.454E+02
    6          1.350E+05 -4.044E+03 -1.383E+03  1.904E+03 -1.500E+03  1.532E+02
    7          1.636E+05  5.669E+03  2.543E+03  2.303E+03  1.440E+03 -1.513E+02
    8          1.636E+05  5.750E+03  2.578E+03  2.228E+03 -1.477E+03  2.031E+02
 
 STRESS of ELEMENT :  161
 ----------------------------------------------
  Position       Sxx        Syy        Szz        Sxy        Syz        Szx     
    1         -1.573E+05 -3.922E+03 -7.942E+02 -7.062E+03  1.456E+03  2.032E+02
    2         -1.572E+05 -3.842E+03 -7.599E+02 -6.988E+03 -1.419E+03 -1.514E+02
    3         -1.296E+05  5.468E+03  2.844E+03 -7.387E+03  1.479E+03  1.534E+02
    4         -1.296E+05  5.548E+03  2.879E+03 -7.313E+03 -1.397E+03 -1.454E+02
    5         -1.583E+05 -5.589E+03 -2.522E+03  2.073E+03  1.428E+03  2.032E+02
    6         -1.583E+05 -5.510E+03 -2.488E+03  2.147E+03 -1.392E+03 -1.514E+02
    7         -1.305E+05  3.884E+03  1.312E+03  1.749E+03  1.450E+03  1.533E+02
    8         -1.305E+05  3.963E+03  1.346E+03  1.822E+03 -1.369E+03 -1.455E+02
 
 STRESS of ELEMENT :  162
 ----------------------------------------------
  Position       Sxx        Syy        Szz        Sxy        Syz        Szx     
    1         -1.572E+05 -3.842E+03 -7.599E+02 -6.988E+03  1.419E+03  1.514E+02
    2         -1.573E+05 -3.922E+03 -7.942E+02 -7.062E+03 -1.456E+03 -2.032E+02
    3         -1.296E+05  5.548E+03  2.879E+03 -7.313E+03  1.397E+03  1.454E+02
    4         -1.296E+05  5.468E+03  2.844E+03 -7.387E+03 -1.479E+03 -1.534E+02
    5         -1.583E+05 -5.510E+03 -2.488E+03  2.147E+03  1.392E+03  1.514E+02
    6         -1.583E+05 -5.589E+03 -2.522E+03  2.073E+03 -1.428E+03 -2.032E+02
    7         -1.305E+05  3.963E+03  1.346E+03  1.822E+03  1.369E+03  1.455E+02
    8         -1.305E+05  3.884E+03  1.312E+03  1.749E+03 -1.450E+03 -1.533E+02
 
 STRESS of ELEMENT :  163
 ----------------------------------------------
  Position       Sxx        Syy        Szz        Sxy        Syz        Szx     
    1         -1.164E+05 -4.242E+03 -1.480E+03 -1.130E+04  1.341E+03  1.262E+02
    2         -1.164E+05 -4.156E+03 -1.444E+03 -1.121E+04 -1.421E+03 -1.325E+02
    3         -8.860E+04  5.318E+03  2.556E+03 -1.153E+04  1.365E+03  1.020E+02
    4         -8.857E+04  5.404E+03  2.593E+03 -1.144E+04 -1.396E+03 -1.033E+02
    5         -1.172E+05 -5.443E+03 -2.734E+03 -2.167E+03  1.315E+03  1.262E+02
    6         -1.171E+05 -5.359E+03 -2.698E+03 -2.071E+03 -1.393E+03 -1.326E+02
    7         -8.926E+04  4.197E+03  1.489E+03 -2.399E+03  1.339E+03  1.019E+02
    8         -8.922E+04  4.281E+03  1.525E+03 -2.304E+03 -1.369E+03 -1.033E+02
 
 STRESS of ELEMENT :  164
 ----------------------------------------------
  Position       Sxx        Syy        Szz        Sxy        Syz        Szx     
    1         -1.164E+05 -4.156E+03 -1.444E+03 -1.121E+04  1.421E+03  1.325E+02
    2         -1.164E+05 -4.242E+03 -1.480E+03 -1.130E+04 -1.341E+03 -1.262E+02
    3         -8.857E+04  5.404E+03  2.593E+03 -1.144E+04  1.396E+03  1.033E+02
    4         -8.860E+04  5.318E+03  2.556E+03 -1.153E+04 -1.365E+03 -1.020E+02
    5         -1.171E+05 -5.359E+03 -2.698E+03 -2.071E+03  1.393E+03  1.326E+02
    6         -1.172E+05 -5.443E+03 -2.734E+03 -2.167E+03 -1.315E+03 -1.262E+02
    7         -8.922E+04  4.281E+03  1.525E+03 -2.304E+03  1.369E+03  1.033E+02
    8         -8.926E+04  4.197E+03  1.489E+03 -2.399E+03 -1.339E+03 -1.019E+02
 
 STRESS of ELEMENT :  165
 ----------------------------------------------
  Position       Sxx        Syy        Szz        Sxy        Syz        Szx     
    1         -7.541E+04 -4.430E+03 -1.670E+03 -1.414E+04  1.379E+03  8.321E+01
    2         -7.541E+04 -4.425E+03 -1.668E+03 -1.404E+04 -1.386E+03 -8.281E+01
    3         -4.759E+04  5.124E+03  2.354E+03 -1.427E+04  1.381E+03  5.627E+01
    4         -4.758E+04  5.129E+03  2.356E+03 -1.418E+04 -1.384E+03 -5.618E+01
    5         -7.587E+04 -5.168E+03 -2.460E+03 -5.001E+03  1.353E+03  8.317E+01
    6         -7.587E+04 -5.163E+03 -2.458E+03 -4.908E+03 -1.359E+03 -8.285E+01
    7         -4.796E+04  4.467E+03  1.751E+03 -5.140E+03  1.354E+03  5.625E+01
    8         -4.796E+04  4.471E+03  1.753E+03 -5.048E+03 -1.357E+03 -5.620E+01
 
 STRESS of ELEMENT :  166
 ----------------------------------------------
  Position       Sxx        Syy        Szz        Sxy        Syz        Szx     
    1         -7.541E+04 -4.425E+03 -1.668E+03 -1.404E+04  1.386E+03  8.281E+01
    2         -7.541E+04 -4.430E+03 -1.670E+03 -1.414E+04 -1.379E+03 -8.321E+01
    3         -4.758E+04  5.129E+03  2.356E+03 -1.418E+04  1.384E+03  5.618E+01
    4         -4.759E+04  5.124E+03  2.354E+03 -1.427E+04 -1.381E+03 -5.627E+01
    5         -7.587E+04 -5.163E+03 -2.458E+03 -4.908E+03  1.359E+03  8.285E+01
    6         -7.587E+04 -5.168E+03 -2.460E+03 -5.001E+03 -1.353E+03 -8.317E+01
    7         -4.796E+04  4.471E+03  1.753E+03 -5.048E+03  1.357E+03  5.620E+01
    8         -4.796E+04  4.467E+03  1.751E+03 -5.140E+03 -1.354E+03 -5.625E+01
 
 STRESS of ELEMENT :  167
 ----------------------------------------------
  Position       Sxx        Syy        Szz        Sxy        Syz        Szx     
    1         -3.441E+04 -4.658E+03 -1.892E+03 -1.558E+04  1.384E+03  3.660E+01
    2         -3.441E+04 -4.659E+03 -1.893E+03 -1.548E+04 -1.383E+03 -3.663E+01
    3         -6.588E+03  4.893E+03  2.125E+03 -1.562E+04  1.384E+03  9.807E+00
    4         -6.588E+03  4.892E+03  2.124E+03 -1.553E+04 -1.383E+03 -9.814E+00
    5         -3.459E+04 -4.931E+03 -2.218E+03 -6.442E+03  1.357E+03  3.659E+01
    6         -3.459E+04 -4.932E+03 -2.219E+03 -6.349E+03 -1.356E+03 -3.664E+01
    7         -6.687E+03  4.700E+03  1.986E+03 -6.488E+03  1.357E+03  9.804E+00
    8         -6.688E+03  4.699E+03  1.986E+03 -6.395E+03 -1.357E+03 -9.817E+00
 
 STRESS of ELEMENT :  168
 ----------------------------------------------
  Position       Sxx        Syy        Szz        Sxy        Syz        Szx     
    1         -3.441E+04 -4.659E+03 -1.893E+03 -1.548E+04  1.383E+03  3.663E+01
    2         -3.441E+04 -4.658E+03 -1.892E+03 -1.558E+04 -1.384E+03 -3.660E+01
    3         -6.588E+03  4.892E+03  2.124E+03 -1.553E+04  1.383E+03  9.814E+00
    4         -6.588E+03  4.893E+03  2.125E+03 -1.562E+04 -1.384E+03 -9.807E+00
    5         -3.459E+04 -4.932E+03 -2.219E+03 -6.349E+03  1.356E+03  3.664E+01
    6         -3.459E+04 -4.931E+03 -2.218E+03 -6.442E+03 -1.357E+03 -3.659E+01
    7         -6.688E+03  4.699E+03  1.986E+03 -6.395E+03  1.357E+03  9.817E+00
    8         -6.687E+03  4.700E+03  1.986E+03 -6.488E+03 -1.357E+03 -9.804E+00
 
 STRESS of ELEMENT :  169
 ----------------------------------------------
  Position       Sxx        Syy        Szz        Sxy        Syz        Szx     
    1          6.588E+03 -4.893E+03 -2.125E+03 -1.562E+04  1.384E+03 -9.807E+00
    2          6.588E+03 -4.892E+03 -2.124E+03 -1.553E+04 -1.383E+03  9.814E+00
    3          3.441E+04  4.658E+03  1.892E+03 -1.558E+04  1.384E+03 -3.660E+01
    4          3.441E+04  4.659E+03  1.893E+03 -1.548E+04 -1.383E+03  3.663E+01
    5          6.687E+03 -4.700E+03 -1.986E+03 -6.488E+03  1.357E+03 -9.804E+00
    6          6.688E+03 -4.699E+03 -1.986E+03 -6.395E+03 -1.357E+03  9.817E+00
    7          3.459E+04  4.931E+03  2.218E+03 -6.442E+03  1.357E+03 -3.659E+01
    8          3.459E+04  4.932E+03  2.219E+03 -6.349E+03 -1.356E+03  3.664E+01
 
 STRESS of ELEMENT :  170
 ----------------------------------------------
  Position       Sxx        Syy        Szz        Sxy        Syz        Szx     
    1          6.588E+03 -4.892E+03 -2.124E+03 -1.553E+04  1.383E+03 -9.814E+00
    2          6.588E+03 -4.893E+03 -2.125E+03 -1.562E+04 -1.384E+03  9.807E+00
    3          3.441E+04  4.659E+03  1.893E+03 -1.548E+04  1.383E+03 -3.663E+01
    4          3.441E+04  4.658E+03  1.892E+03 -1.558E+04 -1.384E+03  3.660E+01
    5          6.688E+03 -4.699E+03 -1.986E+03 -6.395E+03  1.357E+03 -9.817E+00
    6          6.687E+03 -4.700E+03 -1.986E+03 -6.488E+03 -1.357E+03  9.804E+00
    7          3.459E+04  4.932E+03  2.219E+03 -6.349E+03  1.356E+03 -3.664E+01
    8          3.459E+04  4.931E+03  2.218E+03 -6.442E+03 -1.357E+03  3.659E+01
 
 STRESS of ELEMENT :  171
 ----------------------------------------------
  Position       Sxx        Syy        Szz        Sxy        Syz        Szx     
    1          4.759E+04 -5.124E+03 -2.354E+03 -1.427E+04  1.381E+03 -5.627E+01
    2          4.758E+04 -5.129E+03 -2.356E+03 -1.418E+04 -1.384E+03  5.618E+01
    3          7.541E+04  4.430E+03  1.670E+03 -1.414E+04  1.379E+03 -8.321E+01
    4          7.541E+04  4.425E+03  1.668E+03 -1.404E+04 -1.386E+03  8.281E+01
    5          4.796E+04 -4.467E+03 -1.751E+03 -5.140E+03  1.354E+03 -5.625E+01
    6          4.796E+04 -4.471E+03 -1.753E+03 -5.048E+03 -1.357E+03  5.620E+01
    7          7.587E+04  5.168E+03  2.460E+03 -5.001E+03  1.353E+03 -8.317E+01
    8          7.587E+04  5.163E+03  2.458E+03 -4.908E+03 -1.359E+03  8.285E+01
 
 STRESS of ELEMENT :  172
 ----------------------------------------------
  Position       Sxx        Syy        Szz        Sxy        Syz        Szx     
    1          4.758E+04 -5.129E+03 -2.356E+03 -1.418E+04  1.384E+03 -5.618E+01
    2          4.759E+04 -5.124E+03 -2.354E+03 -1.427E+04 -1.381E+03  5.627E+01
    3          7.541E+04  4.425E+03  1.668E+03 -1.404E+04  1.386E+03 -8.281E+01
    4          7.541E+04  4.430E+03  1.670E+03 -1.414E+04 -1.379E+03  8.321E+01
    5          4.796E+04 -4.471E+03 -1.753E+03 -5.048E+03  1.357E+03 -5.620E+01
    6          4.796E+04 -4.467E+03 -1.751E+03 -5.140E+03 -1.354E+03  5.625E+01
    7          7.587E+04  5.163E+03  2.458E+03 -4.908E+03  1.359E+03 -8.285E+01
    8          7.587E+04  5.168E+03  2.460E+03 -5.001E+03 -1.353E+03  8.317E+01
 
 STRESS of ELEMENT :  173
 ----------------------------------------------
  Position       Sxx        Syy        Szz        Sxy        Syz        Szx     
    1          8.860E+04 -5.318E+03 -2.556E+03 -1.153E+04  1.365E+03 -1.020E+02
    2          8.857E+04 -5.404E+03 -2.593E+03 -1.144E+04 -1.396E+03  1.033E+02
    3          1.164E+05  4.242E+03  1.480E+03 -1.130E+04  1.341E+03 -1.262E+02
    4          1.164E+05  4.156E+03  1.444E+03 -1.121E+04 -1.421E+03  1.325E+02
    5          8.926E+04 -4.197E+03 -1.489E+03 -2.399E+03  1.339E+03 -1.019E+02
    6          8.922E+04 -4.281E+03 -1.525E+03 -2.304E+03 -1.369E+03  1.033E+02
    7          1.172E+05  5.443E+03  2.734E+03 -2.167E+03  1.315E+03 -1.262E+02
    8          1.171E+05  5.359E+03  2.698E+03 -2.071E+03 -1.393E+03  1.326E+02
 
 STRESS of ELEMENT :  174
 ----------------------------------------------
  Position       Sxx        Syy        Szz        Sxy        Syz        Szx     
    1          8.857E+04 -5.404E+03 -2.593E+03 -1.144E+04  1.396E+03 -1.033E+02
    2          8.860E+04 -5.318E+03 -2.556E+03 -1.153E+04 -1.365E+03  1.020E+02
    3          1.164E+05  4.156E+03  1.444E+03 -1.121E+04  1.421E+03 -1.325E+02
    4          1.164E+05  4.242E+03  1.480E+03 -1.130E+04 -1.341E+03  1.262E+02
    5          8.922E+04 -4.281E+03 -1.525E+03 -2.304E+03  1.369E+03 -1.033E+02
    6          8.926E+04 -4.197E+03 -1.489E+03 -2.399E+03 -1.339E+03  1.019E+02
    7          1.171E+05  5.359E+03  2.698E+03 -2.071E+03  1.393E+03 -1.326E+02
    8          1.172E+05  5.443E+03  2.734E+03 -2.167E+03 -1.315E+03  1.262E+02
 
 STRESS of ELEMENT :  175
 ----------------------------------------------
  Position       Sxx        Syy        Szz        Sxy        Syz        Szx     
    1          1.296E+05 -5.468E+03 -2.844E+03 -7.387E+03  1.479E+03 -1.534E+02
    2          1.296E+05 -5.548E+03 -2.879E+03 -7.313E+03 -1.397E+03  1.454E+02
    3          1.573E+05  3.922E+03  7.942E+02 -7.062E+03  1.456E+03 -2.032E+02
    4          1.572E+05  3.842E+03  7.599E+02 -6.988E+03 -1.419E+03  1.514E+02
    5          1.305E+05 -3.884E+03 -1.312E+03  1.749E+03  1.450E+03 -1.533E+02
    6          1.305E+05 -3.963E+03 -1.346E+03  1.822E+03 -1.369E+03  1.455E+02
    7          1.583E+05  5.589E+03  2.522E+03  2.073E+03  1.428E+03 -2.032E+02
    8          1.583E+05  5.510E+03  2.488E+03  2.147E+03 -1.392E+03  1.514E+02
 
 STRESS of ELEMENT :  176
 ----------------------------------------------
  Position       Sxx        Syy        Szz        Sxy        Syz        Szx     
    1          1.296E+05 -5.548E+03 -2.879E+03 -7.313E+03  1.397E+03 -1.454E+02
    2          1.296E+05 -5.468E+03 -2.844E+03 -7.387E+03 -1.479E+03  1.534E+02
    3          1.572E+05  3.842E+03  7.599E+02 -6.988E+03  1.419E+03 -1.514E+02
    4          1.573E+05  3.922E+03  7.942E+02 -7.062E+03 -1.456E+03  2.032E+02
    5          1.305E+05 -3.963E+03 -1.346E+03  1.822E+03  1.369E+03 -1.455E+02
    6          1.305E+05 -3.884E+03 -1.312E+03  1.749E+03 -1.450E+03  1.533E+02
    7          1.583E+05  5.510E+03  2.488E+03  2.147E+03  1.392E+03 -1.514E+02
    8          1.583E+05  5.589E+03  2.522E+03  2.073E+03 -1.428E+03  2.032E+02
 
 STRESS of ELEMENT :  177
 ----------------------------------------------
  Position       Sxx        Syy        Szz        Sxy        Syz        Szx     
    1         -1.519E+05 -3.761E+03 -7.380E+02 -6.907E+03  1.407E+03  2.032E+02
    2         -1.519E+05 -3.683E+03 -7.048E+02 -6.833E+03 -1.372E+03 -1.514E+02
    3         -1.252E+05  5.309E+03  2.774E+03 -7.232E+03  1.429E+03  1.534E+02
    4         -1.252E+05  5.386E+03  2.807E+03 -7.158E+03 -1.350E+03 -1.455E+02
    5         -1.529E+05 -5.428E+03 -2.466E+03  1.918E+03  1.379E+03  2.032E+02
    6         -1.529E+05 -5.352E+03 -2.433E+03  1.992E+03 -1.344E+03 -1.514E+02
    7         -1.261E+05  3.726E+03  1.242E+03  1.594E+03  1.401E+03  1.534E+02
    8         -1.261E+05  3.802E+03  1.274E+03  1.668E+03 -1.323E+03 -1.455E+02
 
 STRESS of ELEMENT :  178
 ----------------------------------------------
  Position       Sxx        Syy        Szz        Sxy        Syz        Szx     
    1         -1.519E+05 -3.683E+03 -7.048E+02 -6.833E+03  1.372E+03  1.514E+02
    2         -1.519E+05 -3.761E+03 -7.380E+02 -6.907E+03 -1.407E+03 -2.032E+02
    3         -1.252E+05  5.386E+03  2.807E+03 -7.158E+03  1.350E+03  1.455E+02
    4         -1.252E+05  5.309E+03  2.774E+03 -7.232E+03 -1.429E+03 -1.534E+02
    5         -1.529E+05 -5.352E+03 -2.433E+03  1.992E+03  1.344E+03  1.514E+02
    6         -1.529E+05 -5.428E+03 -2.466E+03  1.918E+03 -1.379E+03 -2.032E+02
    7         -1.261E+05  3.802E+03  1.274E+03  1.668E+03  1.323E+03  1.455E+02
    8         -1.261E+05  3.726E+03  1.242E+03  1.594E+03 -1.401E+03 -1.534E+02
 
 STRESS of ELEMENT :  179
 ----------------------------------------------
  Position       Sxx        Syy        Szz        Sxy        Syz        Szx     
    1         -1.125E+05 -4.078E+03 -1.409E+03 -1.115E+04  1.296E+03  1.262E+02
    2         -1.124E+05 -3.995E+03 -1.373E+03 -1.105E+04 -1.373E+03 -1.326E+02
    3         -8.559E+04  5.156E+03  2.487E+03 -1.138E+04  1.320E+03  1.020E+02
    4         -8.555E+04  5.239E+03  2.523E+03 -1.128E+04 -1.349E+03 -1.033E+02
    5         -1.132E+05 -5.279E+03 -2.663E+03 -2.322E+03  1.270E+03  1.262E+02
    6         -1.132E+05 -5.198E+03 -2.628E+03 -2.226E+03 -1.346E+03 -1.326E+02
    7         -8.625E+04  4.036E+03  1.421E+03 -2.554E+03  1.293E+03  1.020E+02
    8         -8.621E+04  4.117E+03  1.456E+03 -2.459E+03 -1.322E+03 -1.033E+02
 
 STRESS of ELEMENT :  180
 ----------------------------------------------
  Position       Sxx        Syy        Szz        Sxy        Syz        Szx     
    1         -1.124E+05 -3.995E+03 -1.373E+03 -1.105E+04  1.373E+03  1.326E+02
    2         -1.125E+05 -4.078E+03 -1.409E+03 -1.115E+04 -1.296E+03 -1.262E+02
    3         -8.555E+04  5.239E+03  2.523E+03 -1.128E+04  1.349E+03  1.033E+02
    4         -8.559E+04  5.156E+03  2.487E+03 -1.138E+04 -1.320E+03 -1.020E+02
    5         -1.132E+05 -5.198E+03 -2.628E+03 -2.226E+03  1.346E+03  1.326E+02
    6         -1.132E+05 -5.279E+03 -2.663E+03 -2.322E+03 -1.270E+03 -1.262E+02
    7         -8.621E+04  4.117E+03  1.456E+03 -2.459E+03  1.322E+03  1.033E+02
    8         -8.625E+04  4.036E+03  1.421E+03 -2.554E+03 -1.293E+03 -1.020E+02
 
 STRESS of ELEMENT :  181
 ----------------------------------------------
  Position       Sxx        Syy        Szz        Sxy        Syz        Szx     
    1         -7.285E+04 -4.269E+03 -1.600E+03 -1.398E+04  1.333E+03  8.322E+01
    2         -7.284E+04 -4.264E+03 -1.598E+03 -1.389E+04 -1.339E+03 -8.285E+01
    3         -4.597E+04  4.961E+03  2.284E+03 -1.412E+04  1.334E+03  5.628E+01
    4         -4.596E+04  4.965E+03  2.286E+03 -1.403E+04 -1.338E+03 -5.621E+01
    5         -7.330E+04 -5.005E+03 -2.390E+03 -5.156E+03  1.306E+03  8.321E+01
    6         -7.330E+04 -5.001E+03 -2.389E+03 -5.063E+03 -1.312E+03 -8.286E+01
    7         -4.634E+04  4.304E+03  1.682E+03 -5.295E+03  1.308E+03  5.627E+01
    8         -4.634E+04  4.308E+03  1.684E+03 -5.202E+03 -1.311E+03 -5.622E+01
 
 STRESS of ELEMENT :  182
 ----------------------------------------------
  Position       Sxx        Syy        Szz        Sxy        Syz        Szx     
    1         -7.284E+04 -4.264E+03 -1.598E+03 -1.389E+04  1.339E+03  8.285E+01
    2         -7.285E+04 -4.269E+03 -1.600E+03 -1.398E+04 -1.333E+03 -8.322E+01
    3         -4.596E+04  4.965E+03  2.286E+03 -1.403E+04  1.338E+03  5.621E+01
    4         -4.597E+04  4.961E+03  2.284E+03 -1.412E+04 -1.334E+03 -5.628E+01
    5         -7.330E+04 -5.001E+03 -2.389E+03 -5.063E+03  1.312E+03  8.286E+01
    6         -7.330E+04 -5.005E+03 -2.390E+03 -5.156E+03 -1.306E+03 -8.321E+01
    7         -4.634E+04  4.308E+03  1.684E+03 -5.202E+03  1.311E+03  5.622E+01
    8         -4.634E+04  4.304E+03  1.682E+03 -5.295E+03 -1.308E+03 -5.627E+01
 
 STRESS of ELEMENT :  183
 ----------------------------------------------
  Position       Sxx        Syy        Szz        Sxy        Syz        Szx     
    1         -3.324E+04 -4.496E+03 -1.822E+03 -1.542E+04  1.338E+03  3.661E+01
    2         -3.324E+04 -4.497E+03 -1.823E+03 -1.533E+04 -1.337E+03 -3.664E+01
    3         -6.363E+03  4.730E+03  2.055E+03 -1.547E+04  1.337E+03  9.809E+00
    4         -6.363E+03  4.729E+03  2.055E+03 -1.537E+04 -1.337E+03 -9.817E+00
    5         -3.342E+04 -4.769E+03 -2.149E+03 -6.596E+03  1.311E+03  3.660E+01
    6         -3.342E+04 -4.770E+03 -2.149E+03 -6.504E+03 -1.310E+03 -3.665E+01
    7         -6.462E+03  4.537E+03  1.917E+03 -6.643E+03  1.311E+03  9.807E+00
    8         -6.463E+03  4.537E+03  1.916E+03 -6.550E+03 -1.310E+03 -9.819E+00
 
 STRESS of ELEMENT :  184
 ----------------------------------------------
  Position       Sxx        Syy        Szz        Sxy        Syz        Szx     
    1         -3.324E+04 -4.497E+03 -1.823E+03 -1.533E+04  1.337E+03  3.664E+01
    2         -3.324E+04 -4.496E+03 -1.822E+03 -1.542E+04 -1.338E+03 -3.661E+01
    3         -6.363E+03  4.729E+03  2.055E+03 -1.537E+04  1.337E+03  9.817E+00
    4         -6.363E+03  4.730E+03  2.055E+03 -1.547E+04 -1.337E+03 -9.809E+00
    5         -3.342E+04 -4.770E+03 -2.149E+03 -6.504E+03  1.310E+03  3.665E+01
    6         -3.342E+04 -4.769E+03 -2.149E+03 -6.596E+03 -1.311E+03 -3.660E+01
    7         -6.463E+03  4.537E+03  1.916E+03 -6.550E+03  1.310E+03  9.819E+00
    8         -6.462E+03  4.537E+03  1.917E+03 -6.643E+03 -1.311E+03 -9.807E+00
 
 STRESS of ELEMENT :  185
 ----------------------------------------------
  Position       Sxx        Syy        Szz        Sxy        Syz        Szx     
    1          6.363E+03 -4.730E+03 -2.055E+03 -1.547E+04  1.337E+03 -9.809E+00
    2          6.363E+03 -4.729E+03 -2.055E+03 -1.537E+04 -1.337E+03  9.817E+00
    3          3.324E+04  4.496E+03  1.822E+03 -1.542E+04  1.338E+03 -3.661E+01
    4          3.324E+04  4.497E+03  1.823E+03 -1.533E+04 -1.337E+03  3.664E+01
    5          6.462E+03 -4.537E+03 -1.917E+03 -6.643E+03  1.311E+03 -9.807E+00
    6          6.463E+03 -4.537E+03 -1.916E+03 -6.550E+03 -1.310E+03  9.819E+00
    7          3.342E+04  4.769E+03  2.149E+03 -6.596E+03  1.311E+03 -3.660E+01
    8          3.342E+04  4.770E+03  2.149E+03 -6.504E+03 -1.310E+03  3.665E+01
 
 STRESS of ELEMENT :  186
 ----------------------------------------------
  Position       Sxx        Syy        Szz        Sxy        Syz        Szx     
    1          6.363E+03 -4.729E+03 -2.055E+03 -1.537E+04  1.337E+03 -9.817E+00
    2          6.363E+03 -4.730E+03 -2.055E+03 -1.547E+04 -1.337E+03  9.809E+00
    3          3.324E+04  4.497E+03  1.823E+03 -1.533E+04  1.337E+03 -3.664E+01
    4          3.324E+04  4.496E+03  1.822E+03 -1.542E+04 -1.338E+03  3.661E+01
    5          6.463E+03 -4.537E+03 -1.916E+03 -6.550E+03  1.310E+03 -9.819E+00
    6          6.462E+03 -4.537E+03 -1.917E+03 -6.643E+03 -1.311E+03  9.807E+00
    7          3.342E+04  4.770E+03  2.149E+03 -6.504E+03  1.310E+03 -3.665E+01
    8          3.342E+04  4.769E+03  2.149E+03 -6.596E+03 -1.311E+03  3.660E+01
 
 STRESS of ELEMENT :  187
 ----------------------------------------------
  Position       Sxx        Syy        Szz        Sxy        Syz        Szx     
    1          4.597E+04 -4.961E+03 -2.284E+03 -1.412E+04  1.334E+03 -5.628E+01
    2          4.596E+04 -4.965E+03 -2.286E+03 -1.403E+04 -1.338E+03  5.621E+01
    3          7.285E+04  4.269E+03  1.600E+03 -1.398E+04  1.333E+03 -8.322E+01
    4          7.284E+04  4.264E+03  1.598E+03 -1.389E+04 -1.339E+03  8.285E+01
    5          4.634E+04 -4.304E+03 -1.682E+03 -5.295E+03  1.308E+03 -5.627E+01
    6          4.634E+04 -4.308E+03 -1.684E+03 -5.202E+03 -1.311E+03  5.622E+01
    7          7.330E+04  5.005E+03  2.390E+03 -5.156E+03  1.306E+03 -8.321E+01
    8          7.330E+04  5.001E+03  2.389E+03 -5.063E+03 -1.312E+03  8.286E+01
 
 STRESS of ELEMENT :  188
 ----------------------------------------------
  Position       Sxx        Syy        Szz        Sxy        Syz        Szx     
    1          4.596E+04 -4.965E+03 -2.286E+03 -1.403E+04  1.338E+03 -5.621E+01
    2          4.597E+04 -4.961E+03 -2.284E+03 -1.412E+04 -1.334E+03  5.628E+01
    3          7.284E+04  4.264E+03  1.598E+03 -1.389E+04  1.339E+03 -8.285E+01
    4          7.285E+04  4.269E+03  1.600E+03 -1.398E+04 -1.333E+03  8.322E+01
    5          4.634E+04 -4.308E+03 -1.684E+03 -5.202E+03  1.311E+03 -5.622E+01
    6          4.634E+04 -4.304E+03 -1.682E+03 -5.295E+03 -1.308E+03  5.627E+01
    7          7.330E+04  5.001E+03  2.389E+03 -5.063E+03  1.312E+03 -8.286E+01
    8          7.330E+04  5.005E+03  2.390E+03 -5.156E+03 -1.306E+03  8.321E+01
 
 STRESS of ELEMENT :  189
 ----------------------------------------------
  Position       Sxx        Syy        Szz        Sxy        Syz        Szx     
    1          8.559E+04 -5.156E+03 -2.487E+03 -1.138E+04  1.320E+03 -1.020E+02
    2          8.555E+04 -5.239E+03 -2.523E+03 -1.128E+04 -1.349E+03  1.033E+02
    3          1.125E+05  4.078E+03  1.409E+03 -1.115E+04  1.296E+03 -1.262E+02
    4          1.124E+05  3.995E+03  1.373E+03 -1.105E+04 -1.373E+03  1.326E+02
    5          8.625E+04 -4.036E+03 -1.421E+03 -2.554E+03  1.293E+03 -1.020E+02
    6          8.621E+04 -4.117E+03 -1.456E+03 -2.459E+03 -1.322E+03  1.033E+02
    7          1.132E+05  5.279E+03  2.663E+03 -2.322E+03  1.270E+03 -1.262E+02
    8          1.132E+05  5.198E+03  2.628E+03 -2.226E+03 -1.346E+03  1.326E+02
 
 STRESS of ELEMENT :  190
 ----------------------------------------------
  Position       Sxx        Syy        Szz        Sxy        Syz        Szx     
    1          8.555E+04 -5.239E+03 -2.523E+03 -1.128E+04  1.349E+03 -1.033E+02
    2          8.559E+04 -5.156E+03 -2.487E+03 -1.138E+04 -1.320E+03  1.020E+02
    3          1.124E+05  3.995E+03  1.373E+03 -1.105E+04  1.373E+03 -1.326E+02
    4          1.125E+05  4.078E+03  1.409E+03 -1.115E+04 -1.296E+03  1.262E+02
    5          8.621E+04 -4.117E+03 -1.456E+03 -2.459E+03  1.322E+03 -1.033E+02
    6          8.625E+04 -4.036E+03 -1.421E+03 -2.554E+03 -1.293E+03  1.020E+02
    7          1.132E+05  5.198E+03  2.628E+03 -2.226E+03  1.346E+03 -1.326E+02
    8          1.132E+05  5.279E+03  2.663E+03 -2.322E+03 -1.270E+03  1.262E+02
 
 STRESS of ELEMENT :  191
 ----------------------------------------------
  Position       Sxx        Syy        Szz        Sxy        Syz        Szx     
    1          1.252E+05 -5.309E+03 -2.774E+03 -7.232E+03  1.429E+03 -1.534E+02
    2          1.252E+05 -5.386E+03 -2.807E+03 -7.158E+03 -1.350E+03  1.455E+02
    3          1.519E+05  3.761E+03  7.380E+02 -6.907E+03  1.407E+03 -2.032E+02
    4          1.519E+05  3.683E+03  7.048E+02 -6.833E+03 -1.372E+03  1.514E+02
    5          1.261E+05 -3.726E+03 -1.242E+03  1.594E+03  1.401E+03 -1.534E+02
    6          1.261E+05 -3.802E+03 -1.274E+03  1.668E+03 -1.323E+03  1.455E+02
    7          1.529E+05  5.428E+03  2.466E+03  1.918E+03  1.379E+03 -2.032E+02
    8          1.529E+05  5.352E+03  2.433E+03  1.992E+03 -1.344E+03  1.514E+02
 
 STRESS of ELEMENT :  192
 ----------------------------------------------
  Position       Sxx        Syy        Szz        Sxy        Syz        Szx     
    1          1.252E+05 -5.386E+03 -2.807E+03 -7.158E+03  1.350E+03 -1.455E+02
    2          1.252E+05 -5.309E+03 -2.774E+03 -7.232E+03 -1.429E+03  1.534E+02
    3          1.519E+05  3.683E+03  7.048E+02 -6.833E+03  1.372E+03 -1.514E+02
    4          1.519E+05  3.761E+03  7.380E+02 -6.907E+03 -1.407E+03  2.032E+02
    5          1.261E+05 -3.802E+03 -1.274E+03  1.668E+03  1.323E+03 -1.455E+02
    6          1.261E+05 -3.726E+03 -1.242E+03  1.594E+03 -1.401E+03  1.534E+02
    7          1.529E+05  5.352E+03  2.433E+03  1.992E+03  1.344E+03 -1.514E+02
    8          1.529E+05  5.428E+03  2.466E+03  1.918E+03 -1.379E+03  2.032E+02
 
 STRESS of ELEMENT :  193
 ----------------------------------------------
  Position       Sxx        Syy        Szz        Sxy        Syz        Szx     
    1         -1.466E+05 -3.599E+03 -6.818E+02 -6.752E+03  1.358E+03  2.031E+02
    2         -1.465E+05 -3.525E+03 -6.498E+02 -6.678E+03 -1.324E+03 -1.514E+02
    3         -1.208E+05  5.150E+03  2.703E+03 -7.076E+03  1.380E+03  1.534E+02
    4         -1.208E+05  5.225E+03  2.735E+03 -7.003E+03 -1.303E+03 -1.455E+02
    5         -1.476E+05 -5.266E+03 -2.409E+03  1.763E+03  1.330E+03  2.031E+02
    6         -1.476E+05 -5.193E+03 -2.378E+03  1.838E+03 -1.297E+03 -1.514E+02
    7         -1.217E+05  3.567E+03  1.171E+03  1.439E+03  1.351E+03  1.534E+02
    8         -1.217E+05  3.640E+03  1.202E+03  1.513E+03 -1.276E+03 -1.455E+02
 
 STRESS of ELEMENT :  194
 ----------------------------------------------
  Position       Sxx        Syy        Szz        Sxy        Syz        Szx     
    1         -1.465E+05 -3.525E+03 -6.498E+02 -6.678E+03  1.324E+03  1.514E+02
    2         -1.466E+05 -3.599E+03 -6.818E+02 -6.752E+03 -1.358E+03 -2.031E+02
    3         -1.208E+05  5.225E+03  2.735E+03 -7.003E+03  1.303E+03  1.455E+02
    4         -1.208E+05  5.150E+03  2.703E+03 -7.076E+03 -1.380E+03 -1.534E+02
    5         -1.476E+05 -5.193E+03 -2.378E+03  1.838E+03  1.297E+03  1.514E+02
    6         -1.476E+05 -5.266E+03 -2.409E+03  1.763E+03 -1.330E+03 -2.031E+02
    7         -1.217E+05  3.640E+03  1.202E+03  1.513E+03  1.276E+03  1.455E+02
    8         -1.217E+05  3.567E+03  1.171E+03  1.439E+03 -1.351E+03 -1.534E+02
 
 STRESS of ELEMENT :  195
 ----------------------------------------------
  Position       Sxx        Syy        Szz        Sxy        Syz        Szx     
    1         -1.085E+05 -3.914E+03 -1.337E+03 -1.099E+04  1.251E+03  1.262E+02
    2         -1.085E+05 -3.834E+03 -1.303E+03 -1.090E+04 -1.325E+03 -1.326E+02
    3         -8.258E+04  4.995E+03  2.419E+03 -1.122E+04  1.274E+03  1.020E+02
    4         -8.254E+04  5.075E+03  2.453E+03 -1.113E+04 -1.303E+03 -1.033E+02
    5         -1.093E+05 -5.114E+03 -2.591E+03 -2.477E+03  1.225E+03  1.262E+02
    6         -1.092E+05 -5.036E+03 -2.558E+03 -2.381E+03 -1.298E+03 -1.326E+02
    7         -8.323E+04  3.875E+03  1.352E+03 -2.709E+03  1.247E+03  1.020E+02
    8         -8.320E+04  3.953E+03  1.386E+03 -2.613E+03 -1.275E+03 -1.033E+02
 
 STRESS of ELEMENT :  196
 ----------------------------------------------
  Position       Sxx        Syy        Szz        Sxy        Syz        Szx     
    1         -1.085E+05 -3.834E+03 -1.303E+03 -1.090E+04  1.325E+03  1.326E+02
    2         -1.085E+05 -3.914E+03 -1.337E+03 -1.099E+04 -1.251E+03 -1.262E+02
    3         -8.254E+04  5.075E+03  2.453E+03 -1.113E+04  1.303E+03  1.033E+02
    4         -8.258E+04  4.995E+03  2.419E+03 -1.122E+04 -1.274E+03 -1.020E+02
    5         -1.092E+05 -5.036E+03 -2.558E+03 -2.381E+03  1.298E+03  1.326E+02
    6         -1.093E+05 -5.114E+03 -2.591E+03 -2.477E+03 -1.225E+03 -1.262E+02
    7         -8.320E+04  3.953E+03  1.386E+03 -2.613E+03  1.275E+03  1.033E+02
    8         -8.323E+04  3.875E+03  1.352E+03 -2.709E+03 -1.247E+03 -1.020E+02
 
 STRESS of ELEMENT :  197
 ----------------------------------------------
  Position       Sxx        Syy        Szz        Sxy        Syz        Szx     
    1         -7.028E+04 -4.106E+03 -1.530E+03 -1.383E+04  1.287E+03  8.323E+01
    2         -7.028E+04 -4.102E+03 -1.528E+03 -1.373E+04 -1.293E+03 -8.286E+01
    3         -4.435E+04  4.798E+03  2.215E+03 -1.397E+04  1.288E+03  5.628E+01
    4         -4.435E+04  4.802E+03  2.217E+03 -1.387E+04 -1.291E+03 -5.622E+01
    5         -7.074E+04 -4.843E+03 -2.320E+03 -5.311E+03  1.260E+03  8.322E+01
    6         -7.074E+04 -4.839E+03 -2.319E+03 -5.218E+03 -1.266E+03 -8.287E+01
    7         -4.473E+04  4.142E+03  1.612E+03 -5.450E+03  1.261E+03  5.628E+01
    8         -4.472E+04  4.146E+03  1.614E+03 -5.357E+03 -1.265E+03 -5.622E+01
 
 STRESS of ELEMENT :  198
 ----------------------------------------------
  Position       Sxx        Syy        Szz        Sxy        Syz        Szx     
    1         -7.028E+04 -4.102E+03 -1.528E+03 -1.373E+04  1.293E+03  8.286E+01
    2         -7.028E+04 -4.106E+03 -1.530E+03 -1.383E+04 -1.287E+03 -8.323E+01
    3         -4.435E+04  4.802E+03  2.217E+03 -1.387E+04  1.291E+03  5.622E+01
    4         -4.435E+04  4.798E+03  2.215E+03 -1.397E+04 -1.288E+03 -5.628E+01
    5         -7.074E+04 -4.839E+03 -2.319E+03 -5.218E+03  1.266E+03  8.287E+01
    6         -7.074E+04 -4.843E+03 -2.320E+03 -5.311E+03 -1.260E+03 -8.322E+01
    7         -4.472E+04  4.146E+03  1.614E+03 -5.357E+03  1.265E+03  5.622E+01
    8         -4.473E+04  4.142E+03  1.612E+03 -5.450E+03 -1.261E+03 -5.628E+01
 
 STRESS of ELEMENT :  199
 ----------------------------------------------
  Position       Sxx        Syy        Szz        Sxy        Syz        Szx     
    1         -3.207E+04 -4.334E+03 -1.753E+03 -1.527E+04  1.291E+03  3.661E+01
    2         -3.207E+04 -4.335E+03 -1.753E+03 -1.517E+04 -1.290E+03 -3.665E+01
    3         -6.138E+03  4.567E+03  1.985E+03 -1.531E+04  1.291E+03  9.810E+00
    4         -6.138E+03  4.566E+03  1.985E+03 -1.522E+04 -1.291E+03 -9.819E+00
    5         -3.225E+04 -4.606E+03 -2.079E+03 -6.751E+03  1.264E+03  3.661E+01
    6         -3.225E+04 -4.607E+03 -2.079E+03 -6.659E+03 -1.263E+03 -3.665E+01
    7         -6.237E+03  4.375E+03  1.847E+03 -6.798E+03  1.264E+03  9.809E+00
    8         -6.238E+03  4.374E+03  1.847E+03 -6.705E+03 -1.264E+03 -9.820E+00
 
 STRESS of ELEMENT :  200
 ----------------------------------------------
  Position       Sxx        Syy        Szz        Sxy        Syz        Szx     
    1         -3.207E+04 -4.335E+03 -1.753E+03 -1.517E+04  1.290E+03  3.665E+01
    2         -3.207E+04 -4.334E+03 -1.753E+03 -1.527E+04 -1.291E+03 -3.661E+01
    3         -6.138E+03  4.566E+03  1.985E+03 -1.522E+04  1.291E+03  9.819E+00
    4         -6.138E+03  4.567E+03  1.985E+03 -1.531E+04 -1.291E+03 -9.810E+00
    5         -3.225E+04 -4.607E+03 -2.079E+03 -6.659E+03  1.263E+03  3.665E+01
    6         -3.225E+04 -4.606E+03 -2.079E+03 -6.751E+03 -1.264E+03 -3.661E+01
    7         -6.238E+03  4.374E+03  1.847E+03 -6.705E+03  1.264E+03  9.820E+00
    8         -6.237E+03  4.375E+03  1.847E+03 -6.798E+03 -1.264E+03 -9.809E+00
 
 STRESS of ELEMENT :  201
 ----------------------------------------------
  Position       Sxx        Syy        Szz        Sxy        Syz        Szx     
    1          6.138E+03 -4.567E+03 -1.985E+03 -1.531E+04  1.291E+03 -9.810E+00
    2          6.138E+03 -4.566E+03 -1.985E+03 -1.522E+04 -1.291E+03  9.819E+00
    3          3.207E+04  4.334E+03  1.753E+03 -1.527E+04  1.291E+03 -3.661E+01
    4          3.207E+04  4.335E+03  1.753E+03 -1.517E+04 -1.290E+03  3.665E+01
    5          6.237E+03 -4.375E+03 -1.847E+03 -6.798E+03  1.264E+03 -9.809E+00
    6          6.238E+03 -4.374E+03 -1.847E+03 -6.705E+03 -1.264E+03  9.820E+00
    7          3.225E+04  4.606E+03  2.079E+03 -6.751E+03  1.264E+03 -3.661E+01
    8          3.225E+04  4.607E+03  2.079E+03 -6.659E+03 -1.263E+03  3.665E+01
 
 STRESS of ELEMENT :  202
 ----------------------------------------------
  Position       Sxx        Syy        Szz        Sxy        Syz        Szx     
    1          6.138E+03 -4.566E+03 -1.985E+03 -1.522E+04  1.291E+03 -9.819E+00
    2          6.138E+03 -4.567E+03 -1.985E+03 -1.531E+04 -1.291E+03  9.810E+00
    3          3.207E+04  4.335E+03  1.753E+03 -1.517E+04  1.290E+03 -3.665E+01
    4          3.207E+04  4.334E+03  1.753E+03 -1.527E+04 -1.291E+03  3.661E+01
    5          6.238E+03 -4.374E+03 -1.847E+03 -6.705E+03  1.264E+03 -9.820E+00
    6          6.237E+03 -4.375E+03 -1.847E+03 -6.798E+03 -1.264E+03  9.809E+00
    7          3.225E+04  4.607E+03  2.079E+03 -6.659E+03  1.263E+03 -3.665E+01
    8          3.225E+04  4.606E+03  2.079E+03 -6.751E+03 -1.264E+03  3.661E+01
 
 STRESS of ELEMENT :  203
 ----------------------------------------------
  Position       Sxx        Syy        Szz        Sxy        Syz        Szx     
    1          4.435E+04 -4.798E+03 -2.215E+03 -1.397E+04  1.288E+03 -5.628E+01
    2          4.435E+04 -4.802E+03 -2.217E+03 -1.387E+04 -1.291E+03  5.622E+01
    3          7.028E+04  4.106E+03  1.530E+03 -1.383E+04  1.287E+03 -8.323E+01
    4          7.028E+04  4.102E+03  1.528E+03 -1.373E+04 -1.293E+03  8.286E+01
    5          4.473E+04 -4.142E+03 -1.612E+03 -5.450E+03  1.261E+03 -5.628E+01
    6          4.472E+04 -4.146E+03 -1.614E+03 -5.357E+03 -1.265E+03  5.622E+01
    7          7.074E+04  4.843E+03  2.320E+03 -5.311E+03  1.260E+03 -8.322E+01
    8          7.074E+04  4.839E+03  2.319E+03 -5.218E+03 -1.266E+03  8.287E+01
 
 STRESS of ELEMENT :  204
 ----------------------------------------------
  Position       Sxx        Syy        Szz        Sxy        Syz        Szx     
    1          4.435E+04 -4.802E+03 -2.217E+03 -1.387E+04  1.291E+03 -5.622E+01
    2          4.435E+04 -4.798E+03 -2.215E+03 -1.397E+04 -1.288E+03  5.628E+01
    3          7.028E+04  4.102E+03  1.528E+03 -1.373E+04  1.293E+03 -8.286E+01
    4          7.028E+04  4.106E+03  1.530E+03 -1.383E+04 -1.287E+03  8.323E+01
    5          4.472E+04 -4.146E+03 -1.614E+03 -5.357E+03  1.265E+03 -5.622E+01
    6          4.473E+04 -4.142E+03 -1.612E+03 -5.450E+03 -1.261E+03  5.628E+01
    7          7.074E+04  4.839E+03  2.319E+03 -5.218E+03  1.266E+03 -8.287E+01
    8          7.074E+04  4.843E+03  2.320E+03 -5.311E+03 -1.260E+03  8.322E+01
 
 STRESS of ELEMENT :  205
 ----------------------------------------------
  Position       Sxx        Syy        Szz        Sxy        Syz        Szx     
    1          8.258E+04 -4.995E+03 -2.419E+03 -1.122E+04  1.274E+03 -1.020E+02
    2          8.254E+04 -5.075E+03 -2.453E+03 -1.113E+04 -1.303E+03  1.033E+02
    3          1.085E+05  3.914E+03  1.337E+03 -1.099E+04  1.251E+03 -1.262E+02
    4          1.085E+05  3.834E+03  1.303E+03 -1.090E+04 -1.325E+03  1.326E+02
    5          8.323E+04 -3.875E+03 -1.352E+03 -2.709E+03  1.247E+03 -1.020E+02
    6          8.320E+04 -3.953E+03 -1.386E+03 -2.613E+03 -1.275E+03  1.033E+02
    7          1.093E+05  5.114E+03  2.591E+03 -2.477E+03  1.225E+03 -1.262E+02
    8          1.092E+05  5.036E+03  2.558E+03 -2.381E+03 -1.298E+03  1.326E+02
 
 STRESS of ELEMENT :  206
 ----------------------------------------------
  Position       Sxx        Syy        Szz        Sxy        Syz        Szx     
    1          8.254E+04 -5.075E+03 -2.453E+03 -1.113E+04  1.303E+03 -1.033E+02
    2          8.258E+04 -4.995E+03 -2.419E+03 -1.122E+04 -1.274E+03  1.020E+02
    3          1.085E+05  3.834E+03  1.303E+03 -1.090E+04  1.325E+03 -1.326E+02
    4          1.085E+05  3.914E+03  1.337E+03 -1.099E+04 -1.251E+03  1.262E+02
    5          8.320E+04 -3.953E+03 -1.386E+03 -2.613E+03  1.275E+03 -1.033E+02
    6          8.323E+04 -3.875E+03 -1.352E+03 -2.709E+03 -1.247E+03  1.020E+02
    7          1.092E+05  5.036E+03  2.558E+03 -2.381E+03  1.298E+03 -1.326E+02
    8          1.093E+05  5.114E+03  2.591E+03 -2.477E+03 -1.225E+03  1.262E+02
 
 STRESS of ELEMENT :  207
 ----------------------------------------------
  Position       Sxx        Syy        Szz        Sxy        Syz        Szx     
    1          1.208E+05 -5.150E+03 -2.703E+03 -7.076E+03  1.380E+03 -1.534E+02
    2          1.208E+05 -5.225E+03 -2.735E+03 -7.003E+03 -1.303E+03  1.455E+02
    3          1.466E+05  3.599E+03  6.818E+02 -6.752E+03  1.358E+03 -2.031E+02
    4          1.465E+05  3.525E+03  6.498E+02 -6.678E+03 -1.324E+03  1.514E+02
    5          1.217E+05 -3.567E+03 -1.171E+03  1.439E+03  1.351E+03 -1.534E+02
    6          1.217E+05 -3.640E+03 -1.202E+03  1.513E+03 -1.276E+03  1.455E+02
    7          1.476E+05  5.266E+03  2.409E+03  1.763E+03  1.330E+03 -2.031E+02
    8          1.476E+05  5.193E+03  2.378E+03  1.838E+03 -1.297E+03  1.514E+02
 
 STRESS of ELEMENT :  208
 ----------------------------------------------
  Position       Sxx        Syy        Szz        Sxy        Syz        Szx     
    1          1.208E+05 -5.225E+03 -2.735E+03 -7.003E+03  1.303E+03 -1.455E+02
    2          1.208E+05 -5.150E+03 -2.703E+03 -7.076E+03 -1.380E+03  1.534E+02
    3          1.465E+05  3.525E+03  6.498E+02 -6.678E+03  1.324E+03 -1.514E+02
    4          1.466E+05  3.599E+03  6.818E+02 -6.752E+03 -1.358E+03  2.031E+02
    5          1.217E+05 -3.640E+03 -1.202E+03  1.513E+03  1.276E+03 -1.455E+02
    6          1.217E+05 -3.567E+03 -1.171E+03  1.439E+03 -1.351E+03  1.534E+02
    7          1.476E+05  5.193E+03  2.378E+03  1.838E+03  1.297E+03 -1.514E+02
    8          1.476E+05  5.266E+03  2.409E+03  1.763E+03 -1.330E+03  2.031E+02
 
 STRESS of ELEMENT :  209
 ----------------------------------------------
  Position       Sxx        Syy        Szz        Sxy        Syz        Szx     
    1         -1.412E+05 -3.438E+03 -6.257E+02 -6.597E+03  1.309E+03  2.031E+02
    2         -1.412E+05 -3.366E+03 -5.948E+02 -6.523E+03 -1.276E+03 -1.514E+02
    3         -1.164E+05  4.992E+03  2.633E+03 -6.921E+03  1.330E+03  1.533E+02
    4         -1.164E+05  5.064E+03  2.664E+03 -6.848E+03 -1.256E+03 -1.455E+02
    5         -1.422E+05 -5.105E+03 -2.353E+03  1.609E+03  1.281E+03  2.031E+02
    6         -1.422E+05 -5.034E+03 -2.323E+03  1.683E+03 -1.249E+03 -1.514E+02
    7         -1.173E+05  3.409E+03  1.101E+03  1.284E+03  1.301E+03  1.534E+02
    8         -1.173E+05  3.479E+03  1.131E+03  1.358E+03 -1.229E+03 -1.455E+02
 
 STRESS of ELEMENT :  210
 ----------------------------------------------
  Position       Sxx        Syy        Szz        Sxy        Syz        Szx     
    1         -1.412E+05 -3.366E+03 -5.948E+02 -6.523E+03  1.276E+03  1.514E+02
    2         -1.412E+05 -3.438E+03 -6.257E+02 -6.597E+03 -1.309E+03 -2.031E+02
    3         -1.164E+05  5.064E+03  2.664E+03 -6.848E+03  1.256E+03  1.455E+02
    4         -1.164E+05  4.992E+03  2.633E+03 -6.921E+03 -1.330E+03 -1.533E+02
    5         -1.422E+05 -5.034E+03 -2.323E+03  1.683E+03  1.249E+03  1.514E+02
    6         -1.422E+05 -5.105E+03 -2.353E+03  1.609E+03 -1.281E+03 -2.031E+02
    7         -1.173E+05  3.479E+03  1.131E+03  1.358E+03  1.229E+03  1.455E+02
    8         -1.173E+05  3.409E+03  1.101E+03  1.284E+03 -1.301E+03 -1.534E+02
 
 STRESS of ELEMENT :  211
 ----------------------------------------------
  Position       Sxx        Syy        Szz        Sxy        Syz        Szx     
    1         -1.046E+05 -3.750E+03 -1.266E+03 -1.084E+04  1.206E+03  1.262E+02
    2         -1.045E+05 -3.673E+03 -1.233E+03 -1.074E+04 -1.278E+03 -1.326E+02
    3         -7.956E+04  4.834E+03  2.350E+03 -1.107E+04  1.228E+03  1.020E+02
    4         -7.953E+04  4.911E+03  2.383E+03 -1.097E+04 -1.256E+03 -1.033E+02
    5         -1.053E+05 -4.950E+03 -2.520E+03 -2.632E+03  1.180E+03  1.262E+02
    6         -1.053E+05 -4.875E+03 -2.488E+03 -2.536E+03 -1.250E+03 -1.326E+02
    7         -8.022E+04  3.714E+03  1.284E+03 -2.864E+03  1.201E+03  1.020E+02
    8         -8.018E+04  3.789E+03  1.316E+03 -2.768E+03 -1.229E+03 -1.033E+02
 
 STRESS of ELEMENT :  212
 ----------------------------------------------
  Position       Sxx        Syy        Szz        Sxy        Syz        Szx     
    1         -1.045E+05 -3.673E+03 -1.233E+03 -1.074E+04  1.278E+03  1.326E+02
    2         -1.046E+05 -3.750E+03 -1.266E+03 -1.084E+04 -1.206E+03 -1.262E+02
    3         -7.953E+04  4.911E+03  2.383E+03 -1.097E+04  1.256E+03  1.033E+02
    4         -7.956E+04  4.834E+03  2.350E+03 -1.107E+04 -1.228E+03 -1.020E+02
    5         -1.053E+05 -4.875E+03 -2.488E+03 -2.536E+03  1.250E+03  1.326E+02
    6         -1.053E+05 -4.950E+03 -2.520E+03 -2.632E+03 -1.180E+03 -1.262E+02
    7         -8.018E+04  3.789E+03  1.316E+03 -2.768E+03  1.229E+03  1.033E+02
    8         -8.022E+04  3.714E+03  1.284E+03 -2.864E+03 -1.201E+03 -1.020E+02
 
 STRESS of ELEMENT :  213
 ----------------------------------------------
  Position       Sxx        Syy        Szz        Sxy        Syz        Szx     
    1         -6.772E+04 -3.943E+03 -1.460E+03 -1.367E+04  1.241E+03  8.323E+01
    2         -6.772E+04 -3.939E+03 -1.458E+03 -1.358E+04 -1.246E+03 -8.287E+01
    3         -4.273E+04  4.635E+03  2.145E+03 -1.381E+04  1.242E+03  5.628E+01
    4         -4.273E+04  4.640E+03  2.147E+03 -1.372E+04 -1.245E+03 -5.622E+01
    5         -6.818E+04 -4.680E+03 -2.250E+03 -5.465E+03  1.214E+03  8.323E+01
    6         -6.817E+04 -4.676E+03 -2.249E+03 -5.373E+03 -1.219E+03 -8.287E+01
    7         -4.311E+04  3.979E+03  1.543E+03 -5.605E+03  1.215E+03  5.628E+01
    8         -4.310E+04  3.983E+03  1.544E+03 -5.512E+03 -1.218E+03 -5.622E+01
 
 STRESS of ELEMENT :  214
 ----------------------------------------------
  Position       Sxx        Syy        Szz        Sxy        Syz        Szx     
    1         -6.772E+04 -3.939E+03 -1.458E+03 -1.358E+04  1.246E+03  8.287E+01
    2         -6.772E+04 -3.943E+03 -1.460E+03 -1.367E+04 -1.241E+03 -8.323E+01
    3         -4.273E+04  4.640E+03  2.147E+03 -1.372E+04  1.245E+03  5.622E+01
    4         -4.273E+04  4.635E+03  2.145E+03 -1.381E+04 -1.242E+03 -5.628E+01
    5         -6.817E+04 -4.676E+03 -2.249E+03 -5.373E+03  1.219E+03  8.287E+01
    6         -6.818E+04 -4.680E+03 -2.250E+03 -5.465E+03 -1.214E+03 -8.323E+01
    7         -4.310E+04  3.983E+03  1.544E+03 -5.512E+03  1.218E+03  5.622E+01
    8         -4.311E+04  3.979E+03  1.543E+03 -5.605E+03 -1.215E+03 -5.628E+01
 
 STRESS of ELEMENT :  215
 ----------------------------------------------
  Position       Sxx        Syy        Szz        Sxy        Syz        Szx     
    1         -3.090E+04 -4.171E+03 -1.683E+03 -1.511E+04  1.245E+03  3.661E+01
    2         -3.090E+04 -4.172E+03 -1.684E+03 -1.502E+04 -1.244E+03 -3.665E+01
    3         -5.913E+03  4.404E+03  1.916E+03 -1.516E+04  1.244E+03  9.810E+00
    4         -5.913E+03  4.404E+03  1.915E+03 -1.507E+04 -1.244E+03 -9.820E+00
    5         -3.108E+04 -4.444E+03 -2.009E+03 -6.906E+03  1.218E+03  3.661E+01
    6         -3.108E+04 -4.445E+03 -2.010E+03 -6.813E+03 -1.217E+03 -3.665E+01
    7         -6.012E+03  4.212E+03  1.777E+03 -6.953E+03  1.218E+03  9.810E+00
    8         -6.013E+03  4.212E+03  1.777E+03 -6.860E+03 -1.217E+03 -9.821E+00
 
 STRESS of ELEMENT :  216
 ----------------------------------------------
  Position       Sxx        Syy        Szz        Sxy        Syz        Szx     
    1         -3.090E+04 -4.172E+03 -1.684E+03 -1.502E+04  1.244E+03  3.665E+01
    2         -3.090E+04 -4.171E+03 -1.683E+03 -1.511E+04 -1.245E+03 -3.661E+01
    3         -5.913E+03  4.404E+03  1.915E+03 -1.507E+04  1.244E+03  9.820E+00
    4         -5.913E+03  4.404E+03  1.916E+03 -1.516E+04 -1.244E+03 -9.810E+00
    5         -3.108E+04 -4.445E+03 -2.010E+03 -6.813E+03  1.217E+03  3.665E+01
    6         -3.108E+04 -4.444E+03 -2.009E+03 -6.906E+03 -1.218E+03 -3.661E+01
    7         -6.013E+03  4.212E+03  1.777E+03 -6.860E+03  1.217E+03  9.821E+00
    8         -6.012E+03  4.212E+03  1.777E+03 -6.953E+03 -1.218E+03 -9.810E+00
 
 STRESS of ELEMENT :  217
 ----------------------------------------------
  Position       Sxx        Syy        Szz        Sxy        Syz        Szx     
    1          5.913E+03 -4.404E+03 -1.916E+03 -1.516E+04  1.244E+03 -9.810E+00
    2          5.913E+03 -4.404E+03 -1.915E+03 -1.507E+04 -1.244E+03  9.820E+00
    3          3.090E+04  4.171E+03  1.683E+03 -1.511E+04  1.245E+03 -3.661E+01
    4          3.090E+04  4.172E+03  1.684E+03 -1.502E+04 -1.244E+03  3.665E+01
    5          6.012E+03 -4.212E+03 -1.777E+03 -6.953E+03  1.218E+03 -9.810E+00
    6          6.013E+03 -4.212E+03 -1.777E+03 -6.860E+03 -1.217E+03  9.821E+00
    7          3.108E+04  4.444E+03  2.009E+03 -6.906E+03  1.218E+03 -3.661E+01
    8          3.108E+04  4.445E+03  2.010E+03 -6.813E+03 -1.217E+03  3.665E+01
 
 STRESS of ELEMENT :  218
 ----------------------------------------------
  Position       Sxx        Syy        Szz        Sxy        Syz        Szx     
    1          5.913E+03 -4.404E+03 -1.915E+03 -1.507E+04  1.244E+03 -9.820E+00
    2          5.913E+03 -4.404E+03 -1.916E+03 -1.516E+04 -1.244E+03  9.810E+00
    3          3.090E+04  4.172E+03  1.684E+03 -1.502E+04  1.244E+03 -3.665E+01
    4          3.090E+04  4.171E+03  1.683E+03 -1.511E+04 -1.245E+03  3.661E+01
    5          6.013E+03 -4.212E+03 -1.777E+03 -6.860E+03  1.217E+03 -9.821E+00
    6          6.012E+03 -4.212E+03 -1.777E+03 -6.953E+03 -1.218E+03  9.810E+00
    7          3.108E+04  4.445E+03  2.010E+03 -6.813E+03  1.217E+03 -3.665E+01
    8          3.108E+04  4.444E+03  2.009E+03 -6.906E+03 -1.218E+03  3.661E+01
 
 STRESS of ELEMENT :  219
 ----------------------------------------------
  Position       Sxx        Syy        Szz        Sxy        Syz        Szx     
    1          4.273E+04 -4.635E+03 -2.145E+03 -1.381E+04  1.242E+03 -5.628E+01
    2          4.273E+04 -4.640E+03 -2.147E+03 -1.372E+04 -1.245E+03  5.622E+01
    3          6.772E+04  3.943E+03  1.460E+03 -1.367E+04  1.241E+03 -8.323E+01
    4          6.772E+04  3.939E+03  1.458E+03 -1.358E+04 -1.246E+03  8.287E+01
    5          4.311E+04 -3.979E+03 -1.543E+03 -5.605E+03  1.215E+03 -5.628E+01
    6          4.310E+04 -3.983E+03 -1.544E+03 -5.512E+03 -1.218E+03  5.622E+01
    7          6.818E+04  4.680E+03  2.250E+03 -5.465E+03  1.214E+03 -8.323E+01
    8          6.817E+04  4.676E+03  2.249E+03 -5.373E+03 -1.219E+03  8.287E+01
 
 STRESS of ELEMENT :  220
 ----------------------------------------------
  Position       Sxx        Syy        Szz        Sxy        Syz        Szx     
    1          4.273E+04 -4.640E+03 -2.147E+03 -1.372E+04  1.245E+03 -5.622E+01
    2          4.273E+04 -4.635E+03 -2.145E+03 -1.381E+04 -1.242E+03  5.628E+01
    3          6.772E+04  3.939E+03  1.458E+03 -1.358E+04  1.246E+03 -8.287E+01
    4          6.772E+04  3.943E+03  1.460E+03 -1.367E+04 -1.241E+03  8.323E+01
    5          4.310E+04 -3.983E+03 -1.544E+03 -5.512E+03  1.218E+03 -5.622E+01
    6          4.311E+04 -3.979E+03 -1.543E+03 -5.605E+03 -1.215E+03  5.628E+01
    7          6.817E+04  4.676E+03  2.249E+03 -5.373E+03  1.219E+03 -8.287E+01
    8          6.818E+04  4.680E+03  2.250E+03 -5.465E+03 -1.214E+03  8.323E+01
 
 STRESS of ELEMENT :  221
 ----------------------------------------------
  Position       Sxx        Syy        Szz        Sxy        Syz        Szx     
    1          7.956E+04 -4.834E+03 -2.350E+03 -1.107E+04  1.228E+03 -1.020E+02
    2          7.953E+04 -4.911E+03 -2.383E+03 -1.097E+04 -1.256E+03  1.033E+02
    3          1.046E+05  3.750E+03  1.266E+03 -1.084E+04  1.206E+03 -1.262E+02
    4          1.045E+05  3.673E+03  1.233E+03 -1.074E+04 -1.278E+03  1.326E+02
    5          8.022E+04 -3.714E+03 -1.284E+03 -2.864E+03  1.201E+03 -1.020E+02
    6          8.018E+04 -3.789E+03 -1.316E+03 -2.768E+03 -1.229E+03  1.033E+02
    7          1.053E+05  4.950E+03  2.520E+03 -2.632E+03  1.180E+03 -1.262E+02
    8          1.053E+05  4.875E+03  2.488E+03 -2.536E+03 -1.250E+03  1.326E+02
 
 STRESS of ELEMENT :  222
 ----------------------------------------------
  Position       Sxx        Syy        Szz        Sxy        Syz        Szx     
    1          7.953E+04 -4.911E+03 -2.383E+03 -1.097E+04  1.256E+03 -1.033E+02
    2          7.956E+04 -4.834E+03 -2.350E+03 -1.107E+04 -1.228E+03  1.020E+02
    3          1.045E+05  3.673E+03  1.233E+03 -1.074E+04  1.278E+03 -1.326E+02
    4          1.046E+05  3.750E+03  1.266E+03 -1.084E+04 -1.206E+03  1.262E+02
    5          8.018E+04 -3.789E+03 -1.316E+03 -2.768E+03  1.229E+03 -1.033E+02
    6          8.022E+04 -3.714E+03 -1.284E+03 -2.864E+03 -1.201E+03  1.020E+02
    7          1.053E+05  4.875E+03  2.488E+03 -2.536E+03  1.250E+03 -1.326E+02
    8          1.053E+05  4.950E+03  2.520E+03 -2.632E+03 -1.180E+03  1.262E+02
 
 STRESS of ELEMENT :  223
 ----------------------------------------------
  Position       Sxx        Syy        Szz        Sxy        Syz        Szx     
    1          1.164E+05 -4.992E+03 -2.633E+03 -6.921E+03  1.330E+03 -1.533E+02
    2          1.164E+05 -5.064E+03 -2.664E+03 -6.848E+03 -1.256E+03  1.455E+02
    3          1.412E+05  3.438E+03  6.257E+02 -6.597E+03  1.309E+03 -2.031E+02
    4          1.412E+05  3.366E+03  5.948E+02 -6.523E+03 -1.276E+03  1.514E+02
    5          1.173E+05 -3.409E+03 -1.101E+03  1.284E+03  1.301E+03 -1.534E+02
    6          1.173E+05 -3.479E+03 -1.131E+03  1.358E+03 -1.229E+03  1.455E+02
    7          1.422E+05  5.105E+03  2.353E+03  1.609E+03  1.281E+03 -2.031E+02
    8          1.422E+05  5.034E+03  2.323E+03  1.683E+03 -1.249E+03  1.514E+02
 
 STRESS of ELEMENT :  224
 ----------------------------------------------
  Position       Sxx        Syy        Szz        Sxy        Syz        Szx     
    1          1.164E+05 -5.064E+03 -2.664E+03 -6.848E+03  1.256E+03 -1.455E+02
    2          1.164E+05 -4.992E+03 -2.633E+03 -6.921E+03 -1.330E+03  1.533E+02
    3          1.412E+05  3.366E+03  5.948E+02 -6.523E+03  1.276E+03 -1.514E+02
    4          1.412E+05  3.438E+03  6.257E+02 -6.597E+03 -1.309E+03  2.031E+02
    5          1.173E+05 -3.479E+03 -1.131E+03  1.358E+03  1.229E+03 -1.455E+02
    6          1.173E+05 -3.409E+03 -1.101E+03  1.284E+03 -1.301E+03  1.534E+02
    7          1.422E+05  5.034E+03  2.323E+03  1.683E+03  1.249E+03 -1.514E+02
    8          1.422E+05  5.105E+03  2.353E+03  1.609E+03 -1.281E+03  2.031E+02
 
 STRESS of ELEMENT :  225
 ----------------------------------------------
  Position       Sxx        Syy        Szz        Sxy        Syz        Szx     
    1         -1.359E+05 -3.277E+03 -5.695E+02 -6.442E+03  1.260E+03  2.031E+02
    2         -1.358E+05 -3.208E+03 -5.398E+02 -6.368E+03 -1.229E+03 -1.514E+02
    3         -1.120E+05  4.833E+03  2.563E+03 -6.767E+03  1.280E+03  1.533E+02
    4         -1.119E+05  4.903E+03  2.592E+03 -6.693E+03 -1.209E+03 -1.455E+02
    5         -1.369E+05 -4.944E+03 -2.297E+03  1.454E+03  1.232E+03  2.031E+02
    6         -1.369E+05 -4.876E+03 -2.268E+03  1.528E+03 -1.201E+03 -1.514E+02
    7         -1.129E+05  3.250E+03  1.030E+03  1.130E+03  1.252E+03  1.533E+02
    8         -1.129E+05  3.318E+03  1.059E+03  1.203E+03 -1.182E+03 -1.455E+02
 
 STRESS of ELEMENT :  226
 ----------------------------------------------
  Position       Sxx        Syy        Szz        Sxy        Syz        Szx     
    1         -1.358E+05 -3.208E+03 -5.398E+02 -6.368E+03  1.229E+03  1.514E+02
    2         -1.359E+05 -3.277E+03 -5.695E+02 -6.442E+03 -1.260E+03 -2.031E+02
    3         -1.119E+05  4.903E+03  2.592E+03 -6.693E+03  1.209E+03  1.455E+02
    4         -1.120E+05  4.833E+03  2.563E+03 -6.767E+03 -1.280E+03 -1.533E+02
    5         -1.369E+05 -4.876E+03 -2.268E+03  1.528E+03  1.201E+03  1.514E+02
    6         -1.369E+05 -4.944E+03 -2.297E+03  1.454E+03 -1.232E+03 -2.031E+02
    7         -1.129E+05  3.318E+03  1.059E+03  1.203E+03  1.182E+03  1.455E+02
    8         -1.129E+05  3.250E+03  1.030E+03  1.130E+03 -1.252E+03 -1.533E+02
 
 STRESS of ELEMENT :  227
 ----------------------------------------------
  Position       Sxx        Syy        Szz        Sxy        Syz        Szx     
    1         -1.006E+05 -3.585E+03 -1.194E+03 -1.068E+04  1.161E+03  1.262E+02
    2         -1.006E+05 -3.511E+03 -1.163E+03 -1.059E+04 -1.230E+03 -1.326E+02
    3         -7.655E+04  4.672E+03  2.282E+03 -1.091E+04  1.182E+03  1.020E+02
    4         -7.651E+04  4.747E+03  2.313E+03 -1.082E+04 -1.209E+03 -1.033E+02
    5         -1.013E+05 -4.786E+03 -2.449E+03 -2.786E+03  1.135E+03  1.262E+02
    6         -1.013E+05 -4.714E+03 -2.417E+03 -2.690E+03 -1.202E+03 -1.326E+02
    7         -7.720E+04  3.552E+03  1.215E+03 -3.018E+03  1.156E+03  1.020E+02
    8         -7.717E+04  3.625E+03  1.246E+03 -2.923E+03 -1.182E+03 -1.033E+02
 
 STRESS of ELEMENT :  228
 ----------------------------------------------
  Position       Sxx        Syy        Szz        Sxy        Syz        Szx     
    1         -1.006E+05 -3.511E+03 -1.163E+03 -1.059E+04  1.230E+03  1.326E+02
    2         -1.006E+05 -3.585E+03 -1.194E+03 -1.068E+04 -1.161E+03 -1.262E+02
    3         -7.651E+04  4.747E+03  2.313E+03 -1.082E+04  1.209E+03  1.033E+02
    4         -7.655E+04  4.672E+03  2.282E+03 -1.091E+04 -1.182E+03 -1.020E+02
    5         -1.013E+05 -4.714E+03 -2.417E+03 -2.690E+03  1.202E+03  1.326E+02
    6         -1.013E+05 -4.786E+03 -2.449E+03 -2.786E+03 -1.135E+03 -1.262E+02
    7         -7.717E+04  3.625E+03  1.246E+03 -2.923E+03  1.182E+03  1.033E+02
    8         -7.720E+04  3.552E+03  1.215E+03 -3.018E+03 -1.156E+03 -1.020E+02
 
 STRESS of ELEMENT :  229
 ----------------------------------------------
  Position       Sxx        Syy        Szz        Sxy        Syz        Szx     
    1         -6.515E+04 -3.780E+03 -1.390E+03 -1.352E+04  1.194E+03  8.323E+01
    2         -6.515E+04 -3.776E+03 -1.388E+03 -1.342E+04 -1.200E+03 -8.287E+01
    3         -4.111E+04  4.473E+03  2.076E+03 -1.366E+04  1.195E+03  5.628E+01
    4         -4.111E+04  4.477E+03  2.077E+03 -1.356E+04 -1.198E+03 -5.622E+01
    5         -6.561E+04 -4.517E+03 -2.180E+03 -5.620E+03  1.168E+03  8.323E+01
    6         -6.561E+04 -4.513E+03 -2.179E+03 -5.528E+03 -1.173E+03 -8.287E+01
    7         -4.149E+04  3.817E+03  1.473E+03 -5.760E+03  1.169E+03  5.628E+01
    8         -4.148E+04  3.820E+03  1.475E+03 -5.667E+03 -1.172E+03 -5.623E+01
 
 STRESS of ELEMENT :  230
 ----------------------------------------------
  Position       Sxx        Syy        Szz        Sxy        Syz        Szx     
    1         -6.515E+04 -3.776E+03 -1.388E+03 -1.342E+04  1.200E+03  8.287E+01
    2         -6.515E+04 -3.780E+03 -1.390E+03 -1.352E+04 -1.194E+03 -8.323E+01
    3         -4.111E+04  4.477E+03  2.077E+03 -1.356E+04  1.198E+03  5.622E+01
    4         -4.111E+04  4.473E+03  2.076E+03 -1.366E+04 -1.195E+03 -5.628E+01
    5         -6.561E+04 -4.513E+03 -2.179E+03 -5.528E+03  1.173E+03  8.287E+01
    6         -6.561E+04 -4.517E+03 -2.180E+03 -5.620E+03 -1.168E+03 -8.323E+01
    7         -4.148E+04  3.820E+03  1.475E+03 -5.667E+03  1.172E+03  5.623E+01
    8         -4.149E+04  3.817E+03  1.473E+03 -5.760E+03 -1.169E+03 -5.628E+01
 
 STRESS of ELEMENT :  231
 ----------------------------------------------
  Position       Sxx        Syy        Szz        Sxy        Syz        Szx     
    1         -2.973E+04 -4.009E+03 -1.614E+03 -1.496E+04  1.198E+03  3.661E+01
    2         -2.973E+04 -4.010E+03 -1.614E+03 -1.486E+04 -1.197E+03 -3.665E+01
    3         -5.688E+03  4.242E+03  1.846E+03 -1.500E+04  1.198E+03  9.810E+00
    4         -5.688E+03  4.241E+03  1.846E+03 -1.491E+04 -1.198E+03 -9.821E+00
    5         -2.991E+04 -4.281E+03 -1.940E+03 -7.061E+03  1.171E+03  3.661E+01
    6         -2.991E+04 -4.282E+03 -1.940E+03 -6.968E+03 -1.171E+03 -3.665E+01
    7         -5.787E+03  4.050E+03  1.708E+03 -7.108E+03  1.171E+03  9.810E+00
    8         -5.788E+03  4.049E+03  1.707E+03 -7.015E+03 -1.171E+03 -9.821E+00
 
 STRESS of ELEMENT :  232
 ----------------------------------------------
  Position       Sxx        Syy        Szz        Sxy        Syz        Szx     
    1         -2.973E+04 -4.010E+03 -1.614E+03 -1.486E+04  1.197E+03  3.665E+01
    2         -2.973E+04 -4.009E+03 -1.614E+03 -1.496E+04 -1.198E+03 -3.661E+01
    3         -5.688E+03  4.241E+03  1.846E+03 -1.491E+04  1.198E+03  9.821E+00
    4         -5.688E+03  4.242E+03  1.846E+03 -1.500E+04 -1.198E+03 -9.810E+00
    5         -2.991E+04 -4.282E+03 -1.940E+03 -6.968E+03  1.171E+03  3.665E+01
    6         -2.991E+04 -4.281E+03 -1.940E+03 -7.061E+03 -1.171E+03 -3.661E+01
    7         -5.788E+03  4.049E+03  1.707E+03 -7.015E+03  1.171E+03  9.821E+00
    8         -5.787E+03  4.050E+03  1.708E+03 -7.108E+03 -1.171E+03 -9.810E+00
 
 STRESS of ELEMENT :  233
 ----------------------------------------------
  Position       Sxx        Syy        Szz        Sxy        Syz        Szx     
    1          5.688E+03 -4.242E+03 -1.846E+03 -1.500E+04  1.198E+03 -9.810E+00
    2          5.688E+03 -4.241E+03 -1.846E+03 -1.491E+04 -1.198E+03  9.821E+00
    3          2.973E+04  4.009E+03  1.614E+03 -1.496E+04  1.198E+03 -3.661E+01
    4          2.973E+04  4.010E+03  1.614E+03 -1.486E+04 -1.197E+03  3.665E+01
    5          5.787E+03 -4.050E+03 -1.708E+03 -7.108E+03  1.171E+03 -9.810E+00
    6          5.788E+03 -4.049E+03 -1.707E+03 -7.015E+03 -1.171E+03  9.821E+00
    7          2.991E+04  4.281E+03  1.940E+03 -7.061E+03  1.171E+03 -3.661E+01
    8          2.991E+04  4.282E+03  1.940E+03 -6.968E+03 -1.171E+03  3.665E+01
 
 STRESS of ELEMENT :  234
 ----------------------------------------------
  Position       Sxx        Syy        Szz        Sxy        Syz        Szx     
    1          5.688E+03 -4.241E+03 -1.846E+03 -1.491E+04  1.198E+03 -9.821E+00
    2          5.688E+03 -4.242E+03 -1.846E+03 -1.500E+04 -1.198E+03  9.810E+00
    3          2.973E+04  4.010E+03  1.614E+03 -1.486E+04  1.197E+03 -3.665E+01
    4          2.973E+04  4.009E+03  1.614E+03 -1.496E+04 -1.198E+03  3.661E+01
    5          5.788E+03 -4.049E+03 -1.707E+03 -7.015E+03  1.171E+03 -9.821E+00
    6          5.787E+03 -4.050E+03 -1.708E+03 -7.108E+03 -1.171E+03  9.810E+00
    7          2.991E+04  4.282E+03  1.940E+03 -6.968E+03  1.171E+03 -3.665E+01
    8          2.991E+04  4.281E+03  1.940E+03 -7.061E+03 -1.171E+03  3.661E+01
 
 STRESS of ELEMENT :  235
 ----------------------------------------------
  Position       Sxx        Syy        Szz        Sxy        Syz        Szx     
    1          4.111E+04 -4.473E+03 -2.076E+03 -1.366E+04  1.195E+03 -5.628E+01
    2          4.111E+04 -4.477E+03 -2.077E+03 -1.356E+04 -1.198E+03  5.622E+01
    3          6.515E+04  3.780E+03  1.390E+03 -1.352E+04  1.194E+03 -8.323E+01
    4          6.515E+04  3.776E+03  1.388E+03 -1.342E+04 -1.200E+03  8.287E+01
    5          4.149E+04 -3.817E+03 -1.473E+03 -5.760E+03  1.169E+03 -5.628E+01
    6          4.148E+04 -3.820E+03 -1.475E+03 -5.667E+03 -1.172E+03  5.623E+01
    7          6.561E+04  4.517E+03  2.180E+03 -5.620E+03  1.168E+03 -8.323E+01
    8          6.561E+04  4.513E+03  2.179E+03 -5.528E+03 -1.173E+03  8.287E+01
 
 STRESS of ELEMENT :  236
 ----------------------------------------------
  Position       Sxx        Syy        Szz        Sxy        Syz        Szx     
    1          4.111E+04 -4.477E+03 -2.077E+03 -1.356E+04  1.198E+03 -5.622E+01
    2          4.111E+04 -4.473E+03 -2.076E+03 -1.366E+04 -1.195E+03  5.628E+01
    3          6.515E+04  3.776E+03  1.388E+03 -1.342E+04  1.200E+03 -8.287E+01
    4          6.515E+04  3.780E+03  1.390E+03 -1.352E+04 -1.194E+03  8.323E+01
    5          4.148E+04 -3.820E+03 -1.475E+03 -5.667E+03  1.172E+03 -5.623E+01
    6          4.149E+04 -3.817E+03 -1.473E+03 -5.760E+03 -1.169E+03  5.628E+01
    7          6.561E+04  4.513E+03  2.179E+03 -5.528E+03  1.173E+03 -8.287E+01
    8          6.561E+04  4.517E+03  2.180E+03 -5.620E+03 -1.168E+03  8.323E+01
 
 STRESS of ELEMENT :  237
 ----------------------------------------------
  Position       Sxx        Syy        Szz        Sxy        Syz        Szx     
    1          7.655E+04 -4.672E+03 -2.282E+03 -1.091E+04  1.182E+03 -1.020E+02
    2          7.651E+04 -4.747E+03 -2.313E+03 -1.082E+04 -1.209E+03  1.033E+02
    3          1.006E+05  3.585E+03  1.194E+03 -1.068E+04  1.161E+03 -1.262E+02
    4          1.006E+05  3.511E+03  1.163E+03 -1.059E+04 -1.230E+03  1.326E+02
    5          7.720E+04 -3.552E+03 -1.215E+03 -3.018E+03  1.156E+03 -1.020E+02
    6          7.717E+04 -3.625E+03 -1.246E+03 -2.923E+03 -1.182E+03  1.033E+02
    7          1.013E+05  4.786E+03  2.449E+03 -2.786E+03  1.135E+03 -1.262E+02
    8          1.013E+05  4.714E+03  2.417E+03 -2.690E+03 -1.202E+03  1.326E+02
 
 STRESS of ELEMENT :  238
 ----------------------------------------------
  Position       Sxx        Syy        Szz        Sxy        Syz        Szx     
    1          7.651E+04 -4.747E+03 -2.313E+03 -1.082E+04  1.209E+03 -1.033E+02
    2          7.655E+04 -4.672E+03 -2.282E+03 -1.091E+04 -1.182E+03  1.020E+02
    3          1.006E+05  3.511E+03  1.163E+03 -1.059E+04  1.230E+03 -1.326E+02
    4          1.006E+05  3.585E+03  1.194E+03 -1.068E+04 -1.161E+03  1.262E+02
    5          7.717E+04 -3.625E+03 -1.246E+03 -2.923E+03  1.182E+03 -1.033E+02
    6          7.720E+04 -3.552E+03 -1.215E+03 -3.018E+03 -1.156E+03  1.020E+02
    7          1.013E+05  4.714E+03  2.417E+03 -2.690E+03  1.202E+03 -1.326E+02
    8          1.013E+05  4.786E+03  2.449E+03 -2.786E+03 -1.135E+03  1.262E+02
 
 STRESS of ELEMENT :  239
 ----------------------------------------------
  Position       Sxx        Syy        Szz        Sxy        Syz        Szx     
    1          1.120E+05 -4.833E+03 -2.563E+03 -6.767E+03  1.280E+03 -1.533E+02
    2          1.119E+05 -4.903E+03 -2.592E+03 -6.693E+03 -1.209E+03  1.455E+02
    3          1.359E+05  3.277E+03  5.695E+02 -6.442E+03  1.260E+03 -2.031E+02
    4          1.358E+05  3.208E+03  5.398E+02 -6.368E+03 -1.229E+03  1.514E+02
    5          1.129E+05 -3.250E+03 -1.030E+03  1.130E+03  1.252E+03 -1.533E+02
    6          1.129E+05 -3.318E+03 -1.059E+03  1.203E+03 -1.182E+03  1.455E+02
    7          1.369E+05  4.944E+03  2.297E+03  1.454E+03  1.232E+03 -2.031E+02
    8          1.369E+05  4.876E+03  2.268E+03  1.528E+03 -1.201E+03  1.514E+02
 
 STRESS of ELEMENT :  240
 ----------------------------------------------
  Position       Sxx        Syy        Szz        Sxy        Syz        Szx     
    1          1.119E+05 -4.903E+03 -2.592E+03 -6.693E+03  1.209E+03 -1.455E+02
    2          1.120E+05 -4.833E+03 -2.563E+03 -6.767E+03 -1.280E+03  1.533E+02
    3          1.358E+05  3.208E+03  5.398E+02 -6.368E+03  1.229E+03 -1.514E+02
    4          1.359E+05  3.277E+03  5.695E+02 -6.442E+03 -1.260E+03  2.031E+02
    5          1.129E+05 -3.318E+03 -1.059E+03  1.203E+03  1.182E+03 -1.455E+02
    6          1.129E+05 -3.250E+03 -1.030E+03  1.130E+03 -1.252E+03  1.533E+02
    7          1.369E+05  4.876E+03  2.268E+03  1.528E+03  1.201E+03 -1.514E+02
    8          1.369E+05  4.944E+03  2.297E+03  1.454E+03 -1.232E+03  2.031E+02
 
 STRESS of ELEMENT :  241
 ----------------------------------------------
  Position       Sxx        Syy        Szz        Sxy        Syz        Szx     
    1         -1.305E+05 -3.116E+03 -5.133E+02 -6.288E+03  1.212E+03  2.031E+02
    2         -1.305E+05 -3.049E+03 -4.847E+02 -6.213E+03 -1.181E+03 -1.514E+02
    3         -1.076E+05  4.675E+03  2.492E+03 -6.612E+03  1.231E+03  1.533E+02
    4         -1.075E+05  4.741E+03  2.521E+03 -6.538E+03 -1.162E+03 -1.455E+02
    5         -1.315E+05 -4.783E+03 -2.241E+03  1.299E+03  1.183E+03  2.031E+02
    6         -1.315E+05 -4.717E+03 -2.213E+03  1.373E+03 -1.154E+03 -1.514E+02
    7         -1.085E+05  3.092E+03  9.598E+02  9.747E+02  1.202E+03  1.533E+02
    8         -1.085E+05  3.157E+03  9.877E+02  1.049E+03 -1.135E+03 -1.455E+02
 
 STRESS of ELEMENT :  242
 ----------------------------------------------
  Position       Sxx        Syy        Szz        Sxy        Syz        Szx     
    1         -1.305E+05 -3.049E+03 -4.847E+02 -6.213E+03  1.181E+03  1.514E+02
    2         -1.305E+05 -3.116E+03 -5.133E+02 -6.288E+03 -1.212E+03 -2.031E+02
    3         -1.075E+05  4.741E+03  2.521E+03 -6.538E+03  1.162E+03  1.455E+02
    4         -1.076E+05  4.675E+03  2.492E+03 -6.612E+03 -1.231E+03 -1.533E+02
    5         -1.315E+05 -4.717E+03 -2.213E+03  1.373E+03  1.154E+03  1.514E+02
    6         -1.315E+05 -4.783E+03 -2.241E+03  1.299E+03 -1.183E+03 -2.031E+02
    7         -1.085E+05  3.157E+03  9.877E+02  1.049E+03  1.135E+03  1.455E+02
    8         -1.085E+05  3.092E+03  9.598E+02  9.747E+02 -1.202E+03 -1.533E+02
 
 STRESS of ELEMENT :  243
 ----------------------------------------------
  Position       Sxx        Syy        Szz        Sxy        Syz        Szx     
    1         -9.664E+04 -3.421E+03 -1.123E+03 -1.053E+04  1.116E+03  1.262E+02
    2         -9.661E+04 -3.350E+03 -1.093E+03 -1.043E+04 -1.182E+03 -1.326E+02
    3         -7.353E+04  4.511E+03  2.213E+03 -1.076E+04  1.136E+03  1.020E+02
    4         -7.350E+04  4.582E+03  2.244E+03 -1.066E+04 -1.162E+03 -1.033E+02
    5         -9.737E+04 -4.622E+03 -2.377E+03 -2.941E+03  1.090E+03  1.262E+02
    6         -9.734E+04 -4.552E+03 -2.347E+03 -2.845E+03 -1.155E+03 -1.326E+02
    7         -7.419E+04  3.391E+03  1.146E+03 -3.173E+03  1.110E+03  1.020E+02
    8         -7.416E+04  3.461E+03  1.176E+03 -3.078E+03 -1.135E+03 -1.033E+02
 
 STRESS of ELEMENT :  244
 ----------------------------------------------
  Position       Sxx        Syy        Szz        Sxy        Syz        Szx     
    1         -9.661E+04 -3.350E+03 -1.093E+03 -1.043E+04  1.182E+03  1.326E+02
    2         -9.664E+04 -3.421E+03 -1.123E+03 -1.053E+04 -1.116E+03 -1.262E+02
    3         -7.350E+04  4.582E+03  2.244E+03 -1.066E+04  1.162E+03  1.033E+02
    4         -7.353E+04  4.511E+03  2.213E+03 -1.076E+04 -1.136E+03 -1.020E+02
    5         -9.734E+04 -4.552E+03 -2.347E+03 -2.845E+03  1.155E+03  1.326E+02
    6         -9.737E+04 -4.622E+03 -2.377E+03 -2.941E+03 -1.090E+03 -1.262E+02
    7         -7.416E+04  3.461E+03  1.176E+03 -3.078E+03  1.135E+03  1.033E+02
    8         -7.419E+04  3.391E+03  1.146E+03 -3.173E+03 -1.110E+03 -1.020E+02
 
 STRESS of ELEMENT :  245
 ----------------------------------------------
  Position       Sxx        Syy        Szz        Sxy        Syz        Szx     
    1         -6.259E+04 -3.618E+03 -1.320E+03 -1.336E+04  1.148E+03  8.323E+01
    2         -6.259E+04 -3.614E+03 -1.318E+03 -1.327E+04 -1.153E+03 -8.287E+01
    3         -3.949E+04  4.311E+03  2.006E+03 -1.350E+04  1.149E+03  5.629E+01
    4         -3.949E+04  4.314E+03  2.008E+03 -1.341E+04 -1.152E+03 -5.623E+01
    5         -6.305E+04 -4.355E+03 -2.110E+03 -5.775E+03  1.121E+03  8.323E+01
    6         -6.305E+04 -4.351E+03 -2.109E+03 -5.682E+03 -1.126E+03 -8.287E+01
    7         -3.987E+04  3.654E+03  1.403E+03 -5.914E+03  1.122E+03  5.628E+01
    8         -3.987E+04  3.658E+03  1.405E+03 -5.822E+03 -1.125E+03 -5.623E+01
 
 STRESS of ELEMENT :  246
 ----------------------------------------------
  Position       Sxx        Syy        Szz        Sxy        Syz        Szx     
    1         -6.259E+04 -3.614E+03 -1.318E+03 -1.327E+04  1.153E+03  8.287E+01
    2         -6.259E+04 -3.618E+03 -1.320E+03 -1.336E+04 -1.148E+03 -8.323E+01
    3         -3.949E+04  4.314E+03  2.008E+03 -1.341E+04  1.152E+03  5.623E+01
    4         -3.949E+04  4.311E+03  2.006E+03 -1.350E+04 -1.149E+03 -5.629E+01
    5         -6.305E+04 -4.351E+03 -2.109E+03 -5.682E+03  1.126E+03  8.287E+01
    6         -6.305E+04 -4.355E+03 -2.110E+03 -5.775E+03 -1.121E+03 -8.323E+01
    7         -3.987E+04  3.658E+03  1.405E+03 -5.822E+03  1.125E+03  5.623E+01
    8         -3.987E+04  3.654E+03  1.403E+03 -5.914E+03 -1.122E+03 -5.628E+01
 
 STRESS of ELEMENT :  247
 ----------------------------------------------
  Position       Sxx        Syy        Szz        Sxy        Syz        Szx     
    1         -2.856E+04 -3.846E+03 -1.544E+03 -1.480E+04  1.152E+03  3.661E+01
    2         -2.856E+04 -3.847E+03 -1.544E+03 -1.471E+04 -1.151E+03 -3.665E+01
    3         -5.463E+03  4.079E+03  1.776E+03 -1.485E+04  1.152E+03  9.810E+00
    4         -5.463E+03  4.079E+03  1.776E+03 -1.476E+04 -1.151E+03 -9.821E+00
    5         -2.874E+04 -4.119E+03 -1.870E+03 -7.216E+03  1.125E+03  3.661E+01
    6         -2.874E+04 -4.120E+03 -1.870E+03 -7.123E+03 -1.124E+03 -3.665E+01
    7         -5.562E+03  3.887E+03  1.638E+03 -7.263E+03  1.125E+03  9.810E+00
    8         -5.563E+03  3.887E+03  1.638E+03 -7.170E+03 -1.124E+03 -9.821E+00
 
 STRESS of ELEMENT :  248
 ----------------------------------------------
  Position       Sxx        Syy        Szz        Sxy        Syz        Szx     
    1         -2.856E+04 -3.847E+03 -1.544E+03 -1.471E+04  1.151E+03  3.665E+01
    2         -2.856E+04 -3.846E+03 -1.544E+03 -1.480E+04 -1.152E+03 -3.661E+01
    3         -5.463E+03  4.079E+03  1.776E+03 -1.476E+04  1.151E+03  9.821E+00
    4         -5.463E+03  4.079E+03  1.776E+03 -1.485E+04 -1.152E+03 -9.810E+00
    5         -2.874E+04 -4.120E+03 -1.870E+03 -7.123E+03  1.124E+03  3.665E+01
    6         -2.874E+04 -4.119E+03 -1.870E+03 -7.216E+03 -1.125E+03 -3.661E+01
    7         -5.563E+03  3.887E+03  1.638E+03 -7.170E+03  1.124E+03  9.821E+00
    8         -5.562E+03  3.887E+03  1.638E+03 -7.263E+03 -1.125E+03 -9.810E+00
 
 STRESS of ELEMENT :  249
 ----------------------------------------------
  Position       Sxx        Syy        Szz        Sxy        Syz        Szx     
    1          5.463E+03 -4.079E+03 -1.776E+03 -1.485E+04  1.152E+03 -9.810E+00
    2          5.463E+03 -4.079E+03 -1.776E+03 -1.476E+04 -1.151E+03  9.821E+00
    3          2.856E+04  3.846E+03  1.544E+03 -1.480E+04  1.152E+03 -3.661E+01
    4          2.856E+04  3.847E+03  1.544E+03 -1.471E+04 -1.151E+03  3.665E+01
    5          5.562E+03 -3.887E+03 -1.638E+03 -7.263E+03  1.125E+03 -9.810E+00
    6          5.563E+03 -3.887E+03 -1.638E+03 -7.170E+03 -1.124E+03  9.821E+00
    7          2.874E+04  4.119E+03  1.870E+03 -7.216E+03  1.125E+03 -3.661E+01
    8          2.874E+04  4.120E+03  1.870E+03 -7.123E+03 -1.124E+03  3.665E+01
 
 STRESS of ELEMENT :  250
 ----------------------------------------------
  Position       Sxx        Syy        Szz        Sxy        Syz        Szx     
    1          5.463E+03 -4.079E+03 -1.776E+03 -1.476E+04  1.151E+03 -9.821E+00
    2          5.463E+03 -4.079E+03 -1.776E+03 -1.485E+04 -1.152E+03  9.810E+00
    3          2.856E+04  3.847E+03  1.544E+03 -1.471E+04  1.151E+03 -3.665E+01
    4          2.856E+04  3.846E+03  1.544E+03 -1.480E+04 -1.152E+03  3.661E+01
    5          5.563E+03 -3.887E+03 -1.638E+03 -7.170E+03  1.124E+03 -9.821E+00
    6          5.562E+03 -3.887E+03 -1.638E+03 -7.263E+03 -1.125E+03  9.810E+00
    7          2.874E+04  4.120E+03  1.870E+03 -7.123E+03  1.124E+03 -3.665E+01
    8          2.874E+04  4.119E+03  1.870E+03 -7.216E+03 -1.125E+03  3.661E+01
 
 STRESS of ELEMENT :  251
 ----------------------------------------------
  Position       Sxx        Syy        Szz        Sxy        Syz        Szx     
    1          3.949E+04 -4.311E+03 -2.006E+03 -1.350E+04  1.149E+03 -5.629E+01
    2          3.949E+04 -4.314E+03 -2.008E+03 -1.341E+04 -1.152E+03  5.623E+01
    3          6.259E+04  3.618E+03  1.320E+03 -1.336E+04  1.148E+03 -8.323E+01
    4          6.259E+04  3.614E+03  1.318E+03 -1.327E+04 -1.153E+03  8.287E+01
    5          3.987E+04 -3.654E+03 -1.403E+03 -5.914E+03  1.122E+03 -5.628E+01
    6          3.987E+04 -3.658E+03 -1.405E+03 -5.822E+03 -1.125E+03  5.623E+01
    7          6.305E+04  4.355E+03  2.110E+03 -5.775E+03  1.121E+03 -8.323E+01
    8          6.305E+04  4.351E+03  2.109E+03 -5.682E+03 -1.126E+03  8.287E+01
 
 STRESS of ELEMENT :  252
 ----------------------------------------------
  Position       Sxx        Syy        Szz        Sxy        Syz        Szx     
    1          3.949E+04 -4.314E+03 -2.008E+03 -1.341E+04  1.152E+03 -5.623E+01
    2          3.949E+04 -4.311E+03 -2.006E+03 -1.350E+04 -1.149E+03  5.629E+01
    3          6.259E+04  3.614E+03  1.318E+03 -1.327E+04  1.153E+03 -8.287E+01
    4          6.259E+04  3.618E+03  1.320E+03 -1.336E+04 -1.148E+03  8.323E+01
    5          3.987E+04 -3.658E+03 -1.405E+03 -5.822E+03  1.125E+03 -5.623E+01
    6          3.987E+04 -3.654E+03 -1.403E+03 -5.914E+03 -1.122E+03  5.628E+01
    7          6.305E+04  4.351E+03  2.109E+03 -5.682E+03  1.126E+03 -8.287E+01
    8          6.305E+04  4.355E+03  2.110E+03 -5.775E+03 -1.121E+03  8.323E+01
 
 STRESS of ELEMENT :  253
 ----------------------------------------------
  Position       Sxx        Syy        Szz        Sxy        Syz        Szx     
    1          7.353E+04 -4.511E+03 -2.213E+03 -1.076E+04  1.136E+03 -1.020E+02
    2          7.350E+04 -4.582E+03 -2.244E+03 -1.066E+04 -1.162E+03  1.033E+02
    3          9.664E+04  3.421E+03  1.123E+03 -1.053E+04  1.116E+03 -1.262E+02
    4          9.661E+04  3.350E+03  1.093E+03 -1.043E+04 -1.182E+03  1.326E+02
    5          7.419E+04 -3.391E+03 -1.146E+03 -3.173E+03  1.110E+03 -1.020E+02
    6          7.416E+04 -3.461E+03 -1.176E+03 -3.078E+03 -1.135E+03  1.033E+02
    7          9.737E+04  4.622E+03  2.377E+03 -2.941E+03  1.090E+03 -1.262E+02
    8          9.734E+04  4.552E+03  2.347E+03 -2.845E+03 -1.155E+03  1.326E+02
 
 STRESS of ELEMENT :  254
 ----------------------------------------------
  Position       Sxx        Syy        Szz        Sxy        Syz        Szx     
    1          7.350E+04 -4.582E+03 -2.244E+03 -1.066E+04  1.162E+03 -1.033E+02
    2          7.353E+04 -4.511E+03 -2.213E+03 -1.076E+04 -1.136E+03  1.020E+02
    3          9.661E+04  3.350E+03  1.093E+03 -1.043E+04  1.182E+03 -1.326E+02
    4          9.664E+04  3.421E+03  1.123E+03 -1.053E+04 -1.116E+03  1.262E+02
    5          7.416E+04 -3.461E+03 -1.176E+03 -3.078E+03  1.135E+03 -1.033E+02
    6          7.419E+04 -3.391E+03 -1.146E+03 -3.173E+03 -1.110E+03  1.020E+02
    7          9.734E+04  4.552E+03  2.347E+03 -2.845E+03  1.155E+03 -1.326E+02
    8          9.737E+04  4.622E+03  2.377E+03 -2.941E+03 -1.090E+03  1.262E+02
 
 STRESS of ELEMENT :  255
 ----------------------------------------------
  Position       Sxx        Syy        Szz        Sxy        Syz        Szx     
    1          1.076E+05 -4.675E+03 -2.492E+03 -6.612E+03  1.231E+03 -1.533E+02
    2          1.075E+05 -4.741E+03 -2.521E+03 -6.538E+03 -1.162E+03  1.455E+02
    3          1.305E+05  3.116E+03  5.133E+02 -6.288E+03  1.212E+03 -2.031E+02
    4          1.305E+05  3.049E+03  4.847E+02 -6.213E+03 -1.181E+03  1.514E+02
    5          1.085E+05 -3.092E+03 -9.598E+02  9.747E+02  1.202E+03 -1.533E+02
    6          1.085E+05 -3.157E+03 -9.877E+02  1.049E+03 -1.135E+03  1.455E+02
    7          1.315E+05  4.783E+03  2.241E+03  1.299E+03  1.183E+03 -2.031E+02
    8          1.315E+05  4.717E+03  2.213E+03  1.373E+03 -1.154E+03  1.514E+02
 
 STRESS of ELEMENT :  256
 ----------------------------------------------
  Position       Sxx        Syy        Szz        Sxy        Syz        Szx     
    1          1.075E+05 -4.741E+03 -2.521E+03 -6.538E+03  1.162E+03 -1.455E+02
    2          1.076E+05 -4.675E+03 -2.492E+03 -6.612E+03 -1.231E+03  1.533E+02
    3          1.305E+05  3.049E+03  4.847E+02 -6.213E+03  1.181E+03 -1.514E+02
    4          1.305E+05  3.116E+03  5.133E+02 -6.288E+03 -1.212E+03  2.031E+02
    5          1.085E+05 -3.157E+03 -9.877E+02  1.049E+03  1.135E+03 -1.455E+02
    6          1.085E+05 -3.092E+03 -9.598E+02  9.747E+02 -1.202E+03  1.533E+02
    7          1.315E+05  4.717E+03  2.213E+03  1.373E+03  1.154E+03 -1.514E+02
    8          1.315E+05  4.783E+03  2.241E+03  1.299E+03 -1.183E+03  2.031E+02
 
 STRESS of ELEMENT :  257
 ----------------------------------------------
  Position       Sxx        Syy        Szz        Sxy        Syz        Szx     
    1         -1.252E+05 -2.955E+03 -4.571E+02 -6.133E+03  1.163E+03  2.031E+02
    2         -1.252E+05 -2.891E+03 -4.297E+02 -6.058E+03 -1.133E+03 -1.514E+02
    3         -1.032E+05  4.516E+03  2.422E+03 -6.457E+03  1.181E+03  1.533E+02
    4         -1.031E+05  4.580E+03  2.449E+03 -6.383E+03 -1.115E+03 -1.455E+02
    5         -1.262E+05 -4.621E+03 -2.184E+03  1.144E+03  1.134E+03  2.031E+02
    6         -1.262E+05 -4.559E+03 -2.158E+03  1.218E+03 -1.106E+03 -1.514E+02
    7         -1.041E+05  2.933E+03  8.893E+02  8.199E+02  1.152E+03  1.533E+02
    8         -1.041E+05  2.996E+03  9.161E+02  8.937E+02 -1.088E+03 -1.455E+02
 
 STRESS of ELEMENT :  258
 ----------------------------------------------
  Position       Sxx        Syy        Szz        Sxy        Syz        Szx     
    1         -1.252E+05 -2.891E+03 -4.297E+02 -6.058E+03  1.133E+03  1.514E+02
    2         -1.252E+05 -2.955E+03 -4.571E+02 -6.133E+03 -1.163E+03 -2.031E+02
    3         -1.031E+05  4.580E+03  2.449E+03 -6.383E+03  1.115E+03  1.455E+02
    4         -1.032E+05  4.516E+03  2.422E+03 -6.457E+03 -1.181E+03 -1.533E+02
    5         -1.262E+05 -4.559E+03 -2.158E+03  1.218E+03  1.106E+03  1.514E+02
    6         -1.262E+05 -4.621E+03 -2.184E+03  1.144E+03 -1.134E+03 -2.031E+02
    7         -1.041E+05  2.996E+03  9.161E+02  8.937E+02  1.088E+03  1.455E+02
    8         -1.041E+05  2.933E+03  8.893E+02  8.199E+02 -1.152E+03 -1.533E+02
 
 STRESS of ELEMENT :  259
 ----------------------------------------------
  Position       Sxx        Syy        Szz        Sxy        Syz        Szx     
    1         -9.268E+04 -3.257E+03 -1.052E+03 -1.037E+04  1.071E+03  1.262E+02
    2         -9.265E+04 -3.189E+03 -1.022E+03 -1.028E+04 -1.135E+03 -1.326E+02
    3         -7.052E+04  4.350E+03  2.145E+03 -1.060E+04  1.090E+03  1.020E+02
    4         -7.049E+04  4.418E+03  2.174E+03 -1.051E+04 -1.115E+03 -1.033E+02
    5         -9.341E+04 -4.458E+03 -2.306E+03 -3.096E+03  1.045E+03  1.262E+02
    6         -9.339E+04 -4.391E+03 -2.277E+03 -3.000E+03 -1.107E+03 -1.326E+02
    7         -7.117E+04  3.230E+03  1.078E+03 -3.328E+03  1.064E+03  1.020E+02
    8         -7.114E+04  3.296E+03  1.106E+03 -3.233E+03 -1.088E+03 -1.033E+02
 
 STRESS of ELEMENT :  260
 ----------------------------------------------
  Position       Sxx        Syy        Szz        Sxy        Syz        Szx     
    1         -9.265E+04 -3.189E+03 -1.022E+03 -1.028E+04  1.135E+03  1.326E+02
    2         -9.268E+04 -3.257E+03 -1.052E+03 -1.037E+04 -1.071E+03 -1.262E+02
    3         -7.049E+04  4.418E+03  2.174E+03 -1.051E+04  1.115E+03  1.033E+02
    4         -7.052E+04  4.350E+03  2.145E+03 -1.060E+04 -1.090E+03 -1.020E+02
    5         -9.339E+04 -4.391E+03 -2.277E+03 -3.000E+03  1.107E+03  1.326E+02
    6         -9.341E+04 -4.458E+03 -2.306E+03 -3.096E+03 -1.045E+03 -1.262E+02
    7         -7.114E+04  3.296E+03  1.106E+03 -3.233E+03  1.088E+03  1.033E+02
    8         -7.117E+04  3.230E+03  1.078E+03 -3.328E+03 -1.064E+03 -1.020E+02
 
 STRESS of ELEMENT :  261
 ----------------------------------------------
  Position       Sxx        Syy        Szz        Sxy        Syz        Szx     
    1         -6.003E+04 -3.455E+03 -1.250E+03 -1.321E+04  1.102E+03  8.323E+01
    2         -6.002E+04 -3.451E+03 -1.248E+03 -1.311E+04 -1.107E+03 -8.287E+01
    3         -3.787E+04  4.148E+03  1.937E+03 -1.335E+04  1.103E+03  5.629E+01
    4         -3.787E+04  4.152E+03  1.938E+03 -1.325E+04 -1.105E+03 -5.623E+01
    5         -6.048E+04 -4.192E+03 -2.040E+03 -5.930E+03  1.075E+03  8.323E+01
    6         -6.048E+04 -4.188E+03 -2.039E+03 -5.837E+03 -1.080E+03 -8.287E+01
    7         -3.825E+04  3.492E+03  1.334E+03 -6.069E+03  1.076E+03  5.629E+01
    8         -3.825E+04  3.495E+03  1.335E+03 -5.977E+03 -1.079E+03 -5.623E+01
 
 STRESS of ELEMENT :  262
 ----------------------------------------------
  Position       Sxx        Syy        Szz        Sxy        Syz        Szx     
    1         -6.002E+04 -3.451E+03 -1.248E+03 -1.311E+04  1.107E+03  8.287E+01
    2         -6.003E+04 -3.455E+03 -1.250E+03 -1.321E+04 -1.102E+03 -8.323E+01
    3         -3.787E+04  4.152E+03  1.938E+03 -1.325E+04  1.105E+03  5.623E+01
    4         -3.787E+04  4.148E+03  1.937E+03 -1.335E+04 -1.103E+03 -5.629E+01
    5         -6.048E+04 -4.188E+03 -2.039E+03 -5.837E+03  1.080E+03  8.287E+01
    6         -6.048E+04 -4.192E+03 -2.040E+03 -5.930E+03 -1.075E+03 -8.323E+01
    7         -3.825E+04  3.495E+03  1.335E+03 -5.977E+03  1.079E+03  5.623E+01
    8         -3.825E+04  3.492E+03  1.334E+03 -6.069E+03 -1.076E+03 -5.629E+01
 
 STRESS of ELEMENT :  263
 ----------------------------------------------
  Position       Sxx        Syy        Szz        Sxy        Syz        Szx     
    1         -2.739E+04 -3.684E+03 -1.474E+03 -1.465E+04  1.105E+03  3.661E+01
    2         -2.739E+04 -3.684E+03 -1.474E+03 -1.455E+04 -1.105E+03 -3.665E+01
    3         -5.238E+03  3.917E+03  1.707E+03 -1.469E+04  1.105E+03  9.810E+00
    4         -5.238E+03  3.916E+03  1.706E+03 -1.460E+04 -1.105E+03 -9.821E+00
    5         -2.757E+04 -3.956E+03 -1.800E+03 -7.371E+03  1.078E+03  3.661E+01
    6         -2.757E+04 -3.957E+03 -1.801E+03 -7.278E+03 -1.078E+03 -3.665E+01
    7         -5.337E+03  3.725E+03  1.568E+03 -7.417E+03  1.078E+03  9.810E+00
    8         -5.338E+03  3.724E+03  1.568E+03 -7.324E+03 -1.078E+03 -9.821E+00
 
 STRESS of ELEMENT :  264
 ----------------------------------------------
  Position       Sxx        Syy        Szz        Sxy        Syz        Szx     
    1         -2.739E+04 -3.684E+03 -1.474E+03 -1.455E+04  1.105E+03  3.665E+01
    2         -2.739E+04 -3.684E+03 -1.474E+03 -1.465E+04 -1.105E+03 -3.661E+01
    3         -5.238E+03  3.916E+03  1.706E+03 -1.460E+04  1.105E+03  9.821E+00
    4         -5.238E+03  3.917E+03  1.707E+03 -1.469E+04 -1.105E+03 -9.810E+00
    5         -2.757E+04 -3.957E+03 -1.801E+03 -7.278E+03  1.078E+03  3.665E+01
    6         -2.757E+04 -3.956E+03 -1.800E+03 -7.371E+03 -1.078E+03 -3.661E+01
    7         -5.338E+03  3.724E+03  1.568E+03 -7.324E+03  1.078E+03  9.821E+00
    8         -5.337E+03  3.725E+03  1.568E+03 -7.417E+03 -1.078E+03 -9.810E+00
 
 STRESS of ELEMENT :  265
 ----------------------------------------------
  Position       Sxx        Syy        Szz        Sxy        Syz        Szx     
    1          5.238E+03 -3.917E+03 -1.707E+03 -1.469E+04  1.105E+03 -9.810E+00
    2          5.238E+03 -3.916E+03 -1.706E+03 -1.460E+04 -1.105E+03  9.821E+00
    3          2.739E+04  3.684E+03  1.474E+03 -1.465E+04  1.105E+03 -3.661E+01
    4          2.739E+04  3.684E+03  1.474E+03 -1.455E+04 -1.105E+03  3.665E+01
    5          5.337E+03 -3.725E+03 -1.568E+03 -7.417E+03  1.078E+03 -9.810E+00
    6          5.338E+03 -3.724E+03 -1.568E+03 -7.324E+03 -1.078E+03  9.821E+00
    7          2.757E+04  3.956E+03  1.800E+03 -7.371E+03  1.078E+03 -3.661E+01
    8          2.757E+04  3.957E+03  1.801E+03 -7.278E+03 -1.078E+03  3.665E+01
 
 STRESS of ELEMENT :  266
 ----------------------------------------------
  Position       Sxx        Syy        Szz        Sxy        Syz        Szx     
    1          5.238E+03 -3.916E+03 -1.706E+03 -1.460E+04  1.105E+03 -9.821E+00
    2          5.238E+03 -3.917E+03 -1.707E+03 -1.469E+04 -1.105E+03  9.810E+00
    3          2.739E+04  3.684E+03  1.474E+03 -1.455E+04  1.105E+03 -3.665E+01
    4          2.739E+04  3.684E+03  1.474E+03 -1.465E+04 -1.105E+03  3.661E+01
    5          5.338E+03 -3.724E+03 -1.568E+03 -7.324E+03  1.078E+03 -9.821E+00
    6          5.337E+03 -3.725E+03 -1.568E+03 -7.417E+03 -1.078E+03  9.810E+00
    7          2.757E+04  3.957E+03  1.801E+03 -7.278E+03  1.078E+03 -3.665E+01
    8          2.757E+04  3.956E+03  1.800E+03 -7.371E+03 -1.078E+03  3.661E+01
 
 STRESS of ELEMENT :  267
 ----------------------------------------------
  Position       Sxx        Syy        Szz        Sxy        Syz        Szx     
    1          3.787E+04 -4.148E+03 -1.937E+03 -1.335E+04  1.103E+03 -5.629E+01
    2          3.787E+04 -4.152E+03 -1.938E+03 -1.325E+04 -1.105E+03  5.623E+01
    3          6.003E+04  3.455E+03  1.250E+03 -1.321E+04  1.102E+03 -8.323E+01
    4          6.002E+04  3.451E+03  1.248E+03 -1.311E+04 -1.107E+03  8.287E+01
    5          3.825E+04 -3.492E+03 -1.334E+03 -6.069E+03  1.076E+03 -5.629E+01
    6          3.825E+04 -3.495E+03 -1.335E+03 -5.977E+03 -1.079E+03  5.623E+01
    7          6.048E+04  4.192E+03  2.040E+03 -5.930E+03  1.075E+03 -8.323E+01
    8          6.048E+04  4.188E+03  2.039E+03 -5.837E+03 -1.080E+03  8.287E+01
 
 STRESS of ELEMENT :  268
 ----------------------------------------------
  Position       Sxx        Syy        Szz        Sxy        Syz        Szx     
    1          3.787E+04 -4.152E+03 -1.938E+03 -1.325E+04  1.105E+03 -5.623E+01
    2          3.787E+04 -4.148E+03 -1.937E+03 -1.335E+04 -1.103E+03  5.629E+01
    3          6.002E+04  3.451E+03  1.248E+03 -1.311E+04  1.107E+03 -8.287E+01
    4          6.003E+04  3.455E+03  1.250E+03 -1.321E+04 -1.102E+03  8.323E+01
    5          3.825E+04 -3.495E+03 -1.335E+03 -5.977E+03  1.079E+03 -5.623E+01
    6          3.825E+04 -3.492E+03 -1.334E+03 -6.069E+03 -1.076E+03  5.629E+01
    7          6.048E+04  4.188E+03  2.039E+03 -5.837E+03  1.080E+03 -8.287E+01
    8          6.048E+04  4.192E+03  2.040E+03 -5.930E+03 -1.075E+03  8.323E+01
 
 STRESS of ELEMENT :  269
 ----------------------------------------------
  Position       Sxx        Syy        Szz        Sxy        Syz        Szx     
    1          7.052E+04 -4.350E+03 -2.145E+03 -1.060E+04  1.090E+03 -1.020E+02
    2          7.049E+04 -4.418E+03 -2.174E+03 -1.051E+04 -1.115E+03  1.033E+02
    3          9.268E+04  3.257E+03  1.052E+03 -1.037E+04  1.071E+03 -1.262E+02
    4          9.265E+04  3.189E+03  1.022E+03 -1.028E+04 -1.135E+03  1.326E+02
    5          7.117E+04 -3.230E+03 -1.078E+03 -3.328E+03  1.064E+03 -1.020E+02
    6          7.114E+04 -3.296E+03 -1.106E+03 -3.233E+03 -1.088E+03  1.033E+02
    7          9.341E+04  4.458E+03  2.306E+03 -3.096E+03  1.045E+03 -1.262E+02
    8          9.339E+04  4.391E+03  2.277E+03 -3.000E+03 -1.107E+03  1.326E+02
 
 STRESS of ELEMENT :  270
 ----------------------------------------------
  Position       Sxx        Syy        Szz        Sxy        Syz        Szx     
    1          7.049E+04 -4.418E+03 -2.174E+03 -1.051E+04  1.115E+03 -1.033E+02
    2          7.052E+04 -4.350E+03 -2.145E+03 -1.060E+04 -1.090E+03  1.020E+02
    3          9.265E+04  3.189E+03  1.022E+03 -1.028E+04  1.135E+03 -1.326E+02
    4          9.268E+04  3.257E+03  1.052E+03 -1.037E+04 -1.071E+03  1.262E+02
    5          7.114E+04 -3.296E+03 -1.106E+03 -3.233E+03  1.088E+03 -1.033E+02
    6          7.117E+04 -3.230E+03 -1.078E+03 -3.328E+03 -1.064E+03  1.020E+02
    7          9.339E+04  4.391E+03  2.277E+03 -3.000E+03  1.107E+03 -1.326E+02
    8          9.341E+04  4.458E+03  2.306E+03 -3.096E+03 -1.045E+03  1.262E+02
 
 STRESS of ELEMENT :  271
 ----------------------------------------------
  Position       Sxx        Syy        Szz        Sxy        Syz        Szx     
    1          1.032E+05 -4.516E+03 -2.422E+03 -6.457E+03  1.181E+03 -1.533E+02
    2          1.031E+05 -4.580E+03 -2.449E+03 -6.383E+03 -1.115E+03  1.455E+02
    3          1.252E+05  2.955E+03  4.571E+02 -6.133E+03  1.163E+03 -2.031E+02
    4          1.252E+05  2.891E+03  4.297E+02 -6.058E+03 -1.133E+03  1.514E+02
    5          1.041E+05 -2.933E+03 -8.893E+02  8.199E+02  1.152E+03 -1.533E+02
    6          1.041E+05 -2.996E+03 -9.161E+02  8.937E+02 -1.088E+03  1.455E+02
    7          1.262E+05  4.621E+03  2.184E+03  1.144E+03  1.134E+03 -2.031E+02
    8          1.262E+05  4.559E+03  2.158E+03  1.218E+03 -1.106E+03  1.514E+02
 
 STRESS of ELEMENT :  272
 ----------------------------------------------
  Position       Sxx        Syy        Szz        Sxy        Syz        Szx     
    1          1.031E+05 -4.580E+03 -2.449E+03 -6.383E+03  1.115E+03 -1.455E+02
    2          1.032E+05 -4.516E+03 -2.422E+03 -6.457E+03 -1.181E+03  1.533E+02
    3          1.252E+05  2.891E+03  4.297E+02 -6.058E+03  1.133E+03 -1.514E+02
    4          1.252E+05  2.955E+03  4.571E+02 -6.133E+03 -1.163E+03  2.031E+02
    5          1.041E+05 -2.996E+03 -9.161E+02  8.937E+02  1.088E+03 -1.455E+02
    6          1.041E+05 -2.933E+03 -8.893E+02  8.199E+02 -1.152E+03  1.533E+02
    7          1.262E+05  4.559E+03  2.158E+03  1.218E+03  1.106E+03 -1.514E+02
    8          1.262E+05  4.621E+03  2.184E+03  1.144E+03 -1.134E+03  2.031E+02
 
 STRESS of ELEMENT :  273
 ----------------------------------------------
  Position       Sxx        Syy        Szz        Sxy        Syz        Szx     
    1         -1.198E+05 -2.793E+03 -4.009E+02 -5.978E+03  1.114E+03  2.031E+02
    2         -1.198E+05 -2.732E+03 -3.746E+02 -5.904E+03 -1.086E+03 -1.514E+02
    3         -9.874E+04  4.358E+03  2.351E+03 -6.302E+03  1.131E+03  1.533E+02
    4         -9.872E+04  4.419E+03  2.377E+03 -6.228E+03 -1.068E+03 -1.455E+02
    5         -1.208E+05 -4.460E+03 -2.128E+03  9.893E+02  1.086E+03  2.031E+02
    6         -1.208E+05 -4.400E+03 -2.103E+03  1.064E+03 -1.058E+03 -1.514E+02
    7         -9.968E+04  2.775E+03  8.189E+02  6.651E+02  1.103E+03  1.533E+02
    8         -9.965E+04  2.834E+03  8.445E+02  7.389E+02 -1.041E+03 -1.455E+02
 
 STRESS of ELEMENT :  274
 ----------------------------------------------
  Position       Sxx        Syy        Szz        Sxy        Syz        Szx     
    1         -1.198E+05 -2.732E+03 -3.746E+02 -5.904E+03  1.086E+03  1.514E+02
    2         -1.198E+05 -2.793E+03 -4.009E+02 -5.978E+03 -1.114E+03 -2.031E+02
    3         -9.872E+04  4.419E+03  2.377E+03 -6.228E+03  1.068E+03  1.455E+02
    4         -9.874E+04  4.358E+03  2.351E+03 -6.302E+03 -1.131E+03 -1.533E+02
    5         -1.208E+05 -4.400E+03 -2.103E+03  1.064E+03  1.058E+03  1.514E+02
    6         -1.208E+05 -4.460E+03 -2.128E+03  9.893E+02 -1.086E+03 -2.031E+02
    7         -9.965E+04  2.834E+03  8.445E+02  7.389E+02  1.041E+03  1.455E+02
    8         -9.968E+04  2.775E+03  8.189E+02  6.651E+02 -1.103E+03 -1.533E+02
 
 STRESS of ELEMENT :  275
 ----------------------------------------------
  Position       Sxx        Syy        Szz        Sxy        Syz        Szx     
    1         -8.872E+04 -3.093E+03 -9.802E+02 -1.022E+04  1.026E+03  1.262E+02
    2         -8.869E+04 -3.027E+03 -9.521E+02 -1.012E+04 -1.087E+03 -1.326E+02
    3         -6.750E+04  4.189E+03  2.076E+03 -1.045E+04  1.045E+03  1.020E+02
    4         -6.747E+04  4.254E+03  2.104E+03 -1.035E+04 -1.068E+03 -1.033E+02
    5         -8.945E+04 -4.293E+03 -2.234E+03 -3.251E+03  9.998E+02  1.262E+02
    6         -8.943E+04 -4.230E+03 -2.207E+03 -3.155E+03 -1.059E+03 -1.326E+02
    7         -6.816E+04  3.068E+03  1.009E+03 -3.483E+03  1.018E+03  1.020E+02
    8         -6.813E+04  3.132E+03  1.037E+03 -3.387E+03 -1.041E+03 -1.033E+02
 
 STRESS of ELEMENT :  276
 ----------------------------------------------
  Position       Sxx        Syy        Szz        Sxy        Syz        Szx     
    1         -8.869E+04 -3.027E+03 -9.521E+02 -1.012E+04  1.087E+03  1.326E+02
    2         -8.872E+04 -3.093E+03 -9.802E+02 -1.022E+04 -1.026E+03 -1.262E+02
    3         -6.747E+04  4.254E+03  2.104E+03 -1.035E+04  1.068E+03  1.033E+02
    4         -6.750E+04  4.189E+03  2.076E+03 -1.045E+04 -1.045E+03 -1.020E+02
    5         -8.943E+04 -4.230E+03 -2.207E+03 -3.155E+03  1.059E+03  1.326E+02
    6         -8.945E+04 -4.293E+03 -2.234E+03 -3.251E+03 -9.998E+02 -1.262E+02
    7         -6.813E+04  3.132E+03  1.037E+03 -3.387E+03  1.041E+03  1.033E+02
    8         -6.816E+04  3.068E+03  1.009E+03 -3.483E+03 -1.018E+03 -1.020E+02
 
 STRESS of ELEMENT :  277
 ----------------------------------------------
  Position       Sxx        Syy        Szz        Sxy        Syz        Szx     
    1         -5.746E+04 -3.292E+03 -1.180E+03 -1.305E+04  1.055E+03  8.323E+01
    2         -5.746E+04 -3.289E+03 -1.179E+03 -1.296E+04 -1.060E+03 -8.287E+01
    3         -3.625E+04  3.985E+03  1.867E+03 -1.319E+04  1.056E+03  5.629E+01
    4         -3.625E+04  3.989E+03  1.869E+03 -1.310E+04 -1.059E+03 -5.623E+01
    5         -5.792E+04 -4.029E+03 -1.970E+03 -6.085E+03  1.029E+03  8.323E+01
    6         -5.792E+04 -4.026E+03 -1.969E+03 -5.992E+03 -1.033E+03 -8.287E+01
    7         -3.663E+04  3.329E+03  1.264E+03 -6.224E+03  1.030E+03  5.629E+01
    8         -3.663E+04  3.332E+03  1.266E+03 -6.131E+03 -1.032E+03 -5.623E+01
 
 STRESS of ELEMENT :  278
 ----------------------------------------------
  Position       Sxx        Syy        Szz        Sxy        Syz        Szx     
    1         -5.746E+04 -3.289E+03 -1.179E+03 -1.296E+04  1.060E+03  8.287E+01
    2         -5.746E+04 -3.292E+03 -1.180E+03 -1.305E+04 -1.055E+03 -8.323E+01
    3         -3.625E+04  3.989E+03  1.869E+03 -1.310E+04  1.059E+03  5.623E+01
    4         -3.625E+04  3.985E+03  1.867E+03 -1.319E+04 -1.056E+03 -5.629E+01
    5         -5.792E+04 -4.026E+03 -1.969E+03 -5.992E+03  1.033E+03  8.287E+01
    6         -5.792E+04 -4.029E+03 -1.970E+03 -6.085E+03 -1.029E+03 -8.323E+01
    7         -3.663E+04  3.332E+03  1.266E+03 -6.131E+03  1.032E+03  5.623E+01
    8         -3.663E+04  3.329E+03  1.264E+03 -6.224E+03 -1.030E+03 -5.629E+01
 
 STRESS of ELEMENT :  279
 ----------------------------------------------
  Position       Sxx        Syy        Szz        Sxy        Syz        Szx     
    1         -2.622E+04 -3.521E+03 -1.405E+03 -1.449E+04  1.059E+03  3.661E+01
    2         -2.622E+04 -3.522E+03 -1.405E+03 -1.440E+04 -1.058E+03 -3.665E+01
    3         -5.013E+03  3.754E+03  1.637E+03 -1.454E+04  1.059E+03  9.810E+00
    4         -5.013E+03  3.753E+03  1.637E+03 -1.445E+04 -1.058E+03 -9.821E+00
    5         -2.640E+04 -3.794E+03 -1.731E+03 -7.526E+03  1.032E+03  3.661E+01
    6         -2.640E+04 -3.794E+03 -1.731E+03 -7.433E+03 -1.031E+03 -3.665E+01
    7         -5.112E+03  3.562E+03  1.499E+03 -7.572E+03  1.032E+03  9.810E+00
    8         -5.113E+03  3.561E+03  1.498E+03 -7.479E+03 -1.032E+03 -9.821E+00
 
 STRESS of ELEMENT :  280
 ----------------------------------------------
  Position       Sxx        Syy        Szz        Sxy        Syz        Szx     
    1         -2.622E+04 -3.522E+03 -1.405E+03 -1.440E+04  1.058E+03  3.665E+01
    2         -2.622E+04 -3.521E+03 -1.405E+03 -1.449E+04 -1.059E+03 -3.661E+01
    3         -5.013E+03  3.753E+03  1.637E+03 -1.445E+04  1.058E+03  9.821E+00
    4         -5.013E+03  3.754E+03  1.637E+03 -1.454E+04 -1.059E+03 -9.810E+00
    5         -2.640E+04 -3.794E+03 -1.731E+03 -7.433E+03  1.031E+03  3.665E+01
    6         -2.640E+04 -3.794E+03 -1.731E+03 -7.526E+03 -1.032E+03 -3.661E+01
    7         -5.113E+03  3.561E+03  1.498E+03 -7.479E+03  1.032E+03  9.821E+00
    8         -5.112E+03  3.562E+03  1.499E+03 -7.572E+03 -1.032E+03 -9.810E+00
 
 STRESS of ELEMENT :  281
 ----------------------------------------------
  Position       Sxx        Syy        Szz        Sxy        Syz        Szx     
    1          5.013E+03 -3.754E+03 -1.637E+03 -1.454E+04  1.059E+03 -9.810E+00
    2          5.013E+03 -3.753E+03 -1.637E+03 -1.445E+04 -1.058E+03  9.821E+00
    3          2.622E+04  3.521E+03  1.405E+03 -1.449E+04  1.059E+03 -3.661E+01
    4          2.622E+04  3.522E+03  1.405E+03 -1.440E+04 -1.058E+03  3.665E+01
    5          5.112E+03 -3.562E+03 -1.499E+03 -7.572E+03  1.032E+03 -9.810E+00
    6          5.113E+03 -3.561E+03 -1.498E+03 -7.479E+03 -1.032E+03  9.821E+00
    7          2.640E+04  3.794E+03  1.731E+03 -7.526E+03  1.032E+03 -3.661E+01
    8          2.640E+04  3.794E+03  1.731E+03 -7.433E+03 -1.031E+03  3.665E+01
 
 STRESS of ELEMENT :  282
 ----------------------------------------------
  Position       Sxx        Syy        Szz        Sxy        Syz        Szx     
    1          5.013E+03 -3.753E+03 -1.637E+03 -1.445E+04  1.058E+03 -9.821E+00
    2          5.013E+03 -3.754E+03 -1.637E+03 -1.454E+04 -1.059E+03  9.810E+00
    3          2.622E+04  3.522E+03  1.405E+03 -1.440E+04  1.058E+03 -3.665E+01
    4          2.622E+04  3.521E+03  1.405E+03 -1.449E+04 -1.059E+03  3.661E+01
    5          5.113E+03 -3.561E+03 -1.498E+03 -7.479E+03  1.032E+03 -9.821E+00
    6          5.112E+03 -3.562E+03 -1.499E+03 -7.572E+03 -1.032E+03  9.810E+00
    7          2.640E+04  3.794E+03  1.731E+03 -7.433E+03  1.031E+03 -3.665E+01
    8          2.640E+04  3.794E+03  1.731E+03 -7.526E+03 -1.032E+03  3.661E+01
 
 STRESS of ELEMENT :  283
 ----------------------------------------------
  Position       Sxx        Syy        Szz        Sxy        Syz        Szx     
    1          3.625E+04 -3.985E+03 -1.867E+03 -1.319E+04  1.056E+03 -5.629E+01
    2          3.625E+04 -3.989E+03 -1.869E+03 -1.310E+04 -1.059E+03  5.623E+01
    3          5.746E+04  3.292E+03  1.180E+03 -1.305E+04  1.055E+03 -8.323E+01
    4          5.746E+04  3.289E+03  1.179E+03 -1.296E+04 -1.060E+03  8.287E+01
    5          3.663E+04 -3.329E+03 -1.264E+03 -6.224E+03  1.030E+03 -5.629E+01
    6          3.663E+04 -3.332E+03 -1.266E+03 -6.131E+03 -1.032E+03  5.623E+01
    7          5.792E+04  4.029E+03  1.970E+03 -6.085E+03  1.029E+03 -8.323E+01
    8          5.792E+04  4.026E+03  1.969E+03 -5.992E+03 -1.033E+03  8.287E+01
 
 STRESS of ELEMENT :  284
 ----------------------------------------------
  Position       Sxx        Syy        Szz        Sxy        Syz        Szx     
    1          3.625E+04 -3.989E+03 -1.869E+03 -1.310E+04  1.059E+03 -5.623E+01
    2          3.625E+04 -3.985E+03 -1.867E+03 -1.319E+04 -1.056E+03  5.629E+01
    3          5.746E+04  3.289E+03  1.179E+03 -1.296E+04  1.060E+03 -8.287E+01
    4          5.746E+04  3.292E+03  1.180E+03 -1.305E+04 -1.055E+03  8.323E+01
    5          3.663E+04 -3.332E+03 -1.266E+03 -6.131E+03  1.032E+03 -5.623E+01
    6          3.663E+04 -3.329E+03 -1.264E+03 -6.224E+03 -1.030E+03  5.629E+01
    7          5.792E+04  4.026E+03  1.969E+03 -5.992E+03  1.033E+03 -8.287E+01
    8          5.792E+04  4.029E+03  1.970E+03 -6.085E+03 -1.029E+03  8.323E+01
 
 STRESS of ELEMENT :  285
 ----------------------------------------------
  Position       Sxx        Syy        Szz        Sxy        Syz        Szx     
    1          6.750E+04 -4.189E+03 -2.076E+03 -1.045E+04  1.045E+03 -1.020E+02
    2          6.747E+04 -4.254E+03 -2.104E+03 -1.035E+04 -1.068E+03  1.033E+02
    3          8.872E+04  3.093E+03  9.802E+02 -1.022E+04  1.026E+03 -1.262E+02
    4          8.869E+04  3.027E+03  9.521E+02 -1.012E+04 -1.087E+03  1.326E+02
    5          6.816E+04 -3.068E+03 -1.009E+03 -3.483E+03  1.018E+03 -1.020E+02
    6          6.813E+04 -3.132E+03 -1.037E+03 -3.387E+03 -1.041E+03  1.033E+02
    7          8.945E+04  4.293E+03  2.234E+03 -3.251E+03  9.998E+02 -1.262E+02
    8          8.943E+04  4.230E+03  2.207E+03 -3.155E+03 -1.059E+03  1.326E+02
 
 STRESS of ELEMENT :  286
 ----------------------------------------------
  Position       Sxx        Syy        Szz        Sxy        Syz        Szx     
    1          6.747E+04 -4.254E+03 -2.104E+03 -1.035E+04  1.068E+03 -1.033E+02
    2          6.750E+04 -4.189E+03 -2.076E+03 -1.045E+04 -1.045E+03  1.020E+02
    3          8.869E+04  3.027E+03  9.521E+02 -1.012E+04  1.087E+03 -1.326E+02
    4          8.872E+04  3.093E+03  9.802E+02 -1.022E+04 -1.026E+03  1.262E+02
    5          6.813E+04 -3.132E+03 -1.037E+03 -3.387E+03  1.041E+03 -1.033E+02
    6          6.816E+04 -3.068E+03 -1.009E+03 -3.483E+03 -1.018E+03  1.020E+02
    7          8.943E+04  4.230E+03  2.207E+03 -3.155E+03  1.059E+03 -1.326E+02
    8          8.945E+04  4.293E+03  2.234E+03 -3.251E+03 -9.998E+02  1.262E+02
 
 STRESS of ELEMENT :  287
 ----------------------------------------------
  Position       Sxx        Syy        Szz        Sxy        Syz        Szx     
    1          9.874E+04 -4.358E+03 -2.351E+03 -6.302E+03  1.131E+03 -1.533E+02
    2          9.872E+04 -4.419E+03 -2.377E+03 -6.228E+03 -1.068E+03  1.455E+02
    3          1.198E+05  2.793E+03  4.009E+02 -5.978E+03  1.114E+03 -2.031E+02
    4          1.198E+05  2.732E+03  3.746E+02 -5.904E+03 -1.086E+03  1.514E+02
    5          9.968E+04 -2.775E+03 -8.189E+02  6.651E+02  1.103E+03 -1.533E+02
    6          9.965E+04 -2.834E+03 -8.445E+02  7.389E+02 -1.041E+03  1.455E+02
    7          1.208E+05  4.460E+03  2.128E+03  9.893E+02  1.086E+03 -2.031E+02
    8          1.208E+05  4.400E+03  2.103E+03  1.064E+03 -1.058E+03  1.514E+02
 
 STRESS of ELEMENT :  288
 ----------------------------------------------
  Position       Sxx        Syy        Szz        Sxy        Syz        Szx     
    1          9.872E+04 -4.419E+03 -2.377E+03 -6.228E+03  1.068E+03 -1.455E+02
    2          9.874E+04 -4.358E+03 -2.351E+03 -6.302E+03 -1.131E+03  1.533E+02
    3          1.198E+05  2.732E+03  3.746E+02 -5.904E+03  1.086E+03 -1.514E+02
    4          1.198E+05  2.793E+03  4.009E+02 -5.978E+03 -1.114E+03  2.031E+02
    5          9.965E+04 -2.834E+03 -8.445E+02  7.389E+02  1.041E+03 -1.455E+02
    6          9.968E+04 -2.775E+03 -8.189E+02  6.651E+02 -1.103E+03  1.533E+02
    7          1.208E+05  4.400E+03  2.103E+03  1.064E+03  1.058E+03 -1.514E+02
    8          1.208E+05  4.460E+03  2.128E+03  9.893E+02 -1.086E+03  2.031E+02
 
 STRESS of ELEMENT :  289
 ----------------------------------------------
  Position       Sxx        Syy        Szz        Sxy        Syz        Szx     
    1         -1.145E+05 -2.632E+03 -3.447E+02 -5.823E+03  1.065E+03  2.031E+02
    2         -1.145E+05 -2.574E+03 -3.196E+02 -5.749E+03 -1.038E+03 -1.514E+02
    3         -9.433E+04  4.199E+03  2.281E+03 -6.147E+03  1.082E+03  1.533E+02
    4         -9.431E+04  4.258E+03  2.306E+03 -6.073E+03 -1.021E+03 -1.455E+02
    5         -1.155E+05 -4.299E+03 -2.072E+03  8.345E+02  1.037E+03  2.031E+02
    6         -1.155E+05 -4.242E+03 -2.048E+03  9.087E+02 -1.011E+03 -1.514E+02
    7         -9.527E+04  2.616E+03  7.484E+02  5.102E+02  1.053E+03  1.533E+02
    8         -9.524E+04  2.673E+03  7.729E+02  5.840E+02 -9.944E+02 -1.455E+02
 
 STRESS of ELEMENT :  290
 ----------------------------------------------
  Position       Sxx        Syy        Szz        Sxy        Syz        Szx     
    1         -1.145E+05 -2.574E+03 -3.196E+02 -5.749E+03  1.038E+03  1.514E+02
    2         -1.145E+05 -2.632E+03 -3.447E+02 -5.823E+03 -1.065E+03 -2.031E+02
    3         -9.431E+04  4.258E+03  2.306E+03 -6.073E+03  1.021E+03  1.455E+02
    4         -9.433E+04  4.199E+03  2.281E+03 -6.147E+03 -1.082E+03 -1.533E+02
    5         -1.155E+05 -4.242E+03 -2.048E+03  9.087E+02  1.011E+03  1.514E+02
    6         -1.155E+05 -4.299E+03 -2.072E+03  8.345E+02 -1.037E+03 -2.031E+02
    7         -9.524E+04  2.673E+03  7.729E+02  5.840E+02  9.944E+02  1.455E+02
    8         -9.527E+04  2.616E+03  7.484E+02  5.102E+02 -1.053E+03 -1.533E+02
 
 STRESS of ELEMENT :  291
 ----------------------------------------------
  Position       Sxx        Syy        Szz        Sxy        Syz        Szx     
    1         -8.476E+04 -2.929E+03 -9.087E+02 -1.006E+04  9.808E+02  1.262E+02
    2         -8.473E+04 -2.866E+03 -8.819E+02 -9.967E+03 -1.039E+03 -1.326E+02
    3         -6.449E+04  4.027E+03  2.007E+03 -1.030E+04  9.987E+02  1.020E+02
    4         -6.446E+04  4.090E+03  2.034E+03 -1.020E+04 -1.021E+03 -1.033E+02
    5         -8.549E+04 -4.129E+03 -2.163E+03 -3.406E+03  9.548E+02  1.262E+02
    6         -8.547E+04 -4.068E+03 -2.137E+03 -3.310E+03 -1.012E+03 -1.326E+02
    7         -6.514E+04  2.907E+03  9.408E+02 -3.638E+03  9.722E+02  1.020E+02
    8         -6.512E+04  2.968E+03  9.669E+02 -3.542E+03 -9.942E+02 -1.033E+02
 
 STRESS of ELEMENT :  292
 ----------------------------------------------
  Position       Sxx        Syy        Szz        Sxy        Syz        Szx     
    1         -8.473E+04 -2.866E+03 -8.819E+02 -9.967E+03  1.039E+03  1.326E+02
    2         -8.476E+04 -2.929E+03 -9.087E+02 -1.006E+04 -9.808E+02 -1.262E+02
    3         -6.446E+04  4.090E+03  2.034E+03 -1.020E+04  1.021E+03  1.033E+02
    4         -6.449E+04  4.027E+03  2.007E+03 -1.030E+04 -9.987E+02 -1.020E+02
    5         -8.547E+04 -4.068E+03 -2.137E+03 -3.310E+03  1.012E+03  1.326E+02
    6         -8.549E+04 -4.129E+03 -2.163E+03 -3.406E+03 -9.548E+02 -1.262E+02
    7         -6.512E+04  2.968E+03  9.669E+02 -3.542E+03  9.942E+02  1.033E+02
    8         -6.514E+04  2.907E+03  9.408E+02 -3.638E+03 -9.722E+02 -1.020E+02
 
 STRESS of ELEMENT :  293
 ----------------------------------------------
  Position       Sxx        Syy        Szz        Sxy        Syz        Szx     
    1         -5.490E+04 -3.130E+03 -1.110E+03 -1.290E+04  1.009E+03  8.323E+01
    2         -5.490E+04 -3.126E+03 -1.109E+03 -1.280E+04 -1.013E+03 -8.287E+01
    3         -3.463E+04  3.823E+03  1.797E+03 -1.304E+04  1.010E+03  5.629E+01
    4         -3.463E+04  3.826E+03  1.799E+03 -1.294E+04 -1.013E+03 -5.623E+01
    5         -5.536E+04 -3.866E+03 -1.900E+03 -6.240E+03  9.823E+02  8.323E+01
    6         -5.535E+04 -3.863E+03 -1.899E+03 -6.147E+03 -9.866E+02 -8.287E+01
    7         -3.501E+04  3.166E+03  1.195E+03 -6.379E+03  9.832E+02  5.629E+01
    8         -3.501E+04  3.170E+03  1.196E+03 -6.286E+03 -9.857E+02 -5.623E+01
 
 STRESS of ELEMENT :  294
 ----------------------------------------------
  Position       Sxx        Syy        Szz        Sxy        Syz        Szx     
    1         -5.490E+04 -3.126E+03 -1.109E+03 -1.280E+04  1.013E+03  8.287E+01
    2         -5.490E+04 -3.130E+03 -1.110E+03 -1.290E+04 -1.009E+03 -8.323E+01
    3         -3.463E+04  3.826E+03  1.799E+03 -1.294E+04  1.013E+03  5.623E+01
    4         -3.463E+04  3.823E+03  1.797E+03 -1.304E+04 -1.010E+03 -5.629E+01
    5         -5.535E+04 -3.863E+03 -1.899E+03 -6.147E+03  9.866E+02  8.287E+01
    6         -5.536E+04 -3.866E+03 -1.900E+03 -6.240E+03 -9.823E+02 -8.323E+01
    7         -3.501E+04  3.170E+03  1.196E+03 -6.286E+03  9.857E+02  5.623E+01
    8         -3.501E+04  3.166E+03  1.195E+03 -6.379E+03 -9.832E+02 -5.629E+01
 
 STRESS of ELEMENT :  295
 ----------------------------------------------
  Position       Sxx        Syy        Szz        Sxy        Syz        Szx     
    1         -2.505E+04 -3.359E+03 -1.335E+03 -1.434E+04  1.012E+03  3.661E+01
    2         -2.505E+04 -3.359E+03 -1.335E+03 -1.425E+04 -1.012E+03 -3.665E+01
    3         -4.788E+03  3.592E+03  1.567E+03 -1.438E+04  1.012E+03  9.810E+00
    4         -4.788E+03  3.591E+03  1.567E+03 -1.429E+04 -1.012E+03 -9.821E+00
    5         -2.523E+04 -3.631E+03 -1.661E+03 -7.681E+03  9.855E+02  3.661E+01
    6         -2.523E+04 -3.632E+03 -1.661E+03 -7.588E+03 -9.849E+02 -3.665E+01
    7         -4.887E+03  3.400E+03  1.429E+03 -7.727E+03  9.854E+02  9.810E+00
    8         -4.887E+03  3.399E+03  1.429E+03 -7.634E+03 -9.851E+02 -9.821E+00
 
 STRESS of ELEMENT :  296
 ----------------------------------------------
  Position       Sxx        Syy        Szz        Sxy        Syz        Szx     
    1         -2.505E+04 -3.359E+03 -1.335E+03 -1.425E+04  1.012E+03  3.665E+01
    2         -2.505E+04 -3.359E+03 -1.335E+03 -1.434E+04 -1.012E+03 -3.661E+01
    3         -4.788E+03  3.591E+03  1.567E+03 -1.429E+04  1.012E+03  9.821E+00
    4         -4.788E+03  3.592E+03  1.567E+03 -1.438E+04 -1.012E+03 -9.810E+00
    5         -2.523E+04 -3.632E+03 -1.661E+03 -7.588E+03  9.849E+02  3.665E+01
    6         -2.523E+04 -3.631E+03 -1.661E+03 -7.681E+03 -9.855E+02 -3.661E+01
    7         -4.887E+03  3.399E+03  1.429E+03 -7.634E+03  9.851E+02  9.821E+00
    8         -4.887E+03  3.400E+03  1.429E+03 -7.727E+03 -9.854E+02 -9.810E+00
 
 STRESS of ELEMENT :  297
 ----------------------------------------------
  Position       Sxx        Syy        Szz        Sxy        Syz        Szx     
    1          4.788E+03 -3.592E+03 -1.567E+03 -1.438E+04  1.012E+03 -9.810E+00
    2          4.788E+03 -3.591E+03 -1.567E+03 -1.429E+04 -1.012E+03  9.821E+00
    3          2.505E+04  3.359E+03  1.335E+03 -1.434E+04  1.012E+03 -3.661E+01
    4          2.505E+04  3.359E+03  1.335E+03 -1.425E+04 -1.012E+03  3.665E+01
    5          4.887E+03 -3.400E+03 -1.429E+03 -7.727E+03  9.854E+02 -9.810E+00
    6          4.887E+03 -3.399E+03 -1.429E+03 -7.634E+03 -9.851E+02  9.821E+00
    7          2.523E+04  3.631E+03  1.661E+03 -7.681E+03  9.855E+02 -3.661E+01
    8          2.523E+04  3.632E+03  1.661E+03 -7.588E+03 -9.849E+02  3.665E+01
 
 STRESS of ELEMENT :  298
 ----------------------------------------------
  Position       Sxx        Syy        Szz        Sxy        Syz        Szx     
    1          4.788E+03 -3.591E+03 -1.567E+03 -1.429E+04  1.012E+03 -9.821E+00
    2          4.788E+03 -3.592E+03 -1.567E+03 -1.438E+04 -1.012E+03  9.810E+00
    3          2.505E+04  3.359E+03  1.335E+03 -1.425E+04  1.012E+03 -3.665E+01
    4          2.505E+04  3.359E+03  1.335E+03 -1.434E+04 -1.012E+03  3.661E+01
    5          4.887E+03 -3.399E+03 -1.429E+03 -7.634E+03  9.851E+02 -9.821E+00
    6          4.887E+03 -3.400E+03 -1.429E+03 -7.727E+03 -9.854E+02  9.810E+00
    7          2.523E+04  3.632E+03  1.661E+03 -7.588E+03  9.849E+02 -3.665E+01
    8          2.523E+04  3.631E+03  1.661E+03 -7.681E+03 -9.855E+02  3.661E+01
 
 STRESS of ELEMENT :  299
 ----------------------------------------------
  Position       Sxx        Syy        Szz        Sxy        Syz        Szx     
    1          3.463E+04 -3.823E+03 -1.797E+03 -1.304E+04  1.010E+03 -5.629E+01
    2          3.463E+04 -3.826E+03 -1.799E+03 -1.294E+04 -1.013E+03  5.623E+01
    3          5.490E+04  3.130E+03  1.110E+03 -1.290E+04  1.009E+03 -8.323E+01
    4          5.490E+04  3.126E+03  1.109E+03 -1.280E+04 -1.013E+03  8.287E+01
    5          3.501E+04 -3.166E+03 -1.195E+03 -6.379E+03  9.832E+02 -5.629E+01
    6          3.501E+04 -3.170E+03 -1.196E+03 -6.286E+03 -9.857E+02  5.623E+01
    7          5.536E+04  3.866E+03  1.900E+03 -6.240E+03  9.823E+02 -8.323E+01
    8          5.535E+04  3.863E+03  1.899E+03 -6.147E+03 -9.866E+02  8.287E+01
 
 STRESS of ELEMENT :  300
 ----------------------------------------------
  Position       Sxx        Syy        Szz        Sxy        Syz        Szx     
    1          3.463E+04 -3.826E+03 -1.799E+03 -1.294E+04  1.013E+03 -5.623E+01
    2          3.463E+04 -3.823E+03 -1.797E+03 -1.304E+04 -1.010E+03  5.629E+01
    3          5.490E+04  3.126E+03  1.109E+03 -1.280E+04  1.013E+03 -8.287E+01
    4          5.490E+04  3.130E+03  1.110E+03 -1.290E+04 -1.009E+03  8.323E+01
    5          3.501E+04 -3.170E+03 -1.196E+03 -6.286E+03  9.857E+02 -5.623E+01
    6          3.501E+04 -3.166E+03 -1.195E+03 -6.379E+03 -9.832E+02  5.629E+01
    7          5.535E+04  3.863E+03  1.899E+03 -6.147E+03  9.866E+02 -8.287E+01
    8          5.536E+04  3.866E+03  1.900E+03 -6.240E+03 -9.823E+02  8.323E+01
 
 STRESS of ELEMENT :  301
 ----------------------------------------------
  Position       Sxx        Syy        Szz        Sxy        Syz        Szx     
    1          6.449E+04 -4.027E+03 -2.007E+03 -1.030E+04  9.987E+02 -1.020E+02
    2          6.446E+04 -4.090E+03 -2.034E+03 -1.020E+04 -1.021E+03  1.033E+02
    3          8.476E+04  2.929E+03  9.087E+02 -1.006E+04  9.808E+02 -1.262E+02
    4          8.473E+04  2.866E+03  8.819E+02 -9.967E+03 -1.039E+03  1.326E+02
    5          6.514E+04 -2.907E+03 -9.408E+02 -3.638E+03  9.722E+02 -1.020E+02
    6          6.512E+04 -2.968E+03 -9.669E+02 -3.542E+03 -9.942E+02  1.033E+02
    7          8.549E+04  4.129E+03  2.163E+03 -3.406E+03  9.548E+02 -1.262E+02
    8          8.547E+04  4.068E+03  2.137E+03 -3.310E+03 -1.012E+03  1.326E+02
 
 STRESS of ELEMENT :  302
 ----------------------------------------------
  Position       Sxx        Syy        Szz        Sxy        Syz        Szx     
    1          6.446E+04 -4.090E+03 -2.034E+03 -1.020E+04  1.021E+03 -1.033E+02
    2          6.449E+04 -4.027E+03 -2.007E+03 -1.030E+04 -9.987E+02  1.020E+02
    3          8.473E+04  2.866E+03  8.819E+02 -9.967E+03  1.039E+03 -1.326E+02
    4          8.476E+04  2.929E+03  9.087E+02 -1.006E+04 -9.808E+02  1.262E+02
    5          6.512E+04 -2.968E+03 -9.669E+02 -3.542E+03  9.942E+02 -1.033E+02
    6          6.514E+04 -2.907E+03 -9.408E+02 -3.638E+03 -9.722E+02  1.020E+02
    7          8.547E+04  4.068E+03  2.137E+03 -3.310E+03  1.012E+03 -1.326E+02
    8          8.549E+04  4.129E+03  2.163E+03 -3.406E+03 -9.548E+02  1.262E+02
 
 STRESS of ELEMENT :  303
 ----------------------------------------------
  Position       Sxx        Syy        Szz        Sxy        Syz        Szx     
    1          9.433E+04 -4.199E+03 -2.281E+03 -6.147E+03  1.082E+03 -1.533E+02
    2          9.431E+04 -4.258E+03 -2.306E+03 -6.073E+03 -1.021E+03  1.455E+02
    3          1.145E+05  2.632E+03  3.447E+02 -5.823E+03  1.065E+03 -2.031E+02
    4          1.145E+05  2.574E+03  3.196E+02 -5.749E+03 -1.038E+03  1.514E+02
    5          9.527E+04 -2.616E+03 -7.484E+02  5.102E+02  1.053E+03 -1.533E+02
    6          9.524E+04 -2.673E+03 -7.729E+02  5.840E+02 -9.944E+02  1.455E+02
    7          1.155E+05  4.299E+03  2.072E+03  8.345E+02  1.037E+03 -2.031E+02
    8          1.155E+05  4.242E+03  2.048E+03  9.087E+02 -1.011E+03  1.514E+02
 
 STRESS of ELEMENT :  304
 ----------------------------------------------
  Position       Sxx        Syy        Szz        Sxy        Syz        Szx     
    1          9.431E+04 -4.258E+03 -2.306E+03 -6.073E+03  1.021E+03 -1.455E+02
    2          9.433E+04 -4.199E+03 -2.281E+03 -6.147E+03 -1.082E+03  1.533E+02
    3          1.145E+05  2.574E+03  3.196E+02 -5.749E+03  1.038E+03 -1.514E+02
    4          1.145E+05  2.632E+03  3.447E+02 -5.823E+03 -1.065E+03  2.031E+02
    5          9.524E+04 -2.673E+03 -7.729E+02  5.840E+02  9.944E+02 -1.455E+02
    6          9.527E+04 -2.616E+03 -7.484E+02  5.102E+02 -1.053E+03  1.533E+02
    7          1.155E+05  4.242E+03  2.048E+03  9.087E+02  1.011E+03 -1.514E+02
    8          1.155E+05  4.299E+03  2.072E+03  8.345E+02 -1.037E+03  2.031E+02
 
 STRESS of ELEMENT :  305
 ----------------------------------------------
  Position       Sxx        Syy        Szz        Sxy        Syz        Szx     
    1         -1.091E+05 -2.471E+03 -2.885E+02 -5.668E+03  1.016E+03  2.031E+02
    2         -1.091E+05 -2.415E+03 -2.645E+02 -5.594E+03 -9.905E+02 -1.514E+02
    3         -8.993E+04  4.041E+03  2.210E+03 -5.992E+03  1.032E+03  1.533E+02
    4         -8.990E+04  4.097E+03  2.234E+03 -5.919E+03 -9.746E+02 -1.455E+02
    5         -1.102E+05 -4.138E+03 -2.016E+03  6.796E+02  9.878E+02  2.031E+02
    6         -1.101E+05 -4.083E+03 -1.992E+03  7.539E+02 -9.630E+02 -1.514E+02
    7         -9.086E+04  2.458E+03  6.780E+02  3.554E+02  1.003E+03  1.533E+02
    8         -9.084E+04  2.512E+03  7.013E+02  4.292E+02 -9.475E+02 -1.455E+02
 
 STRESS of ELEMENT :  306
 ----------------------------------------------
  Position       Sxx        Syy        Szz        Sxy        Syz        Szx     
    1         -1.091E+05 -2.415E+03 -2.645E+02 -5.594E+03  9.905E+02  1.514E+02
    2         -1.091E+05 -2.471E+03 -2.885E+02 -5.668E+03 -1.016E+03 -2.031E+02
    3         -8.990E+04  4.097E+03  2.234E+03 -5.919E+03  9.746E+02  1.455E+02
    4         -8.993E+04  4.041E+03  2.210E+03 -5.992E+03 -1.032E+03 -1.533E+02
    5         -1.101E+05 -4.083E+03 -1.992E+03  7.539E+02  9.630E+02  1.514E+02
    6         -1.102E+05 -4.138E+03 -2.016E+03  6.796E+02 -9.878E+02 -2.031E+02
    7         -9.084E+04  2.512E+03  7.013E+02  4.292E+02  9.475E+02  1.455E+02
    8         -9.086E+04  2.458E+03  6.780E+02  3.554E+02 -1.003E+03 -1.533E+02
 
 STRESS of ELEMENT :  307
 ----------------------------------------------
  Position       Sxx        Syy        Szz        Sxy        Syz        Szx     
    1         -8.080E+04 -2.765E+03 -8.373E+02 -9.908E+03  9.358E+02  1.262E+02
    2         -8.077E+04 -2.705E+03 -8.117E+02 -9.812E+03 -9.915E+02 -1.326E+02
    3         -6.147E+04  3.866E+03  1.939E+03 -1.014E+04  9.529E+02  1.020E+02
    4         -6.145E+04  3.926E+03  1.965E+03 -1.004E+04 -9.744E+02 -1.033E+02
    5         -8.154E+04 -3.965E+03 -2.091E+03 -3.560E+03  9.098E+02  1.262E+02
    6         -8.151E+04 -3.907E+03 -2.066E+03 -3.465E+03 -9.640E+02 -1.326E+02
    7         -6.213E+04  2.746E+03  8.722E+02 -3.793E+03  9.264E+02  1.020E+02
    8         -6.210E+04  2.804E+03  8.971E+02 -3.697E+03 -9.474E+02 -1.033E+02
 
 STRESS of ELEMENT :  308
 ----------------------------------------------
  Position       Sxx        Syy        Szz        Sxy        Syz        Szx     
    1         -8.077E+04 -2.705E+03 -8.117E+02 -9.812E+03  9.915E+02  1.326E+02
    2         -8.080E+04 -2.765E+03 -8.373E+02 -9.908E+03 -9.358E+02 -1.262E+02
    3         -6.145E+04  3.926E+03  1.965E+03 -1.004E+04  9.744E+02  1.033E+02
    4         -6.147E+04  3.866E+03  1.939E+03 -1.014E+04 -9.529E+02 -1.020E+02
    5         -8.151E+04 -3.907E+03 -2.066E+03 -3.465E+03  9.640E+02  1.326E+02
    6         -8.154E+04 -3.965E+03 -2.091E+03 -3.560E+03 -9.098E+02 -1.262E+02
    7         -6.210E+04  2.804E+03  8.971E+02 -3.697E+03  9.474E+02  1.033E+02
    8         -6.213E+04  2.746E+03  8.722E+02 -3.793E+03 -9.264E+02 -1.020E+02
 
 STRESS of ELEMENT :  309
 ----------------------------------------------
  Position       Sxx        Syy        Szz        Sxy        Syz        Szx     
    1         -5.233E+04 -2.967E+03 -1.040E+03 -1.274E+04  9.627E+02  8.323E+01
    2         -5.233E+04 -2.964E+03 -1.039E+03 -1.265E+04 -9.670E+02 -8.287E+01
    3         -3.301E+04  3.660E+03  1.728E+03 -1.288E+04  9.636E+02  5.629E+01
    4         -3.301E+04  3.664E+03  1.729E+03 -1.279E+04 -9.661E+02 -5.623E+01
    5         -5.279E+04 -3.704E+03 -1.830E+03 -6.394E+03  9.360E+02  8.323E+01
    6         -5.279E+04 -3.701E+03 -1.829E+03 -6.302E+03 -9.401E+02 -8.287E+01
    7         -3.339E+04  3.004E+03  1.125E+03 -6.534E+03  9.369E+02  5.629E+01
    8         -3.339E+04  3.007E+03  1.126E+03 -6.441E+03 -9.392E+02 -5.623E+01
 
 STRESS of ELEMENT :  310
 ----------------------------------------------
  Position       Sxx        Syy        Szz        Sxy        Syz        Szx     
    1         -5.233E+04 -2.964E+03 -1.039E+03 -1.265E+04  9.670E+02  8.287E+01
    2         -5.233E+04 -2.967E+03 -1.040E+03 -1.274E+04 -9.627E+02 -8.323E+01
    3         -3.301E+04  3.664E+03  1.729E+03 -1.279E+04  9.661E+02  5.623E+01
    4         -3.301E+04  3.660E+03  1.728E+03 -1.288E+04 -9.636E+02 -5.629E+01
    5         -5.279E+04 -3.701E+03 -1.829E+03 -6.302E+03  9.401E+02  8.287E+01
    6         -5.279E+04 -3.704E+03 -1.830E+03 -6.394E+03 -9.360E+02 -8.323E+01
    7         -3.339E+04  3.007E+03  1.126E+03 -6.441E+03  9.392E+02  5.623E+01
    8         -3.339E+04  3.004E+03  1.125E+03 -6.534E+03 -9.369E+02 -5.629E+01
 
 STRESS of ELEMENT :  311
 ----------------------------------------------
  Position       Sxx        Syy        Szz        Sxy        Syz        Szx     
    1         -2.388E+04 -3.196E+03 -1.265E+03 -1.418E+04  9.659E+02  3.661E+01
    2         -2.388E+04 -3.197E+03 -1.265E+03 -1.409E+04 -9.653E+02 -3.665E+01
    3         -4.563E+03  3.429E+03  1.498E+03 -1.423E+04  9.657E+02  9.810E+00
    4         -4.563E+03  3.428E+03  1.497E+03 -1.414E+04 -9.654E+02 -9.821E+00
    5         -2.406E+04 -3.469E+03 -1.591E+03 -7.835E+03  9.391E+02  3.661E+01
    6         -2.406E+04 -3.469E+03 -1.592E+03 -7.743E+03 -9.384E+02 -3.665E+01
    7         -4.662E+03  3.237E+03  1.359E+03 -7.882E+03  9.389E+02  9.810E+00
    8         -4.662E+03  3.236E+03  1.359E+03 -7.789E+03 -9.386E+02 -9.821E+00
 
 STRESS of ELEMENT :  312
 ----------------------------------------------
  Position       Sxx        Syy        Szz        Sxy        Syz        Szx     
    1         -2.388E+04 -3.197E+03 -1.265E+03 -1.409E+04  9.653E+02  3.665E+01
    2         -2.388E+04 -3.196E+03 -1.265E+03 -1.418E+04 -9.659E+02 -3.661E+01
    3         -4.563E+03  3.428E+03  1.497E+03 -1.414E+04  9.654E+02  9.821E+00
    4         -4.563E+03  3.429E+03  1.498E+03 -1.423E+04 -9.657E+02 -9.810E+00
    5         -2.406E+04 -3.469E+03 -1.592E+03 -7.743E+03  9.384E+02  3.665E+01
    6         -2.406E+04 -3.469E+03 -1.591E+03 -7.835E+03 -9.391E+02 -3.661E+01
    7         -4.662E+03  3.236E+03  1.359E+03 -7.789E+03  9.386E+02  9.821E+00
    8         -4.662E+03  3.237E+03  1.359E+03 -7.882E+03 -9.389E+02 -9.810E+00
 
 STRESS of ELEMENT :  313
 ----------------------------------------------
  Position       Sxx        Syy        Szz        Sxy        Syz        Szx     
    1          4.563E+03 -3.429E+03 -1.498E+03 -1.423E+04  9.657E+02 -9.810E+00
    2          4.563E+03 -3.428E+03 -1.497E+03 -1.414E+04 -9.654E+02  9.821E+00
    3          2.388E+04  3.196E+03  1.265E+03 -1.418E+04  9.659E+02 -3.661E+01
    4          2.388E+04  3.197E+03  1.265E+03 -1.409E+04 -9.653E+02  3.665E+01
    5          4.662E+03 -3.237E+03 -1.359E+03 -7.882E+03  9.389E+02 -9.810E+00
    6          4.662E+03 -3.236E+03 -1.359E+03 -7.789E+03 -9.386E+02  9.821E+00
    7          2.406E+04  3.469E+03  1.591E+03 -7.835E+03  9.391E+02 -3.661E+01
    8          2.406E+04  3.469E+03  1.592E+03 -7.743E+03 -9.384E+02  3.665E+01
 
 STRESS of ELEMENT :  314
 ----------------------------------------------
  Position       Sxx        Syy        Szz        Sxy        Syz        Szx     
    1          4.563E+03 -3.428E+03 -1.497E+03 -1.414E+04  9.654E+02 -9.821E+00
    2          4.563E+03 -3.429E+03 -1.498E+03 -1.423E+04 -9.657E+02  9.810E+00
    3          2.388E+04  3.197E+03  1.265E+03 -1.409E+04  9.653E+02 -3.665E+01
    4          2.388E+04  3.196E+03  1.265E+03 -1.418E+04 -9.659E+02  3.661E+01
    5          4.662E+03 -3.236E+03 -1.359E+03 -7.789E+03  9.386E+02 -9.821E+00
    6          4.662E+03 -3.237E+03 -1.359E+03 -7.882E+03 -9.389E+02  9.810E+00
    7          2.406E+04  3.469E+03  1.592E+03 -7.743E+03  9.384E+02 -3.665E+01
    8          2.406E+04  3.469E+03  1.591E+03 -7.835E+03 -9.391E+02  3.661E+01
 
 STRESS of ELEMENT :  315
 ----------------------------------------------
  Position       Sxx        Syy        Szz        Sxy        Syz        Szx     
    1          3.301E+04 -3.660E+03 -1.728E+03 -1.288E+04  9.636E+02 -5.629E+01
    2          3.301E+04 -3.664E+03 -1.729E+03 -1.279E+04 -9.661E+02  5.623E+01
    3          5.233E+04  2.967E+03  1.040E+03 -1.274E+04  9.627E+02 -8.323E+01
    4          5.233E+04  2.964E+03  1.039E+03 -1.265E+04 -9.670E+02  8.287E+01
    5          3.339E+04 -3.004E+03 -1.125E+03 -6.534E+03  9.369E+02 -5.629E+01
    6          3.339E+04 -3.007E+03 -1.126E+03 -6.441E+03 -9.392E+02  5.623E+01
    7          5.279E+04  3.704E+03  1.830E+03 -6.394E+03  9.360E+02 -8.323E+01
    8          5.279E+04  3.701E+03  1.829E+03 -6.302E+03 -9.401E+02  8.287E+01
 
 STRESS of ELEMENT :  316
 ----------------------------------------------
  Position       Sxx        Syy        Szz        Sxy        Syz        Szx     
    1          3.301E+04 -3.664E+03 -1.729E+03 -1.279E+04  9.661E+02 -5.623E+01
    2          3.301E+04 -3.660E+03 -1.728E+03 -1.288E+04 -9.636E+02  5.629E+01
    3          5.233E+04  2.964E+03  1.039E+03 -1.265E+04  9.670E+02 -8.287E+01
    4          5.233E+04  2.967E+03  1.040E+03 -1.274E+04 -9.627E+02  8.323E+01
    5          3.339E+04 -3.007E+03 -1.126E+03 -6.441E+03  9.392E+02 -5.623E+01
    6          3.339E+04 -3.004E+03 -1.125E+03 -6.534E+03 -9.369E+02  5.629E+01
    7          5.279E+04  3.701E+03  1.829E+03 -6.302E+03  9.401E+02 -8.287E+01
    8          5.279E+04  3.704E+03  1.830E+03 -6.394E+03 -9.360E+02  8.323E+01
 
 STRESS of ELEMENT :  317
 ----------------------------------------------
  Position       Sxx        Syy        Szz        Sxy        Syz        Szx     
    1          6.147E+04 -3.866E+03 -1.939E+03 -1.014E+04  9.529E+02 -1.020E+02
    2          6.145E+04 -3.926E+03 -1.965E+03 -1.004E+04 -9.744E+02  1.033E+02
    3          8.080E+04  2.765E+03  8.373E+02 -9.908E+03  9.358E+02 -1.262E+02
    4          8.077E+04  2.705E+03  8.117E+02 -9.812E+03 -9.915E+02  1.326E+02
    5          6.213E+04 -2.746E+03 -8.722E+02 -3.793E+03  9.264E+02 -1.020E+02
    6          6.210E+04 -2.804E+03 -8.971E+02 -3.697E+03 -9.474E+02  1.033E+02
    7          8.154E+04  3.965E+03  2.091E+03 -3.560E+03  9.098E+02 -1.262E+02
    8          8.151E+04  3.907E+03  2.066E+03 -3.465E+03 -9.640E+02  1.326E+02
 
 STRESS of ELEMENT :  318
 ----------------------------------------------
  Position       Sxx        Syy        Szz        Sxy        Syz        Szx     
    1          6.145E+04 -3.926E+03 -1.965E+03 -1.004E+04  9.744E+02 -1.033E+02
    2          6.147E+04 -3.866E+03 -1.939E+03 -1.014E+04 -9.529E+02  1.020E+02
    3          8.077E+04  2.705E+03  8.117E+02 -9.812E+03  9.915E+02 -1.326E+02
    4          8.080E+04  2.765E+03  8.373E+02 -9.908E+03 -9.358E+02  1.262E+02
    5          6.210E+04 -2.804E+03 -8.971E+02 -3.697E+03  9.474E+02 -1.033E+02
    6          6.213E+04 -2.746E+03 -8.722E+02 -3.793E+03 -9.264E+02  1.020E+02
    7          8.151E+04  3.907E+03  2.066E+03 -3.465E+03  9.640E+02 -1.326E+02
    8          8.154E+04  3.965E+03  2.091E+03 -3.560E+03 -9.098E+02  1.262E+02
 
 STRESS of ELEMENT :  319
 ----------------------------------------------
  Position       Sxx        Syy        Szz        Sxy        Syz        Szx     
    1          8.993E+04 -4.041E+03 -2.210E+03 -5.992E+03  1.032E+03 -1.533E+02
    2          8.990E+04 -4.097E+03 -2.234E+03 -5.919E+03 -9.746E+02  1.455E+02
    3          1.091E+05  2.471E+03  2.885E+02 -5.668E+03  1.016E+03 -2.031E+02
    4          1.091E+05  2.415E+03  2.645E+02 -5.594E+03 -9.905E+02  1.514E+02
    5          9.086E+04 -2.458E+03 -6.780E+02  3.554E+02  1.003E+03 -1.533E+02
    6          9.084E+04 -2.512E+03 -7.013E+02  4.292E+02 -9.475E+02  1.455E+02
    7          1.102E+05  4.138E+03  2.016E+03  6.796E+02  9.878E+02 -2.031E+02
    8          1.101E+05  4.083E+03  1.992E+03  7.539E+02 -9.630E+02  1.514E+02
 
 STRESS of ELEMENT :  320
 ----------------------------------------------
  Position       Sxx        Syy        Szz        Sxy        Syz        Szx     
    1          8.990E+04 -4.097E+03 -2.234E+03 -5.919E+03  9.746E+02 -1.455E+02
    2          8.993E+04 -4.041E+03 -2.210E+03 -5.992E+03 -1.032E+03  1.533E+02
    3          1.091E+05  2.415E+03  2.645E+02 -5.594E+03  9.905E+02 -1.514E+02
    4          1.091E+05  2.471E+03  2.885E+02 -5.668E+03 -1.016E+03  2.031E+02
    5          9.084E+04 -2.512E+03 -7.013E+02  4.292E+02  9.475E+02 -1.455E+02
    6          9.086E+04 -2.458E+03 -6.780E+02  3.554E+02 -1.003E+03  1.533E+02
    7          1.101E+05  4.083E+03  1.992E+03  7.539E+02  9.630E+02 -1.514E+02
    8          1.102E+05  4.138E+03  2.016E+03  6.796E+02 -9.878E+02  2.031E+02
 
 STRESS of ELEMENT :  321
 ----------------------------------------------
  Position       Sxx        Syy        Szz        Sxy        Syz        Szx     
    1         -1.038E+05 -2.310E+03 -2.323E+02 -5.513E+03  9.672E+02  2.031E+02
    2         -1.038E+05 -2.257E+03 -2.095E+02 -5.439E+03 -9.429E+02 -1.514E+02
    3         -8.552E+04  3.882E+03  2.140E+03 -5.838E+03  9.824E+02  1.533E+02
    4         -8.549E+04  3.936E+03  2.163E+03 -5.764E+03 -9.277E+02 -1.455E+02
    5         -1.048E+05 -3.977E+03 -1.960E+03  5.248E+02  9.390E+02  2.031E+02
    6         -1.048E+05 -3.925E+03 -1.937E+03  5.991E+02 -9.154E+02 -1.514E+02
    7         -8.645E+04  2.299E+03  6.076E+02  2.006E+02  9.537E+02  1.533E+02
    8         -8.643E+04  2.351E+03  6.297E+02  2.744E+02 -9.006E+02 -1.455E+02
 
 STRESS of ELEMENT :  322
 ----------------------------------------------
  Position       Sxx        Syy        Szz        Sxy        Syz        Szx     
    1         -1.038E+05 -2.257E+03 -2.095E+02 -5.439E+03  9.429E+02  1.514E+02
    2         -1.038E+05 -2.310E+03 -2.323E+02 -5.513E+03 -9.672E+02 -2.031E+02
    3         -8.549E+04  3.936E+03  2.163E+03 -5.764E+03  9.277E+02  1.455E+02
    4         -8.552E+04  3.882E+03  2.140E+03 -5.838E+03 -9.824E+02 -1.533E+02
    5         -1.048E+05 -3.925E+03 -1.937E+03  5.991E+02  9.154E+02  1.514E+02
    6         -1.048E+05 -3.977E+03 -1.960E+03  5.248E+02 -9.390E+02 -2.031E+02
    7         -8.643E+04  2.351E+03  6.297E+02  2.744E+02  9.006E+02  1.455E+02
    8         -8.645E+04  2.299E+03  6.076E+02  2.006E+02 -9.537E+02 -1.533E+02
 
 STRESS of ELEMENT :  323
 ----------------------------------------------
  Position       Sxx        Syy        Szz        Sxy        Syz        Szx     
    1         -7.684E+04 -2.601E+03 -7.659E+02 -9.754E+03  8.908E+02  1.262E+02
    2         -7.682E+04 -2.544E+03 -7.415E+02 -9.658E+03 -9.438E+02 -1.326E+02
    3         -5.846E+04  3.705E+03  1.870E+03 -9.986E+03  9.070E+02  1.020E+02
    4         -5.843E+04  3.762E+03  1.895E+03 -9.890E+03 -9.276E+02 -1.033E+02
    5         -7.758E+04 -3.801E+03 -2.020E+03 -3.715E+03  8.648E+02  1.262E+02
    6         -7.755E+04 -3.746E+03 -1.996E+03 -3.619E+03 -9.163E+02 -1.326E+02
    7         -5.911E+04  2.585E+03  8.037E+02 -3.947E+03  8.806E+02  1.020E+02
    8         -5.909E+04  2.640E+03  8.273E+02 -3.852E+03 -9.005E+02 -1.033E+02
 
 STRESS of ELEMENT :  324
 ----------------------------------------------
  Position       Sxx        Syy        Szz        Sxy        Syz        Szx     
    1         -7.682E+04 -2.544E+03 -7.415E+02 -9.658E+03  9.438E+02  1.326E+02
    2         -7.684E+04 -2.601E+03 -7.659E+02 -9.754E+03 -8.908E+02 -1.262E+02
    3         -5.843E+04  3.762E+03  1.895E+03 -9.890E+03  9.276E+02  1.033E+02
    4         -5.846E+04  3.705E+03  1.870E+03 -9.986E+03 -9.070E+02 -1.020E+02
    5         -7.755E+04 -3.746E+03 -1.996E+03 -3.619E+03  9.163E+02  1.326E+02
    6         -7.758E+04 -3.801E+03 -2.020E+03 -3.715E+03 -8.648E+02 -1.262E+02
    7         -5.909E+04  2.640E+03  8.273E+02 -3.852E+03  9.005E+02  1.033E+02
    8         -5.911E+04  2.585E+03  8.037E+02 -3.947E+03 -8.806E+02 -1.020E+02
 
 STRESS of ELEMENT :  325
 ----------------------------------------------
  Position       Sxx        Syy        Szz        Sxy        Syz        Szx     
    1         -4.977E+04 -2.804E+03 -9.700E+02 -1.259E+04  9.164E+02  8.323E+01
    2         -4.977E+04 -2.801E+03 -9.687E+02 -1.249E+04 -9.205E+02 -8.287E+01
    3         -3.139E+04  3.498E+03  1.658E+03 -1.273E+04  9.173E+02  5.629E+01
    4         -3.139E+04  3.501E+03  1.660E+03 -1.263E+04 -9.196E+02 -5.623E+01
    5         -5.023E+04 -3.541E+03 -1.760E+03 -6.549E+03  8.897E+02  8.323E+01
    6         -5.023E+04 -3.538E+03 -1.759E+03 -6.456E+03 -8.936E+02 -8.287E+01
    7         -3.177E+04  2.841E+03  1.055E+03 -6.689E+03  8.905E+02  5.629E+01
    8         -3.177E+04  2.844E+03  1.057E+03 -6.596E+03 -8.928E+02 -5.623E+01
 
 STRESS of ELEMENT :  326
 ----------------------------------------------
  Position       Sxx        Syy        Szz        Sxy        Syz        Szx     
    1         -4.977E+04 -2.801E+03 -9.687E+02 -1.249E+04  9.205E+02  8.287E+01
    2         -4.977E+04 -2.804E+03 -9.700E+02 -1.259E+04 -9.164E+02 -8.323E+01
    3         -3.139E+04  3.501E+03  1.660E+03 -1.263E+04  9.196E+02  5.623E+01
    4         -3.139E+04  3.498E+03  1.658E+03 -1.273E+04 -9.173E+02 -5.629E+01
    5         -5.023E+04 -3.538E+03 -1.759E+03 -6.456E+03  8.936E+02  8.287E+01
    6         -5.023E+04 -3.541E+03 -1.760E+03 -6.549E+03 -8.897E+02 -8.323E+01
    7         -3.177E+04  2.844E+03  1.057E+03 -6.596E+03  8.928E+02  5.623E+01
    8         -3.177E+04  2.841E+03  1.055E+03 -6.689E+03 -8.905E+02 -5.629E+01
 
 STRESS of ELEMENT :  327
 ----------------------------------------------
  Position       Sxx        Syy        Szz        Sxy        Syz        Szx     
    1         -2.271E+04 -3.034E+03 -1.195E+03 -1.403E+04  9.194E+02  3.661E+01
    2         -2.271E+04 -3.034E+03 -1.196E+03 -1.394E+04 -9.188E+02 -3.665E+01
    3         -4.338E+03  3.266E+03  1.428E+03 -1.407E+04  9.193E+02  9.810E+00
    4         -4.338E+03  3.266E+03  1.428E+03 -1.398E+04 -9.190E+02 -9.821E+00
    5         -2.289E+04 -3.306E+03 -1.522E+03 -7.990E+03  8.926E+02  3.661E+01
    6         -2.289E+04 -3.307E+03 -1.522E+03 -7.897E+03 -8.920E+02 -3.665E+01
    7         -4.437E+03  3.074E+03  1.290E+03 -8.037E+03  8.924E+02  9.810E+00
    8         -4.437E+03  3.074E+03  1.289E+03 -7.944E+03 -8.922E+02 -9.821E+00
 
 STRESS of ELEMENT :  328
 ----------------------------------------------
  Position       Sxx        Syy        Szz        Sxy        Syz        Szx     
    1         -2.271E+04 -3.034E+03 -1.196E+03 -1.394E+04  9.188E+02  3.665E+01
    2         -2.271E+04 -3.034E+03 -1.195E+03 -1.403E+04 -9.194E+02 -3.661E+01
    3         -4.338E+03  3.266E+03  1.428E+03 -1.398E+04  9.190E+02  9.821E+00
    4         -4.338E+03  3.266E+03  1.428E+03 -1.407E+04 -9.193E+02 -9.810E+00
    5         -2.289E+04 -3.307E+03 -1.522E+03 -7.897E+03  8.920E+02  3.665E+01
    6         -2.289E+04 -3.306E+03 -1.522E+03 -7.990E+03 -8.926E+02 -3.661E+01
    7         -4.437E+03  3.074E+03  1.289E+03 -7.944E+03  8.922E+02  9.821E+00
    8         -4.437E+03  3.074E+03  1.290E+03 -8.037E+03 -8.924E+02 -9.810E+00
 
 STRESS of ELEMENT :  329
 ----------------------------------------------
  Position       Sxx        Syy        Szz        Sxy        Syz        Szx     
    1          4.338E+03 -3.266E+03 -1.428E+03 -1.407E+04  9.193E+02 -9.810E+00
    2          4.338E+03 -3.266E+03 -1.428E+03 -1.398E+04 -9.190E+02  9.821E+00
    3          2.271E+04  3.034E+03  1.195E+03 -1.403E+04  9.194E+02 -3.661E+01
    4          2.271E+04  3.034E+03  1.196E+03 -1.394E+04 -9.188E+02  3.665E+01
    5          4.437E+03 -3.074E+03 -1.290E+03 -8.037E+03  8.924E+02 -9.810E+00
    6          4.437E+03 -3.074E+03 -1.289E+03 -7.944E+03 -8.922E+02  9.821E+00
    7          2.289E+04  3.306E+03  1.522E+03 -7.990E+03  8.926E+02 -3.661E+01
    8          2.289E+04  3.307E+03  1.522E+03 -7.897E+03 -8.920E+02  3.665E+01
 
 STRESS of ELEMENT :  330
 ----------------------------------------------
  Position       Sxx        Syy        Szz        Sxy        Syz        Szx     
    1          4.338E+03 -3.266E+03 -1.428E+03 -1.398E+04  9.190E+02 -9.821E+00
    2          4.338E+03 -3.266E+03 -1.428E+03 -1.407E+04 -9.193E+02  9.810E+00
    3          2.271E+04  3.034E+03  1.196E+03 -1.394E+04  9.188E+02 -3.665E+01
    4          2.271E+04  3.034E+03  1.195E+03 -1.403E+04 -9.194E+02  3.661E+01
    5          4.437E+03 -3.074E+03 -1.289E+03 -7.944E+03  8.922E+02 -9.821E+00
    6          4.437E+03 -3.074E+03 -1.290E+03 -8.037E+03 -8.924E+02  9.810E+00
    7          2.289E+04  3.307E+03  1.522E+03 -7.897E+03  8.920E+02 -3.665E+01
    8          2.289E+04  3.306E+03  1.522E+03 -7.990E+03 -8.926E+02  3.661E+01
 
 STRESS of ELEMENT :  331
 ----------------------------------------------
  Position       Sxx        Syy        Szz        Sxy        Syz        Szx     
    1          3.139E+04 -3.498E+03 -1.658E+03 -1.273E+04  9.173E+02 -5.629E+01
    2          3.139E+04 -3.501E+03 -1.660E+03 -1.263E+04 -9.196E+02  5.623E+01
    3          4.977E+04  2.804E+03  9.700E+02 -1.259E+04  9.164E+02 -8.323E+01
    4          4.977E+04  2.801E+03  9.687E+02 -1.249E+04 -9.205E+02  8.287E+01
    5          3.177E+04 -2.841E+03 -1.055E+03 -6.689E+03  8.905E+02 -5.629E+01
    6          3.177E+04 -2.844E+03 -1.057E+03 -6.596E+03 -8.928E+02  5.623E+01
    7          5.023E+04  3.541E+03  1.760E+03 -6.549E+03  8.897E+02 -8.323E+01
    8          5.023E+04  3.538E+03  1.759E+03 -6.456E+03 -8.936E+02  8.287E+01
 
 STRESS of ELEMENT :  332
 ----------------------------------------------
  Position       Sxx        Syy        Szz        Sxy        Syz        Szx     
    1          3.139E+04 -3.501E+03 -1.660E+03 -1.263E+04  9.196E+02 -5.623E+01
    2          3.139E+04 -3.498E+03 -1.658E+03 -1.273E+04 -9.173E+02  5.629E+01
    3          4.977E+04  2.801E+03  9.687E+02 -1.249E+04  9.205E+02 -8.287E+01
    4          4.977E+04  2.804E+03  9.700E+02 -1.259E+04 -9.164E+02  8.323E+01
    5          3.177E+04 -2.844E+03 -1.057E+03 -6.596E+03  8.928E+02 -5.623E+01
    6          3.177E+04 -2.841E+03 -1.055E+03 -6.689E+03 -8.905E+02  5.629E+01
    7          5.023E+04  3.538E+03  1.759E+03 -6.456E+03  8.936E+02 -8.287E+01
    8          5.023E+04  3.541E+03  1.760E+03 -6.549E+03 -8.897E+02  8.323E+01
 
 STRESS of ELEMENT :  333
 ----------------------------------------------
  Position       Sxx        Syy        Szz        Sxy        Syz        Szx     
    1          5.846E+04 -3.705E+03 -1.870E+03 -9.986E+03  9.070E+02 -1.020E+02
    2          5.843E+04 -3.762E+03 -1.895E+03 -9.890E+03 -9.276E+02  1.033E+02
    3          7.684E+04  2.601E+03  7.659E+02 -9.754E+03  8.908E+02 -1.262E+02
    4          7.682E+04  2.544E+03  7.415E+02 -9.658E+03 -9.438E+02  1.326E+02
    5          5.911E+04 -2.585E+03 -8.037E+02 -3.947E+03  8.806E+02 -1.020E+02
    6          5.909E+04 -2.640E+03 -8.273E+02 -3.852E+03 -9.005E+02  1.033E+02
    7          7.758E+04  3.801E+03  2.020E+03 -3.715E+03  8.648E+02 -1.262E+02
    8          7.755E+04  3.746E+03  1.996E+03 -3.619E+03 -9.163E+02  1.326E+02
 
 STRESS of ELEMENT :  334
 ----------------------------------------------
  Position       Sxx        Syy        Szz        Sxy        Syz        Szx     
    1          5.843E+04 -3.762E+03 -1.895E+03 -9.890E+03  9.276E+02 -1.033E+02
    2          5.846E+04 -3.705E+03 -1.870E+03 -9.986E+03 -9.070E+02  1.020E+02
    3          7.682E+04  2.544E+03  7.415E+02 -9.658E+03  9.438E+02 -1.326E+02
    4          7.684E+04  2.601E+03  7.659E+02 -9.754E+03 -8.908E+02  1.262E+02
    5          5.909E+04 -2.640E+03 -8.273E+02 -3.852E+03  9.005E+02 -1.033E+02
    6          5.911E+04 -2.585E+03 -8.037E+02 -3.947E+03 -8.806E+02  1.020E+02
    7          7.755E+04  3.746E+03  1.996E+03 -3.619E+03  9.163E+02 -1.326E+02
    8          7.758E+04  3.801E+03  2.020E+03 -3.715E+03 -8.648E+02  1.262E+02
 
 STRESS of ELEMENT :  335
 ----------------------------------------------
  Position       Sxx        Syy        Szz        Sxy        Syz        Szx     
    1          8.552E+04 -3.882E+03 -2.140E+03 -5.838E+03  9.824E+02 -1.533E+02
    2          8.549E+04 -3.936E+03 -2.163E+03 -5.764E+03 -9.277E+02  1.455E+02
    3          1.038E+05  2.310E+03  2.323E+02 -5.513E+03  9.672E+02 -2.031E+02
    4          1.038E+05  2.257E+03  2.095E+02 -5.439E+03 -9.429E+02  1.514E+02
    5          8.645E+04 -2.299E+03 -6.076E+02  2.006E+02  9.537E+02 -1.533E+02
    6          8.643E+04 -2.351E+03 -6.297E+02  2.744E+02 -9.006E+02  1.455E+02
    7          1.048E+05  3.977E+03  1.960E+03  5.248E+02  9.390E+02 -2.031E+02
    8          1.048E+05  3.925E+03  1.937E+03  5.991E+02 -9.154E+02  1.514E+02
 
 STRESS of ELEMENT :  336
 ----------------------------------------------
  Position       Sxx        Syy        Szz        Sxy        Syz        Szx     
    1          8.549E+04 -3.936E+03 -2.163E+03 -5.764E+03  9.277E+02 -1.455E+02
    2          8.552E+04 -3.882E+03 -2.140E+03 -5.838E+03 -9.824E+02  1.533E+02
    3          1.038E+05  2.257E+03  2.095E+02 -5.439E+03  9.429E+02 -1.514E+02
    4          1.038E+05  2.310E+03  2.323E+02 -5.513E+03 -9.672E+02  2.031E+02
    5          8.643E+04 -2.351E+03 -6.297E+02  2.744E+02  9.006E+02 -1.455E+02
    6          8.645E+04 -2.299E+03 -6.076E+02  2.006E+02 -9.537E+02  1.533E+02
    7          1.048E+05  3.925E+03  1.937E+03  5.991E+02  9.154E+02 -1.514E+02
    8          1.048E+05  3.977E+03  1.960E+03  5.248E+02 -9.390E+02  2.031E+02
 
 STRESS of ELEMENT :  337
 ----------------------------------------------
  Position       Sxx        Syy        Szz        Sxy        Syz        Szx     
    1         -9.844E+04 -2.149E+03 -1.761E+02 -5.359E+03  9.183E+02  2.031E+02
    2         -9.841E+04 -2.098E+03 -1.544E+02 -5.284E+03 -8.952E+02 -1.514E+02
    3         -8.111E+04  3.724E+03  2.069E+03 -5.683E+03  9.327E+02  1.533E+02
    4         -8.108E+04  3.774E+03  2.091E+03 -5.609E+03 -8.808E+02 -1.455E+02
    5         -9.945E+04 -3.815E+03 -1.903E+03  3.700E+02  8.901E+02  2.031E+02
    6         -9.943E+04 -3.766E+03 -1.882E+03  4.443E+02 -8.677E+02 -1.514E+02
    7         -8.204E+04  2.141E+03  5.371E+02  4.575E+01  9.041E+02  1.533E+02
    8         -8.202E+04  2.190E+03  5.581E+02  1.196E+02 -8.537E+02 -1.455E+02
 
 STRESS of ELEMENT :  338
 ----------------------------------------------
  Position       Sxx        Syy        Szz        Sxy        Syz        Szx     
    1         -9.841E+04 -2.098E+03 -1.544E+02 -5.284E+03  8.952E+02  1.514E+02
    2         -9.844E+04 -2.149E+03 -1.761E+02 -5.359E+03 -9.183E+02 -2.031E+02
    3         -8.108E+04  3.774E+03  2.091E+03 -5.609E+03  8.808E+02  1.455E+02
    4         -8.111E+04  3.724E+03  2.069E+03 -5.683E+03 -9.327E+02 -1.533E+02
    5         -9.943E+04 -3.766E+03 -1.882E+03  4.443E+02  8.677E+02  1.514E+02
    6         -9.945E+04 -3.815E+03 -1.903E+03  3.700E+02 -8.901E+02 -2.031E+02
    7         -8.202E+04  2.190E+03  5.581E+02  1.196E+02  8.537E+02  1.455E+02
    8         -8.204E+04  2.141E+03  5.371E+02  4.575E+01 -9.041E+02 -1.533E+02
 
 STRESS of ELEMENT :  339
 ----------------------------------------------
  Position       Sxx        Syy        Szz        Sxy        Syz        Szx     
    1         -7.288E+04 -2.436E+03 -6.944E+02 -9.599E+03  8.458E+02  1.262E+02
    2         -7.286E+04 -2.382E+03 -6.713E+02 -9.503E+03 -8.961E+02 -1.326E+02
    3         -5.544E+04  3.544E+03  1.802E+03 -9.831E+03  8.612E+02  1.020E+02
    4         -5.542E+04  3.598E+03  1.825E+03 -9.735E+03 -8.807E+02 -1.033E+02
    5         -7.362E+04 -3.637E+03 -1.948E+03 -3.870E+03  8.198E+02  1.262E+02
    6         -7.359E+04 -3.585E+03 -1.926E+03 -3.774E+03 -8.686E+02 -1.326E+02
    7         -5.610E+04  2.423E+03  7.351E+02 -4.102E+03  8.347E+02  1.020E+02
    8         -5.608E+04  2.476E+03  7.575E+02 -4.007E+03 -8.536E+02 -1.033E+02
 
 STRESS of ELEMENT :  340
 ----------------------------------------------
  Position       Sxx        Syy        Szz        Sxy        Syz        Szx     
    1         -7.286E+04 -2.382E+03 -6.713E+02 -9.503E+03  8.961E+02  1.326E+02
    2         -7.288E+04 -2.436E+03 -6.944E+02 -9.599E+03 -8.458E+02 -1.262E+02
    3         -5.542E+04  3.598E+03  1.825E+03 -9.735E+03  8.807E+02  1.033E+02
    4         -5.544E+04  3.544E+03  1.802E+03 -9.831E+03 -8.612E+02 -1.020E+02
    5         -7.359E+04 -3.585E+03 -1.926E+03 -3.774E+03  8.686E+02  1.326E+02
    6         -7.362E+04 -3.637E+03 -1.948E+03 -3.870E+03 -8.198E+02 -1.262E+02
    7         -5.608E+04  2.476E+03  7.575E+02 -4.007E+03  8.536E+02  1.033E+02
    8         -5.610E+04  2.423E+03  7.351E+02 -4.102E+03 -8.347E+02 -1.020E+02
 
 STRESS of ELEMENT :  341
 ----------------------------------------------
  Position       Sxx        Syy        Szz        Sxy        Syz        Szx     
    1         -4.721E+04 -2.641E+03 -9.000E+02 -1.243E+04  8.701E+02  8.323E+01
    2         -4.720E+04 -2.639E+03 -8.988E+02 -1.234E+04 -8.739E+02 -8.287E+01
    3         -2.977E+04  3.335E+03  1.589E+03 -1.257E+04  8.709E+02  5.629E+01
    4         -2.977E+04  3.338E+03  1.590E+03 -1.248E+04 -8.731E+02 -5.623E+01
    5         -4.766E+04 -3.378E+03 -1.690E+03 -6.704E+03  8.434E+02  8.323E+01
    6         -4.766E+04 -3.376E+03 -1.689E+03 -6.611E+03 -8.471E+02 -8.287E+01
    7         -3.015E+04  2.679E+03  9.859E+02 -6.843E+03  8.442E+02  5.629E+01
    8         -3.015E+04  2.682E+03  9.871E+02 -6.751E+03 -8.463E+02 -5.623E+01
 
 STRESS of ELEMENT :  342
 ----------------------------------------------
  Position       Sxx        Syy        Szz        Sxy        Syz        Szx     
    1         -4.720E+04 -2.639E+03 -8.988E+02 -1.234E+04  8.739E+02  8.287E+01
    2         -4.721E+04 -2.641E+03 -9.000E+02 -1.243E+04 -8.701E+02 -8.323E+01
    3         -2.977E+04  3.338E+03  1.590E+03 -1.248E+04  8.731E+02  5.623E+01
    4         -2.977E+04  3.335E+03  1.589E+03 -1.257E+04 -8.709E+02 -5.629E+01
    5         -4.766E+04 -3.376E+03 -1.689E+03 -6.611E+03  8.471E+02  8.287E+01
    6         -4.766E+04 -3.378E+03 -1.690E+03 -6.704E+03 -8.434E+02 -8.323E+01
    7         -3.015E+04  2.682E+03  9.871E+02 -6.751E+03  8.463E+02  5.623E+01
    8         -3.015E+04  2.679E+03  9.859E+02 -6.843E+03 -8.442E+02 -5.629E+01
 
 STRESS of ELEMENT :  343
 ----------------------------------------------
  Position       Sxx        Syy        Szz        Sxy        Syz        Szx     
    1         -2.154E+04 -2.871E+03 -1.126E+03 -1.387E+04  8.730E+02  3.661E+01
    2         -2.155E+04 -2.872E+03 -1.126E+03 -1.378E+04 -8.724E+02 -3.665E+01
    3         -4.113E+03  3.104E+03  1.358E+03 -1.392E+04  8.728E+02  9.810E+00
    4         -4.113E+03  3.103E+03  1.358E+03 -1.383E+04 -8.726E+02 -9.821E+00
    5         -2.172E+04 -3.143E+03 -1.452E+03 -8.145E+03  8.462E+02  3.661E+01
    6         -2.172E+04 -3.144E+03 -1.452E+03 -8.052E+03 -8.456E+02 -3.665E+01
    7         -4.212E+03  2.912E+03  1.220E+03 -8.192E+03  8.460E+02  9.810E+00
    8         -4.212E+03  2.911E+03  1.220E+03 -8.099E+03 -8.457E+02 -9.821E+00
 
 STRESS of ELEMENT :  344
 ----------------------------------------------
  Position       Sxx        Syy        Szz        Sxy        Syz        Szx     
    1         -2.155E+04 -2.872E+03 -1.126E+03 -1.378E+04  8.724E+02  3.665E+01
    2         -2.154E+04 -2.871E+03 -1.126E+03 -1.387E+04 -8.730E+02 -3.661E+01
    3         -4.113E+03  3.103E+03  1.358E+03 -1.383E+04  8.726E+02  9.821E+00
    4         -4.113E+03  3.104E+03  1.358E+03 -1.392E+04 -8.728E+02 -9.810E+00
    5         -2.172E+04 -3.144E+03 -1.452E+03 -8.052E+03  8.456E+02  3.665E+01
    6         -2.172E+04 -3.143E+03 -1.452E+03 -8.145E+03 -8.462E+02 -3.661E+01
    7         -4.212E+03  2.911E+03  1.220E+03 -8.099E+03  8.457E+02  9.821E+00
    8         -4.212E+03  2.912E+03  1.220E+03 -8.192E+03 -8.460E+02 -9.810E+00
 
 STRESS of ELEMENT :  345
 ----------------------------------------------
  Position       Sxx        Syy        Szz        Sxy        Syz        Szx     
    1          4.113E+03 -3.104E+03 -1.358E+03 -1.392E+04  8.728E+02 -9.810E+00
    2          4.113E+03 -3.103E+03 -1.358E+03 -1.383E+04 -8.726E+02  9.821E+00
    3          2.154E+04  2.871E+03  1.126E+03 -1.387E+04  8.730E+02 -3.661E+01
    4          2.155E+04  2.872E+03  1.126E+03 -1.378E+04 -8.724E+02  3.665E+01
    5          4.212E+03 -2.912E+03 -1.220E+03 -8.192E+03  8.460E+02 -9.810E+00
    6          4.212E+03 -2.911E+03 -1.220E+03 -8.099E+03 -8.457E+02  9.821E+00
    7          2.172E+04  3.143E+03  1.452E+03 -8.145E+03  8.462E+02 -3.661E+01
    8          2.172E+04  3.144E+03  1.452E+03 -8.052E+03 -8.456E+02  3.665E+01
 
 STRESS of ELEMENT :  346
 ----------------------------------------------
  Position       Sxx        Syy        Szz        Sxy        Syz        Szx     
    1          4.113E+03 -3.103E+03 -1.358E+03 -1.383E+04  8.726E+02 -9.821E+00
    2          4.113E+03 -3.104E+03 -1.358E+03 -1.392E+04 -8.728E+02  9.810E+00
    3          2.155E+04  2.872E+03  1.126E+03 -1.378E+04  8.724E+02 -3.665E+01
    4          2.154E+04  2.871E+03  1.126E+03 -1.387E+04 -8.730E+02  3.661E+01
    5          4.212E+03 -2.911E+03 -1.220E+03 -8.099E+03  8.457E+02 -9.821E+00
    6          4.212E+03 -2.912E+03 -1.220E+03 -8.192E+03 -8.460E+02  9.810E+00
    7          2.172E+04  3.144E+03  1.452E+03 -8.052E+03  8.456E+02 -3.665E+01
    8          2.172E+04  3.143E+03  1.452E+03 -8.145E+03 -8.462E+02  3.661E+01
 
 STRESS of ELEMENT :  347
 ----------------------------------------------
  Position       Sxx        Syy        Szz        Sxy        Syz        Szx     
    1          2.977E+04 -3.335E+03 -1.589E+03 -1.257E+04  8.709E+02 -5.629E+01
    2          2.977E+04 -3.338E+03 -1.590E+03 -1.248E+04 -8.731E+02  5.623E+01
    3          4.721E+04  2.641E+03  9.000E+02 -1.243E+04  8.701E+02 -8.323E+01
    4          4.720E+04  2.639E+03  8.988E+02 -1.234E+04 -8.739E+02  8.287E+01
    5          3.015E+04 -2.679E+03 -9.859E+02 -6.843E+03  8.442E+02 -5.629E+01
    6          3.015E+04 -2.682E+03 -9.871E+02 -6.751E+03 -8.463E+02  5.623E+01
    7          4.766E+04  3.378E+03  1.690E+03 -6.704E+03  8.434E+02 -8.323E+01
    8          4.766E+04  3.376E+03  1.689E+03 -6.611E+03 -8.471E+02  8.287E+01
 
 STRESS of ELEMENT :  348
 ----------------------------------------------
  Position       Sxx        Syy        Szz        Sxy        Syz        Szx     
    1          2.977E+04 -3.338E+03 -1.590E+03 -1.248E+04  8.731E+02 -5.623E+01
    2          2.977E+04 -3.335E+03 -1.589E+03 -1.257E+04 -8.709E+02  5.629E+01
    3          4.720E+04  2.639E+03  8.988E+02 -1.234E+04  8.739E+02 -8.287E+01
    4          4.721E+04  2.641E+03  9.000E+02 -1.243E+04 -8.701E+02  8.323E+01
    5          3.015E+04 -2.682E+03 -9.871E+02 -6.751E+03  8.463E+02 -5.623E+01
    6          3.015E+04 -2.679E+03 -9.859E+02 -6.843E+03 -8.442E+02  5.629E+01
    7          4.766E+04  3.376E+03  1.689E+03 -6.611E+03  8.471E+02 -8.287E+01
    8          4.766E+04  3.378E+03  1.690E+03 -6.704E+03 -8.434E+02  8.323E+01
 
 STRESS of ELEMENT :  349
 ----------------------------------------------
  Position       Sxx        Syy        Szz        Sxy        Syz        Szx     
    1          5.544E+04 -3.544E+03 -1.802E+03 -9.831E+03  8.612E+02 -1.020E+02
    2          5.542E+04 -3.598E+03 -1.825E+03 -9.735E+03 -8.807E+02  1.033E+02
    3          7.288E+04  2.436E+03  6.944E+02 -9.599E+03  8.458E+02 -1.262E+02
    4          7.286E+04  2.382E+03  6.713E+02 -9.503E+03 -8.961E+02  1.326E+02
    5          5.610E+04 -2.423E+03 -7.351E+02 -4.102E+03  8.347E+02 -1.020E+02
    6          5.608E+04 -2.476E+03 -7.575E+02 -4.007E+03 -8.536E+02  1.033E+02
    7          7.362E+04  3.637E+03  1.948E+03 -3.870E+03  8.198E+02 -1.262E+02
    8          7.359E+04  3.585E+03  1.926E+03 -3.774E+03 -8.686E+02  1.326E+02
 
 STRESS of ELEMENT :  350
 ----------------------------------------------
  Position       Sxx        Syy        Szz        Sxy        Syz        Szx     
    1          5.542E+04 -3.598E+03 -1.825E+03 -9.735E+03  8.807E+02 -1.033E+02
    2          5.544E+04 -3.544E+03 -1.802E+03 -9.831E+03 -8.612E+02  1.020E+02
    3          7.286E+04  2.382E+03  6.713E+02 -9.503E+03  8.961E+02 -1.326E+02
    4          7.288E+04  2.436E+03  6.944E+02 -9.599E+03 -8.458E+02  1.262E+02
    5          5.608E+04 -2.476E+03 -7.575E+02 -4.007E+03  8.536E+02 -1.033E+02
    6          5.610E+04 -2.423E+03 -7.351E+02 -4.102E+03 -8.347E+02  1.020E+02
    7          7.359E+04  3.585E+03  1.926E+03 -3.774E+03  8.686E+02 -1.326E+02
    8          7.362E+04  3.637E+03  1.948E+03 -3.870E+03 -8.198E+02  1.262E+02
 
 STRESS of ELEMENT :  351
 ----------------------------------------------
  Position       Sxx        Syy        Szz        Sxy        Syz        Szx     
    1          8.111E+04 -3.724E+03 -2.069E+03 -5.683E+03  9.327E+02 -1.533E+02
    2          8.108E+04 -3.774E+03 -2.091E+03 -5.609E+03 -8.808E+02  1.455E+02
    3          9.844E+04  2.149E+03  1.761E+02 -5.359E+03  9.183E+02 -2.031E+02
    4          9.841E+04  2.098E+03  1.544E+02 -5.284E+03 -8.952E+02  1.514E+02
    5          8.204E+04 -2.141E+03 -5.371E+02  4.575E+01  9.041E+02 -1.533E+02
    6          8.202E+04 -2.190E+03 -5.581E+02  1.196E+02 -8.537E+02  1.455E+02
    7          9.945E+04  3.815E+03  1.903E+03  3.700E+02  8.901E+02 -2.031E+02
    8          9.943E+04  3.766E+03  1.882E+03  4.443E+02 -8.677E+02  1.514E+02
 
 STRESS of ELEMENT :  352
 ----------------------------------------------
  Position       Sxx        Syy        Szz        Sxy        Syz        Szx     
    1          8.108E+04 -3.774E+03 -2.091E+03 -5.609E+03  8.808E+02 -1.455E+02
    2          8.111E+04 -3.724E+03 -2.069E+03 -5.683E+03 -9.327E+02  1.533E+02
    3          9.841E+04  2.098E+03  1.544E+02 -5.284E+03  8.952E+02 -1.514E+02
    4          9.844E+04  2.149E+03  1.761E+02 -5.359E+03 -9.183E+02  2.031E+02
    5          8.202E+04 -2.190E+03 -5.581E+02  1.196E+02  8.537E+02 -1.455E+02
    6          8.204E+04 -2.141E+03 -5.371E+02  4.575E+01 -9.041E+02  1.533E+02
    7          9.943E+04  3.766E+03  1.882E+03  4.443E+02  8.677E+02 -1.514E+02
    8          9.945E+04  3.815E+03  1.903E+03  3.700E+02 -8.901E+02  2.031E+02
 
 STRESS of ELEMENT :  353
 ----------------------------------------------
  Position       Sxx        Syy        Szz        Sxy        Syz        Szx     
    1         -9.309E+04 -1.987E+03 -1.199E+02 -5.204E+03  8.694E+02  2.031E+02
    2         -9.307E+04 -1.940E+03 -9.937E+01 -5.129E+03 -8.476E+02 -1.514E+02
    3         -7.670E+04  3.565E+03  1.999E+03 -5.528E+03  8.831E+02  1.533E+02
    4         -7.668E+04  3.613E+03  2.019E+03 -5.454E+03 -8.339E+02 -1.455E+02
    5         -9.411E+04 -3.654E+03 -1.847E+03  2.152E+02  8.412E+02  2.031E+02
    6         -9.409E+04 -3.608E+03 -1.827E+03  2.894E+02 -8.201E+02 -1.514E+02
    7         -7.763E+04  1.982E+03  4.667E+02 -1.091E+02  8.544E+02  1.533E+02
    8         -7.761E+04  2.029E+03  4.865E+02 -3.525E+01 -8.069E+02 -1.455E+02
 
 STRESS of ELEMENT :  354
 ----------------------------------------------
  Position       Sxx        Syy        Szz        Sxy        Syz        Szx     
    1         -9.307E+04 -1.940E+03 -9.937E+01 -5.129E+03  8.476E+02  1.514E+02
    2         -9.309E+04 -1.987E+03 -1.199E+02 -5.204E+03 -8.694E+02 -2.031E+02
    3         -7.668E+04  3.613E+03  2.019E+03 -5.454E+03  8.339E+02  1.455E+02
    4         -7.670E+04  3.565E+03  1.999E+03 -5.528E+03 -8.831E+02 -1.533E+02
    5         -9.409E+04 -3.608E+03 -1.827E+03  2.894E+02  8.201E+02  1.514E+02
    6         -9.411E+04 -3.654E+03 -1.847E+03  2.152E+02 -8.412E+02 -2.031E+02
    7         -7.761E+04  2.029E+03  4.865E+02 -3.525E+01  8.069E+02  1.455E+02
    8         -7.763E+04  1.982E+03  4.667E+02 -1.091E+02 -8.544E+02 -1.533E+02
 
 STRESS of ELEMENT :  355
 ----------------------------------------------
  Position       Sxx        Syy        Szz        Sxy        Syz        Szx     
    1         -6.892E+04 -2.272E+03 -6.230E+02 -9.444E+03  8.008E+02  1.262E+02
    2         -6.890E+04 -2.221E+03 -6.011E+02 -9.348E+03 -8.484E+02 -1.326E+02
    3         -5.243E+04  3.382E+03  1.733E+03 -9.676E+03  8.154E+02  1.020E+02
    4         -5.241E+04  3.433E+03  1.755E+03 -9.580E+03 -8.338E+02 -1.033E+02
    5         -6.966E+04 -3.473E+03 -1.877E+03 -4.025E+03  7.748E+02  1.262E+02
    6         -6.964E+04 -3.423E+03 -1.856E+03 -3.929E+03 -8.209E+02 -1.326E+02
    7         -5.308E+04  2.262E+03  6.665E+02 -4.257E+03  7.889E+02  1.020E+02
    8         -5.306E+04  2.312E+03  6.877E+02 -4.162E+03 -8.067E+02 -1.033E+02
 
 STRESS of ELEMENT :  356
 ----------------------------------------------
  Position       Sxx        Syy        Szz        Sxy        Syz        Szx     
    1         -6.890E+04 -2.221E+03 -6.011E+02 -9.348E+03  8.484E+02  1.326E+02
    2         -6.892E+04 -2.272E+03 -6.230E+02 -9.444E+03 -8.008E+02 -1.262E+02
    3         -5.241E+04  3.433E+03  1.755E+03 -9.580E+03  8.338E+02  1.033E+02
    4         -5.243E+04  3.382E+03  1.733E+03 -9.676E+03 -8.154E+02 -1.020E+02
    5         -6.964E+04 -3.423E+03 -1.856E+03 -3.929E+03  8.209E+02  1.326E+02
    6         -6.966E+04 -3.473E+03 -1.877E+03 -4.025E+03 -7.748E+02 -1.262E+02
    7         -5.306E+04  2.312E+03  6.877E+02 -4.162E+03  8.067E+02  1.033E+02
    8         -5.308E+04  2.262E+03  6.665E+02 -4.257E+03 -7.889E+02 -1.020E+02
 
 STRESS of ELEMENT :  357
 ----------------------------------------------
  Position       Sxx        Syy        Szz        Sxy        Syz        Szx     
    1         -4.464E+04 -2.479E+03 -8.300E+02 -1.228E+04  8.238E+02  8.323E+01
    2         -4.464E+04 -2.476E+03 -8.288E+02 -1.219E+04 -8.274E+02 -8.287E+01
    3         -2.815E+04  3.173E+03  1.519E+03 -1.242E+04  8.246E+02  5.629E+01
    4         -2.815E+04  3.175E+03  1.520E+03 -1.232E+04 -8.266E+02 -5.623E+01
    5         -4.510E+04 -3.216E+03 -1.620E+03 -6.859E+03  7.971E+02  8.323E+01
    6         -4.510E+04 -3.213E+03 -1.619E+03 -6.766E+03 -8.006E+02 -8.287E+01
    7         -2.853E+04  2.516E+03  9.163E+02 -6.998E+03  7.978E+02  5.629E+01
    8         -2.853E+04  2.519E+03  9.174E+02 -6.906E+03 -7.998E+02 -5.623E+01
 
 STRESS of ELEMENT :  358
 ----------------------------------------------
  Position       Sxx        Syy        Szz        Sxy        Syz        Szx     
    1         -4.464E+04 -2.476E+03 -8.288E+02 -1.219E+04  8.274E+02  8.287E+01
    2         -4.464E+04 -2.479E+03 -8.300E+02 -1.228E+04 -8.238E+02 -8.323E+01
    3         -2.815E+04  3.175E+03  1.520E+03 -1.232E+04  8.266E+02  5.623E+01
    4         -2.815E+04  3.173E+03  1.519E+03 -1.242E+04 -8.246E+02 -5.629E+01
    5         -4.510E+04 -3.213E+03 -1.619E+03 -6.766E+03  8.006E+02  8.287E+01
    6         -4.510E+04 -3.216E+03 -1.620E+03 -6.859E+03 -7.971E+02 -8.323E+01
    7         -2.853E+04  2.519E+03  9.174E+02 -6.906E+03  7.998E+02  5.623E+01
    8         -2.853E+04  2.516E+03  9.163E+02 -6.998E+03 -7.978E+02 -5.629E+01
 
 STRESS of ELEMENT :  359
 ----------------------------------------------
  Position       Sxx        Syy        Szz        Sxy        Syz        Szx     
    1         -2.038E+04 -2.708E+03 -1.056E+03 -1.372E+04  8.265E+02  3.661E+01
    2         -2.038E+04 -2.709E+03 -1.056E+03 -1.363E+04 -8.260E+02 -3.665E+01
    3         -3.888E+03  2.941E+03  1.289E+03 -1.377E+04  8.264E+02  9.810E+00
    4         -3.888E+03  2.941E+03  1.288E+03 -1.367E+04 -8.261E+02 -9.821E+00
    5         -2.056E+04 -2.981E+03 -1.382E+03 -8.300E+03  7.997E+02  3.661E+01
    6         -2.056E+04 -2.981E+03 -1.382E+03 -8.207E+03 -7.991E+02 -3.665E+01
    7         -3.987E+03  2.749E+03  1.150E+03 -8.346E+03  7.995E+02  9.810E+00
    8         -3.987E+03  2.749E+03  1.150E+03 -8.253E+03 -7.993E+02 -9.821E+00
 
 STRESS of ELEMENT :  360
 ----------------------------------------------
  Position       Sxx        Syy        Szz        Sxy        Syz        Szx     
    1         -2.038E+04 -2.709E+03 -1.056E+03 -1.363E+04  8.260E+02  3.665E+01
    2         -2.038E+04 -2.708E+03 -1.056E+03 -1.372E+04 -8.265E+02 -3.661E+01
    3         -3.888E+03  2.941E+03  1.288E+03 -1.367E+04  8.261E+02  9.821E+00
    4         -3.888E+03  2.941E+03  1.289E+03 -1.377E+04 -8.264E+02 -9.810E+00
    5         -2.056E+04 -2.981E+03 -1.382E+03 -8.207E+03  7.991E+02  3.665E+01
    6         -2.056E+04 -2.981E+03 -1.382E+03 -8.300E+03 -7.997E+02 -3.661E+01
    7         -3.987E+03  2.749E+03  1.150E+03 -8.253E+03  7.993E+02  9.821E+00
    8         -3.987E+03  2.749E+03  1.150E+03 -8.346E+03 -7.995E+02 -9.810E+00
 
 STRESS of ELEMENT :  361
 ----------------------------------------------
  Position       Sxx        Syy        Szz        Sxy        Syz        Szx     
    1          3.888E+03 -2.941E+03 -1.289E+03 -1.377E+04  8.264E+02 -9.810E+00
    2          3.888E+03 -2.941E+03 -1.288E+03 -1.367E+04 -8.261E+02  9.821E+00
    3          2.038E+04  2.708E+03  1.056E+03 -1.372E+04  8.265E+02 -3.661E+01
    4          2.038E+04  2.709E+03  1.056E+03 -1.363E+04 -8.260E+02  3.665E+01
    5          3.987E+03 -2.749E+03 -1.150E+03 -8.346E+03  7.995E+02 -9.810E+00
    6          3.987E+03 -2.749E+03 -1.150E+03 -8.253E+03 -7.993E+02  9.821E+00
    7          2.056E+04  2.981E+03  1.382E+03 -8.300E+03  7.997E+02 -3.661E+01
    8          2.056E+04  2.981E+03  1.382E+03 -8.207E+03 -7.991E+02  3.665E+01
 
 STRESS of ELEMENT :  362
 ----------------------------------------------
  Position       Sxx        Syy        Szz        Sxy        Syz        Szx     
    1          3.888E+03 -2.941E+03 -1.288E+03 -1.367E+04  8.261E+02 -9.821E+00
    2          3.888E+03 -2.941E+03 -1.289E+03 -1.377E+04 -8.264E+02  9.810E+00
    3          2.038E+04  2.709E+03  1.056E+03 -1.363E+04  8.260E+02 -3.665E+01
    4          2.038E+04  2.708E+03  1.056E+03 -1.372E+04 -8.265E+02  3.661E+01
    5          3.987E+03 -2.749E+03 -1.150E+03 -8.253E+03  7.993E+02 -9.821E+00
    6          3.987E+03 -2.749E+03 -1.150E+03 -8.346E+03 -7.995E+02  9.810E+00
    7          2.056E+04  2.981E+03  1.382E+03 -8.207E+03  7.991E+02 -3.665E+01
    8          2.056E+04  2.981E+03  1.382E+03 -8.300E+03 -7.997E+02  3.661E+01
 
 STRESS of ELEMENT :  363
 ----------------------------------------------
  Position       Sxx        Syy        Szz        Sxy        Syz        Szx     
    1          2.815E+04 -3.173E+03 -1.519E+03 -1.242E+04  8.246E+02 -5.629E+01
    2          2.815E+04 -3.175E+03 -1.520E+03 -1.232E+04 -8.266E+02  5.623E+01
    3          4.464E+04  2.479E+03  8.300E+02 -1.228E+04  8.238E+02 -8.323E+01
    4          4.464E+04  2.476E+03  8.288E+02 -1.219E+04 -8.274E+02  8.287E+01
    5          2.853E+04 -2.516E+03 -9.163E+02 -6.998E+03  7.978E+02 -5.629E+01
    6          2.853E+04 -2.519E+03 -9.174E+02 -6.906E+03 -7.998E+02  5.623E+01
    7          4.510E+04  3.216E+03  1.620E+03 -6.859E+03  7.971E+02 -8.323E+01
    8          4.510E+04  3.213E+03  1.619E+03 -6.766E+03 -8.006E+02  8.287E+01
 
 STRESS of ELEMENT :  364
 ----------------------------------------------
  Position       Sxx        Syy        Szz        Sxy        Syz        Szx     
    1          2.815E+04 -3.175E+03 -1.520E+03 -1.232E+04  8.266E+02 -5.623E+01
    2          2.815E+04 -3.173E+03 -1.519E+03 -1.242E+04 -8.246E+02  5.629E+01
    3          4.464E+04  2.476E+03  8.288E+02 -1.219E+04  8.274E+02 -8.287E+01
    4          4.464E+04  2.479E+03  8.300E+02 -1.228E+04 -8.238E+02  8.323E+01
    5          2.853E+04 -2.519E+03 -9.174E+02 -6.906E+03  7.998E+02 -5.623E+01
    6          2.853E+04 -2.516E+03 -9.163E+02 -6.998E+03 -7.978E+02  5.629E+01
    7          4.510E+04  3.213E+03  1.619E+03 -6.766E+03  8.006E+02 -8.287E+01
    8          4.510E+04  3.216E+03  1.620E+03 -6.859E+03 -7.971E+02  8.323E+01
 
 STRESS of ELEMENT :  365
 ----------------------------------------------
  Position       Sxx        Syy        Szz        Sxy        Syz        Szx     
    1          5.243E+04 -3.382E+03 -1.733E+03 -9.676E+03  8.154E+02 -1.020E+02
    2          5.241E+04 -3.433E+03 -1.755E+03 -9.580E+03 -8.338E+02  1.033E+02
    3          6.892E+04  2.272E+03  6.230E+02 -9.444E+03  8.008E+02 -1.262E+02
    4          6.890E+04  2.221E+03  6.011E+02 -9.348E+03 -8.484E+02  1.326E+02
    5          5.308E+04 -2.262E+03 -6.665E+02 -4.257E+03  7.889E+02 -1.020E+02
    6          5.306E+04 -2.312E+03 -6.877E+02 -4.162E+03 -8.067E+02  1.033E+02
    7          6.966E+04  3.473E+03  1.877E+03 -4.025E+03  7.748E+02 -1.262E+02
    8          6.964E+04  3.423E+03  1.856E+03 -3.929E+03 -8.209E+02  1.326E+02
 
 STRESS of ELEMENT :  366
 ----------------------------------------------
  Position       Sxx        Syy        Szz        Sxy        Syz        Szx     
    1          5.241E+04 -3.433E+03 -1.755E+03 -9.580E+03  8.338E+02 -1.033E+02
    2          5.243E+04 -3.382E+03 -1.733E+03 -9.676E+03 -8.154E+02  1.020E+02
    3          6.890E+04  2.221E+03  6.011E+02 -9.348E+03  8.484E+02 -1.326E+02
    4          6.892E+04  2.272E+03  6.230E+02 -9.444E+03 -8.008E+02  1.262E+02
    5          5.306E+04 -2.312E+03 -6.877E+02 -4.162E+03  8.067E+02 -1.033E+02
    6          5.308E+04 -2.262E+03 -6.665E+02 -4.257E+03 -7.889E+02  1.020E+02
    7          6.964E+04  3.423E+03  1.856E+03 -3.929E+03  8.209E+02 -1.326E+02
    8          6.966E+04  3.473E+03  1.877E+03 -4.025E+03 -7.748E+02  1.262E+02
 
 STRESS of ELEMENT :  367
 ----------------------------------------------
  Position       Sxx        Syy        Szz        Sxy        Syz        Szx     
    1          7.670E+04 -3.565E+03 -1.999E+03 -5.528E+03  8.831E+02 -1.533E+02
    2          7.668E+04 -3.613E+03 -2.019E+03 -5.454E+03 -8.339E+02  1.455E+02
    3          9.309E+04  1.987E+03  1.199E+02 -5.204E+03  8.694E+02 -2.031E+02
    4          9.307E+04  1.940E+03  9.937E+01 -5.129E+03 -8.476E+02  1.514E+02
    5          7.763E+04 -1.982E+03 -4.667E+02 -1.091E+02  8.544E+02 -1.533E+02
    6          7.761E+04 -2.029E+03 -4.865E+02 -3.525E+01 -8.069E+02  1.455E+02
    7          9.411E+04  3.654E+03  1.847E+03  2.152E+02  8.412E+02 -2.031E+02
    8          9.409E+04  3.608E+03  1.827E+03  2.894E+02 -8.201E+02  1.514E+02
 
 STRESS of ELEMENT :  368
 ----------------------------------------------
  Position       Sxx        Syy        Szz        Sxy        Syz        Szx     
    1          7.668E+04 -3.613E+03 -2.019E+03 -5.454E+03  8.339E+02 -1.455E+02
    2          7.670E+04 -3.565E+03 -1.999E+03 -5.528E+03 -8.831E+02  1.533E+02
    3          9.307E+04  1.940E+03  9.937E+01 -5.129E+03  8.476E+02 -1.514E+02
    4          9.309E+04  1.987E+03  1.199E+02 -5.204E+03 -8.694E+02  2.031E+02
    5          7.761E+04 -2.029E+03 -4.865E+02 -3.525E+01  8.069E+02 -1.455E+02
    6          7.763E+04 -1.982E+03 -4.667E+02 -1.091E+02 -8.544E+02  1.533E+02
    7          9.409E+04  3.608E+03  1.827E+03  2.894E+02  8.201E+02 -1.514E+02
    8          9.411E+04  3.654E+03  1.847E+03  2.152E+02 -8.412E+02  2.031E+02
 
 STRESS of ELEMENT :  369
 ----------------------------------------------
  Position       Sxx        Syy        Szz        Sxy        Syz        Szx     
    1         -8.774E+04 -1.826E+03 -6.367E+01 -5.049E+03  8.206E+02  2.031E+02
    2         -8.772E+04 -1.781E+03 -4.432E+01 -4.975E+03 -7.999E+02 -1.514E+02
    3         -7.229E+04  3.407E+03  1.928E+03 -5.373E+03  8.334E+02  1.533E+02
    4         -7.227E+04  3.452E+03  1.948E+03 -5.299E+03 -7.871E+02 -1.455E+02
    5         -8.876E+04 -3.493E+03 -1.791E+03  6.034E+01  7.923E+02  2.031E+02
    6         -8.874E+04 -3.449E+03 -1.772E+03  1.346E+02 -7.724E+02 -1.514E+02
    7         -7.322E+04  1.824E+03  3.962E+02 -2.639E+02  8.048E+02  1.533E+02
    8         -7.320E+04  1.867E+03  4.149E+02 -1.901E+02 -7.600E+02 -1.455E+02
 
 STRESS of ELEMENT :  370
 ----------------------------------------------
  Position       Sxx        Syy        Szz        Sxy        Syz        Szx     
    1         -8.772E+04 -1.781E+03 -4.432E+01 -4.975E+03  7.999E+02  1.514E+02
    2         -8.774E+04 -1.826E+03 -6.367E+01 -5.049E+03 -8.206E+02 -2.031E+02
    3         -7.227E+04  3.452E+03  1.948E+03 -5.299E+03  7.871E+02  1.455E+02
    4         -7.229E+04  3.407E+03  1.928E+03 -5.373E+03 -8.334E+02 -1.533E+02
    5         -8.874E+04 -3.449E+03 -1.772E+03  1.346E+02  7.724E+02  1.514E+02
    6         -8.876E+04 -3.493E+03 -1.791E+03  6.034E+01 -7.923E+02 -2.031E+02
    7         -7.320E+04  1.867E+03  4.149E+02 -1.901E+02  7.600E+02  1.455E+02
    8         -7.322E+04  1.824E+03  3.962E+02 -2.639E+02 -8.048E+02 -1.533E+02
 
 STRESS of ELEMENT :  371
 ----------------------------------------------
  Position       Sxx        Syy        Szz        Sxy        Syz        Szx     
    1         -6.496E+04 -2.108E+03 -5.516E+02 -9.289E+03  7.557E+02  1.262E+02
    2         -6.494E+04 -2.060E+03 -5.309E+02 -9.193E+03 -8.007E+02 -1.326E+02
    3         -4.941E+04  3.221E+03  1.665E+03 -9.521E+03  7.695E+02  1.020E+02
    4         -4.939E+04  3.269E+03  1.685E+03 -9.426E+03 -7.869E+02 -1.033E+02
    5         -6.570E+04 -3.309E+03 -1.806E+03 -4.180E+03  7.298E+02  1.262E+02
    6         -6.568E+04 -3.262E+03 -1.786E+03 -4.084E+03 -7.732E+02 -1.326E+02
    7         -5.007E+04  2.101E+03  5.980E+02 -4.412E+03  7.431E+02  1.020E+02
    8         -5.005E+04  2.147E+03  6.179E+02 -4.316E+03 -7.599E+02 -1.033E+02
 
 STRESS of ELEMENT :  372
 ----------------------------------------------
  Position       Sxx        Syy        Szz        Sxy        Syz        Szx     
    1         -6.494E+04 -2.060E+03 -5.309E+02 -9.193E+03  8.007E+02  1.326E+02
    2         -6.496E+04 -2.108E+03 -5.516E+02 -9.289E+03 -7.557E+02 -1.262E+02
    3         -4.939E+04  3.269E+03  1.685E+03 -9.426E+03  7.869E+02  1.033E+02
    4         -4.941E+04  3.221E+03  1.665E+03 -9.521E+03 -7.695E+02 -1.020E+02
    5         -6.568E+04 -3.262E+03 -1.786E+03 -4.084E+03  7.732E+02  1.326E+02
    6         -6.570E+04 -3.309E+03 -1.806E+03 -4.180E+03 -7.298E+02 -1.262E+02
    7         -5.005E+04  2.147E+03  6.179E+02 -4.316E+03  7.599E+02  1.033E+02
    8         -5.007E+04  2.101E+03  5.980E+02 -4.412E+03 -7.431E+02 -1.020E+02
 
 STRESS of ELEMENT :  373
 ----------------------------------------------
  Position       Sxx        Syy        Szz        Sxy        Syz        Szx     
    1         -4.208E+04 -2.316E+03 -7.600E+02 -1.212E+04  7.775E+02  8.323E+01
    2         -4.208E+04 -2.313E+03 -7.589E+02 -1.203E+04 -7.809E+02 -8.287E+01
    3         -2.653E+04  3.010E+03  1.450E+03 -1.226E+04  7.782E+02  5.629E+01
    4         -2.653E+04  3.013E+03  1.451E+03 -1.217E+04 -7.802E+02 -5.623E+01
    5         -4.254E+04 -3.053E+03 -1.550E+03 -7.014E+03  7.507E+02  8.323E+01
    6         -4.253E+04 -3.050E+03 -1.549E+03 -6.921E+03 -7.541E+02 -8.287E+01
    7         -2.691E+04  2.354E+03  8.467E+02 -7.153E+03  7.515E+02  5.629E+01
    8         -2.691E+04  2.356E+03  8.478E+02 -7.060E+03 -7.533E+02 -5.623E+01
 
 STRESS of ELEMENT :  374
 ----------------------------------------------
  Position       Sxx        Syy        Szz        Sxy        Syz        Szx     
    1         -4.208E+04 -2.313E+03 -7.589E+02 -1.203E+04  7.809E+02  8.287E+01
    2         -4.208E+04 -2.316E+03 -7.600E+02 -1.212E+04 -7.775E+02 -8.323E+01
    3         -2.653E+04  3.013E+03  1.451E+03 -1.217E+04  7.802E+02  5.623E+01
    4         -2.653E+04  3.010E+03  1.450E+03 -1.226E+04 -7.782E+02 -5.629E+01
    5         -4.253E+04 -3.050E+03 -1.549E+03 -6.921E+03  7.541E+02  8.287E+01
    6         -4.254E+04 -3.053E+03 -1.550E+03 -7.014E+03 -7.507E+02 -8.323E+01
    7         -2.691E+04  2.356E+03  8.478E+02 -7.060E+03  7.533E+02  5.623E+01
    8         -2.691E+04  2.354E+03  8.467E+02 -7.153E+03 -7.515E+02 -5.629E+01
 
 STRESS of ELEMENT :  375
 ----------------------------------------------
  Position       Sxx        Syy        Szz        Sxy        Syz        Szx     
    1         -1.921E+04 -2.546E+03 -9.865E+02 -1.356E+04  7.801E+02  3.661E+01
    2         -1.921E+04 -2.546E+03 -9.867E+02 -1.347E+04 -7.795E+02 -3.665E+01
    3         -3.663E+03  2.779E+03  1.219E+03 -1.361E+04  7.799E+02  9.810E+00
    4         -3.663E+03  2.778E+03  1.219E+03 -1.352E+04 -7.797E+02 -9.821E+00
    5         -1.939E+04 -2.818E+03 -1.313E+03 -8.455E+03  7.532E+02  3.661E+01
    6         -1.939E+04 -2.819E+03 -1.313E+03 -8.362E+03 -7.527E+02 -3.665E+01
    7         -3.762E+03  2.587E+03  1.080E+03 -8.501E+03  7.531E+02  9.810E+00
    8         -3.762E+03  2.586E+03  1.080E+03 -8.408E+03 -7.529E+02 -9.821E+00
 
 STRESS of ELEMENT :  376
 ----------------------------------------------
  Position       Sxx        Syy        Szz        Sxy        Syz        Szx     
    1         -1.921E+04 -2.546E+03 -9.867E+02 -1.347E+04  7.795E+02  3.665E+01
    2         -1.921E+04 -2.546E+03 -9.865E+02 -1.356E+04 -7.801E+02 -3.661E+01
    3         -3.663E+03  2.778E+03  1.219E+03 -1.352E+04  7.797E+02  9.821E+00
    4         -3.663E+03  2.779E+03  1.219E+03 -1.361E+04 -7.799E+02 -9.810E+00
    5         -1.939E+04 -2.819E+03 -1.313E+03 -8.362E+03  7.527E+02  3.665E+01
    6         -1.939E+04 -2.818E+03 -1.313E+03 -8.455E+03 -7.532E+02 -3.661E+01
    7         -3.762E+03  2.586E+03  1.080E+03 -8.408E+03  7.529E+02  9.821E+00
    8         -3.762E+03  2.587E+03  1.080E+03 -8.501E+03 -7.531E+02 -9.810E+00
 
 STRESS of ELEMENT :  377
 ----------------------------------------------
  Position       Sxx        Syy        Szz        Sxy        Syz        Szx     
    1          3.663E+03 -2.779E+03 -1.219E+03 -1.361E+04  7.799E+02 -9.810E+00
    2          3.663E+03 -2.778E+03 -1.219E+03 -1.352E+04 -7.797E+02  9.821E+00
    3          1.921E+04  2.546E+03  9.865E+02 -1.356E+04  7.801E+02 -3.661E+01
    4          1.921E+04  2.546E+03  9.867E+02 -1.347E+04 -7.795E+02  3.665E+01
    5          3.762E+03 -2.587E+03 -1.080E+03 -8.501E+03  7.531E+02 -9.810E+00
    6          3.762E+03 -2.586E+03 -1.080E+03 -8.408E+03 -7.529E+02  9.821E+00
    7          1.939E+04  2.818E+03  1.313E+03 -8.455E+03  7.532E+02 -3.661E+01
    8          1.939E+04  2.819E+03  1.313E+03 -8.362E+03 -7.527E+02  3.665E+01
 
 STRESS of ELEMENT :  378
 ----------------------------------------------
  Position       Sxx        Syy        Szz        Sxy        Syz        Szx     
    1          3.663E+03 -2.778E+03 -1.219E+03 -1.352E+04  7.797E+02 -9.821E+00
    2          3.663E+03 -2.779E+03 -1.219E+03 -1.361E+04 -7.799E+02  9.810E+00
    3          1.921E+04  2.546E+03  9.867E+02 -1.347E+04  7.795E+02 -3.665E+01
    4          1.921E+04  2.546E+03  9.865E+02 -1.356E+04 -7.801E+02  3.661E+01
    5          3.762E+03 -2.586E+03 -1.080E+03 -8.408E+03  7.529E+02 -9.821E+00
    6          3.762E+03 -2.587E+03 -1.080E+03 -8.501E+03 -7.531E+02  9.810E+00
    7          1.939E+04  2.819E+03  1.313E+03 -8.362E+03  7.527E+02 -3.665E+01
    8          1.939E+04  2.818E+03  1.313E+03 -8.455E+03 -7.532E+02  3.661E+01
 
 STRESS of ELEMENT :  379
 ----------------------------------------------
  Position       Sxx        Syy        Szz        Sxy        Syz        Szx     
    1          2.653E+04 -3.010E+03 -1.450E+03 -1.226E+04  7.782E+02 -5.629E+01
    2          2.653E+04 -3.013E+03 -1.451E+03 -1.217E+04 -7.802E+02  5.623E+01
    3          4.208E+04  2.316E+03  7.600E+02 -1.212E+04  7.775E+02 -8.323E+01
    4          4.208E+04  2.313E+03  7.589E+02 -1.203E+04 -7.809E+02  8.287E+01
    5          2.691E+04 -2.354E+03 -8.467E+02 -7.153E+03  7.515E+02 -5.629E+01
    6          2.691E+04 -2.356E+03 -8.478E+02 -7.060E+03 -7.533E+02  5.623E+01
    7          4.254E+04  3.053E+03  1.550E+03 -7.014E+03  7.507E+02 -8.323E+01
    8          4.253E+04  3.050E+03  1.549E+03 -6.921E+03 -7.541E+02  8.287E+01
 
 STRESS of ELEMENT :  380
 ----------------------------------------------
  Position       Sxx        Syy        Szz        Sxy        Syz        Szx     
    1          2.653E+04 -3.013E+03 -1.451E+03 -1.217E+04  7.802E+02 -5.623E+01
    2          2.653E+04 -3.010E+03 -1.450E+03 -1.226E+04 -7.782E+02  5.629E+01
    3          4.208E+04  2.313E+03  7.589E+02 -1.203E+04  7.809E+02 -8.287E+01
    4          4.208E+04  2.316E+03  7.600E+02 -1.212E+04 -7.775E+02  8.323E+01
    5          2.691E+04 -2.356E+03 -8.478E+02 -7.060E+03  7.533E+02 -5.623E+01
    6          2.691E+04 -2.354E+03 -8.467E+02 -7.153E+03 -7.515E+02  5.629E+01
    7          4.253E+04  3.050E+03  1.549E+03 -6.921E+03  7.541E+02 -8.287E+01
    8          4.254E+04  3.053E+03  1.550E+03 -7.014E+03 -7.507E+02  8.323E+01
 
 STRESS of ELEMENT :  381
 ----------------------------------------------
  Position       Sxx        Syy        Szz        Sxy        Syz        Szx     
    1          4.941E+04 -3.221E+03 -1.665E+03 -9.521E+03  7.695E+02 -1.020E+02
    2          4.939E+04 -3.269E+03 -1.685E+03 -9.426E+03 -7.869E+02  1.033E+02
    3          6.496E+04  2.108E+03  5.516E+02 -9.289E+03  7.557E+02 -1.262E+02
    4          6.494E+04  2.060E+03  5.309E+02 -9.193E+03 -8.007E+02  1.326E+02
    5          5.007E+04 -2.101E+03 -5.980E+02 -4.412E+03  7.431E+02 -1.020E+02
    6          5.005E+04 -2.147E+03 -6.179E+02 -4.316E+03 -7.599E+02  1.033E+02
    7          6.570E+04  3.309E+03  1.806E+03 -4.180E+03  7.298E+02 -1.262E+02
    8          6.568E+04  3.262E+03  1.786E+03 -4.084E+03 -7.732E+02  1.326E+02
 
 STRESS of ELEMENT :  382
 ----------------------------------------------
  Position       Sxx        Syy        Szz        Sxy        Syz        Szx     
    1          4.939E+04 -3.269E+03 -1.685E+03 -9.426E+03  7.869E+02 -1.033E+02
    2          4.941E+04 -3.221E+03 -1.665E+03 -9.521E+03 -7.695E+02  1.020E+02
    3          6.494E+04  2.060E+03  5.309E+02 -9.193E+03  8.007E+02 -1.326E+02
    4          6.496E+04  2.108E+03  5.516E+02 -9.289E+03 -7.557E+02  1.262E+02
    5          5.005E+04 -2.147E+03 -6.179E+02 -4.316E+03  7.599E+02 -1.033E+02
    6          5.007E+04 -2.101E+03 -5.980E+02 -4.412E+03 -7.431E+02  1.020E+02
    7          6.568E+04  3.262E+03  1.786E+03 -4.084E+03  7.732E+02 -1.326E+02
    8          6.570E+04  3.309E+03  1.806E+03 -4.180E+03 -7.298E+02  1.262E+02
 
 STRESS of ELEMENT :  383
 ----------------------------------------------
  Position       Sxx        Syy        Szz        Sxy        Syz        Szx     
    1          7.229E+04 -3.407E+03 -1.928E+03 -5.373E+03  8.334E+02 -1.533E+02
    2          7.227E+04 -3.452E+03 -1.948E+03 -5.299E+03 -7.871E+02  1.455E+02
    3          8.774E+04  1.826E+03  6.367E+01 -5.049E+03  8.206E+02 -2.031E+02
    4          8.772E+04  1.781E+03  4.432E+01 -4.975E+03 -7.999E+02  1.514E+02
    5          7.322E+04 -1.824E+03 -3.962E+02 -2.639E+02  8.048E+02 -1.533E+02
    6          7.320E+04 -1.867E+03 -4.149E+02 -1.901E+02 -7.600E+02  1.455E+02
    7          8.876E+04  3.493E+03  1.791E+03  6.034E+01  7.923E+02 -2.031E+02
    8          8.874E+04  3.449E+03  1.772E+03  1.346E+02 -7.724E+02  1.514E+02
 
 STRESS of ELEMENT :  384
 ----------------------------------------------
  Position       Sxx        Syy        Szz        Sxy        Syz        Szx     
    1          7.227E+04 -3.452E+03 -1.948E+03 -5.299E+03  7.871E+02 -1.455E+02
    2          7.229E+04 -3.407E+03 -1.928E+03 -5.373E+03 -8.334E+02  1.533E+02
    3          8.772E+04  1.781E+03  4.432E+01 -4.975E+03  7.999E+02 -1.514E+02
    4          8.774E+04  1.826E+03  6.367E+01 -5.049E+03 -8.206E+02  2.031E+02
    5          7.320E+04 -1.867E+03 -4.149E+02 -1.901E+02  7.600E+02 -1.455E+02
    6          7.322E+04 -1.824E+03 -3.962E+02 -2.639E+02 -8.048E+02  1.533E+02
    7          8.874E+04  3.449E+03  1.772E+03  1.346E+02  7.724E+02 -1.514E+02
    8          8.876E+04  3.493E+03  1.791E+03  6.034E+01 -7.923E+02  2.031E+02
 
 STRESS of ELEMENT :  385
 ----------------------------------------------
  Position       Sxx        Syy        Szz        Sxy        Syz        Szx     
    1         -8.239E+04 -1.665E+03 -7.464E+00 -4.894E+03  7.717E+02  2.031E+02
    2         -8.237E+04 -1.623E+03  1.072E+01 -4.820E+03 -7.523E+02 -1.514E+02
    3         -6.788E+04  3.248E+03  1.858E+03 -5.218E+03  7.838E+02  1.533E+02
    4         -6.786E+04  3.291E+03  1.876E+03 -5.145E+03 -7.402E+02 -1.455E+02
    5         -8.341E+04 -3.332E+03 -1.735E+03 -9.448E+01  7.435E+02  2.031E+02
    6         -8.339E+04 -3.291E+03 -1.717E+03 -2.022E+01 -7.248E+02 -1.514E+02
    7         -6.881E+04  1.665E+03  3.258E+02 -4.187E+02  7.551E+02  1.533E+02
    8         -6.880E+04  1.706E+03  3.433E+02 -3.449E+02 -7.131E+02 -1.455E+02
 
 STRESS of ELEMENT :  386
 ----------------------------------------------
  Position       Sxx        Syy        Szz        Sxy        Syz        Szx     
    1         -8.237E+04 -1.623E+03  1.072E+01 -4.820E+03  7.523E+02  1.514E+02
    2         -8.239E+04 -1.665E+03 -7.464E+00 -4.894E+03 -7.717E+02 -2.031E+02
    3         -6.786E+04  3.291E+03  1.876E+03 -5.145E+03  7.402E+02  1.455E+02
    4         -6.788E+04  3.248E+03  1.858E+03 -5.218E+03 -7.838E+02 -1.533E+02
    5         -8.339E+04 -3.291E+03 -1.717E+03 -2.022E+01  7.248E+02  1.514E+02
    6         -8.341E+04 -3.332E+03 -1.735E+03 -9.448E+01 -7.435E+02 -2.031E+02
    7         -6.880E+04  1.706E+03  3.433E+02 -3.449E+02  7.131E+02  1.455E+02
    8         -6.881E+04  1.665E+03  3.258E+02 -4.187E+02 -7.551E+02 -1.533E+02
 
 STRESS of ELEMENT :  387
 ----------------------------------------------
  Position       Sxx        Syy        Szz        Sxy        Syz        Szx     
    1         -6.100E+04 -1.944E+03 -4.802E+02 -9.134E+03  7.107E+02  1.262E+02
    2         -6.098E+04 -1.899E+03 -4.607E+02 -9.038E+03 -7.530E+02 -1.326E+02
    3         -4.640E+04  3.060E+03  1.596E+03 -9.366E+03  7.237E+02  1.020E+02
    4         -4.638E+04  3.105E+03  1.616E+03 -9.271E+03 -7.401E+02 -1.033E+02
    5         -6.174E+04 -3.144E+03 -1.734E+03 -4.335E+03  6.847E+02  1.262E+02
    6         -6.172E+04 -3.101E+03 -1.715E+03 -4.239E+03 -7.255E+02 -1.326E+02
    7         -4.706E+04  1.940E+03  5.294E+02 -4.567E+03  6.972E+02  1.020E+02
    8         -4.704E+04  1.983E+03  5.481E+02 -4.471E+03 -7.130E+02 -1.033E+02
 
 STRESS of ELEMENT :  388
 ----------------------------------------------
  Position       Sxx        Syy        Szz        Sxy        Syz        Szx     
    1         -6.098E+04 -1.899E+03 -4.607E+02 -9.038E+03  7.530E+02  1.326E+02
    2         -6.100E+04 -1.944E+03 -4.802E+02 -9.134E+03 -7.107E+02 -1.262E+02
    3         -4.638E+04  3.105E+03  1.616E+03 -9.271E+03  7.401E+02  1.033E+02
    4         -4.640E+04  3.060E+03  1.596E+03 -9.366E+03 -7.237E+02 -1.020E+02
    5         -6.172E+04 -3.101E+03 -1.715E+03 -4.239E+03  7.255E+02  1.326E+02
    6         -6.174E+04 -3.144E+03 -1.734E+03 -4.335E+03 -6.847E+02 -1.262E+02
    7         -4.704E+04  1.983E+03  5.481E+02 -4.471E+03  7.130E+02  1.033E+02
    8         -4.706E+04  1.940E+03  5.294E+02 -4.567E+03 -6.972E+02 -1.020E+02
 
 STRESS of ELEMENT :  389
 ----------------------------------------------
  Position       Sxx        Syy        Szz        Sxy        Syz        Szx     
    1         -3.951E+04 -2.153E+03 -6.900E+02 -1.197E+04  7.312E+02  8.323E+01
    2         -3.951E+04 -2.151E+03 -6.889E+02 -1.188E+04 -7.344E+02 -8.287E+01
    3         -2.491E+04  2.848E+03  1.380E+03 -1.211E+04  7.319E+02  5.629E+01
    4         -2.491E+04  2.850E+03  1.381E+03 -1.201E+04 -7.337E+02 -5.623E+01
    5         -3.997E+04 -2.890E+03 -1.480E+03 -7.169E+03  7.044E+02  8.323E+01
    6         -3.997E+04 -2.888E+03 -1.479E+03 -7.076E+03 -7.075E+02 -8.287E+01
    7         -2.529E+04  2.191E+03  7.771E+02 -7.308E+03  7.051E+02  5.629E+01
    8         -2.529E+04  2.194E+03  7.781E+02 -7.215E+03 -7.069E+02 -5.623E+01
 
 STRESS of ELEMENT :  390
 ----------------------------------------------
  Position       Sxx        Syy        Szz        Sxy        Syz        Szx     
    1         -3.951E+04 -2.151E+03 -6.889E+02 -1.188E+04  7.344E+02  8.287E+01
    2         -3.951E+04 -2.153E+03 -6.900E+02 -1.197E+04 -7.312E+02 -8.323E+01
    3         -2.491E+04  2.850E+03  1.381E+03 -1.201E+04  7.337E+02  5.623E+01
    4         -2.491E+04  2.848E+03  1.380E+03 -1.211E+04 -7.319E+02 -5.629E+01
    5         -3.997E+04 -2.888E+03 -1.479E+03 -7.076E+03  7.075E+02  8.287E+01
    6         -3.997E+04 -2.890E+03 -1.480E+03 -7.169E+03 -7.044E+02 -8.323E+01
    7         -2.529E+04  2.194E+03  7.781E+02 -7.215E+03  7.069E+02  5.623E+01
    8         -2.529E+04  2.191E+03  7.771E+02 -7.308E+03 -7.051E+02 -5.629E+01
 
 STRESS of ELEMENT :  391
 ----------------------------------------------
  Position       Sxx        Syy        Szz        Sxy        Syz        Szx     
    1         -1.804E+04 -2.383E+03 -9.168E+02 -1.341E+04  7.336E+02  3.661E+01
    2         -1.804E+04 -2.384E+03 -9.170E+02 -1.332E+04 -7.331E+02 -3.665E+01
    3         -3.438E+03  2.616E+03  1.149E+03 -1.346E+04  7.335E+02  9.810E+00
    4         -3.438E+03  2.616E+03  1.149E+03 -1.336E+04 -7.332E+02 -9.821E+00
    5         -1.822E+04 -2.656E+03 -1.243E+03 -8.610E+03  7.068E+02  3.661E+01
    6         -1.822E+04 -2.656E+03 -1.243E+03 -8.517E+03 -7.063E+02 -3.665E+01
    7         -3.537E+03  2.424E+03  1.011E+03 -8.656E+03  7.066E+02  9.810E+00
    8         -3.537E+03  2.424E+03  1.011E+03 -8.563E+03 -7.064E+02 -9.821E+00
 
 STRESS of ELEMENT :  392
 ----------------------------------------------
  Position       Sxx        Syy        Szz        Sxy        Syz        Szx     
    1         -1.804E+04 -2.384E+03 -9.170E+02 -1.332E+04  7.331E+02  3.665E+01
    2         -1.804E+04 -2.383E+03 -9.168E+02 -1.341E+04 -7.336E+02 -3.661E+01
    3         -3.438E+03  2.616E+03  1.149E+03 -1.336E+04  7.332E+02  9.821E+00
    4         -3.438E+03  2.616E+03  1.149E+03 -1.346E+04 -7.335E+02 -9.810E+00
    5         -1.822E+04 -2.656E+03 -1.243E+03 -8.517E+03  7.063E+02  3.665E+01
    6         -1.822E+04 -2.656E+03 -1.243E+03 -8.610E+03 -7.068E+02 -3.661E+01
    7         -3.537E+03  2.424E+03  1.011E+03 -8.563E+03  7.064E+02  9.821E+00
    8         -3.537E+03  2.424E+03  1.011E+03 -8.656E+03 -7.066E+02 -9.810E+00
 
 STRESS of ELEMENT :  393
 ----------------------------------------------
  Position       Sxx        Syy        Szz        Sxy        Syz        Szx     
    1          3.438E+03 -2.616E+03 -1.149E+03 -1.346E+04  7.335E+02 -9.810E+00
    2          3.438E+03 -2.616E+03 -1.149E+03 -1.336E+04 -7.332E+02  9.821E+00
    3          1.804E+04  2.383E+03  9.168E+02 -1.341E+04  7.336E+02 -3.661E+01
    4          1.804E+04  2.384E+03  9.170E+02 -1.332E+04 -7.331E+02  3.665E+01
    5          3.537E+03 -2.424E+03 -1.011E+03 -8.656E+03  7.066E+02 -9.810E+00
    6          3.537E+03 -2.424E+03 -1.011E+03 -8.563E+03 -7.064E+02  9.821E+00
    7          1.822E+04  2.656E+03  1.243E+03 -8.610E+03  7.068E+02 -3.661E+01
    8          1.822E+04  2.656E+03  1.243E+03 -8.517E+03 -7.063E+02  3.665E+01
 
 STRESS of ELEMENT :  394
 ----------------------------------------------
  Position       Sxx        Syy        Szz        Sxy        Syz        Szx     
    1          3.438E+03 -2.616E+03 -1.149E+03 -1.336E+04  7.332E+02 -9.821E+00
    2          3.438E+03 -2.616E+03 -1.149E+03 -1.346E+04 -7.335E+02  9.810E+00
    3          1.804E+04  2.384E+03  9.170E+02 -1.332E+04  7.331E+02 -3.665E+01
    4          1.804E+04  2.383E+03  9.168E+02 -1.341E+04 -7.336E+02  3.661E+01
    5          3.537E+03 -2.424E+03 -1.011E+03 -8.563E+03  7.064E+02 -9.821E+00
    6          3.537E+03 -2.424E+03 -1.011E+03 -8.656E+03 -7.066E+02  9.810E+00
    7          1.822E+04  2.656E+03  1.243E+03 -8.517E+03  7.063E+02 -3.665E+01
    8          1.822E+04  2.656E+03  1.243E+03 -8.610E+03 -7.068E+02  3.661E+01
 
 STRESS of ELEMENT :  395
 ----------------------------------------------
  Position       Sxx        Syy        Szz        Sxy        Syz        Szx     
    1          2.491E+04 -2.848E+03 -1.380E+03 -1.211E+04  7.319E+02 -5.629E+01
    2          2.491E+04 -2.850E+03 -1.381E+03 -1.201E+04 -7.337E+02  5.623E+01
    3          3.951E+04  2.153E+03  6.900E+02 -1.197E+04  7.312E+02 -8.323E+01
    4          3.951E+04  2.151E+03  6.889E+02 -1.188E+04 -7.344E+02  8.287E+01
    5          2.529E+04 -2.191E+03 -7.771E+02 -7.308E+03  7.051E+02 -5.629E+01
    6          2.529E+04 -2.194E+03 -7.781E+02 -7.215E+03 -7.069E+02  5.623E+01
    7          3.997E+04  2.890E+03  1.480E+03 -7.169E+03  7.044E+02 -8.323E+01
    8          3.997E+04  2.888E+03  1.479E+03 -7.076E+03 -7.075E+02  8.287E+01
 
 STRESS of ELEMENT :  396
 ----------------------------------------------
  Position       Sxx        Syy        Szz        Sxy        Syz        Szx     
    1          2.491E+04 -2.850E+03 -1.381E+03 -1.201E+04  7.337E+02 -5.623E+01
    2          2.491E+04 -2.848E+03 -1.380E+03 -1.211E+04 -7.319E+02  5.629E+01
    3          3.951E+04  2.151E+03  6.889E+02 -1.188E+04  7.344E+02 -8.287E+01
    4          3.951E+04  2.153E+03  6.900E+02 -1.197E+04 -7.312E+02  8.323E+01
    5          2.529E+04 -2.194E+03 -7.781E+02 -7.215E+03  7.069E+02 -5.623E+01
    6          2.529E+04 -2.191E+03 -7.771E+02 -7.308E+03 -7.051E+02  5.629E+01
    7          3.997E+04  2.888E+03  1.479E+03 -7.076E+03  7.075E+02 -8.287E+01
    8          3.997E+04  2.890E+03  1.480E+03 -7.169E+03 -7.044E+02  8.323E+01
 
 STRESS of ELEMENT :  397
 ----------------------------------------------
  Position       Sxx        Syy        Szz        Sxy        Syz        Szx     
    1          4.640E+04 -3.060E+03 -1.596E+03 -9.366E+03  7.237E+02 -1.020E+02
    2          4.638E+04 -3.105E+03 -1.616E+03 -9.271E+03 -7.401E+02  1.033E+02
    3          6.100E+04  1.944E+03  4.802E+02 -9.134E+03  7.107E+02 -1.262E+02
    4          6.098E+04  1.899E+03  4.607E+02 -9.038E+03 -7.530E+02  1.326E+02
    5          4.706E+04 -1.940E+03 -5.294E+02 -4.567E+03  6.972E+02 -1.020E+02
    6          4.704E+04 -1.983E+03 -5.481E+02 -4.471E+03 -7.130E+02  1.033E+02
    7          6.174E+04  3.144E+03  1.734E+03 -4.335E+03  6.847E+02 -1.262E+02
    8          6.172E+04  3.101E+03  1.715E+03 -4.239E+03 -7.255E+02  1.326E+02
 
 STRESS of ELEMENT :  398
 ----------------------------------------------
  Position       Sxx        Syy        Szz        Sxy        Syz        Szx     
    1          4.638E+04 -3.105E+03 -1.616E+03 -9.271E+03  7.401E+02 -1.033E+02
    2          4.640E+04 -3.060E+03 -1.596E+03 -9.366E+03 -7.237E+02  1.020E+02
    3          6.098E+04  1.899E+03  4.607E+02 -9.038E+03  7.530E+02 -1.326E+02
    4          6.100E+04  1.944E+03  4.802E+02 -9.134E+03 -7.107E+02  1.262E+02
    5          4.704E+04 -1.983E+03 -5.481E+02 -4.471E+03  7.130E+02 -1.033E+02
    6          4.706E+04 -1.940E+03 -5.294E+02 -4.567E+03 -6.972E+02  1.020E+02
    7          6.172E+04  3.101E+03  1.715E+03 -4.239E+03  7.255E+02 -1.326E+02
    8          6.174E+04  3.144E+03  1.734E+03 -4.335E+03 -6.847E+02  1.262E+02
 
 STRESS of ELEMENT :  399
 ----------------------------------------------
  Position       Sxx        Syy        Szz        Sxy        Syz        Szx     
    1          6.788E+04 -3.248E+03 -1.858E+03 -5.218E+03  7.838E+02 -1.533E+02
    2          6.786E+04 -3.291E+03 -1.876E+03 -5.145E+03 -7.402E+02  1.455E+02
    3          8.239E+04  1.665E+03  7.464E+00 -4.894E+03  7.717E+02 -2.031E+02
    4          8.237E+04  1.623E+03 -1.072E+01 -4.820E+03 -7.523E+02  1.514E+02
    5          6.881E+04 -1.665E+03 -3.258E+02 -4.187E+02  7.551E+02 -1.533E+02
    6          6.880E+04 -1.706E+03 -3.433E+02 -3.449E+02 -7.131E+02  1.455E+02
    7          8.341E+04  3.332E+03  1.735E+03 -9.448E+01  7.435E+02 -2.031E+02
    8          8.339E+04  3.291E+03  1.717E+03 -2.022E+01 -7.248E+02  1.514E+02
 
 STRESS of ELEMENT :  400
 ----------------------------------------------
  Position       Sxx        Syy        Szz        Sxy        Syz        Szx     
    1          6.786E+04 -3.291E+03 -1.876E+03 -5.145E+03  7.402E+02 -1.455E+02
    2          6.788E+04 -3.248E+03 -1.858E+03 -5.218E+03 -7.838E+02  1.533E+02
    3          8.237E+04  1.623E+03 -1.072E+01 -4.820E+03  7.523E+02 -1.514E+02
    4          8.239E+04  1.665E+03  7.464E+00 -4.894E+03 -7.717E+02  2.031E+02
    5          6.880E+04 -1.706E+03 -3.433E+02 -3.449E+02  7.131E+02 -1.455E+02
    6          6.881E+04 -1.665E+03 -3.258E+02 -4.187E+02 -7.551E+02  1.533E+02
    7          8.339E+04  3.291E+03  1.717E+03 -2.022E+01  7.248E+02 -1.514E+02
    8          8.341E+04  3.332E+03  1.735E+03 -9.448E+01 -7.435E+02  2.031E+02
 
 STRESS of ELEMENT :  401
 ----------------------------------------------
  Position       Sxx        Syy        Szz        Sxy        Syz        Szx     
    1         -7.704E+04 -1.504E+03  4.874E+01 -4.739E+03  7.228E+02  2.031E+02
    2         -7.703E+04 -1.464E+03  6.577E+01 -4.665E+03 -7.046E+02 -1.514E+02
    3         -6.347E+04  3.090E+03  1.788E+03 -5.064E+03  7.342E+02  1.533E+02
    4         -6.345E+04  3.130E+03  1.805E+03 -4.990E+03 -6.933E+02 -1.455E+02
    5         -7.806E+04 -3.171E+03 -1.679E+03 -2.493E+02  6.946E+02  2.031E+02
    6         -7.804E+04 -3.132E+03 -1.662E+03 -1.750E+02 -6.771E+02 -1.514E+02
    7         -6.440E+04  1.507E+03  2.553E+02 -5.736E+02  7.055E+02  1.533E+02
    8         -6.439E+04  1.545E+03  2.717E+02 -4.997E+02 -6.662E+02 -1.455E+02
 
 STRESS of ELEMENT :  402
 ----------------------------------------------
  Position       Sxx        Syy        Szz        Sxy        Syz        Szx     
    1         -7.703E+04 -1.464E+03  6.577E+01 -4.665E+03  7.046E+02  1.514E+02
    2         -7.704E+04 -1.504E+03  4.874E+01 -4.739E+03 -7.228E+02 -2.031E+02
    3         -6.345E+04  3.130E+03  1.805E+03 -4.990E+03  6.933E+02  1.455E+02
    4         -6.347E+04  3.090E+03  1.788E+03 -5.064E+03 -7.342E+02 -1.533E+02
    5         -7.804E+04 -3.132E+03 -1.662E+03 -1.750E+02  6.771E+02  1.514E+02
    6         -7.806E+04 -3.171E+03 -1.679E+03 -2.493E+02 -6.946E+02 -2.031E+02
    7         -6.439E+04  1.545E+03  2.717E+02 -4.997E+02  6.662E+02  1.455E+02
    8         -6.440E+04  1.507E+03  2.553E+02 -5.736E+02 -7.055E+02 -1.533E+02
 
 STRESS of ELEMENT :  403
 ----------------------------------------------
  Position       Sxx        Syy        Szz        Sxy        Syz        Szx     
    1         -5.704E+04 -1.780E+03 -4.087E+02 -8.979E+03  6.657E+02  1.262E+02
    2         -5.702E+04 -1.737E+03 -3.905E+02 -8.883E+03 -7.053E+02 -1.326E+02
    3         -4.338E+04  2.899E+03  1.528E+03 -9.211E+03  6.779E+02  1.020E+02
    4         -4.337E+04  2.941E+03  1.546E+03 -9.116E+03 -6.932E+02 -1.033E+02
    5         -5.778E+04 -2.980E+03 -1.663E+03 -4.489E+03  6.397E+02  1.262E+02
    6         -5.776E+04 -2.939E+03 -1.645E+03 -4.393E+03 -6.778E+02 -1.326E+02
    7         -4.404E+04  1.778E+03  4.608E+02 -4.722E+03  6.514E+02  1.020E+02
    8         -4.402E+04  1.819E+03  4.783E+02 -4.626E+03 -6.661E+02 -1.033E+02
 
 STRESS of ELEMENT :  404
 ----------------------------------------------
  Position       Sxx        Syy        Szz        Sxy        Syz        Szx     
    1         -5.702E+04 -1.737E+03 -3.905E+02 -8.883E+03  7.053E+02  1.326E+02
    2         -5.704E+04 -1.780E+03 -4.087E+02 -8.979E+03 -6.657E+02 -1.262E+02
    3         -4.337E+04  2.941E+03  1.546E+03 -9.116E+03  6.932E+02  1.033E+02
    4         -4.338E+04  2.899E+03  1.528E+03 -9.211E+03 -6.779E+02 -1.020E+02
    5         -5.776E+04 -2.939E+03 -1.645E+03 -4.393E+03  6.778E+02  1.326E+02
    6         -5.778E+04 -2.980E+03 -1.663E+03 -4.489E+03 -6.397E+02 -1.262E+02
    7         -4.402E+04  1.819E+03  4.783E+02 -4.626E+03  6.661E+02  1.033E+02
    8         -4.404E+04  1.778E+03  4.608E+02 -4.722E+03 -6.514E+02 -1.020E+02
 
 STRESS of ELEMENT :  405
 ----------------------------------------------
  Position       Sxx        Syy        Szz        Sxy        Syz        Szx     
    1         -3.695E+04 -1.991E+03 -6.200E+02 -1.181E+04  6.849E+02  8.323E+01
    2         -3.695E+04 -1.988E+03 -6.190E+02 -1.172E+04 -6.879E+02 -8.287E+01
    3         -2.329E+04  2.685E+03  1.310E+03 -1.195E+04  6.855E+02  5.628E+01
    4         -2.329E+04  2.687E+03  1.311E+03 -1.186E+04 -6.872E+02 -5.623E+01
    5         -3.741E+04 -2.728E+03 -1.410E+03 -7.323E+03  6.581E+02  8.323E+01
    6         -3.741E+04 -2.725E+03 -1.409E+03 -7.231E+03 -6.610E+02 -8.287E+01
    7         -2.367E+04  2.029E+03  7.075E+02 -7.463E+03  6.588E+02  5.629E+01
    8         -2.367E+04  2.031E+03  7.085E+02 -7.370E+03 -6.604E+02 -5.623E+01
 
 STRESS of ELEMENT :  406
 ----------------------------------------------
  Position       Sxx        Syy        Szz        Sxy        Syz        Szx     
    1         -3.695E+04 -1.988E+03 -6.190E+02 -1.172E+04  6.879E+02  8.287E+01
    2         -3.695E+04 -1.991E+03 -6.200E+02 -1.181E+04 -6.849E+02 -8.323E+01
    3         -2.329E+04  2.687E+03  1.311E+03 -1.186E+04  6.872E+02  5.623E+01
    4         -2.329E+04  2.685E+03  1.310E+03 -1.195E+04 -6.855E+02 -5.628E+01
    5         -3.741E+04 -2.725E+03 -1.409E+03 -7.231E+03  6.610E+02  8.287E+01
    6         -3.741E+04 -2.728E+03 -1.410E+03 -7.323E+03 -6.581E+02 -8.323E+01
    7         -2.367E+04  2.031E+03  7.085E+02 -7.370E+03  6.604E+02  5.623E+01
    8         -2.367E+04  2.029E+03  7.075E+02 -7.463E+03 -6.588E+02 -5.629E+01
 
 STRESS of ELEMENT :  407
 ----------------------------------------------
  Position       Sxx        Syy        Szz        Sxy        Syz        Szx     
    1         -1.687E+04 -2.221E+03 -8.472E+02 -1.325E+04  6.871E+02  3.661E+01
    2         -1.687E+04 -2.221E+03 -8.473E+02 -1.316E+04 -6.867E+02 -3.665E+01
    3         -3.213E+03  2.453E+03  1.080E+03 -1.330E+04  6.870E+02  9.810E+00
    4         -3.213E+03  2.453E+03  1.079E+03 -1.321E+04 -6.868E+02 -9.821E+00
    5         -1.705E+04 -2.493E+03 -1.173E+03 -8.764E+03  6.603E+02  3.661E+01
    6         -1.705E+04 -2.494E+03 -1.173E+03 -8.671E+03 -6.599E+02 -3.665E+01
    7         -3.312E+03  2.261E+03  9.411E+02 -8.811E+03  6.602E+02  9.810E+00
    8         -3.312E+03  2.261E+03  9.410E+02 -8.718E+03 -6.600E+02 -9.821E+00
 
 STRESS of ELEMENT :  408
 ----------------------------------------------
  Position       Sxx        Syy        Szz        Sxy        Syz        Szx     
    1         -1.687E+04 -2.221E+03 -8.473E+02 -1.316E+04  6.867E+02  3.665E+01
    2         -1.687E+04 -2.221E+03 -8.472E+02 -1.325E+04 -6.871E+02 -3.661E+01
    3         -3.213E+03  2.453E+03  1.079E+03 -1.321E+04  6.868E+02  9.821E+00
    4         -3.213E+03  2.453E+03  1.080E+03 -1.330E+04 -6.870E+02 -9.810E+00
    5         -1.705E+04 -2.494E+03 -1.173E+03 -8.671E+03  6.599E+02  3.665E+01
    6         -1.705E+04 -2.493E+03 -1.173E+03 -8.764E+03 -6.603E+02 -3.661E+01
    7         -3.312E+03  2.261E+03  9.410E+02 -8.718E+03  6.600E+02  9.821E+00
    8         -3.312E+03  2.261E+03  9.411E+02 -8.811E+03 -6.602E+02 -9.810E+00
 
 STRESS of ELEMENT :  409
 ----------------------------------------------
  Position       Sxx        Syy        Szz        Sxy        Syz        Szx     
    1          3.213E+03 -2.453E+03 -1.080E+03 -1.330E+04  6.870E+02 -9.810E+00
    2          3.213E+03 -2.453E+03 -1.079E+03 -1.321E+04 -6.868E+02  9.821E+00
    3          1.687E+04  2.221E+03  8.472E+02 -1.325E+04  6.871E+02 -3.661E+01
    4          1.687E+04  2.221E+03  8.473E+02 -1.316E+04 -6.867E+02  3.665E+01
    5          3.312E+03 -2.261E+03 -9.411E+02 -8.811E+03  6.602E+02 -9.810E+00
    6          3.312E+03 -2.261E+03 -9.410E+02 -8.718E+03 -6.600E+02  9.821E+00
    7          1.705E+04  2.493E+03  1.173E+03 -8.764E+03  6.603E+02 -3.661E+01
    8          1.705E+04  2.494E+03  1.173E+03 -8.671E+03 -6.599E+02  3.665E+01
 
 STRESS of ELEMENT :  410
 ----------------------------------------------
  Position       Sxx        Syy        Szz        Sxy        Syz        Szx     
    1          3.213E+03 -2.453E+03 -1.079E+03 -1.321E+04  6.868E+02 -9.821E+00
    2          3.213E+03 -2.453E+03 -1.080E+03 -1.330E+04 -6.870E+02  9.810E+00
    3          1.687E+04  2.221E+03  8.473E+02 -1.316E+04  6.867E+02 -3.665E+01
    4          1.687E+04  2.221E+03  8.472E+02 -1.325E+04 -6.871E+02  3.661E+01
    5          3.312E+03 -2.261E+03 -9.410E+02 -8.718E+03  6.600E+02 -9.821E+00
    6          3.312E+03 -2.261E+03 -9.411E+02 -8.811E+03 -6.602E+02  9.810E+00
    7          1.705E+04  2.494E+03  1.173E+03 -8.671E+03  6.599E+02 -3.665E+01
    8          1.705E+04  2.493E+03  1.173E+03 -8.764E+03 -6.603E+02  3.661E+01
 
 STRESS of ELEMENT :  411
 ----------------------------------------------
  Position       Sxx        Syy        Szz        Sxy        Syz        Szx     
    1          2.329E+04 -2.685E+03 -1.310E+03 -1.195E+04  6.855E+02 -5.628E+01
    2          2.329E+04 -2.687E+03 -1.311E+03 -1.186E+04 -6.872E+02  5.623E+01
    3          3.695E+04  1.991E+03  6.200E+02 -1.181E+04  6.849E+02 -8.323E+01
    4          3.695E+04  1.988E+03  6.190E+02 -1.172E+04 -6.879E+02  8.287E+01
    5          2.367E+04 -2.029E+03 -7.075E+02 -7.463E+03  6.588E+02 -5.629E+01
    6          2.367E+04 -2.031E+03 -7.085E+02 -7.370E+03 -6.604E+02  5.623E+01
    7          3.741E+04  2.728E+03  1.410E+03 -7.323E+03  6.581E+02 -8.323E+01
    8          3.741E+04  2.725E+03  1.409E+03 -7.231E+03 -6.610E+02  8.287E+01
 
 STRESS of ELEMENT :  412
 ----------------------------------------------
  Position       Sxx        Syy        Szz        Sxy        Syz        Szx     
    1          2.329E+04 -2.687E+03 -1.311E+03 -1.186E+04  6.872E+02 -5.623E+01
    2          2.329E+04 -2.685E+03 -1.310E+03 -1.195E+04 -6.855E+02  5.628E+01
    3          3.695E+04  1.988E+03  6.190E+02 -1.172E+04  6.879E+02 -8.287E+01
    4          3.695E+04  1.991E+03  6.200E+02 -1.181E+04 -6.849E+02  8.323E+01
    5          2.367E+04 -2.031E+03 -7.085E+02 -7.370E+03  6.604E+02 -5.623E+01
    6          2.367E+04 -2.029E+03 -7.075E+02 -7.463E+03 -6.588E+02  5.629E+01
    7          3.741E+04  2.725E+03  1.409E+03 -7.231E+03  6.610E+02 -8.287E+01
    8          3.741E+04  2.728E+03  1.410E+03 -7.323E+03 -6.581E+02  8.323E+01
 
 STRESS of ELEMENT :  413
 ----------------------------------------------
  Position       Sxx        Syy        Szz        Sxy        Syz        Szx     
    1          4.338E+04 -2.899E+03 -1.528E+03 -9.211E+03  6.779E+02 -1.020E+02
    2          4.337E+04 -2.941E+03 -1.546E+03 -9.116E+03 -6.932E+02  1.033E+02
    3          5.704E+04  1.780E+03  4.087E+02 -8.979E+03  6.657E+02 -1.262E+02
    4          5.702E+04  1.737E+03  3.905E+02 -8.883E+03 -7.053E+02  1.326E+02
    5          4.404E+04 -1.778E+03 -4.608E+02 -4.722E+03  6.514E+02 -1.020E+02
    6          4.402E+04 -1.819E+03 -4.783E+02 -4.626E+03 -6.661E+02  1.033E+02
    7          5.778E+04  2.980E+03  1.663E+03 -4.489E+03  6.397E+02 -1.262E+02
    8          5.776E+04  2.939E+03  1.645E+03 -4.393E+03 -6.778E+02  1.326E+02
 
 STRESS of ELEMENT :  414
 ----------------------------------------------
  Position       Sxx        Syy        Szz        Sxy        Syz        Szx     
    1          4.337E+04 -2.941E+03 -1.546E+03 -9.116E+03  6.932E+02 -1.033E+02
    2          4.338E+04 -2.899E+03 -1.528E+03 -9.211E+03 -6.779E+02  1.020E+02
    3          5.702E+04  1.737E+03  3.905E+02 -8.883E+03  7.053E+02 -1.326E+02
    4          5.704E+04  1.780E+03  4.087E+02 -8.979E+03 -6.657E+02  1.262E+02
    5          4.402E+04 -1.819E+03 -4.783E+02 -4.626E+03  6.661E+02 -1.033E+02
    6          4.404E+04 -1.778E+03 -4.608E+02 -4.722E+03 -6.514E+02  1.020E+02
    7          5.776E+04  2.939E+03  1.645E+03 -4.393E+03  6.778E+02 -1.326E+02
    8          5.778E+04  2.980E+03  1.663E+03 -4.489E+03 -6.397E+02  1.262E+02
 
 STRESS of ELEMENT :  415
 ----------------------------------------------
  Position       Sxx        Syy        Szz        Sxy        Syz        Szx     
    1          6.347E+04 -3.090E+03 -1.788E+03 -5.064E+03  7.342E+02 -1.533E+02
    2          6.345E+04 -3.130E+03 -1.805E+03 -4.990E+03 -6.933E+02  1.455E+02
    3          7.704E+04  1.504E+03 -4.874E+01 -4.739E+03  7.228E+02 -2.031E+02
    4          7.703E+04  1.464E+03 -6.577E+01 -4.665E+03 -7.046E+02  1.514E+02
    5          6.440E+04 -1.507E+03 -2.553E+02 -5.736E+02  7.055E+02 -1.533E+02
    6          6.439E+04 -1.545E+03 -2.717E+02 -4.997E+02 -6.662E+02  1.455E+02
    7          7.806E+04  3.171E+03  1.679E+03 -2.493E+02  6.946E+02 -2.031E+02
    8          7.804E+04  3.132E+03  1.662E+03 -1.750E+02 -6.771E+02  1.514E+02
 
 STRESS of ELEMENT :  416
 ----------------------------------------------
  Position       Sxx        Syy        Szz        Sxy        Syz        Szx     
    1          6.345E+04 -3.130E+03 -1.805E+03 -4.990E+03  6.933E+02 -1.455E+02
    2          6.347E+04 -3.090E+03 -1.788E+03 -5.064E+03 -7.342E+02  1.533E+02
    3          7.703E+04  1.464E+03 -6.577E+01 -4.665E+03  7.046E+02 -1.514E+02
    4          7.704E+04  1.504E+03 -4.874E+01 -4.739E+03 -7.228E+02  2.031E+02
    5          6.439E+04 -1.545E+03 -2.717E+02 -4.997E+02  6.662E+02 -1.455E+02
    6          6.440E+04 -1.507E+03 -2.553E+02 -5.736E+02 -7.055E+02  1.533E+02
    7          7.804E+04  3.132E+03  1.662E+03 -1.750E+02  6.771E+02 -1.514E+02
    8          7.806E+04  3.171E+03  1.679E+03 -2.493E+02 -6.946E+02  2.031E+02
 
 STRESS of ELEMENT :  417
 ----------------------------------------------
  Position       Sxx        Syy        Szz        Sxy        Syz        Szx     
    1         -7.169E+04 -1.343E+03  1.049E+02 -4.584E+03  6.739E+02  2.031E+02
    2         -7.168E+04 -1.306E+03  1.208E+02 -4.510E+03 -6.570E+02 -1.514E+02
    3         -5.906E+04  2.931E+03  1.717E+03 -4.909E+03  6.845E+02  1.533E+02
    4         -5.904E+04  2.968E+03  1.733E+03 -4.835E+03 -6.464E+02 -1.455E+02
    5         -7.271E+04 -3.009E+03 -1.622E+03 -4.042E+02  6.457E+02  2.031E+02
    6         -7.270E+04 -2.974E+03 -1.607E+03 -3.299E+02 -6.295E+02 -1.514E+02
    7         -5.999E+04  1.348E+03  1.849E+02 -7.284E+02  6.559E+02  1.533E+02
    8         -5.998E+04  1.384E+03  2.001E+02 -6.546E+02 -6.193E+02 -1.455E+02
 
 STRESS of ELEMENT :  418
 ----------------------------------------------
  Position       Sxx        Syy        Szz        Sxy        Syz        Szx     
    1         -7.168E+04 -1.306E+03  1.208E+02 -4.510E+03  6.570E+02  1.514E+02
    2         -7.169E+04 -1.343E+03  1.049E+02 -4.584E+03 -6.739E+02 -2.031E+02
    3         -5.904E+04  2.968E+03  1.733E+03 -4.835E+03  6.464E+02  1.455E+02
    4         -5.906E+04  2.931E+03  1.717E+03 -4.909E+03 -6.845E+02 -1.533E+02
    5         -7.270E+04 -2.974E+03 -1.607E+03 -3.299E+02  6.295E+02  1.514E+02
    6         -7.271E+04 -3.009E+03 -1.622E+03 -4.042E+02 -6.457E+02 -2.031E+02
    7         -5.998E+04  1.384E+03  2.001E+02 -6.546E+02  6.193E+02  1.455E+02
    8         -5.999E+04  1.348E+03  1.849E+02 -7.284E+02 -6.559E+02 -1.533E+02
 
 STRESS of ELEMENT :  419
 ----------------------------------------------
  Position       Sxx        Syy        Szz        Sxy        Syz        Szx     
    1         -5.308E+04 -1.616E+03 -3.373E+02 -8.825E+03  6.207E+02  1.262E+02
    2         -5.307E+04 -1.576E+03 -3.203E+02 -8.729E+03 -6.576E+02 -1.326E+02
    3         -4.037E+04  2.737E+03  1.459E+03 -9.057E+03  6.320E+02  1.020E+02
    4         -4.035E+04  2.777E+03  1.476E+03 -8.961E+03 -6.463E+02 -1.033E+02
    5         -5.382E+04 -2.816E+03 -1.591E+03 -4.644E+03  5.947E+02  1.262E+02
    6         -5.380E+04 -2.778E+03 -1.575E+03 -4.548E+03 -6.301E+02 -1.326E+02
    7         -4.103E+04  1.617E+03  3.923E+02 -4.876E+03  6.056E+02  1.020E+02
    8         -4.101E+04  1.655E+03  4.085E+02 -4.781E+03 -6.193E+02 -1.033E+02
 
 STRESS of ELEMENT :  420
 ----------------------------------------------
  Position       Sxx        Syy        Szz        Sxy        Syz        Szx     
    1         -5.307E+04 -1.576E+03 -3.203E+02 -8.729E+03  6.576E+02  1.326E+02
    2         -5.308E+04 -1.616E+03 -3.373E+02 -8.825E+03 -6.207E+02 -1.262E+02
    3         -4.035E+04  2.777E+03  1.476E+03 -8.961E+03  6.463E+02  1.033E+02
    4         -4.037E+04  2.737E+03  1.459E+03 -9.057E+03 -6.320E+02 -1.020E+02
    5         -5.380E+04 -2.778E+03 -1.575E+03 -4.548E+03  6.301E+02  1.326E+02
    6         -5.382E+04 -2.816E+03 -1.591E+03 -4.644E+03 -5.947E+02 -1.262E+02
    7         -4.101E+04  1.655E+03  4.085E+02 -4.781E+03  6.193E+02  1.033E+02
    8         -4.103E+04  1.617E+03  3.923E+02 -4.876E+03 -6.056E+02 -1.020E+02
 
 STRESS of ELEMENT :  421
 ----------------------------------------------
  Position       Sxx        Syy        Szz        Sxy        Syz        Szx     
    1         -3.439E+04 -1.828E+03 -5.500E+02 -1.166E+04  6.386E+02  8.323E+01
    2         -3.438E+04 -1.826E+03 -5.490E+02 -1.157E+04 -6.414E+02 -8.287E+01
    3         -2.167E+04  2.523E+03  1.241E+03 -1.180E+04  6.392E+02  5.628E+01
    4         -2.167E+04  2.525E+03  1.242E+03 -1.171E+04 -6.408E+02 -5.623E+01
    5         -3.484E+04 -2.565E+03 -1.340E+03 -7.478E+03  6.118E+02  8.323E+01
    6         -3.484E+04 -2.563E+03 -1.339E+03 -7.385E+03 -6.145E+02 -8.287E+01
    7         -2.205E+04  1.866E+03  6.380E+02 -7.618E+03  6.124E+02  5.628E+01
    8         -2.205E+04  1.868E+03  6.389E+02 -7.525E+03 -6.139E+02 -5.623E+01
 
 STRESS of ELEMENT :  422
 ----------------------------------------------
  Position       Sxx        Syy        Szz        Sxy        Syz        Szx     
    1         -3.438E+04 -1.826E+03 -5.490E+02 -1.157E+04  6.414E+02  8.287E+01
    2         -3.439E+04 -1.828E+03 -5.500E+02 -1.166E+04 -6.386E+02 -8.323E+01
    3         -2.167E+04  2.525E+03  1.242E+03 -1.171E+04  6.408E+02  5.623E+01
    4         -2.167E+04  2.523E+03  1.241E+03 -1.180E+04 -6.392E+02 -5.628E+01
    5         -3.484E+04 -2.563E+03 -1.339E+03 -7.385E+03  6.145E+02  8.287E+01
    6         -3.484E+04 -2.565E+03 -1.340E+03 -7.478E+03 -6.118E+02 -8.323E+01
    7         -2.205E+04  1.868E+03  6.389E+02 -7.525E+03  6.139E+02  5.623E+01
    8         -2.205E+04  1.866E+03  6.380E+02 -7.618E+03 -6.124E+02 -5.628E+01
 
 STRESS of ELEMENT :  423
 ----------------------------------------------
  Position       Sxx        Syy        Szz        Sxy        Syz        Szx     
    1         -1.570E+04 -2.058E+03 -7.775E+02 -1.310E+04  6.407E+02  3.661E+01
    2         -1.570E+04 -2.059E+03 -7.777E+02 -1.301E+04 -6.402E+02 -3.665E+01
    3         -2.988E+03  2.291E+03  1.010E+03 -1.315E+04  6.405E+02  9.810E+00
    4         -2.988E+03  2.290E+03  1.010E+03 -1.305E+04 -6.404E+02 -9.821E+00
    5         -1.588E+04 -2.331E+03 -1.104E+03 -8.919E+03  6.138E+02  3.661E+01
    6         -1.588E+04 -2.331E+03 -1.104E+03 -8.826E+03 -6.134E+02 -3.665E+01
    7         -3.087E+03  2.099E+03  8.715E+02 -8.966E+03  6.137E+02  9.810E+00
    8         -3.087E+03  2.099E+03  8.713E+02 -8.873E+03 -6.135E+02 -9.821E+00
 
 STRESS of ELEMENT :  424
 ----------------------------------------------
  Position       Sxx        Syy        Szz        Sxy        Syz        Szx     
    1         -1.570E+04 -2.059E+03 -7.777E+02 -1.301E+04  6.402E+02  3.665E+01
    2         -1.570E+04 -2.058E+03 -7.775E+02 -1.310E+04 -6.407E+02 -3.661E+01
    3         -2.988E+03  2.290E+03  1.010E+03 -1.305E+04  6.404E+02  9.821E+00
    4         -2.988E+03  2.291E+03  1.010E+03 -1.315E+04 -6.405E+02 -9.810E+00
    5         -1.588E+04 -2.331E+03 -1.104E+03 -8.826E+03  6.134E+02  3.665E+01
    6         -1.588E+04 -2.331E+03 -1.104E+03 -8.919E+03 -6.138E+02 -3.661E+01
    7         -3.087E+03  2.099E+03  8.713E+02 -8.873E+03  6.135E+02  9.821E+00
    8         -3.087E+03  2.099E+03  8.715E+02 -8.966E+03 -6.137E+02 -9.810E+00
 
 STRESS of ELEMENT :  425
 ----------------------------------------------
  Position       Sxx        Syy        Szz        Sxy        Syz        Szx     
    1          2.988E+03 -2.291E+03 -1.010E+03 -1.315E+04  6.405E+02 -9.810E+00
    2          2.988E+03 -2.290E+03 -1.010E+03 -1.305E+04 -6.404E+02  9.821E+00
    3          1.570E+04  2.058E+03  7.775E+02 -1.310E+04  6.407E+02 -3.661E+01
    4          1.570E+04  2.059E+03  7.777E+02 -1.301E+04 -6.402E+02  3.665E+01
    5          3.087E+03 -2.099E+03 -8.715E+02 -8.966E+03  6.137E+02 -9.810E+00
    6          3.087E+03 -2.099E+03 -8.713E+02 -8.873E+03 -6.135E+02  9.821E+00
    7          1.588E+04  2.331E+03  1.104E+03 -8.919E+03  6.138E+02 -3.661E+01
    8          1.588E+04  2.331E+03  1.104E+03 -8.826E+03 -6.134E+02  3.665E+01
 
 STRESS of ELEMENT :  426
 ----------------------------------------------
  Position       Sxx        Syy        Szz        Sxy        Syz        Szx     
    1          2.988E+03 -2.290E+03 -1.010E+03 -1.305E+04  6.404E+02 -9.821E+00
    2          2.988E+03 -2.291E+03 -1.010E+03 -1.315E+04 -6.405E+02  9.810E+00
    3          1.570E+04  2.059E+03  7.777E+02 -1.301E+04  6.402E+02 -3.665E+01
    4          1.570E+04  2.058E+03  7.775E+02 -1.310E+04 -6.407E+02  3.661E+01
    5          3.087E+03 -2.099E+03 -8.713E+02 -8.873E+03  6.135E+02 -9.821E+00
    6          3.087E+03 -2.099E+03 -8.715E+02 -8.966E+03 -6.137E+02  9.810E+00
    7          1.588E+04  2.331E+03  1.104E+03 -8.826E+03  6.134E+02 -3.665E+01
    8          1.588E+04  2.331E+03  1.104E+03 -8.919E+03 -6.138E+02  3.661E+01
 
 STRESS of ELEMENT :  427
 ----------------------------------------------
  Position       Sxx        Syy        Szz        Sxy        Syz        Szx     
    1          2.167E+04 -2.523E+03 -1.241E+03 -1.180E+04  6.392E+02 -5.628E+01
    2          2.167E+04 -2.525E+03 -1.242E+03 -1.171E+04 -6.408E+02  5.623E+01
    3          3.439E+04  1.828E+03  5.500E+02 -1.166E+04  6.386E+02 -8.323E+01
    4          3.438E+04  1.826E+03  5.490E+02 -1.157E+04 -6.414E+02  8.287E+01
    5          2.205E+04 -1.866E+03 -6.380E+02 -7.618E+03  6.124E+02 -5.628E+01
    6          2.205E+04 -1.868E+03 -6.389E+02 -7.525E+03 -6.139E+02  5.623E+01
    7          3.484E+04  2.565E+03  1.340E+03 -7.478E+03  6.118E+02 -8.323E+01
    8          3.484E+04  2.563E+03  1.339E+03 -7.385E+03 -6.145E+02  8.287E+01
 
 STRESS of ELEMENT :  428
 ----------------------------------------------
  Position       Sxx        Syy        Szz        Sxy        Syz        Szx     
    1          2.167E+04 -2.525E+03 -1.242E+03 -1.171E+04  6.408E+02 -5.623E+01
    2          2.167E+04 -2.523E+03 -1.241E+03 -1.180E+04 -6.392E+02  5.628E+01
    3          3.438E+04  1.826E+03  5.490E+02 -1.157E+04  6.414E+02 -8.287E+01
    4          3.439E+04  1.828E+03  5.500E+02 -1.166E+04 -6.386E+02  8.323E+01
    5          2.205E+04 -1.868E+03 -6.389E+02 -7.525E+03  6.139E+02 -5.623E+01
    6          2.205E+04 -1.866E+03 -6.380E+02 -7.618E+03 -6.124E+02  5.628E+01
    7          3.484E+04  2.563E+03  1.339E+03 -7.385E+03  6.145E+02 -8.287E+01
    8          3.484E+04  2.565E+03  1.340E+03 -7.478E+03 -6.118E+02  8.323E+01
 
 STRESS of ELEMENT :  429
 ----------------------------------------------
  Position       Sxx        Syy        Szz        Sxy        Syz        Szx     
    1          4.037E+04 -2.737E+03 -1.459E+03 -9.057E+03  6.320E+02 -1.020E+02
    2          4.035E+04 -2.777E+03 -1.476E+03 -8.961E+03 -6.463E+02  1.033E+02
    3          5.308E+04  1.616E+03  3.373E+02 -8.825E+03  6.207E+02 -1.262E+02
    4          5.307E+04  1.576E+03  3.203E+02 -8.729E+03 -6.576E+02  1.326E+02
    5          4.103E+04 -1.617E+03 -3.923E+02 -4.876E+03  6.056E+02 -1.020E+02
    6          4.101E+04 -1.655E+03 -4.085E+02 -4.781E+03 -6.193E+02  1.033E+02
    7          5.382E+04  2.816E+03  1.591E+03 -4.644E+03  5.947E+02 -1.262E+02
    8          5.380E+04  2.778E+03  1.575E+03 -4.548E+03 -6.301E+02  1.326E+02
 
 STRESS of ELEMENT :  430
 ----------------------------------------------
  Position       Sxx        Syy        Szz        Sxy        Syz        Szx     
    1          4.035E+04 -2.777E+03 -1.476E+03 -8.961E+03  6.463E+02 -1.033E+02
    2          4.037E+04 -2.737E+03 -1.459E+03 -9.057E+03 -6.320E+02  1.020E+02
    3          5.307E+04  1.576E+03  3.203E+02 -8.729E+03  6.576E+02 -1.326E+02
    4          5.308E+04  1.616E+03  3.373E+02 -8.825E+03 -6.207E+02  1.262E+02
    5          4.101E+04 -1.655E+03 -4.085E+02 -4.781E+03  6.193E+02 -1.033E+02
    6          4.103E+04 -1.617E+03 -3.923E+02 -4.876E+03 -6.056E+02  1.020E+02
    7          5.380E+04  2.778E+03  1.575E+03 -4.548E+03  6.301E+02 -1.326E+02
    8          5.382E+04  2.816E+03  1.591E+03 -4.644E+03 -5.947E+02  1.262E+02
 
 STRESS of ELEMENT :  431
 ----------------------------------------------
  Position       Sxx        Syy        Szz        Sxy        Syz        Szx     
    1          5.906E+04 -2.931E+03 -1.717E+03 -4.909E+03  6.845E+02 -1.533E+02
    2          5.904E+04 -2.968E+03 -1.733E+03 -4.835E+03 -6.464E+02  1.455E+02
    3          7.169E+04  1.343E+03 -1.049E+02 -4.584E+03  6.739E+02 -2.031E+02
    4          7.168E+04  1.306E+03 -1.208E+02 -4.510E+03 -6.570E+02  1.514E+02
    5          5.999E+04 -1.348E+03 -1.849E+02 -7.284E+02  6.559E+02 -1.533E+02
    6          5.998E+04 -1.384E+03 -2.001E+02 -6.546E+02 -6.193E+02  1.455E+02
    7          7.271E+04  3.009E+03  1.622E+03 -4.042E+02  6.457E+02 -2.031E+02
    8          7.270E+04  2.974E+03  1.607E+03 -3.299E+02 -6.295E+02  1.514E+02
 
 STRESS of ELEMENT :  432
 ----------------------------------------------
  Position       Sxx        Syy        Szz        Sxy        Syz        Szx     
    1          5.904E+04 -2.968E+03 -1.733E+03 -4.835E+03  6.464E+02 -1.455E+02
    2          5.906E+04 -2.931E+03 -1.717E+03 -4.909E+03 -6.845E+02  1.533E+02
    3          7.168E+04  1.306E+03 -1.208E+02 -4.510E+03  6.570E+02 -1.514E+02
    4          7.169E+04  1.343E+03 -1.049E+02 -4.584E+03 -6.739E+02  2.031E+02
    5          5.998E+04 -1.384E+03 -2.001E+02 -6.546E+02  6.193E+02 -1.455E+02
    6          5.999E+04 -1.348E+03 -1.849E+02 -7.284E+02 -6.559E+02  1.533E+02
    7          7.270E+04  2.974E+03  1.607E+03 -3.299E+02  6.295E+02 -1.514E+02
    8          7.271E+04  3.009E+03  1.622E+03 -4.042E+02 -6.457E+02  2.031E+02
 
 STRESS of ELEMENT :  433
 ----------------------------------------------
  Position       Sxx        Syy        Szz        Sxy        Syz        Szx     
    1         -6.635E+04 -1.181E+03  1.612E+02 -4.430E+03  6.250E+02  2.031E+02
    2         -6.633E+04 -1.147E+03  1.759E+02 -4.355E+03 -6.094E+02 -1.514E+02
    3         -5.465E+04  2.773E+03  1.647E+03 -4.754E+03  6.349E+02  1.534E+02
    4         -5.464E+04  2.807E+03  1.661E+03 -4.680E+03 -5.995E+02 -1.455E+02
    5         -6.736E+04 -2.848E+03 -1.566E+03 -5.590E+02  5.968E+02  2.031E+02
    6         -6.735E+04 -2.815E+03 -1.552E+03 -4.848E+02 -5.818E+02 -1.514E+02
    7         -5.558E+04  1.190E+03  1.144E+02 -8.833E+02  6.062E+02  1.533E+02
    8         -5.557E+04  1.223E+03  1.285E+02 -8.095E+02 -5.725E+02 -1.455E+02
 
 STRESS of ELEMENT :  434
 ----------------------------------------------
  Position       Sxx        Syy        Szz        Sxy        Syz        Szx     
    1         -6.633E+04 -1.147E+03  1.759E+02 -4.355E+03  6.094E+02  1.514E+02
    2         -6.635E+04 -1.181E+03  1.612E+02 -4.430E+03 -6.250E+02 -2.031E+02
    3         -5.464E+04  2.807E+03  1.661E+03 -4.680E+03  5.995E+02  1.455E+02
    4         -5.465E+04  2.773E+03  1.647E+03 -4.754E+03 -6.349E+02 -1.534E+02
    5         -6.735E+04 -2.815E+03 -1.552E+03 -4.848E+02  5.818E+02  1.514E+02
    6         -6.736E+04 -2.848E+03 -1.566E+03 -5.590E+02 -5.968E+02 -2.031E+02
    7         -5.557E+04  1.223E+03  1.285E+02 -8.095E+02  5.725E+02  1.455E+02
    8         -5.558E+04  1.190E+03  1.144E+02 -8.833E+02 -6.062E+02 -1.533E+02
 
 STRESS of ELEMENT :  435
 ----------------------------------------------
  Position       Sxx        Syy        Szz        Sxy        Syz        Szx     
    1         -4.912E+04 -1.451E+03 -2.658E+02 -8.670E+03  5.757E+02  1.262E+02
    2         -4.911E+04 -1.415E+03 -2.501E+02 -8.574E+03 -6.099E+02 -1.326E+02
    3         -3.736E+04  2.576E+03  1.390E+03 -8.902E+03  5.862E+02  1.020E+02
    4         -3.734E+04  2.613E+03  1.406E+03 -8.806E+03 -5.994E+02 -1.033E+02
    5         -4.986E+04 -2.652E+03 -1.520E+03 -4.799E+03  5.497E+02  1.262E+02
    6         -4.985E+04 -2.617E+03 -1.505E+03 -4.703E+03 -5.824E+02 -1.326E+02
    7         -3.801E+04  1.456E+03  3.237E+02 -5.031E+03  5.597E+02  1.020E+02
    8         -3.800E+04  1.491E+03  3.388E+02 -4.936E+03 -5.724E+02 -1.033E+02
 
 STRESS of ELEMENT :  436
 ----------------------------------------------
  Position       Sxx        Syy        Szz        Sxy        Syz        Szx     
    1         -4.911E+04 -1.415E+03 -2.501E+02 -8.574E+03  6.099E+02  1.326E+02
    2         -4.912E+04 -1.451E+03 -2.658E+02 -8.670E+03 -5.757E+02 -1.262E+02
    3         -3.734E+04  2.613E+03  1.406E+03 -8.806E+03  5.994E+02  1.033E+02
    4         -3.736E+04  2.576E+03  1.390E+03 -8.902E+03 -5.862E+02 -1.020E+02
    5         -4.985E+04 -2.617E+03 -1.505E+03 -4.703E+03  5.824E+02  1.326E+02
    6         -4.986E+04 -2.652E+03 -1.520E+03 -4.799E+03 -5.497E+02 -1.262E+02
    7         -3.800E+04  1.491E+03  3.388E+02 -4.936E+03  5.724E+02  1.033E+02
    8         -3.801E+04  1.456E+03  3.237E+02 -5.031E+03 -5.597E+02 -1.020E+02
 
 STRESS of ELEMENT :  437
 ----------------------------------------------
  Position       Sxx        Syy        Szz        Sxy        Syz        Szx     
    1         -3.182E+04 -1.665E+03 -4.800E+02 -1.150E+04  5.922E+02  8.323E+01
    2         -3.182E+04 -1.663E+03 -4.791E+02 -1.141E+04 -5.949E+02 -8.287E+01
    3         -2.006E+04  2.360E+03  1.171E+03 -1.164E+04  5.928E+02  5.628E+01
    4         -2.005E+04  2.362E+03  1.172E+03 -1.155E+04 -5.943E+02 -5.623E+01
    5         -3.228E+04 -2.402E+03 -1.270E+03 -7.633E+03  5.655E+02  8.323E+01
    6         -3.228E+04 -2.400E+03 -1.269E+03 -7.540E+03 -5.680E+02 -8.287E+01
    7         -2.043E+04  1.704E+03  5.684E+02 -7.772E+03  5.660E+02  5.628E+01
    8         -2.043E+04  1.706E+03  5.692E+02 -7.680E+03 -5.675E+02 -5.622E+01
 
 STRESS of ELEMENT :  438
 ----------------------------------------------
  Position       Sxx        Syy        Szz        Sxy        Syz        Szx     
    1         -3.182E+04 -1.663E+03 -4.791E+02 -1.141E+04  5.949E+02  8.287E+01
    2         -3.182E+04 -1.665E+03 -4.800E+02 -1.150E+04 -5.922E+02 -8.323E+01
    3         -2.005E+04  2.362E+03  1.172E+03 -1.155E+04  5.943E+02  5.623E+01
    4         -2.006E+04  2.360E+03  1.171E+03 -1.164E+04 -5.928E+02 -5.628E+01
    5         -3.228E+04 -2.400E+03 -1.269E+03 -7.540E+03  5.680E+02  8.287E+01
    6         -3.228E+04 -2.402E+03 -1.270E+03 -7.633E+03 -5.655E+02 -8.323E+01
    7         -2.043E+04  1.706E+03  5.692E+02 -7.680E+03  5.675E+02  5.622E+01
    8         -2.043E+04  1.704E+03  5.684E+02 -7.772E+03 -5.660E+02 -5.628E+01
 
 STRESS of ELEMENT :  439
 ----------------------------------------------
  Position       Sxx        Syy        Szz        Sxy        Syz        Szx     
    1         -1.453E+04 -1.896E+03 -7.078E+02 -1.294E+04  5.942E+02  3.661E+01
    2         -1.453E+04 -1.896E+03 -7.080E+02 -1.285E+04 -5.938E+02 -3.665E+01
    3         -2.763E+03  2.128E+03  9.402E+02 -1.299E+04  5.941E+02  9.810E+00
    4         -2.763E+03  2.128E+03  9.400E+02 -1.290E+04 -5.939E+02 -9.821E+00
    5         -1.471E+04 -2.168E+03 -1.034E+03 -9.074E+03  5.674E+02  3.661E+01
    6         -1.471E+04 -2.168E+03 -1.034E+03 -8.981E+03 -5.670E+02 -3.665E+01
    7         -2.862E+03  1.936E+03  8.018E+02 -9.120E+03  5.673E+02  9.810E+00
    8         -2.862E+03  1.936E+03  8.017E+02 -9.027E+03 -5.671E+02 -9.820E+00
 
 STRESS of ELEMENT :  440
 ----------------------------------------------
  Position       Sxx        Syy        Szz        Sxy        Syz        Szx     
    1         -1.453E+04 -1.896E+03 -7.080E+02 -1.285E+04  5.938E+02  3.665E+01
    2         -1.453E+04 -1.896E+03 -7.078E+02 -1.294E+04 -5.942E+02 -3.661E+01
    3         -2.763E+03  2.128E+03  9.400E+02 -1.290E+04  5.939E+02  9.821E+00
    4         -2.763E+03  2.128E+03  9.402E+02 -1.299E+04 -5.941E+02 -9.810E+00
    5         -1.471E+04 -2.168E+03 -1.034E+03 -8.981E+03  5.670E+02  3.665E+01
    6         -1.471E+04 -2.168E+03 -1.034E+03 -9.074E+03 -5.674E+02 -3.661E+01
    7         -2.862E+03  1.936E+03  8.017E+02 -9.027E+03  5.671E+02  9.820E+00
    8         -2.862E+03  1.936E+03  8.018E+02 -9.120E+03 -5.673E+02 -9.810E+00
 
 STRESS of ELEMENT :  441
 ----------------------------------------------
  Position       Sxx        Syy        Szz        Sxy        Syz        Szx     
    1          2.763E+03 -2.128E+03 -9.402E+02 -1.299E+04  5.941E+02 -9.810E+00
    2          2.763E+03 -2.128E+03 -9.400E+02 -1.290E+04 -5.939E+02  9.821E+00
    3          1.453E+04  1.896E+03  7.078E+02 -1.294E+04  5.942E+02 -3.661E+01
    4          1.453E+04  1.896E+03  7.080E+02 -1.285E+04 -5.938E+02  3.665E+01
    5          2.862E+03 -1.936E+03 -8.018E+02 -9.120E+03  5.673E+02 -9.810E+00
    6          2.862E+03 -1.936E+03 -8.017E+02 -9.027E+03 -5.671E+02  9.820E+00
    7          1.471E+04  2.168E+03  1.034E+03 -9.074E+03  5.674E+02 -3.661E+01
    8          1.471E+04  2.168E+03  1.034E+03 -8.981E+03 -5.670E+02  3.665E+01
 
 STRESS of ELEMENT :  442
 ----------------------------------------------
  Position       Sxx        Syy        Szz        Sxy        Syz        Szx     
    1          2.763E+03 -2.128E+03 -9.400E+02 -1.290E+04  5.939E+02 -9.821E+00
    2          2.763E+03 -2.128E+03 -9.402E+02 -1.299E+04 -5.941E+02  9.810E+00
    3          1.453E+04  1.896E+03  7.080E+02 -1.285E+04  5.938E+02 -3.665E+01
    4          1.453E+04  1.896E+03  7.078E+02 -1.294E+04 -5.942E+02  3.661E+01
    5          2.862E+03 -1.936E+03 -8.017E+02 -9.027E+03  5.671E+02 -9.820E+00
    6          2.862E+03 -1.936E+03 -8.018E+02 -9.120E+03 -5.673E+02  9.810E+00
    7          1.471E+04  2.168E+03  1.034E+03 -8.981E+03  5.670E+02 -3.665E+01
    8          1.471E+04  2.168E+03  1.034E+03 -9.074E+03 -5.674E+02  3.661E+01
 
 STRESS of ELEMENT :  443
 ----------------------------------------------
  Position       Sxx        Syy        Szz        Sxy        Syz        Szx     
    1          2.006E+04 -2.360E+03 -1.171E+03 -1.164E+04  5.928E+02 -5.628E+01
    2          2.005E+04 -2.362E+03 -1.172E+03 -1.155E+04 -5.943E+02  5.623E+01
    3          3.182E+04  1.665E+03  4.800E+02 -1.150E+04  5.922E+02 -8.323E+01
    4          3.182E+04  1.663E+03  4.791E+02 -1.141E+04 -5.949E+02  8.287E+01
    5          2.043E+04 -1.704E+03 -5.684E+02 -7.772E+03  5.660E+02 -5.628E+01
    6          2.043E+04 -1.706E+03 -5.692E+02 -7.680E+03 -5.675E+02  5.622E+01
    7          3.228E+04  2.402E+03  1.270E+03 -7.633E+03  5.655E+02 -8.323E+01
    8          3.228E+04  2.400E+03  1.269E+03 -7.540E+03 -5.680E+02  8.287E+01
 
 STRESS of ELEMENT :  444
 ----------------------------------------------
  Position       Sxx        Syy        Szz        Sxy        Syz        Szx     
    1          2.005E+04 -2.362E+03 -1.172E+03 -1.155E+04  5.943E+02 -5.623E+01
    2          2.006E+04 -2.360E+03 -1.171E+03 -1.164E+04 -5.928E+02  5.628E+01
    3          3.182E+04  1.663E+03  4.791E+02 -1.141E+04  5.949E+02 -8.287E+01
    4          3.182E+04  1.665E+03  4.800E+02 -1.150E+04 -5.922E+02  8.323E+01
    5          2.043E+04 -1.706E+03 -5.692E+02 -7.680E+03  5.675E+02 -5.622E+01
    6          2.043E+04 -1.704E+03 -5.684E+02 -7.772E+03 -5.660E+02  5.628E+01
    7          3.228E+04  2.400E+03  1.269E+03 -7.540E+03  5.680E+02 -8.287E+01
    8          3.228E+04  2.402E+03  1.270E+03 -7.633E+03 -5.655E+02  8.323E+01
 
 STRESS of ELEMENT :  445
 ----------------------------------------------
  Position       Sxx        Syy        Szz        Sxy        Syz        Szx     
    1          3.736E+04 -2.576E+03 -1.390E+03 -8.902E+03  5.862E+02 -1.020E+02
    2          3.734E+04 -2.613E+03 -1.406E+03 -8.806E+03 -5.994E+02  1.033E+02
    3          4.912E+04  1.451E+03  2.658E+02 -8.670E+03  5.757E+02 -1.262E+02
    4          4.911E+04  1.415E+03  2.501E+02 -8.574E+03 -6.099E+02  1.326E+02
    5          3.801E+04 -1.456E+03 -3.237E+02 -5.031E+03  5.597E+02 -1.020E+02
    6          3.800E+04 -1.491E+03 -3.388E+02 -4.936E+03 -5.724E+02  1.033E+02
    7          4.986E+04  2.652E+03  1.520E+03 -4.799E+03  5.497E+02 -1.262E+02
    8          4.985E+04  2.617E+03  1.505E+03 -4.703E+03 -5.824E+02  1.326E+02
 
 STRESS of ELEMENT :  446
 ----------------------------------------------
  Position       Sxx        Syy        Szz        Sxy        Syz        Szx     
    1          3.734E+04 -2.613E+03 -1.406E+03 -8.806E+03  5.994E+02 -1.033E+02
    2          3.736E+04 -2.576E+03 -1.390E+03 -8.902E+03 -5.862E+02  1.020E+02
    3          4.911E+04  1.415E+03  2.501E+02 -8.574E+03  6.099E+02 -1.326E+02
    4          4.912E+04  1.451E+03  2.658E+02 -8.670E+03 -5.757E+02  1.262E+02
    5          3.800E+04 -1.491E+03 -3.388E+02 -4.936E+03  5.724E+02 -1.033E+02
    6          3.801E+04 -1.456E+03 -3.237E+02 -5.031E+03 -5.597E+02  1.020E+02
    7          4.985E+04  2.617E+03  1.505E+03 -4.703E+03  5.824E+02 -1.326E+02
    8          4.986E+04  2.652E+03  1.520E+03 -4.799E+03 -5.497E+02  1.262E+02
 
 STRESS of ELEMENT :  447
 ----------------------------------------------
  Position       Sxx        Syy        Szz        Sxy        Syz        Szx     
    1          5.465E+04 -2.773E+03 -1.647E+03 -4.754E+03  6.349E+02 -1.534E+02
    2          5.464E+04 -2.807E+03 -1.661E+03 -4.680E+03 -5.995E+02  1.455E+02
    3          6.635E+04  1.181E+03 -1.612E+02 -4.430E+03  6.250E+02 -2.031E+02
    4          6.633E+04  1.147E+03 -1.759E+02 -4.355E+03 -6.094E+02  1.514E+02
    5          5.558E+04 -1.190E+03 -1.144E+02 -8.833E+02  6.062E+02 -1.533E+02
    6          5.557E+04 -1.223E+03 -1.285E+02 -8.095E+02 -5.725E+02  1.455E+02
    7          6.736E+04  2.848E+03  1.566E+03 -5.590E+02  5.968E+02 -2.031E+02
    8          6.735E+04  2.815E+03  1.552E+03 -4.848E+02 -5.818E+02  1.514E+02
 
 STRESS of ELEMENT :  448
 ----------------------------------------------
  Position       Sxx        Syy        Szz        Sxy        Syz        Szx     
    1          5.464E+04 -2.807E+03 -1.661E+03 -4.680E+03  5.995E+02 -1.455E+02
    2          5.465E+04 -2.773E+03 -1.647E+03 -4.754E+03 -6.349E+02  1.534E+02
    3          6.633E+04  1.147E+03 -1.759E+02 -4.355E+03  6.094E+02 -1.514E+02
    4          6.635E+04  1.181E+03 -1.612E+02 -4.430E+03 -6.250E+02  2.031E+02
    5          5.557E+04 -1.223E+03 -1.285E+02 -8.095E+02  5.725E+02 -1.455E+02
    6          5.558E+04 -1.190E+03 -1.144E+02 -8.833E+02 -6.062E+02  1.533E+02
    7          6.735E+04  2.815E+03  1.552E+03 -4.848E+02  5.818E+02 -1.514E+02
    8          6.736E+04  2.848E+03  1.566E+03 -5.590E+02 -5.968E+02  2.031E+02
 
 STRESS of ELEMENT :  449
 ----------------------------------------------
  Position       Sxx        Syy        Szz        Sxy        Syz        Szx     
    1         -6.100E+04 -1.020E+03  2.174E+02 -4.275E+03  5.762E+02  2.031E+02
    2         -6.098E+04 -9.885E+02  2.310E+02 -4.201E+03 -5.617E+02 -1.514E+02
    3         -5.024E+04  2.614E+03  1.576E+03 -4.599E+03  5.852E+02  1.534E+02
    4         -5.023E+04  2.646E+03  1.590E+03 -4.525E+03 -5.526E+02 -1.455E+02
    5         -6.202E+04 -2.687E+03 -1.510E+03 -7.140E+02  5.479E+02  2.031E+02
    6         -6.200E+04 -2.657E+03 -1.497E+03 -6.397E+02 -5.342E+02 -1.514E+02
    7         -5.118E+04  1.031E+03  4.393E+01 -1.038E+03  5.566E+02  1.534E+02
    8         -5.116E+04  1.061E+03  5.684E+01 -9.644E+02 -5.256E+02 -1.455E+02
 
 STRESS of ELEMENT :  450
 ----------------------------------------------
  Position       Sxx        Syy        Szz        Sxy        Syz        Szx     
    1         -6.098E+04 -9.885E+02  2.310E+02 -4.201E+03  5.617E+02  1.514E+02
    2         -6.100E+04 -1.020E+03  2.174E+02 -4.275E+03 -5.762E+02 -2.031E+02
    3         -5.023E+04  2.646E+03  1.590E+03 -4.525E+03  5.526E+02  1.455E+02
    4         -5.024E+04  2.614E+03  1.576E+03 -4.599E+03 -5.852E+02 -1.534E+02
    5         -6.200E+04 -2.657E+03 -1.497E+03 -6.397E+02  5.342E+02  1.514E+02
    6         -6.202E+04 -2.687E+03 -1.510E+03 -7.140E+02 -5.479E+02 -2.031E+02
    7         -5.116E+04  1.061E+03  5.684E+01 -9.644E+02  5.256E+02  1.455E+02
    8         -5.118E+04  1.031E+03  4.393E+01 -1.038E+03 -5.566E+02 -1.534E+02
 
 STRESS of ELEMENT :  451
 ----------------------------------------------
  Position       Sxx        Syy        Szz        Sxy        Syz        Szx     
    1         -4.516E+04 -1.287E+03 -1.944E+02 -8.515E+03  5.307E+02  1.262E+02
    2         -4.515E+04 -1.253E+03 -1.799E+02 -8.419E+03 -5.622E+02 -1.326E+02
    3         -3.434E+04  2.415E+03  1.322E+03 -8.747E+03  5.403E+02  1.020E+02
    4         -3.433E+04  2.449E+03  1.336E+03 -8.652E+03 -5.526E+02 -1.033E+02
    5         -4.590E+04 -2.488E+03 -1.448E+03 -4.954E+03  5.047E+02  1.262E+02
    6         -4.589E+04 -2.455E+03 -1.435E+03 -4.858E+03 -5.347E+02 -1.326E+02
    7         -3.500E+04  1.295E+03  2.552E+02 -5.186E+03  5.139E+02  1.020E+02
    8         -3.498E+04  1.327E+03  2.690E+02 -5.091E+03 -5.255E+02 -1.033E+02
 
 STRESS of ELEMENT :  452
 ----------------------------------------------
  Position       Sxx        Syy        Szz        Sxy        Syz        Szx     
    1         -4.515E+04 -1.253E+03 -1.799E+02 -8.419E+03  5.622E+02  1.326E+02
    2         -4.516E+04 -1.287E+03 -1.944E+02 -8.515E+03 -5.307E+02 -1.262E+02
    3         -3.433E+04  2.449E+03  1.336E+03 -8.652E+03  5.526E+02  1.033E+02
    4         -3.434E+04  2.415E+03  1.322E+03 -8.747E+03 -5.403E+02 -1.020E+02
    5         -4.589E+04 -2.455E+03 -1.435E+03 -4.858E+03  5.347E+02  1.326E+02
    6         -4.590E+04 -2.488E+03 -1.448E+03 -4.954E+03 -5.047E+02 -1.262E+02
    7         -3.498E+04  1.327E+03  2.690E+02 -5.091E+03  5.255E+02  1.033E+02
    8         -3.500E+04  1.295E+03  2.552E+02 -5.186E+03 -5.139E+02 -1.020E+02
 
 STRESS of ELEMENT :  453
 ----------------------------------------------
  Position       Sxx        Syy        Szz        Sxy        Syz        Szx     
    1         -2.926E+04 -1.502E+03 -4.100E+02 -1.135E+04  5.459E+02  8.322E+01
    2         -2.926E+04 -1.501E+03 -4.092E+02 -1.126E+04 -5.483E+02 -8.287E+01
    3         -1.844E+04  2.198E+03  1.102E+03 -1.149E+04  5.464E+02  5.628E+01
    4         -1.844E+04  2.199E+03  1.102E+03 -1.140E+04 -5.478E+02 -5.622E+01
    5         -2.972E+04 -2.239E+03 -1.200E+03 -7.788E+03  5.192E+02  8.323E+01
    6         -2.972E+04 -2.237E+03 -1.200E+03 -7.695E+03 -5.215E+02 -8.286E+01
    7         -1.881E+04  1.541E+03  4.989E+02 -7.927E+03  5.197E+02  5.628E+01
    8         -1.881E+04  1.543E+03  4.996E+02 -7.834E+03 -5.210E+02 -5.622E+01
 
 STRESS of ELEMENT :  454
 ----------------------------------------------
  Position       Sxx        Syy        Szz        Sxy        Syz        Szx     
    1         -2.926E+04 -1.501E+03 -4.092E+02 -1.126E+04  5.483E+02  8.287E+01
    2         -2.926E+04 -1.502E+03 -4.100E+02 -1.135E+04 -5.459E+02 -8.322E+01
    3         -1.844E+04  2.199E+03  1.102E+03 -1.140E+04  5.478E+02  5.622E+01
    4         -1.844E+04  2.198E+03  1.102E+03 -1.149E+04 -5.464E+02 -5.628E+01
    5         -2.972E+04 -2.237E+03 -1.200E+03 -7.695E+03  5.215E+02  8.286E+01
    6         -2.972E+04 -2.239E+03 -1.200E+03 -7.788E+03 -5.192E+02 -8.323E+01
    7         -1.881E+04  1.543E+03  4.996E+02 -7.834E+03  5.210E+02  5.622E+01
    8         -1.881E+04  1.541E+03  4.989E+02 -7.927E+03 -5.197E+02 -5.628E+01
 
 STRESS of ELEMENT :  455
 ----------------------------------------------
  Position       Sxx        Syy        Szz        Sxy        Syz        Szx     
    1         -1.336E+04 -1.733E+03 -6.382E+02 -1.279E+04  5.477E+02  3.661E+01
    2         -1.336E+04 -1.733E+03 -6.384E+02 -1.270E+04 -5.474E+02 -3.665E+01
    3         -2.538E+03  1.966E+03  8.705E+02 -1.284E+04  5.476E+02  9.809E+00
    4         -2.538E+03  1.965E+03  8.704E+02 -1.274E+04 -5.475E+02 -9.820E+00
    5         -1.354E+04 -2.006E+03 -9.642E+02 -9.229E+03  5.209E+02  3.661E+01
    6         -1.354E+04 -2.006E+03 -9.644E+02 -9.136E+03 -5.206E+02 -3.665E+01
    7         -2.637E+03  1.774E+03  7.322E+02 -9.275E+03  5.208E+02  9.810E+00
    8         -2.637E+03  1.774E+03  7.320E+02 -9.182E+03 -5.207E+02 -9.819E+00
 
 STRESS of ELEMENT :  456
 ----------------------------------------------
  Position       Sxx        Syy        Szz        Sxy        Syz        Szx     
    1         -1.336E+04 -1.733E+03 -6.384E+02 -1.270E+04  5.474E+02  3.665E+01
    2         -1.336E+04 -1.733E+03 -6.382E+02 -1.279E+04 -5.477E+02 -3.661E+01
    3         -2.538E+03  1.965E+03  8.704E+02 -1.274E+04  5.475E+02  9.820E+00
    4         -2.538E+03  1.966E+03  8.705E+02 -1.284E+04 -5.476E+02 -9.809E+00
    5         -1.354E+04 -2.006E+03 -9.644E+02 -9.136E+03  5.206E+02  3.665E+01
    6         -1.354E+04 -2.006E+03 -9.642E+02 -9.229E+03 -5.209E+02 -3.661E+01
    7         -2.637E+03  1.774E+03  7.320E+02 -9.182E+03  5.207E+02  9.819E+00
    8         -2.637E+03  1.774E+03  7.322E+02 -9.275E+03 -5.208E+02 -9.810E+00
 
 STRESS of ELEMENT :  457
 ----------------------------------------------
  Position       Sxx        Syy        Szz        Sxy        Syz        Szx     
    1          2.538E+03 -1.966E+03 -8.705E+02 -1.284E+04  5.476E+02 -9.809E+00
    2          2.538E+03 -1.965E+03 -8.704E+02 -1.274E+04 -5.475E+02  9.820E+00
    3          1.336E+04  1.733E+03  6.382E+02 -1.279E+04  5.477E+02 -3.661E+01
    4          1.336E+04  1.733E+03  6.384E+02 -1.270E+04 -5.474E+02  3.665E+01
    5          2.637E+03 -1.774E+03 -7.322E+02 -9.275E+03  5.208E+02 -9.810E+00
    6          2.637E+03 -1.774E+03 -7.320E+02 -9.182E+03 -5.207E+02  9.819E+00
    7          1.354E+04  2.006E+03  9.642E+02 -9.229E+03  5.209E+02 -3.661E+01
    8          1.354E+04  2.006E+03  9.644E+02 -9.136E+03 -5.206E+02  3.665E+01
 
 STRESS of ELEMENT :  458
 ----------------------------------------------
  Position       Sxx        Syy        Szz        Sxy        Syz        Szx     
    1          2.538E+03 -1.965E+03 -8.704E+02 -1.274E+04  5.475E+02 -9.820E+00
    2          2.538E+03 -1.966E+03 -8.705E+02 -1.284E+04 -5.476E+02  9.809E+00
    3          1.336E+04  1.733E+03  6.384E+02 -1.270E+04  5.474E+02 -3.665E+01
    4          1.336E+04  1.733E+03  6.382E+02 -1.279E+04 -5.477E+02  3.661E+01
    5          2.637E+03 -1.774E+03 -7.320E+02 -9.182E+03  5.207E+02 -9.819E+00
    6          2.637E+03 -1.774E+03 -7.322E+02 -9.275E+03 -5.208E+02  9.810E+00
    7          1.354E+04  2.006E+03  9.644E+02 -9.136E+03  5.206E+02 -3.665E+01
    8          1.354E+04  2.006E+03  9.642E+02 -9.229E+03 -5.209E+02  3.661E+01
 
 STRESS of ELEMENT :  459
 ----------------------------------------------
  Position       Sxx        Syy        Szz        Sxy        Syz        Szx     
    1          1.844E+04 -2.198E+03 -1.102E+03 -1.149E+04  5.464E+02 -5.628E+01
    2          1.844E+04 -2.199E+03 -1.102E+03 -1.140E+04 -5.478E+02  5.622E+01
    3          2.926E+04  1.502E+03  4.100E+02 -1.135E+04  5.459E+02 -8.322E+01
    4          2.926E+04  1.501E+03  4.092E+02 -1.126E+04 -5.483E+02  8.287E+01
    5          1.881E+04 -1.541E+03 -4.989E+02 -7.927E+03  5.197E+02 -5.628E+01
    6          1.881E+04 -1.543E+03 -4.996E+02 -7.834E+03 -5.210E+02  5.622E+01
    7          2.972E+04  2.239E+03  1.200E+03 -7.788E+03  5.192E+02 -8.323E+01
    8          2.972E+04  2.237E+03  1.200E+03 -7.695E+03 -5.215E+02  8.286E+01
 
 STRESS of ELEMENT :  460
 ----------------------------------------------
  Position       Sxx        Syy        Szz        Sxy        Syz        Szx     
    1          1.844E+04 -2.199E+03 -1.102E+03 -1.140E+04  5.478E+02 -5.622E+01
    2          1.844E+04 -2.198E+03 -1.102E+03 -1.149E+04 -5.464E+02  5.628E+01
    3          2.926E+04  1.501E+03  4.092E+02 -1.126E+04  5.483E+02 -8.287E+01
    4          2.926E+04  1.502E+03  4.100E+02 -1.135E+04 -5.459E+02  8.322E+01
    5          1.881E+04 -1.543E+03 -4.996E+02 -7.834E+03  5.210E+02 -5.622E+01
    6          1.881E+04 -1.541E+03 -4.989E+02 -7.927E+03 -5.197E+02  5.628E+01
    7          2.972E+04  2.237E+03  1.200E+03 -7.695E+03  5.215E+02 -8.286E+01
    8          2.972E+04  2.239E+03  1.200E+03 -7.788E+03 -5.192E+02  8.323E+01
 
 STRESS of ELEMENT :  461
 ----------------------------------------------
  Position       Sxx        Syy        Szz        Sxy        Syz        Szx     
    1          3.434E+04 -2.415E+03 -1.322E+03 -8.747E+03  5.403E+02 -1.020E+02
    2          3.433E+04 -2.449E+03 -1.336E+03 -8.652E+03 -5.526E+02  1.033E+02
    3          4.516E+04  1.287E+03  1.944E+02 -8.515E+03  5.307E+02 -1.262E+02
    4          4.515E+04  1.253E+03  1.799E+02 -8.419E+03 -5.622E+02  1.326E+02
    5          3.500E+04 -1.295E+03 -2.552E+02 -5.186E+03  5.139E+02 -1.020E+02
    6          3.498E+04 -1.327E+03 -2.690E+02 -5.091E+03 -5.255E+02  1.033E+02
    7          4.590E+04  2.488E+03  1.448E+03 -4.954E+03  5.047E+02 -1.262E+02
    8          4.589E+04  2.455E+03  1.435E+03 -4.858E+03 -5.347E+02  1.326E+02
 
 STRESS of ELEMENT :  462
 ----------------------------------------------
  Position       Sxx        Syy        Szz        Sxy        Syz        Szx     
    1          3.433E+04 -2.449E+03 -1.336E+03 -8.652E+03  5.526E+02 -1.033E+02
    2          3.434E+04 -2.415E+03 -1.322E+03 -8.747E+03 -5.403E+02  1.020E+02
    3          4.515E+04  1.253E+03  1.799E+02 -8.419E+03  5.622E+02 -1.326E+02
    4          4.516E+04  1.287E+03  1.944E+02 -8.515E+03 -5.307E+02  1.262E+02
    5          3.498E+04 -1.327E+03 -2.690E+02 -5.091E+03  5.255E+02 -1.033E+02
    6          3.500E+04 -1.295E+03 -2.552E+02 -5.186E+03 -5.139E+02  1.020E+02
    7          4.589E+04  2.455E+03  1.435E+03 -4.858E+03  5.347E+02 -1.326E+02
    8          4.590E+04  2.488E+03  1.448E+03 -4.954E+03 -5.047E+02  1.262E+02
 
 STRESS of ELEMENT :  463
 ----------------------------------------------
  Position       Sxx        Syy        Szz        Sxy        Syz        Szx     
    1          5.024E+04 -2.614E+03 -1.576E+03 -4.599E+03  5.852E+02 -1.534E+02
    2          5.023E+04 -2.646E+03 -1.590E+03 -4.525E+03 -5.526E+02  1.455E+02
    3          6.100E+04  1.020E+03 -2.174E+02 -4.275E+03  5.762E+02 -2.031E+02
    4          6.098E+04  9.885E+02 -2.310E+02 -4.201E+03 -5.617E+02  1.514E+02
    5          5.118E+04 -1.031E+03 -4.393E+01 -1.038E+03  5.566E+02 -1.534E+02
    6          5.116E+04 -1.061E+03 -5.684E+01 -9.644E+02 -5.256E+02  1.455E+02
    7          6.202E+04  2.687E+03  1.510E+03 -7.140E+02  5.479E+02 -2.031E+02
    8          6.200E+04  2.657E+03  1.497E+03 -6.397E+02 -5.342E+02  1.514E+02
 
 STRESS of ELEMENT :  464
 ----------------------------------------------
  Position       Sxx        Syy        Szz        Sxy        Syz        Szx     
    1          5.023E+04 -2.646E+03 -1.590E+03 -4.525E+03  5.526E+02 -1.455E+02
    2          5.024E+04 -2.614E+03 -1.576E+03 -4.599E+03 -5.852E+02  1.534E+02
    3          6.098E+04  9.885E+02 -2.310E+02 -4.201E+03  5.617E+02 -1.514E+02
    4          6.100E+04  1.020E+03 -2.174E+02 -4.275E+03 -5.762E+02  2.031E+02
    5          5.116E+04 -1.061E+03 -5.684E+01 -9.644E+02  5.256E+02 -1.455E+02
    6          5.118E+04 -1.031E+03 -4.393E+01 -1.038E+03 -5.566E+02  1.534E+02
    7          6.200E+04  2.657E+03  1.497E+03 -6.397E+02  5.342E+02 -1.514E+02
    8          6.202E+04  2.687E+03  1.510E+03 -7.140E+02 -5.479E+02  2.031E+02
 
 STRESS of ELEMENT :  465
 ----------------------------------------------
  Position       Sxx        Syy        Szz        Sxy        Syz        Szx     
    1         -5.565E+04 -8.589E+02  2.737E+02 -4.120E+03  5.273E+02  2.032E+02
    2         -5.564E+04 -8.299E+02  2.861E+02 -4.046E+03 -5.140E+02 -1.514E+02
    3         -4.583E+04  2.456E+03  1.506E+03 -4.444E+03  5.356E+02  1.534E+02
    4         -4.582E+04  2.485E+03  1.518E+03 -4.371E+03 -5.057E+02 -1.455E+02
    5         -5.667E+04 -2.526E+03 -1.454E+03 -8.691E+02  4.990E+02  2.032E+02
    6         -5.665E+04 -2.498E+03 -1.442E+03 -7.948E+02 -4.865E+02 -1.514E+02
    7         -4.677E+04  8.727E+02 -2.657E+01 -1.193E+03  5.069E+02  1.534E+02
    8         -4.675E+04  9.001E+02 -1.481E+01 -1.119E+03 -4.787E+02 -1.455E+02
 
 STRESS of ELEMENT :  466
 ----------------------------------------------
  Position       Sxx        Syy        Szz        Sxy        Syz        Szx     
    1         -5.564E+04 -8.299E+02  2.861E+02 -4.046E+03  5.140E+02  1.514E+02
    2         -5.565E+04 -8.589E+02  2.737E+02 -4.120E+03 -5.273E+02 -2.032E+02
    3         -4.582E+04  2.485E+03  1.518E+03 -4.371E+03  5.057E+02  1.455E+02
    4         -4.583E+04  2.456E+03  1.506E+03 -4.444E+03 -5.356E+02 -1.534E+02
    5         -5.665E+04 -2.498E+03 -1.442E+03 -7.948E+02  4.865E+02  1.514E+02
    6         -5.667E+04 -2.526E+03 -1.454E+03 -8.691E+02 -4.990E+02 -2.032E+02
    7         -4.675E+04  9.001E+02 -1.481E+01 -1.119E+03  4.787E+02  1.455E+02
    8         -4.677E+04  8.727E+02 -2.657E+01 -1.193E+03 -5.069E+02 -1.534E+02
 
 STRESS of ELEMENT :  467
 ----------------------------------------------
  Position       Sxx        Syy        Szz        Sxy        Syz        Szx     
    1         -4.121E+04 -1.123E+03 -1.230E+02 -8.360E+03  4.856E+02  1.262E+02
    2         -4.119E+04 -1.092E+03 -1.097E+02 -8.264E+03 -5.145E+02 -1.326E+02
    3         -3.133E+04  2.254E+03  1.253E+03 -8.592E+03  4.945E+02  1.020E+02
    4         -3.131E+04  2.285E+03  1.266E+03 -8.497E+03 -5.057E+02 -1.033E+02
    5         -4.194E+04 -2.323E+03 -1.377E+03 -5.109E+03  4.597E+02  1.262E+02
    6         -4.193E+04 -2.294E+03 -1.364E+03 -5.013E+03 -4.870E+02 -1.326E+02
    7         -3.198E+04  1.134E+03  1.866E+02 -5.341E+03  4.680E+02  1.020E+02
    8         -3.197E+04  1.163E+03  1.992E+02 -5.246E+03 -4.786E+02 -1.033E+02
 
 STRESS of ELEMENT :  468
 ----------------------------------------------
  Position       Sxx        Syy        Szz        Sxy        Syz        Szx     
    1         -4.119E+04 -1.092E+03 -1.097E+02 -8.264E+03  5.145E+02  1.326E+02
    2         -4.121E+04 -1.123E+03 -1.230E+02 -8.360E+03 -4.856E+02 -1.262E+02
    3         -3.131E+04  2.285E+03  1.266E+03 -8.497E+03  5.057E+02  1.033E+02
    4         -3.133E+04  2.254E+03  1.253E+03 -8.592E+03 -4.945E+02 -1.020E+02
    5         -4.193E+04 -2.294E+03 -1.364E+03 -5.013E+03  4.870E+02  1.326E+02
    6         -4.194E+04 -2.323E+03 -1.377E+03 -5.109E+03 -4.597E+02 -1.262E+02
    7         -3.197E+04  1.163E+03  1.992E+02 -5.246E+03  4.786E+02  1.033E+02
    8         -3.198E+04  1.134E+03  1.866E+02 -5.341E+03 -4.680E+02 -1.020E+02
 
 STRESS of ELEMENT :  469
 ----------------------------------------------
  Position       Sxx        Syy        Szz        Sxy        Syz        Szx     
    1         -2.669E+04 -1.340E+03 -3.400E+02 -1.119E+04  4.996E+02  8.321E+01
    2         -2.669E+04 -1.338E+03 -3.393E+02 -1.110E+04 -5.018E+02 -8.286E+01
    3         -1.682E+04  2.035E+03  1.032E+03 -1.133E+04  5.001E+02  5.627E+01
    4         -1.682E+04  2.037E+03  1.033E+03 -1.124E+04 -5.014E+02 -5.622E+01
    5         -2.715E+04 -2.076E+03 -1.130E+03 -7.942E+03  4.729E+02  8.322E+01
    6         -2.715E+04 -2.075E+03 -1.130E+03 -7.850E+03 -4.750E+02 -8.285E+01
    7         -1.719E+04  1.379E+03  4.293E+02 -8.082E+03  4.733E+02  5.628E+01
    8         -1.719E+04  1.380E+03  4.300E+02 -7.989E+03 -4.745E+02 -5.620E+01
 
 STRESS of ELEMENT :  470
 ----------------------------------------------
  Position       Sxx        Syy        Szz        Sxy        Syz        Szx     
    1         -2.669E+04 -1.338E+03 -3.393E+02 -1.110E+04  5.018E+02  8.286E+01
    2         -2.669E+04 -1.340E+03 -3.400E+02 -1.119E+04 -4.996E+02 -8.321E+01
    3         -1.682E+04  2.037E+03  1.033E+03 -1.124E+04  5.014E+02  5.622E+01
    4         -1.682E+04  2.035E+03  1.032E+03 -1.133E+04 -5.001E+02 -5.627E+01
    5         -2.715E+04 -2.075E+03 -1.130E+03 -7.850E+03  4.750E+02  8.285E+01
    6         -2.715E+04 -2.076E+03 -1.130E+03 -7.942E+03 -4.729E+02 -8.322E+01
    7         -1.719E+04  1.380E+03  4.300E+02 -7.989E+03  4.745E+02  5.620E+01
    8         -1.719E+04  1.379E+03  4.293E+02 -8.082E+03 -4.733E+02 -5.628E+01
 
 STRESS of ELEMENT :  471
 ----------------------------------------------
  Position       Sxx        Syy        Szz        Sxy        Syz        Szx     
    1         -1.219E+04 -1.571E+03 -5.686E+02 -1.263E+04  5.013E+02  3.660E+01
    2         -1.219E+04 -1.571E+03 -5.687E+02 -1.254E+04 -5.009E+02 -3.665E+01
    3         -2.313E+03  1.803E+03  8.009E+02 -1.268E+04  5.012E+02  9.806E+00
    4         -2.313E+03  1.803E+03  8.007E+02 -1.259E+04 -5.010E+02 -9.819E+00
    5         -1.237E+04 -1.843E+03 -8.946E+02 -9.383E+03  4.745E+02  3.661E+01
    6         -1.237E+04 -1.843E+03 -8.947E+02 -9.290E+03 -4.741E+02 -3.664E+01
    7         -2.412E+03  1.611E+03  6.625E+02 -9.430E+03  4.744E+02  9.809E+00
    8         -2.412E+03  1.611E+03  6.623E+02 -9.337E+03 -4.742E+02 -9.817E+00
 
 STRESS of ELEMENT :  472
 ----------------------------------------------
  Position       Sxx        Syy        Szz        Sxy        Syz        Szx     
    1         -1.219E+04 -1.571E+03 -5.687E+02 -1.254E+04  5.009E+02  3.665E+01
    2         -1.219E+04 -1.571E+03 -5.686E+02 -1.263E+04 -5.013E+02 -3.660E+01
    3         -2.313E+03  1.803E+03  8.007E+02 -1.259E+04  5.010E+02  9.819E+00
    4         -2.313E+03  1.803E+03  8.009E+02 -1.268E+04 -5.012E+02 -9.806E+00
    5         -1.237E+04 -1.843E+03 -8.947E+02 -9.290E+03  4.741E+02  3.664E+01
    6         -1.237E+04 -1.843E+03 -8.946E+02 -9.383E+03 -4.745E+02 -3.661E+01
    7         -2.412E+03  1.611E+03  6.623E+02 -9.337E+03  4.742E+02  9.817E+00
    8         -2.412E+03  1.611E+03  6.625E+02 -9.430E+03 -4.744E+02 -9.809E+00
 
 STRESS of ELEMENT :  473
 ----------------------------------------------
  Position       Sxx        Syy        Szz        Sxy        Syz        Szx     
    1          2.313E+03 -1.803E+03 -8.009E+02 -1.268E+04  5.012E+02 -9.806E+00
    2          2.313E+03 -1.803E+03 -8.007E+02 -1.259E+04 -5.010E+02  9.819E+00
    3          1.219E+04  1.571E+03  5.686E+02 -1.263E+04  5.013E+02 -3.660E+01
    4          1.219E+04  1.571E+03  5.687E+02 -1.254E+04 -5.009E+02  3.665E+01
    5          2.412E+03 -1.611E+03 -6.625E+02 -9.430E+03  4.744E+02 -9.809E+00
    6          2.412E+03 -1.611E+03 -6.623E+02 -9.337E+03 -4.742E+02  9.817E+00
    7          1.237E+04  1.843E+03  8.946E+02 -9.383E+03  4.745E+02 -3.661E+01
    8          1.237E+04  1.843E+03  8.947E+02 -9.290E+03 -4.741E+02  3.664E+01
 
 STRESS of ELEMENT :  474
 ----------------------------------------------
  Position       Sxx        Syy        Szz        Sxy        Syz        Szx     
    1          2.313E+03 -1.803E+03 -8.007E+02 -1.259E+04  5.010E+02 -9.819E+00
    2          2.313E+03 -1.803E+03 -8.009E+02 -1.268E+04 -5.012E+02  9.806E+00
    3          1.219E+04  1.571E+03  5.687E+02 -1.254E+04  5.009E+02 -3.665E+01
    4          1.219E+04  1.571E+03  5.686E+02 -1.263E+04 -5.013E+02  3.660E+01
    5          2.412E+03 -1.611E+03 -6.623E+02 -9.337E+03  4.742E+02 -9.817E+00
    6          2.412E+03 -1.611E+03 -6.625E+02 -9.430E+03 -4.744E+02  9.809E+00
    7          1.237E+04  1.843E+03  8.947E+02 -9.290E+03  4.741E+02 -3.664E+01
    8          1.237E+04  1.843E+03  8.946E+02 -9.383E+03 -4.745E+02  3.661E+01
 
 STRESS of ELEMENT :  475
 ----------------------------------------------
  Position       Sxx        Syy        Szz        Sxy        Syz        Szx     
    1          1.682E+04 -2.035E+03 -1.032E+03 -1.133E+04  5.001E+02 -5.627E+01
    2          1.682E+04 -2.037E+03 -1.033E+03 -1.124E+04 -5.014E+02  5.622E+01
    3          2.669E+04  1.340E+03  3.400E+02 -1.119E+04  4.996E+02 -8.321E+01
    4          2.669E+04  1.338E+03  3.393E+02 -1.110E+04 -5.018E+02  8.286E+01
    5          1.719E+04 -1.379E+03 -4.293E+02 -8.082E+03  4.733E+02 -5.628E+01
    6          1.719E+04 -1.380E+03 -4.300E+02 -7.989E+03 -4.745E+02  5.620E+01
    7          2.715E+04  2.076E+03  1.130E+03 -7.942E+03  4.729E+02 -8.322E+01
    8          2.715E+04  2.075E+03  1.130E+03 -7.850E+03 -4.750E+02  8.285E+01
 
 STRESS of ELEMENT :  476
 ----------------------------------------------
  Position       Sxx        Syy        Szz        Sxy        Syz        Szx     
    1          1.682E+04 -2.037E+03 -1.033E+03 -1.124E+04  5.014E+02 -5.622E+01
    2          1.682E+04 -2.035E+03 -1.032E+03 -1.133E+04 -5.001E+02  5.627E+01
    3          2.669E+04  1.338E+03  3.393E+02 -1.110E+04  5.018E+02 -8.286E+01
    4          2.669E+04  1.340E+03  3.400E+02 -1.119E+04 -4.996E+02  8.321E+01
    5          1.719E+04 -1.380E+03 -4.300E+02 -7.989E+03  4.745E+02 -5.620E+01
    6          1.719E+04 -1.379E+03 -4.293E+02 -8.082E+03 -4.733E+02  5.628E+01
    7          2.715E+04  2.075E+03  1.130E+03 -7.850E+03  4.750E+02 -8.285E+01
    8          2.715E+04  2.076E+03  1.130E+03 -7.942E+03 -4.729E+02  8.322E+01
 
 STRESS of ELEMENT :  477
 ----------------------------------------------
  Position       Sxx        Syy        Szz        Sxy        Syz        Szx     
    1          3.133E+04 -2.254E+03 -1.253E+03 -8.592E+03  4.945E+02 -1.020E+02
    2          3.131E+04 -2.285E+03 -1.266E+03 -8.497E+03 -5.057E+02  1.033E+02
    3          4.121E+04  1.123E+03  1.230E+02 -8.360E+03  4.856E+02 -1.262E+02
    4          4.119E+04  1.092E+03  1.097E+02 -8.264E+03 -5.145E+02  1.326E+02
    5          3.198E+04 -1.134E+03 -1.866E+02 -5.341E+03  4.680E+02 -1.020E+02
    6          3.197E+04 -1.163E+03 -1.992E+02 -5.246E+03 -4.786E+02  1.033E+02
    7          4.194E+04  2.323E+03  1.377E+03 -5.109E+03  4.597E+02 -1.262E+02
    8          4.193E+04  2.294E+03  1.364E+03 -5.013E+03 -4.870E+02  1.326E+02
 
 STRESS of ELEMENT :  478
 ----------------------------------------------
  Position       Sxx        Syy        Szz        Sxy        Syz        Szx     
    1          3.131E+04 -2.285E+03 -1.266E+03 -8.497E+03  5.057E+02 -1.033E+02
    2          3.133E+04 -2.254E+03 -1.253E+03 -8.592E+03 -4.945E+02  1.020E+02
    3          4.119E+04  1.092E+03  1.097E+02 -8.264E+03  5.145E+02 -1.326E+02
    4          4.121E+04  1.123E+03  1.230E+02 -8.360E+03 -4.856E+02  1.262E+02
    5          3.197E+04 -1.163E+03 -1.992E+02 -5.246E+03  4.786E+02 -1.033E+02
    6          3.198E+04 -1.134E+03 -1.866E+02 -5.341E+03 -4.680E+02  1.020E+02
    7          4.193E+04  2.294E+03  1.364E+03 -5.013E+03  4.870E+02 -1.326E+02
    8          4.194E+04  2.323E+03  1.377E+03 -5.109E+03 -4.597E+02  1.262E+02
 
 STRESS of ELEMENT :  479
 ----------------------------------------------
  Position       Sxx        Syy        Szz        Sxy        Syz        Szx     
    1          4.583E+04 -2.456E+03 -1.506E+03 -4.444E+03  5.356E+02 -1.534E+02
    2          4.582E+04 -2.485E+03 -1.518E+03 -4.371E+03 -5.057E+02  1.455E+02
    3          5.565E+04  8.589E+02 -2.737E+02 -4.120E+03  5.273E+02 -2.032E+02
    4          5.564E+04  8.299E+02 -2.861E+02 -4.046E+03 -5.140E+02  1.514E+02
    5          4.677E+04 -8.727E+02  2.657E+01 -1.193E+03  5.069E+02 -1.534E+02
    6          4.675E+04 -9.001E+02  1.481E+01 -1.119E+03 -4.787E+02  1.455E+02
    7          5.667E+04  2.526E+03  1.454E+03 -8.691E+02  4.990E+02 -2.032E+02
    8          5.665E+04  2.498E+03  1.442E+03 -7.948E+02 -4.865E+02  1.514E+02
 
 STRESS of ELEMENT :  480
 ----------------------------------------------
  Position       Sxx        Syy        Szz        Sxy        Syz        Szx     
    1          4.582E+04 -2.485E+03 -1.518E+03 -4.371E+03  5.057E+02 -1.455E+02
    2          4.583E+04 -2.456E+03 -1.506E+03 -4.444E+03 -5.356E+02  1.534E+02
    3          5.564E+04  8.299E+02 -2.861E+02 -4.046E+03  5.140E+02 -1.514E+02
    4          5.565E+04  8.589E+02 -2.737E+02 -4.120E+03 -5.273E+02  2.032E+02
    5          4.675E+04 -9.001E+02  1.481E+01 -1.119E+03  4.787E+02 -1.455E+02
    6          4.677E+04 -8.727E+02  2.657E+01 -1.193E+03 -5.069E+02  1.534E+02
    7          5.665E+04  2.498E+03  1.442E+03 -7.948E+02  4.865E+02 -1.514E+02
    8          5.667E+04  2.526E+03  1.454E+03 -8.691E+02 -4.990E+02  2.032E+02
 
 STRESS of ELEMENT :  481
 ----------------------------------------------
  Position       Sxx        Syy        Szz        Sxy        Syz        Szx     
    1         -5.030E+04 -6.974E+02  3.300E+02 -3.965E+03  4.784E+02  2.032E+02
    2         -5.029E+04 -6.712E+02  3.413E+02 -3.891E+03 -4.663E+02 -1.514E+02
    3         -4.142E+04  2.297E+03  1.435E+03 -4.290E+03  4.858E+02  1.533E+02
    4         -4.141E+04  2.323E+03  1.447E+03 -4.216E+03 -4.588E+02 -1.455E+02
    5         -5.132E+04 -2.364E+03 -1.398E+03 -1.024E+03  4.501E+02  2.032E+02
    6         -5.131E+04 -2.340E+03 -1.387E+03 -9.499E+02 -4.388E+02 -1.514E+02
    7         -4.236E+04  7.140E+02 -9.701E+01 -1.349E+03  4.571E+02  1.534E+02
    8         -4.235E+04  7.386E+02 -8.640E+01 -1.275E+03 -4.318E+02 -1.454E+02
 
 STRESS of ELEMENT :  482
 ----------------------------------------------
  Position       Sxx        Syy        Szz        Sxy        Syz        Szx     
    1         -5.029E+04 -6.712E+02  3.413E+02 -3.891E+03  4.663E+02  1.514E+02
    2         -5.030E+04 -6.974E+02  3.300E+02 -3.965E+03 -4.784E+02 -2.032E+02
    3         -4.141E+04  2.323E+03  1.447E+03 -4.216E+03  4.588E+02  1.455E+02
    4         -4.142E+04  2.297E+03  1.435E+03 -4.290E+03 -4.858E+02 -1.533E+02
    5         -5.131E+04 -2.340E+03 -1.387E+03 -9.499E+02  4.388E+02  1.514E+02
    6         -5.132E+04 -2.364E+03 -1.398E+03 -1.024E+03 -4.501E+02 -2.032E+02
    7         -4.235E+04  7.386E+02 -8.640E+01 -1.275E+03  4.318E+02  1.454E+02
    8         -4.236E+04  7.140E+02 -9.701E+01 -1.349E+03 -4.571E+02 -1.534E+02
 
 STRESS of ELEMENT :  483
 ----------------------------------------------
  Position       Sxx        Syy        Szz        Sxy        Syz        Szx     
    1         -3.725E+04 -9.589E+02 -5.159E+01 -8.205E+03  4.406E+02  1.262E+02
    2         -3.723E+04 -9.309E+02 -3.952E+01 -8.109E+03 -4.668E+02 -1.326E+02
    3         -2.831E+04  2.092E+03  1.185E+03 -8.438E+03  4.486E+02  1.019E+02
    4         -2.830E+04  2.120E+03  1.197E+03 -8.342E+03 -4.588E+02 -1.033E+02
    5         -3.798E+04 -2.160E+03 -1.306E+03 -5.264E+03  4.146E+02  1.262E+02
    6         -3.797E+04 -2.133E+03 -1.294E+03 -5.168E+03 -4.392E+02 -1.325E+02
    7         -2.897E+04  9.718E+02  1.181E+02 -5.496E+03  4.221E+02  1.020E+02
    8         -2.896E+04  9.981E+02  1.294E+02 -5.400E+03 -4.318E+02 -1.033E+02
 
 STRESS of ELEMENT :  484
 ----------------------------------------------
  Position       Sxx        Syy        Szz        Sxy        Syz        Szx     
    1         -3.723E+04 -9.309E+02 -3.952E+01 -8.109E+03  4.668E+02  1.326E+02
    2         -3.725E+04 -9.589E+02 -5.159E+01 -8.205E+03 -4.406E+02 -1.262E+02
    3         -2.830E+04  2.120E+03  1.197E+03 -8.342E+03  4.588E+02  1.033E+02
    4         -2.831E+04  2.092E+03  1.185E+03 -8.438E+03 -4.486E+02 -1.019E+02
    5         -3.797E+04 -2.133E+03 -1.294E+03 -5.168E+03  4.392E+02  1.325E+02
    6         -3.798E+04 -2.160E+03 -1.306E+03 -5.264E+03 -4.146E+02 -1.262E+02
    7         -2.896E+04  9.981E+02  1.294E+02 -5.400E+03  4.318E+02  1.033E+02
    8         -2.897E+04  9.718E+02  1.181E+02 -5.496E+03 -4.221E+02 -1.020E+02
 
 STRESS of ELEMENT :  485
 ----------------------------------------------
  Position       Sxx        Syy        Szz        Sxy        Syz        Szx     
    1         -2.413E+04 -1.177E+03 -2.700E+02 -1.104E+04  4.533E+02  8.317E+01
    2         -2.413E+04 -1.176E+03 -2.693E+02 -1.095E+04 -4.553E+02 -8.284E+01
    3         -1.520E+04  1.872E+03  9.625E+02 -1.118E+04  4.537E+02  5.624E+01
    4         -1.520E+04  1.874E+03  9.631E+02 -1.109E+04 -4.549E+02 -5.620E+01
    5         -2.459E+04 -1.915E+03 -1.060E+03 -8.097E+03  4.266E+02  8.321E+01
    6         -2.459E+04 -1.913E+03 -1.060E+03 -8.004E+03 -4.285E+02 -8.281E+01
    7         -1.558E+04  1.215E+03  3.595E+02 -8.237E+03  4.270E+02  5.627E+01
    8         -1.557E+04  1.217E+03  3.601E+02 -8.144E+03 -4.281E+02 -5.618E+01
 
 STRESS of ELEMENT :  486
 ----------------------------------------------
  Position       Sxx        Syy        Szz        Sxy        Syz        Szx     
    1         -2.413E+04 -1.176E+03 -2.693E+02 -1.095E+04  4.553E+02  8.284E+01
    2         -2.413E+04 -1.177E+03 -2.700E+02 -1.104E+04 -4.533E+02 -8.317E+01
    3         -1.520E+04  1.874E+03  9.631E+02 -1.109E+04  4.549E+02  5.620E+01
    4         -1.520E+04  1.872E+03  9.625E+02 -1.118E+04 -4.537E+02 -5.624E+01
    5         -2.459E+04 -1.913E+03 -1.060E+03 -8.004E+03  4.285E+02  8.281E+01
    6         -2.459E+04 -1.915E+03 -1.060E+03 -8.097E+03 -4.266E+02 -8.321E+01
    7         -1.557E+04  1.217E+03  3.601E+02 -8.144E+03  4.281E+02  5.618E+01
    8         -1.558E+04  1.215E+03  3.595E+02 -8.237E+03 -4.270E+02 -5.627E+01
 
 STRESS of ELEMENT :  487
 ----------------------------------------------
  Position       Sxx        Syy        Szz        Sxy        Syz        Szx     
    1         -1.102E+04 -1.408E+03 -4.988E+02 -1.248E+04  4.548E+02  3.659E+01
    2         -1.102E+04 -1.408E+03 -4.989E+02 -1.239E+04 -4.545E+02 -3.664E+01
    3         -2.088E+03  1.641E+03  7.311E+02 -1.253E+04  4.548E+02  9.803E+00
    4         -2.088E+03  1.640E+03  7.310E+02 -1.243E+04 -4.546E+02 -9.817E+00
    5         -1.120E+04 -1.681E+03 -8.250E+02 -9.538E+03  4.280E+02  3.660E+01
    6         -1.120E+04 -1.681E+03 -8.251E+02 -9.445E+03 -4.277E+02 -3.662E+01
    7         -2.187E+03  1.448E+03  5.926E+02 -9.584E+03  4.279E+02  9.807E+00
    8         -2.188E+03  1.448E+03  5.925E+02 -9.492E+03 -4.278E+02 -9.813E+00
 
 STRESS of ELEMENT :  488
 ----------------------------------------------
  Position       Sxx        Syy        Szz        Sxy        Syz        Szx     
    1         -1.102E+04 -1.408E+03 -4.989E+02 -1.239E+04  4.545E+02  3.664E+01
    2         -1.102E+04 -1.408E+03 -4.988E+02 -1.248E+04 -4.548E+02 -3.659E+01
    3         -2.088E+03  1.640E+03  7.310E+02 -1.243E+04  4.546E+02  9.817E+00
    4         -2.088E+03  1.641E+03  7.311E+02 -1.253E+04 -4.548E+02 -9.803E+00
    5         -1.120E+04 -1.681E+03 -8.251E+02 -9.445E+03  4.277E+02  3.662E+01
    6         -1.120E+04 -1.681E+03 -8.250E+02 -9.538E+03 -4.280E+02 -3.660E+01
    7         -2.188E+03  1.448E+03  5.925E+02 -9.492E+03  4.278E+02  9.813E+00
    8         -2.187E+03  1.448E+03  5.926E+02 -9.584E+03 -4.279E+02 -9.807E+00
 
 STRESS of ELEMENT :  489
 ----------------------------------------------
  Position       Sxx        Syy        Szz        Sxy        Syz        Szx     
    1          2.088E+03 -1.641E+03 -7.311E+02 -1.253E+04  4.548E+02 -9.803E+00
    2          2.088E+03 -1.640E+03 -7.310E+02 -1.243E+04 -4.546E+02  9.817E+00
    3          1.102E+04  1.408E+03  4.988E+02 -1.248E+04  4.548E+02 -3.659E+01
    4          1.102E+04  1.408E+03  4.989E+02 -1.239E+04 -4.545E+02  3.664E+01
    5          2.187E+03 -1.448E+03 -5.926E+02 -9.584E+03  4.279E+02 -9.807E+00
    6          2.188E+03 -1.448E+03 -5.925E+02 -9.492E+03 -4.278E+02  9.813E+00
    7          1.120E+04  1.681E+03  8.250E+02 -9.538E+03  4.280E+02 -3.660E+01
    8          1.120E+04  1.681E+03  8.251E+02 -9.445E+03 -4.277E+02  3.662E+01
 
 STRESS of ELEMENT :  490
 ----------------------------------------------
  Position       Sxx        Syy        Szz        Sxy        Syz        Szx     
    1          2.088E+03 -1.640E+03 -7.310E+02 -1.243E+04  4.546E+02 -9.817E+00
    2          2.088E+03 -1.641E+03 -7.311E+02 -1.253E+04 -4.548E+02  9.803E+00
    3          1.102E+04  1.408E+03  4.989E+02 -1.239E+04  4.545E+02 -3.664E+01
    4          1.102E+04  1.408E+03  4.988E+02 -1.248E+04 -4.548E+02  3.659E+01
    5          2.188E+03 -1.448E+03 -5.925E+02 -9.492E+03  4.278E+02 -9.813E+00
    6          2.187E+03 -1.448E+03 -5.926E+02 -9.584E+03 -4.279E+02  9.807E+00
    7          1.120E+04  1.681E+03  8.251E+02 -9.445E+03  4.277E+02 -3.662E+01
    8          1.120E+04  1.681E+03  8.250E+02 -9.538E+03 -4.280E+02  3.660E+01
 
 STRESS of ELEMENT :  491
 ----------------------------------------------
  Position       Sxx        Syy        Szz        Sxy        Syz        Szx     
    1          1.520E+04 -1.872E+03 -9.625E+02 -1.118E+04  4.537E+02 -5.624E+01
    2          1.520E+04 -1.874E+03 -9.631E+02 -1.109E+04 -4.549E+02  5.620E+01
    3          2.413E+04  1.177E+03  2.700E+02 -1.104E+04  4.533E+02 -8.317E+01
    4          2.413E+04  1.176E+03  2.693E+02 -1.095E+04 -4.553E+02  8.284E+01
    5          1.558E+04 -1.215E+03 -3.595E+02 -8.237E+03  4.270E+02 -5.627E+01
    6          1.557E+04 -1.217E+03 -3.601E+02 -8.144E+03 -4.281E+02  5.618E+01
    7          2.459E+04  1.915E+03  1.060E+03 -8.097E+03  4.266E+02 -8.321E+01
    8          2.459E+04  1.913E+03  1.060E+03 -8.004E+03 -4.285E+02  8.281E+01
 
 STRESS of ELEMENT :  492
 ----------------------------------------------
  Position       Sxx        Syy        Szz        Sxy        Syz        Szx     
    1          1.520E+04 -1.874E+03 -9.631E+02 -1.109E+04  4.549E+02 -5.620E+01
    2          1.520E+04 -1.872E+03 -9.625E+02 -1.118E+04 -4.537E+02  5.624E+01
    3          2.413E+04  1.176E+03  2.693E+02 -1.095E+04  4.553E+02 -8.284E+01
    4          2.413E+04  1.177E+03  2.700E+02 -1.104E+04 -4.533E+02  8.317E+01
    5          1.557E+04 -1.217E+03 -3.601E+02 -8.144E+03  4.281E+02 -5.618E+01
    6          1.558E+04 -1.215E+03 -3.595E+02 -8.237E+03 -4.270E+02  5.627E+01
    7          2.459E+04  1.913E+03  1.060E+03 -8.004E+03  4.285E+02 -8.281E+01
    8          2.459E+04  1.915E+03  1.060E+03 -8.097E+03 -4.266E+02  8.321E+01
 
 STRESS of ELEMENT :  493
 ----------------------------------------------
  Position       Sxx        Syy        Szz        Sxy        Syz        Szx     
    1          2.831E+04 -2.092E+03 -1.185E+03 -8.438E+03  4.486E+02 -1.019E+02
    2          2.830E+04 -2.120E+03 -1.197E+03 -8.342E+03 -4.588E+02  1.033E+02
    3          3.725E+04  9.589E+02  5.159E+01 -8.205E+03  4.406E+02 -1.262E+02
    4          3.723E+04  9.309E+02  3.952E+01 -8.109E+03 -4.668E+02  1.326E+02
    5          2.897E+04 -9.718E+02 -1.181E+02 -5.496E+03  4.221E+02 -1.020E+02
    6          2.896E+04 -9.981E+02 -1.294E+02 -5.400E+03 -4.318E+02  1.033E+02
    7          3.798E+04  2.160E+03  1.306E+03 -5.264E+03  4.146E+02 -1.262E+02
    8          3.797E+04  2.133E+03  1.294E+03 -5.168E+03 -4.392E+02  1.325E+02
 
 STRESS of ELEMENT :  494
 ----------------------------------------------
  Position       Sxx        Syy        Szz        Sxy        Syz        Szx     
    1          2.830E+04 -2.120E+03 -1.197E+03 -8.342E+03  4.588E+02 -1.033E+02
    2          2.831E+04 -2.092E+03 -1.185E+03 -8.438E+03 -4.486E+02  1.019E+02
    3          3.723E+04  9.309E+02  3.952E+01 -8.109E+03  4.668E+02 -1.326E+02
    4          3.725E+04  9.589E+02  5.159E+01 -8.205E+03 -4.406E+02  1.262E+02
    5          2.896E+04 -9.981E+02 -1.294E+02 -5.400E+03  4.318E+02 -1.033E+02
    6          2.897E+04 -9.718E+02 -1.181E+02 -5.496E+03 -4.221E+02  1.020E+02
    7          3.797E+04  2.133E+03  1.294E+03 -5.168E+03  4.392E+02 -1.325E+02
    8          3.798E+04  2.160E+03  1.306E+03 -5.264E+03 -4.146E+02  1.262E+02
 
 STRESS of ELEMENT :  495
 ----------------------------------------------
  Position       Sxx        Syy        Szz        Sxy        Syz        Szx     
    1          4.142E+04 -2.297E+03 -1.435E+03 -4.290E+03  4.858E+02 -1.533E+02
    2          4.141E+04 -2.323E+03 -1.447E+03 -4.216E+03 -4.588E+02  1.455E+02
    3          5.030E+04  6.974E+02 -3.300E+02 -3.965E+03  4.784E+02 -2.032E+02
    4          5.029E+04  6.712E+02 -3.413E+02 -3.891E+03 -4.663E+02  1.514E+02
    5          4.236E+04 -7.140E+02  9.701E+01 -1.349E+03  4.571E+02 -1.534E+02
    6          4.235E+04 -7.386E+02  8.640E+01 -1.275E+03 -4.318E+02  1.454E+02
    7          5.132E+04  2.364E+03  1.398E+03 -1.024E+03  4.501E+02 -2.032E+02
    8          5.131E+04  2.340E+03  1.387E+03 -9.499E+02 -4.388E+02  1.514E+02
 
 STRESS of ELEMENT :  496
 ----------------------------------------------
  Position       Sxx        Syy        Szz        Sxy        Syz        Szx     
    1          4.141E+04 -2.323E+03 -1.447E+03 -4.216E+03  4.588E+02 -1.455E+02
    2          4.142E+04 -2.297E+03 -1.435E+03 -4.290E+03 -4.858E+02  1.533E+02
    3          5.029E+04  6.712E+02 -3.413E+02 -3.891E+03  4.663E+02 -1.514E+02
    4          5.030E+04  6.974E+02 -3.300E+02 -3.965E+03 -4.784E+02  2.032E+02
    5          4.235E+04 -7.386E+02  8.640E+01 -1.275E+03  4.318E+02 -1.454E+02
    6          4.236E+04 -7.140E+02  9.701E+01 -1.349E+03 -4.571E+02  1.534E+02
    7          5.131E+04  2.340E+03  1.387E+03 -9.499E+02  4.388E+02 -1.514E+02
    8          5.132E+04  2.364E+03  1.398E+03 -1.024E+03 -4.501E+02  2.032E+02
 
 STRESS of ELEMENT :  497
 ----------------------------------------------
  Position       Sxx        Syy        Szz        Sxy        Syz        Szx     
    1         -4.495E+04 -5.363E+02  3.862E+02 -3.810E+03  4.294E+02  2.032E+02
    2         -4.494E+04 -5.127E+02  3.965E+02 -3.736E+03 -4.186E+02 -1.513E+02
    3         -3.701E+04  2.138E+03  1.365E+03 -4.134E+03  4.360E+02  1.532E+02
    4         -3.700E+04  2.162E+03  1.375E+03 -4.061E+03 -4.119E+02 -1.454E+02
    5         -4.597E+04 -2.203E+03 -1.341E+03 -1.179E+03  4.011E+02  2.034E+02
    6         -4.596E+04 -2.182E+03 -1.332E+03 -1.105E+03 -3.910E+02 -1.512E+02
    7         -3.795E+04  5.548E+02 -1.671E+02 -1.504E+03  4.072E+02  1.534E+02
    8         -3.794E+04  5.766E+02 -1.576E+02 -1.430E+03 -3.849E+02 -1.452E+02
 
 STRESS of ELEMENT :  498
 ----------------------------------------------
  Position       Sxx        Syy        Szz        Sxy        Syz        Szx     
    1         -4.494E+04 -5.127E+02  3.965E+02 -3.736E+03  4.186E+02  1.513E+02
    2         -4.495E+04 -5.363E+02  3.862E+02 -3.810E+03 -4.294E+02 -2.032E+02
    3         -3.700E+04  2.162E+03  1.375E+03 -4.061E+03  4.119E+02  1.454E+02
    4         -3.701E+04  2.138E+03  1.365E+03 -4.134E+03 -4.360E+02 -1.532E+02
    5         -4.596E+04 -2.182E+03 -1.332E+03 -1.105E+03  3.910E+02  1.512E+02
    6         -4.597E+04 -2.203E+03 -1.341E+03 -1.179E+03 -4.011E+02 -2.034E+02
    7         -3.794E+04  5.766E+02 -1.576E+02 -1.430E+03  3.849E+02  1.452E+02
    8         -3.795E+04  5.548E+02 -1.671E+02 -1.504E+03 -4.072E+02 -1.534E+02
 
 STRESS of ELEMENT :  499
 ----------------------------------------------
  Position       Sxx        Syy        Szz        Sxy        Syz        Szx     
    1         -3.329E+04 -7.962E+02  1.955E+01 -8.049E+03  3.956E+02  1.261E+02
    2         -3.328E+04 -7.711E+02  3.045E+01 -7.953E+03 -4.191E+02 -1.325E+02
    3         -2.530E+04  1.930E+03  1.116E+03 -8.282E+03  4.028E+02  1.018E+02
    4         -2.529E+04  1.955E+03  1.127E+03 -8.187E+03 -4.120E+02 -1.033E+02
    5         -3.403E+04 -1.999E+03 -1.235E+03 -5.417E+03  3.697E+02  1.262E+02
    6         -3.401E+04 -1.975E+03 -1.224E+03 -5.321E+03 -3.915E+02 -1.324E+02
    7         -2.595E+04  8.080E+02  4.955E+01 -5.650E+03  3.763E+02  1.019E+02
    8         -2.594E+04  8.312E+02  5.958E+01 -5.554E+03 -3.849E+02 -1.032E+02
 
 STRESS of ELEMENT :  500
 ----------------------------------------------
  Position       Sxx        Syy        Szz        Sxy        Syz        Szx     
    1         -3.328E+04 -7.711E+02  3.045E+01 -7.953E+03  4.191E+02  1.325E+02
    2         -3.329E+04 -7.962E+02  1.955E+01 -8.049E+03 -3.956E+02 -1.261E+02
    3         -2.529E+04  1.955E+03  1.127E+03 -8.187E+03  4.120E+02  1.033E+02
    4         -2.530E+04  1.930E+03  1.116E+03 -8.282E+03 -4.028E+02 -1.018E+02
    5         -3.401E+04 -1.975E+03 -1.224E+03 -5.321E+03  3.915E+02  1.324E+02
    6         -3.403E+04 -1.999E+03 -1.235E+03 -5.417E+03 -3.697E+02 -1.262E+02
    7         -2.594E+04  8.312E+02  5.958E+01 -5.554E+03  3.849E+02  1.032E+02
    8         -2.595E+04  8.080E+02  4.955E+01 -5.650E+03 -3.763E+02 -1.019E+02
 
 STRESS of ELEMENT :  501
 ----------------------------------------------
  Position       Sxx        Syy        Szz        Sxy        Syz        Szx     
    1         -2.157E+04 -1.016E+03 -1.999E+02 -1.088E+04  4.071E+02  8.311E+01
    2         -2.157E+04 -1.015E+03 -1.992E+02 -1.079E+04 -4.088E+02 -8.280E+01
    3         -1.358E+04  1.708E+03  8.932E+02 -1.102E+04  4.074E+02  5.622E+01
    4         -1.358E+04  1.710E+03  8.937E+02 -1.093E+04 -4.085E+02 -5.618E+01
    5         -2.203E+04 -1.757E+03 -9.913E+02 -8.251E+03  3.804E+02  8.318E+01
    6         -2.202E+04 -1.756E+03 -9.907E+02 -8.158E+03 -3.820E+02 -8.273E+01
    7         -1.396E+04  1.048E+03  2.890E+02 -8.391E+03  3.807E+02  5.625E+01
    8         -1.396E+04  1.049E+03  2.895E+02 -8.299E+03 -3.817E+02 -5.615E+01
 
 STRESS of ELEMENT :  502
 ----------------------------------------------
  Position       Sxx        Syy        Szz        Sxy        Syz        Szx     
    1         -2.157E+04 -1.015E+03 -1.992E+02 -1.079E+04  4.088E+02  8.280E+01
    2         -2.157E+04 -1.016E+03 -1.999E+02 -1.088E+04 -4.071E+02 -8.311E+01
    3         -1.358E+04  1.710E+03  8.937E+02 -1.093E+04  4.085E+02  5.618E+01
    4         -1.358E+04  1.708E+03  8.932E+02 -1.102E+04 -4.074E+02 -5.622E+01
    5         -2.202E+04 -1.756E+03 -9.907E+02 -8.158E+03  3.820E+02  8.273E+01
    6         -2.203E+04 -1.757E+03 -9.913E+02 -8.251E+03 -3.804E+02 -8.318E+01
    7         -1.396E+04  1.049E+03  2.895E+02 -8.299E+03  3.817E+02  5.615E+01
    8         -1.396E+04  1.048E+03  2.890E+02 -8.391E+03 -3.807E+02 -5.625E+01
 
 STRESS of ELEMENT :  503
 ----------------------------------------------
  Position       Sxx        Syy        Szz        Sxy        Syz        Szx     
    1         -9.850E+03 -1.246E+03 -4.286E+02 -1.233E+04  4.084E+02  3.658E+01
    2         -9.850E+03 -1.246E+03 -4.287E+02 -1.223E+04 -4.081E+02 -3.662E+01
    3         -1.863E+03  1.477E+03  6.612E+02 -1.237E+04  4.083E+02  9.801E+00
    4         -1.863E+03  1.477E+03  6.611E+02 -1.228E+04 -4.082E+02 -9.813E+00
    5         -1.003E+04 -1.520E+03 -7.554E+02 -9.694E+03  3.816E+02  3.659E+01
    6         -1.003E+04 -1.521E+03 -7.555E+02 -9.601E+03 -3.814E+02 -3.661E+01
    7         -1.963E+03  1.283E+03  5.220E+02 -9.741E+03  3.815E+02  9.804E+00
    8         -1.963E+03  1.283E+03  5.219E+02 -9.648E+03 -3.814E+02 -9.810E+00
 
 STRESS of ELEMENT :  504
 ----------------------------------------------
  Position       Sxx        Syy        Szz        Sxy        Syz        Szx     
    1         -9.850E+03 -1.246E+03 -4.287E+02 -1.223E+04  4.081E+02  3.662E+01
    2         -9.850E+03 -1.246E+03 -4.286E+02 -1.233E+04 -4.084E+02 -3.658E+01
    3         -1.863E+03  1.477E+03  6.611E+02 -1.228E+04  4.082E+02  9.813E+00
    4         -1.863E+03  1.477E+03  6.612E+02 -1.237E+04 -4.083E+02 -9.801E+00
    5         -1.003E+04 -1.521E+03 -7.555E+02 -9.601E+03  3.814E+02  3.661E+01
    6         -1.003E+04 -1.520E+03 -7.554E+02 -9.694E+03 -3.816E+02 -3.659E+01
    7         -1.963E+03  1.283E+03  5.219E+02 -9.648E+03  3.814E+02  9.810E+00
    8         -1.963E+03  1.283E+03  5.220E+02 -9.741E+03 -3.815E+02 -9.804E+00
 
 STRESS of ELEMENT :  505
 ----------------------------------------------
  Position       Sxx        Syy        Szz        Sxy        Syz        Szx     
    1          1.863E+03 -1.477E+03 -6.612E+02 -1.237E+04  4.083E+02 -9.801E+00
    2          1.863E+03 -1.477E+03 -6.611E+02 -1.228E+04 -4.082E+02  9.813E+00
    3          9.850E+03  1.246E+03  4.286E+02 -1.233E+04  4.084E+02 -3.658E+01
    4          9.850E+03  1.246E+03  4.287E+02 -1.223E+04 -4.081E+02  3.662E+01
    5          1.963E+03 -1.283E+03 -5.220E+02 -9.741E+03  3.815E+02 -9.804E+00
    6          1.963E+03 -1.283E+03 -5.219E+02 -9.648E+03 -3.814E+02  9.810E+00
    7          1.003E+04  1.520E+03  7.554E+02 -9.694E+03  3.816E+02 -3.659E+01
    8          1.003E+04  1.521E+03  7.555E+02 -9.601E+03 -3.814E+02  3.661E+01
 
 STRESS of ELEMENT :  506
 ----------------------------------------------
  Position       Sxx        Syy        Szz        Sxy        Syz        Szx     
    1          1.863E+03 -1.477E+03 -6.611E+02 -1.228E+04  4.082E+02 -9.813E+00
    2          1.863E+03 -1.477E+03 -6.612E+02 -1.237E+04 -4.083E+02  9.801E+00
    3          9.850E+03  1.246E+03  4.287E+02 -1.223E+04  4.081E+02 -3.662E+01
    4          9.850E+03  1.246E+03  4.286E+02 -1.233E+04 -4.084E+02  3.658E+01
    5          1.963E+03 -1.283E+03 -5.219E+02 -9.648E+03  3.814E+02 -9.810E+00
    6          1.963E+03 -1.283E+03 -5.220E+02 -9.741E+03 -3.815E+02  9.804E+00
    7          1.003E+04  1.521E+03  7.555E+02 -9.601E+03  3.814E+02 -3.661E+01
    8          1.003E+04  1.520E+03  7.554E+02 -9.694E+03 -3.816E+02  3.659E+01
 
 STRESS of ELEMENT :  507
 ----------------------------------------------
  Position       Sxx        Syy        Szz        Sxy        Syz        Szx     
    1          1.358E+04 -1.708E+03 -8.932E+02 -1.102E+04  4.074E+02 -5.622E+01
    2          1.358E+04 -1.710E+03 -8.937E+02 -1.093E+04 -4.085E+02  5.618E+01
    3          2.157E+04  1.016E+03  1.999E+02 -1.088E+04  4.071E+02 -8.311E+01
    4          2.157E+04  1.015E+03  1.992E+02 -1.079E+04 -4.088E+02  8.280E+01
    5          1.396E+04 -1.048E+03 -2.890E+02 -8.391E+03  3.807E+02 -5.625E+01
    6          1.396E+04 -1.049E+03 -2.895E+02 -8.299E+03 -3.817E+02  5.615E+01
    7          2.203E+04  1.757E+03  9.913E+02 -8.251E+03  3.804E+02 -8.318E+01
    8          2.202E+04  1.756E+03  9.907E+02 -8.158E+03 -3.820E+02  8.273E+01
 
 STRESS of ELEMENT :  508
 ----------------------------------------------
  Position       Sxx        Syy        Szz        Sxy        Syz        Szx     
    1          1.358E+04 -1.710E+03 -8.937E+02 -1.093E+04  4.085E+02 -5.618E+01
    2          1.358E+04 -1.708E+03 -8.932E+02 -1.102E+04 -4.074E+02  5.622E+01
    3          2.157E+04  1.015E+03  1.992E+02 -1.079E+04  4.088E+02 -8.280E+01
    4          2.157E+04  1.016E+03  1.999E+02 -1.088E+04 -4.071E+02  8.311E+01
    5          1.396E+04 -1.049E+03 -2.895E+02 -8.299E+03  3.817E+02 -5.615E+01
    6          1.396E+04 -1.048E+03 -2.890E+02 -8.391E+03 -3.807E+02  5.625E+01
    7          2.202E+04  1.756E+03  9.907E+02 -8.158E+03  3.820E+02 -8.273E+01
    8          2.203E+04  1.757E+03  9.913E+02 -8.251E+03 -3.804E+02  8.318E+01
 
 STRESS of ELEMENT :  509
 ----------------------------------------------
  Position       Sxx        Syy        Szz        Sxy        Syz        Szx     
    1          2.530E+04 -1.930E+03 -1.116E+03 -8.282E+03  4.028E+02 -1.018E+02
    2          2.529E+04 -1.955E+03 -1.127E+03 -8.187E+03 -4.120E+02  1.033E+02
    3          3.329E+04  7.962E+02 -1.955E+01 -8.049E+03  3.956E+02 -1.261E+02
    4          3.328E+04  7.711E+02 -3.045E+01 -7.953E+03 -4.191E+02  1.325E+02
    5          2.595E+04 -8.080E+02 -4.955E+01 -5.650E+03  3.763E+02 -1.019E+02
    6          2.594E+04 -8.312E+02 -5.958E+01 -5.554E+03 -3.849E+02  1.032E+02
    7          3.403E+04  1.999E+03  1.235E+03 -5.417E+03  3.697E+02 -1.262E+02
    8          3.401E+04  1.975E+03  1.224E+03 -5.321E+03 -3.915E+02  1.324E+02
 
 STRESS of ELEMENT :  510
 ----------------------------------------------
  Position       Sxx        Syy        Szz        Sxy        Syz        Szx     
    1          2.529E+04 -1.955E+03 -1.127E+03 -8.187E+03  4.120E+02 -1.033E+02
    2          2.530E+04 -1.930E+03 -1.116E+03 -8.282E+03 -4.028E+02  1.018E+02
    3          3.328E+04  7.711E+02 -3.045E+01 -7.953E+03  4.191E+02 -1.325E+02
    4          3.329E+04  7.962E+02 -1.955E+01 -8.049E+03 -3.956E+02  1.261E+02
    5          2.594E+04 -8.312E+02 -5.958E+01 -5.554E+03  3.849E+02 -1.032E+02
    6          2.595E+04 -8.080E+02 -4.955E+01 -5.650E+03 -3.763E+02  1.019E+02
    7          3.401E+04  1.975E+03  1.224E+03 -5.321E+03  3.915E+02 -1.324E+02
    8          3.403E+04  1.999E+03  1.235E+03 -5.417E+03 -3.697E+02  1.262E+02
 
 STRESS of ELEMENT :  511
 ----------------------------------------------
  Position       Sxx        Syy        Szz        Sxy        Syz        Szx     
    1          3.701E+04 -2.138E+03 -1.365E+03 -4.134E+03  4.360E+02 -1.532E+02
    2          3.700E+04 -2.162E+03 -1.375E+03 -4.061E+03 -4.119E+02  1.454E+02
    3          4.495E+04  5.363E+02 -3.862E+02 -3.810E+03  4.294E+02 -2.032E+02
    4          4.494E+04  5.127E+02 -3.965E+02 -3.736E+03 -4.186E+02  1.513E+02
    5          3.795E+04 -5.548E+02  1.671E+02 -1.504E+03  4.072E+02 -1.534E+02
    6          3.794E+04 -5.766E+02  1.576E+02 -1.430E+03 -3.849E+02  1.452E+02
    7          4.597E+04  2.203E+03  1.341E+03 -1.179E+03  4.011E+02 -2.034E+02
    8          4.596E+04  2.182E+03  1.332E+03 -1.105E+03 -3.910E+02  1.512E+02
 
 STRESS of ELEMENT :  512
 ----------------------------------------------
  Position       Sxx        Syy        Szz        Sxy        Syz        Szx     
    1          3.700E+04 -2.162E+03 -1.375E+03 -4.061E+03  4.119E+02 -1.454E+02
    2          3.701E+04 -2.138E+03 -1.365E+03 -4.134E+03 -4.360E+02  1.532E+02
    3          4.494E+04  5.127E+02 -3.965E+02 -3.736E+03  4.186E+02 -1.513E+02
    4          4.495E+04  5.363E+02 -3.862E+02 -3.810E+03 -4.294E+02  2.032E+02
    5          3.794E+04 -5.766E+02  1.576E+02 -1.430E+03  3.849E+02 -1.452E+02
    6          3.795E+04 -5.548E+02  1.671E+02 -1.504E+03 -4.072E+02  1.534E+02
    7          4.596E+04  2.182E+03  1.332E+03 -1.105E+03  3.910E+02 -1.512E+02
    8          4.597E+04  2.203E+03  1.341E+03 -1.179E+03 -4.011E+02  2.034E+02
 
 STRESS of ELEMENT :  513
 ----------------------------------------------
  Position       Sxx        Syy        Szz        Sxy        Syz        Szx     
    1         -3.960E+04 -3.768E+02  4.419E+02 -3.653E+03  3.803E+02  2.029E+02
    2         -3.959E+04 -3.558E+02  4.514E+02 -3.578E+03 -3.708E+02 -1.511E+02
    3         -3.261E+04  1.978E+03  1.294E+03 -3.977E+03  3.861E+02  1.529E+02
    4         -3.260E+04  1.999E+03  1.304E+03 -3.903E+03 -3.651E+02 -1.452E+02
    5         -4.062E+04 -2.044E+03 -1.284E+03 -1.332E+03  3.520E+02  2.035E+02
    6         -4.061E+04 -2.025E+03 -1.275E+03 -1.257E+03 -3.433E+02 -1.505E+02
    7         -3.354E+04  3.948E+02 -2.359E+02 -1.656E+03  3.571E+02  1.534E+02
    8         -3.353E+04  4.135E+02 -2.274E+02 -1.583E+03 -3.382E+02 -1.447E+02
 
 STRESS of ELEMENT :  514
 ----------------------------------------------
  Position       Sxx        Syy        Szz        Sxy        Syz        Szx     
    1         -3.959E+04 -3.558E+02  4.514E+02 -3.578E+03  3.708E+02  1.511E+02
    2         -3.960E+04 -3.768E+02  4.419E+02 -3.653E+03 -3.803E+02 -2.029E+02
    3         -3.260E+04  1.999E+03  1.304E+03 -3.903E+03  3.651E+02  1.452E+02
    4         -3.261E+04  1.978E+03  1.294E+03 -3.977E+03 -3.861E+02 -1.529E+02
    5         -4.061E+04 -2.025E+03 -1.275E+03 -1.257E+03  3.433E+02  1.505E+02
    6         -4.062E+04 -2.044E+03 -1.284E+03 -1.332E+03 -3.520E+02 -2.035E+02
    7         -3.353E+04  4.135E+02 -2.274E+02 -1.583E+03  3.382E+02  1.447E+02
    8         -3.354E+04  3.948E+02 -2.359E+02 -1.656E+03 -3.571E+02 -1.534E+02
 
 STRESS of ELEMENT :  515
 ----------------------------------------------
  Position       Sxx        Syy        Szz        Sxy        Syz        Szx     
    1         -2.933E+04 -6.379E+02  8.992E+01 -7.890E+03  3.508E+02  1.258E+02
    2         -2.932E+04 -6.157E+02  9.981E+01 -7.794E+03 -3.714E+02 -1.323E+02
    3         -2.228E+04  1.766E+03  1.049E+03 -8.124E+03  3.569E+02  1.017E+02
    4         -2.227E+04  1.788E+03  1.059E+03 -8.029E+03 -3.652E+02 -1.031E+02
    5         -3.007E+04 -1.846E+03 -1.165E+03 -5.565E+03  3.249E+02  1.262E+02
    6         -3.006E+04 -1.826E+03 -1.156E+03 -5.469E+03 -3.439E+02 -1.319E+02
    7         -2.294E+04  6.377E+02 -1.927E+01 -5.799E+03  3.306E+02  1.019E+02
    8         -2.293E+04  6.577E+02 -1.054E+01 -5.705E+03 -3.383E+02 -1.030E+02
 
 STRESS of ELEMENT :  516
 ----------------------------------------------
  Position       Sxx        Syy        Szz        Sxy        Syz        Szx     
    1         -2.932E+04 -6.157E+02  9.981E+01 -7.794E+03  3.714E+02  1.323E+02
    2         -2.933E+04 -6.379E+02  8.992E+01 -7.890E+03 -3.508E+02 -1.258E+02
    3         -2.227E+04  1.788E+03  1.059E+03 -8.029E+03  3.652E+02  1.031E+02
    4         -2.228E+04  1.766E+03  1.049E+03 -8.124E+03 -3.569E+02 -1.017E+02
    5         -3.006E+04 -1.826E+03 -1.156E+03 -5.469E+03  3.439E+02  1.319E+02
    6         -3.007E+04 -1.846E+03 -1.165E+03 -5.565E+03 -3.249E+02 -1.262E+02
    7         -2.293E+04  6.577E+02 -1.054E+01 -5.705E+03  3.383E+02  1.030E+02
    8         -2.294E+04  6.377E+02 -1.927E+01 -5.799E+03 -3.306E+02 -1.019E+02
 
 STRESS of ELEMENT :  517
 ----------------------------------------------
  Position       Sxx        Syy        Szz        Sxy        Syz        Szx     
    1         -1.900E+04 -8.596E+02 -1.291E+02 -1.073E+04  3.609E+02  8.307E+01
    2         -1.900E+04 -8.583E+02 -1.285E+02 -1.064E+04 -3.624E+02 -8.273E+01
    3         -1.195E+04  1.540E+03  8.245E+02 -1.087E+04  3.612E+02  5.626E+01
    4         -1.195E+04  1.542E+03  8.249E+02 -1.078E+04 -3.621E+02 -5.615E+01
    5         -1.946E+04 -1.610E+03 -9.243E+02 -8.404E+03  3.342E+02  8.313E+01
    6         -1.946E+04 -1.608E+03 -9.236E+02 -8.312E+03 -3.357E+02 -8.266E+01
    7         -1.233E+04  8.702E+02  2.161E+02 -8.548E+03  3.346E+02  5.623E+01
    8         -1.233E+04  8.716E+02  2.166E+02 -8.455E+03 -3.353E+02 -5.618E+01
 
 STRESS of ELEMENT :  518
 ----------------------------------------------
  Position       Sxx        Syy        Szz        Sxy        Syz        Szx     
    1         -1.900E+04 -8.583E+02 -1.285E+02 -1.064E+04  3.624E+02  8.273E+01
    2         -1.900E+04 -8.596E+02 -1.291E+02 -1.073E+04 -3.609E+02 -8.307E+01
    3         -1.195E+04  1.542E+03  8.249E+02 -1.078E+04  3.621E+02  5.615E+01
    4         -1.195E+04  1.540E+03  8.245E+02 -1.087E+04 -3.612E+02 -5.626E+01
    5         -1.946E+04 -1.608E+03 -9.236E+02 -8.312E+03  3.357E+02  8.266E+01
    6         -1.946E+04 -1.610E+03 -9.243E+02 -8.404E+03 -3.342E+02 -8.313E+01
    7         -1.233E+04  8.716E+02  2.166E+02 -8.455E+03  3.353E+02  5.618E+01
    8         -1.233E+04  8.702E+02  2.161E+02 -8.548E+03 -3.346E+02 -5.623E+01
 
 STRESS of ELEMENT :  519
 ----------------------------------------------
  Position       Sxx        Syy        Szz        Sxy        Syz        Szx     
    1         -8.673E+03 -1.085E+03 -3.569E+02 -1.218E+04  3.619E+02  3.664E+01
    2         -8.673E+03 -1.085E+03 -3.571E+02 -1.208E+04 -3.618E+02 -3.661E+01
    3         -1.638E+03  1.310E+03  5.904E+02 -1.222E+04  3.619E+02  9.817E+00
    4         -1.638E+03  1.310E+03  5.903E+02 -1.213E+04 -3.618E+02 -9.810E+00
    5         -8.855E+03 -1.364E+03 -6.859E+02 -9.856E+03  3.350E+02  3.658E+01
    6         -8.856E+03 -1.364E+03 -6.859E+02 -9.763E+03 -3.350E+02 -3.667E+01
    7         -1.740E+03  1.111E+03  4.491E+02 -9.905E+03  3.351E+02  9.803E+00
    8         -1.740E+03  1.111E+03  4.491E+02 -9.812E+03 -3.350E+02 -9.825E+00
 
 STRESS of ELEMENT :  520
 ----------------------------------------------
  Position       Sxx        Syy        Szz        Sxy        Syz        Szx     
    1         -8.673E+03 -1.085E+03 -3.571E+02 -1.208E+04  3.618E+02  3.661E+01
    2         -8.673E+03 -1.085E+03 -3.569E+02 -1.218E+04 -3.619E+02 -3.664E+01
    3         -1.638E+03  1.310E+03  5.903E+02 -1.213E+04  3.618E+02  9.810E+00
    4         -1.638E+03  1.310E+03  5.904E+02 -1.222E+04 -3.619E+02 -9.817E+00
    5         -8.856E+03 -1.364E+03 -6.859E+02 -9.763E+03  3.350E+02  3.667E+01
    6         -8.855E+03 -1.364E+03 -6.859E+02 -9.856E+03 -3.350E+02 -3.658E+01
    7         -1.740E+03  1.111E+03  4.491E+02 -9.812E+03  3.350E+02  9.825E+00
    8         -1.740E+03  1.111E+03  4.491E+02 -9.905E+03 -3.351E+02 -9.803E+00
 
 STRESS of ELEMENT :  521
 ----------------------------------------------
  Position       Sxx        Syy        Szz        Sxy        Syz        Szx     
    1          1.638E+03 -1.310E+03 -5.904E+02 -1.222E+04  3.619E+02 -9.817E+00
    2          1.638E+03 -1.310E+03 -5.903E+02 -1.213E+04 -3.618E+02  9.810E+00
    3          8.673E+03  1.085E+03  3.569E+02 -1.218E+04  3.619E+02 -3.664E+01
    4          8.673E+03  1.085E+03  3.571E+02 -1.208E+04 -3.618E+02  3.661E+01
    5          1.740E+03 -1.111E+03 -4.491E+02 -9.905E+03  3.351E+02 -9.803E+00
    6          1.740E+03 -1.111E+03 -4.491E+02 -9.812E+03 -3.350E+02  9.825E+00
    7          8.855E+03  1.364E+03  6.859E+02 -9.856E+03  3.350E+02 -3.658E+01
    8          8.856E+03  1.364E+03  6.859E+02 -9.763E+03 -3.350E+02  3.667E+01
 
 STRESS of ELEMENT :  522
 ----------------------------------------------
  Position       Sxx        Syy        Szz        Sxy        Syz        Szx     
    1          1.638E+03 -1.310E+03 -5.903E+02 -1.213E+04  3.618E+02 -9.810E+00
    2          1.638E+03 -1.310E+03 -5.904E+02 -1.222E+04 -3.619E+02  9.817E+00
    3          8.673E+03  1.085E+03  3.571E+02 -1.208E+04  3.618E+02 -3.661E+01
    4          8.673E+03  1.085E+03  3.569E+02 -1.218E+04 -3.619E+02  3.664E+01
    5          1.740E+03 -1.111E+03 -4.491E+02 -9.812E+03  3.350E+02 -9.825E+00
    6          1.740E+03 -1.111E+03 -4.491E+02 -9.905E+03 -3.351E+02  9.803E+00
    7          8.856E+03  1.364E+03  6.859E+02 -9.763E+03  3.350E+02 -3.667E+01
    8          8.855E+03  1.364E+03  6.859E+02 -9.856E+03 -3.350E+02  3.658E+01
 
 STRESS of ELEMENT :  523
 ----------------------------------------------
  Position       Sxx        Syy        Szz        Sxy        Syz        Szx     
    1          1.195E+04 -1.540E+03 -8.245E+02 -1.087E+04  3.612E+02 -5.626E+01
    2          1.195E+04 -1.542E+03 -8.249E+02 -1.078E+04 -3.621E+02  5.615E+01
    3          1.900E+04  8.596E+02  1.291E+02 -1.073E+04  3.609E+02 -8.307E+01
    4          1.900E+04  8.583E+02  1.285E+02 -1.064E+04 -3.624E+02  8.273E+01
    5          1.233E+04 -8.702E+02 -2.161E+02 -8.548E+03  3.346E+02 -5.623E+01
    6          1.233E+04 -8.716E+02 -2.166E+02 -8.455E+03 -3.353E+02  5.618E+01
    7          1.946E+04  1.610E+03  9.243E+02 -8.404E+03  3.342E+02 -8.313E+01
    8          1.946E+04  1.608E+03  9.236E+02 -8.312E+03 -3.357E+02  8.266E+01
 
 STRESS of ELEMENT :  524
 ----------------------------------------------
  Position       Sxx        Syy        Szz        Sxy        Syz        Szx     
    1          1.195E+04 -1.542E+03 -8.249E+02 -1.078E+04  3.621E+02 -5.615E+01
    2          1.195E+04 -1.540E+03 -8.245E+02 -1.087E+04 -3.612E+02  5.626E+01
    3          1.900E+04  8.583E+02  1.285E+02 -1.064E+04  3.624E+02 -8.273E+01
    4          1.900E+04  8.596E+02  1.291E+02 -1.073E+04 -3.609E+02  8.307E+01
    5          1.233E+04 -8.716E+02 -2.166E+02 -8.455E+03  3.353E+02 -5.618E+01
    6          1.233E+04 -8.702E+02 -2.161E+02 -8.548E+03 -3.346E+02  5.623E+01
    7          1.946E+04  1.608E+03  9.236E+02 -8.312E+03  3.357E+02 -8.266E+01
    8          1.946E+04  1.610E+03  9.243E+02 -8.404E+03 -3.342E+02  8.313E+01
 
 STRESS of ELEMENT :  525
 ----------------------------------------------
  Position       Sxx        Syy        Szz        Sxy        Syz        Szx     
    1          2.228E+04 -1.766E+03 -1.049E+03 -8.124E+03  3.569E+02 -1.017E+02
    2          2.227E+04 -1.788E+03 -1.059E+03 -8.029E+03 -3.652E+02  1.031E+02
    3          2.933E+04  6.379E+02 -8.992E+01 -7.890E+03  3.508E+02 -1.258E+02
    4          2.932E+04  6.157E+02 -9.981E+01 -7.794E+03 -3.714E+02  1.323E+02
    5          2.294E+04 -6.377E+02  1.927E+01 -5.799E+03  3.306E+02 -1.019E+02
    6          2.293E+04 -6.577E+02  1.054E+01 -5.705E+03 -3.383E+02  1.030E+02
    7          3.007E+04  1.846E+03  1.165E+03 -5.565E+03  3.249E+02 -1.262E+02
    8          3.006E+04  1.826E+03  1.156E+03 -5.469E+03 -3.439E+02  1.319E+02
 
 STRESS of ELEMENT :  526
 ----------------------------------------------
  Position       Sxx        Syy        Szz        Sxy        Syz        Szx     
    1          2.227E+04 -1.788E+03 -1.059E+03 -8.029E+03  3.652E+02 -1.031E+02
    2          2.228E+04 -1.766E+03 -1.049E+03 -8.124E+03 -3.569E+02  1.017E+02
    3          2.932E+04  6.157E+02 -9.981E+01 -7.794E+03  3.714E+02 -1.323E+02
    4          2.933E+04  6.379E+02 -8.992E+01 -7.890E+03 -3.508E+02  1.258E+02
    5          2.293E+04 -6.577E+02  1.054E+01 -5.705E+03  3.383E+02 -1.030E+02
    6          2.294E+04 -6.377E+02  1.927E+01 -5.799E+03 -3.306E+02  1.019E+02
    7          3.006E+04  1.826E+03  1.156E+03 -5.469E+03  3.439E+02 -1.319E+02
    8          3.007E+04  1.846E+03  1.165E+03 -5.565E+03 -3.249E+02  1.262E+02
 
 STRESS of ELEMENT :  527
 ----------------------------------------------
  Position       Sxx        Syy        Szz        Sxy        Syz        Szx     
    1          3.261E+04 -1.978E+03 -1.294E+03 -3.977E+03  3.861E+02 -1.529E+02
    2          3.260E+04 -1.999E+03 -1.304E+03 -3.903E+03 -3.651E+02  1.452E+02
    3          3.960E+04  3.768E+02 -4.419E+02 -3.653E+03  3.803E+02 -2.029E+02
    4          3.959E+04  3.558E+02 -4.514E+02 -3.578E+03 -3.708E+02  1.511E+02
    5          3.354E+04 -3.948E+02  2.359E+02 -1.656E+03  3.571E+02 -1.534E+02
    6          3.353E+04 -4.135E+02  2.274E+02 -1.583E+03 -3.382E+02  1.447E+02
    7          4.062E+04  2.044E+03  1.284E+03 -1.332E+03  3.520E+02 -2.035E+02
    8          4.061E+04  2.025E+03  1.275E+03 -1.257E+03 -3.433E+02  1.505E+02
 
 STRESS of ELEMENT :  528
 ----------------------------------------------
  Position       Sxx        Syy        Szz        Sxy        Syz        Szx     
    1          3.260E+04 -1.999E+03 -1.304E+03 -3.903E+03  3.651E+02 -1.452E+02
    2          3.261E+04 -1.978E+03 -1.294E+03 -3.977E+03 -3.861E+02  1.529E+02
    3          3.959E+04  3.558E+02 -4.514E+02 -3.578E+03  3.708E+02 -1.511E+02
    4          3.960E+04  3.768E+02 -4.419E+02 -3.653E+03 -3.803E+02  2.029E+02
    5          3.353E+04 -4.135E+02  2.274E+02 -1.583E+03  3.382E+02 -1.447E+02
    6          3.354E+04 -3.948E+02  2.359E+02 -1.656E+03 -3.571E+02  1.534E+02
    7          4.061E+04  2.025E+03  1.275E+03 -1.257E+03  3.433E+02 -1.505E+02
    8          4.062E+04  2.044E+03  1.284E+03 -1.332E+03 -3.520E+02  2.035E+02
 
 STRESS of ELEMENT :  529
 ----------------------------------------------
  Position       Sxx        Syy        Szz        Sxy        Syz        Szx     
    1         -3.427E+04 -2.234E+02  4.954E+02 -3.489E+03  3.313E+02  2.014E+02
    2         -3.426E+04 -2.046E+02  5.048E+02 -3.415E+03 -3.233E+02 -1.504E+02
    3         -2.821E+04  1.815E+03  1.225E+03 -3.814E+03  3.360E+02  1.520E+02
    4         -2.820E+04  1.833E+03  1.233E+03 -3.741E+03 -3.186E+02 -1.446E+02
    5         -3.529E+04 -1.888E+03 -1.223E+03 -1.475E+03  3.033E+02  2.031E+02
    6         -3.528E+04 -1.872E+03 -1.215E+03 -1.402E+03 -2.960E+02 -1.488E+02
    7         -2.914E+04  2.332E+02 -3.007E+02 -1.800E+03  3.071E+02  1.532E+02
    8         -2.913E+04  2.486E+02 -2.930E+02 -1.728E+03 -2.922E+02 -1.433E+02
 
 STRESS of ELEMENT :  530
 ----------------------------------------------
  Position       Sxx        Syy        Szz        Sxy        Syz        Szx     
    1         -3.426E+04 -2.046E+02  5.048E+02 -3.415E+03  3.233E+02  1.504E+02
    2         -3.427E+04 -2.234E+02  4.954E+02 -3.489E+03 -3.313E+02 -2.014E+02
    3         -2.820E+04  1.833E+03  1.233E+03 -3.741E+03  3.186E+02  1.446E+02
    4         -2.821E+04  1.815E+03  1.225E+03 -3.814E+03 -3.360E+02 -1.520E+02
    5         -3.528E+04 -1.872E+03 -1.215E+03 -1.402E+03  2.960E+02  1.488E+02
    6         -3.529E+04 -1.888E+03 -1.223E+03 -1.475E+03 -3.033E+02 -2.031E+02
    7         -2.913E+04  2.486E+02 -2.930E+02 -1.728E+03  2.922E+02  1.433E+02
    8         -2.914E+04  2.332E+02 -3.007E+02 -1.800E+03 -3.071E+02 -1.532E+02
 
 STRESS of ELEMENT :  531
 ----------------------------------------------
  Position       Sxx        Syy        Szz        Sxy        Syz        Szx     
    1         -2.538E+04 -4.923E+02  1.583E+02 -7.720E+03  3.062E+02  1.253E+02
    2         -2.537E+04 -4.724E+02  1.675E+02 -7.625E+03 -3.240E+02 -1.318E+02
    3         -1.925E+04  1.596E+03  9.860E+02 -7.959E+03  3.115E+02  1.016E+02
    4         -1.924E+04  1.614E+03  9.942E+02 -7.865E+03 -3.186E+02 -1.029E+02
    5         -2.612E+04 -1.716E+03 -1.101E+03 -5.698E+03  2.807E+02  1.261E+02
    6         -2.611E+04 -1.698E+03 -1.092E+03 -5.604E+03 -2.969E+02 -1.310E+02
    7         -1.991E+04  4.505E+02 -8.931E+01 -5.937E+03  2.856E+02  1.018E+02
    8         -1.990E+04  4.681E+02 -8.166E+01 -5.844E+03 -2.920E+02 -1.028E+02
 
 STRESS of ELEMENT :  532
 ----------------------------------------------
  Position       Sxx        Syy        Szz        Sxy        Syz        Szx     
    1         -2.537E+04 -4.724E+02  1.675E+02 -7.625E+03  3.240E+02  1.318E+02
    2         -2.538E+04 -4.923E+02  1.583E+02 -7.720E+03 -3.062E+02 -1.253E+02
    3         -1.924E+04  1.614E+03  9.942E+02 -7.865E+03  3.186E+02  1.029E+02
    4         -1.925E+04  1.596E+03  9.860E+02 -7.959E+03 -3.115E+02 -1.016E+02
    5         -2.611E+04 -1.698E+03 -1.092E+03 -5.604E+03  2.969E+02  1.310E+02
    6         -2.612E+04 -1.716E+03 -1.101E+03 -5.698E+03 -2.807E+02 -1.261E+02
    7         -1.990E+04  4.681E+02 -8.166E+01 -5.844E+03  2.920E+02  1.028E+02
    8         -1.991E+04  4.505E+02 -8.931E+01 -5.937E+03 -2.856E+02 -1.018E+02
 
 STRESS of ELEMENT :  533
 ----------------------------------------------
  Position       Sxx        Syy        Szz        Sxy        Syz        Szx     
    1         -1.641E+04 -7.140E+02 -5.622E+01 -1.057E+04  3.147E+02  8.325E+01
    2         -1.641E+04 -7.123E+02 -5.562E+01 -1.048E+04 -3.162E+02 -8.265E+01
    3         -1.031E+04  1.361E+03  7.574E+02 -1.072E+04  3.152E+02  5.660E+01
    4         -1.031E+04  1.363E+03  7.578E+02 -1.063E+04 -3.157E+02 -5.618E+01
    5         -1.688E+04 -1.489E+03 -8.625E+02 -8.557E+03  2.880E+02  8.310E+01
    6         -1.688E+04 -1.487E+03 -8.614E+02 -8.465E+03 -2.898E+02 -8.280E+01
    7         -1.070E+04  6.657E+02  1.370E+02 -8.708E+03  2.889E+02  5.628E+01
    8         -1.070E+04  6.683E+02  1.379E+02 -8.616E+03 -2.889E+02 -5.650E+01
 
 STRESS of ELEMENT :  534
 ----------------------------------------------
  Position       Sxx        Syy        Szz        Sxy        Syz        Szx     
    1         -1.641E+04 -7.123E+02 -5.562E+01 -1.048E+04  3.162E+02  8.265E+01
    2         -1.641E+04 -7.140E+02 -5.622E+01 -1.057E+04 -3.147E+02 -8.325E+01
    3         -1.031E+04  1.363E+03  7.578E+02 -1.063E+04  3.157E+02  5.618E+01
    4         -1.031E+04  1.361E+03  7.574E+02 -1.072E+04 -3.152E+02 -5.660E+01
    5         -1.688E+04 -1.487E+03 -8.614E+02 -8.465E+03  2.898E+02  8.280E+01
    6         -1.688E+04 -1.489E+03 -8.625E+02 -8.557E+03 -2.880E+02 -8.310E+01
    7         -1.070E+04  6.683E+02  1.379E+02 -8.616E+03  2.889E+02  5.650E+01
    8         -1.070E+04  6.657E+02  1.370E+02 -8.708E+03 -2.889E+02 -5.628E+01
 
 STRESS of ELEMENT :  535
 ----------------------------------------------
  Position       Sxx        Syy        Szz        Sxy        Syz        Szx     
    1         -7.479E+03 -9.249E+02 -2.811E+02 -1.204E+04  3.153E+02  3.695E+01
    2         -7.480E+03 -9.249E+02 -2.813E+02 -1.195E+04 -3.155E+02 -3.666E+01
    3         -1.411E+03  1.135E+03  5.173E+02 -1.209E+04  3.154E+02  9.900E+00
    4         -1.412E+03  1.135E+03  5.174E+02 -1.200E+04 -3.153E+02 -9.824E+00
    5         -7.667E+03 -1.217E+03 -6.164E+02 -1.004E+04  2.881E+02  3.665E+01
    6         -7.668E+03 -1.216E+03 -6.163E+02 -9.942E+03 -2.888E+02 -3.696E+01
    7         -1.519E+03  9.240E+02  3.706E+02 -1.009E+04  2.884E+02  9.819E+00
    8         -1.518E+03  9.252E+02  3.710E+02 -9.994E+03 -2.884E+02 -9.905E+00
 
 STRESS of ELEMENT :  536
 ----------------------------------------------
  Position       Sxx        Syy        Szz        Sxy        Syz        Szx     
    1         -7.480E+03 -9.249E+02 -2.813E+02 -1.195E+04  3.155E+02  3.666E+01
    2         -7.479E+03 -9.249E+02 -2.811E+02 -1.204E+04 -3.153E+02 -3.695E+01
    3         -1.412E+03  1.135E+03  5.174E+02 -1.200E+04  3.153E+02  9.824E+00
    4         -1.411E+03  1.135E+03  5.173E+02 -1.209E+04 -3.154E+02 -9.900E+00
    5         -7.668E+03 -1.216E+03 -6.163E+02 -9.942E+03  2.888E+02  3.696E+01
    6         -7.667E+03 -1.217E+03 -6.164E+02 -1.004E+04 -2.881E+02 -3.665E+01
    7         -1.518E+03  9.252E+02  3.710E+02 -9.994E+03  2.884E+02  9.905E+00
    8         -1.519E+03  9.240E+02  3.706E+02 -1.009E+04 -2.884E+02 -9.819E+00
 
 STRESS of ELEMENT :  537
 ----------------------------------------------
  Position       Sxx        Syy        Szz        Sxy        Syz        Szx     
    1          1.411E+03 -1.135E+03 -5.173E+02 -1.209E+04  3.154E+02 -9.900E+00
    2          1.412E+03 -1.135E+03 -5.174E+02 -1.200E+04 -3.153E+02  9.824E+00
    3          7.479E+03  9.249E+02  2.811E+02 -1.204E+04  3.153E+02 -3.695E+01
    4          7.480E+03  9.249E+02  2.813E+02 -1.195E+04 -3.155E+02  3.666E+01
    5          1.519E+03 -9.240E+02 -3.706E+02 -1.009E+04  2.884E+02 -9.819E+00
    6          1.518E+03 -9.252E+02 -3.710E+02 -9.994E+03 -2.884E+02  9.905E+00
    7          7.667E+03  1.217E+03  6.164E+02 -1.004E+04  2.881E+02 -3.665E+01
    8          7.668E+03  1.216E+03  6.163E+02 -9.942E+03 -2.888E+02  3.696E+01
 
 STRESS of ELEMENT :  538
 ----------------------------------------------
  Position       Sxx        Syy        Szz        Sxy        Syz        Szx     
    1          1.412E+03 -1.135E+03 -5.174E+02 -1.200E+04  3.153E+02 -9.824E+00
    2          1.411E+03 -1.135E+03 -5.173E+02 -1.209E+04 -3.154E+02  9.900E+00
    3          7.480E+03  9.249E+02  2.813E+02 -1.195E+04  3.155E+02 -3.666E+01
    4          7.479E+03  9.249E+02  2.811E+02 -1.204E+04 -3.153E+02  3.695E+01
    5          1.518E+03 -9.252E+02 -3.710E+02 -9.994E+03  2.884E+02 -9.905E+00
    6          1.519E+03 -9.240E+02 -3.706E+02 -1.009E+04 -2.884E+02  9.819E+00
    7          7.668E+03  1.216E+03  6.163E+02 -9.942E+03  2.888E+02 -3.696E+01
    8          7.667E+03  1.217E+03  6.164E+02 -1.004E+04 -2.881E+02  3.665E+01
 
 STRESS of ELEMENT :  539
 ----------------------------------------------
  Position       Sxx        Syy        Szz        Sxy        Syz        Szx     
    1          1.031E+04 -1.361E+03 -7.574E+02 -1.072E+04  3.152E+02 -5.660E+01
    2          1.031E+04 -1.363E+03 -7.578E+02 -1.063E+04 -3.157E+02  5.618E+01
    3          1.641E+04  7.140E+02  5.622E+01 -1.057E+04  3.147E+02 -8.325E+01
    4          1.641E+04  7.123E+02  5.562E+01 -1.048E+04 -3.162E+02  8.265E+01
    5          1.070E+04 -6.657E+02 -1.370E+02 -8.708E+03  2.889E+02 -5.628E+01
    6          1.070E+04 -6.683E+02 -1.379E+02 -8.616E+03 -2.889E+02  5.650E+01
    7          1.688E+04  1.489E+03  8.625E+02 -8.557E+03  2.880E+02 -8.310E+01
    8          1.688E+04  1.487E+03  8.614E+02 -8.465E+03 -2.898E+02  8.280E+01
 
 STRESS of ELEMENT :  540
 ----------------------------------------------
  Position       Sxx        Syy        Szz        Sxy        Syz        Szx     
    1          1.031E+04 -1.363E+03 -7.578E+02 -1.063E+04  3.157E+02 -5.618E+01
    2          1.031E+04 -1.361E+03 -7.574E+02 -1.072E+04 -3.152E+02  5.660E+01
    3          1.641E+04  7.123E+02  5.562E+01 -1.048E+04  3.162E+02 -8.265E+01
    4          1.641E+04  7.140E+02  5.622E+01 -1.057E+04 -3.147E+02  8.325E+01
    5          1.070E+04 -6.683E+02 -1.379E+02 -8.616E+03  2.889E+02 -5.650E+01
    6          1.070E+04 -6.657E+02 -1.370E+02 -8.708E+03 -2.889E+02  5.628E+01
    7          1.688E+04  1.487E+03  8.614E+02 -8.465E+03  2.898E+02 -8.280E+01
    8          1.688E+04  1.489E+03  8.625E+02 -8.557E+03 -2.880E+02  8.310E+01
 
 STRESS of ELEMENT :  541
 ----------------------------------------------
  Position       Sxx        Syy        Szz        Sxy        Syz        Szx     
    1          1.925E+04 -1.596E+03 -9.860E+02 -7.959E+03  3.115E+02 -1.016E+02
    2          1.924E+04 -1.614E+03 -9.942E+02 -7.865E+03 -3.186E+02  1.029E+02
    3          2.538E+04  4.923E+02 -1.583E+02 -7.720E+03  3.062E+02 -1.253E+02
    4          2.537E+04  4.724E+02 -1.675E+02 -7.625E+03 -3.240E+02  1.318E+02
    5          1.991E+04 -4.505E+02  8.931E+01 -5.937E+03  2.856E+02 -1.018E+02
    6          1.990E+04 -4.681E+02  8.166E+01 -5.844E+03 -2.920E+02  1.028E+02
    7          2.612E+04  1.716E+03  1.101E+03 -5.698E+03  2.807E+02 -1.261E+02
    8          2.611E+04  1.698E+03  1.092E+03 -5.604E+03 -2.969E+02  1.310E+02
 
 STRESS of ELEMENT :  542
 ----------------------------------------------
  Position       Sxx        Syy        Szz        Sxy        Syz        Szx     
    1          1.924E+04 -1.614E+03 -9.942E+02 -7.865E+03  3.186E+02 -1.029E+02
    2          1.925E+04 -1.596E+03 -9.860E+02 -7.959E+03 -3.115E+02  1.016E+02
    3          2.537E+04  4.724E+02 -1.675E+02 -7.625E+03  3.240E+02 -1.318E+02
    4          2.538E+04  4.923E+02 -1.583E+02 -7.720E+03 -3.062E+02  1.253E+02
    5          1.990E+04 -4.681E+02  8.166E+01 -5.844E+03  2.920E+02 -1.028E+02
    6          1.991E+04 -4.505E+02  8.931E+01 -5.937E+03 -2.856E+02  1.018E+02
    7          2.611E+04  1.698E+03  1.092E+03 -5.604E+03  2.969E+02 -1.310E+02
    8          2.612E+04  1.716E+03  1.101E+03 -5.698E+03 -2.807E+02  1.261E+02
 
 STRESS of ELEMENT :  543
 ----------------------------------------------
  Position       Sxx        Syy        Szz        Sxy        Syz        Szx     
    1          2.821E+04 -1.815E+03 -1.225E+03 -3.814E+03  3.360E+02 -1.520E+02
    2          2.820E+04 -1.833E+03 -1.233E+03 -3.741E+03 -3.186E+02  1.446E+02
    3          3.427E+04  2.234E+02 -4.954E+02 -3.489E+03  3.313E+02 -2.014E+02
    4          3.426E+04  2.046E+02 -5.048E+02 -3.415E+03 -3.233E+02  1.504E+02
    5          2.914E+04 -2.332E+02  3.007E+02 -1.800E+03  3.071E+02 -1.532E+02
    6          2.913E+04 -2.486E+02  2.930E+02 -1.728E+03 -2.922E+02  1.433E+02
    7          3.529E+04  1.888E+03  1.223E+03 -1.475E+03  3.033E+02 -2.031E+02
    8          3.528E+04  1.872E+03  1.215E+03 -1.402E+03 -2.960E+02  1.488E+02
 
 STRESS of ELEMENT :  544
 ----------------------------------------------
  Position       Sxx        Syy        Szz        Sxy        Syz        Szx     
    1          2.820E+04 -1.833E+03 -1.233E+03 -3.741E+03  3.186E+02 -1.446E+02
    2          2.821E+04 -1.815E+03 -1.225E+03 -3.814E+03 -3.360E+02  1.520E+02
    3          3.426E+04  2.046E+02 -5.048E+02 -3.415E+03  3.233E+02 -1.504E+02
    4          3.427E+04  2.234E+02 -4.954E+02 -3.489E+03 -3.313E+02  2.014E+02
    5          2.913E+04 -2.486E+02  2.930E+02 -1.728E+03  2.922E+02 -1.433E+02
    6          2.914E+04 -2.332E+02  3.007E+02 -1.800E+03 -3.071E+02  1.532E+02
    7          3.528E+04  1.872E+03  1.215E+03 -1.402E+03  2.960E+02 -1.488E+02
    8          3.529E+04  1.888E+03  1.223E+03 -1.475E+03 -3.033E+02  2.031E+02
 
 STRESS of ELEMENT :  545
 ----------------------------------------------
  Position       Sxx        Syy        Szz        Sxy        Syz        Szx     
    1         -2.899E+04 -8.806E+01  5.418E+02 -3.308E+03  2.830E+02  1.970E+02
    2         -2.897E+04 -7.040E+01  5.527E+02 -3.238E+03 -2.767E+02 -1.489E+02
    3         -2.382E+04  1.647E+03  1.158E+03 -3.633E+03  2.864E+02  1.500E+02
    4         -2.381E+04  1.663E+03  1.166E+03 -3.564E+03 -2.733E+02 -1.432E+02
    5         -3.000E+04 -1.746E+03 -1.157E+03 -1.591E+03  2.559E+02  2.009E+02
    6         -2.998E+04 -1.730E+03 -1.147E+03 -1.522E+03 -2.511E+02 -1.450E+02
    7         -2.475E+04  6.859E+01 -3.567E+02 -1.916E+03  2.588E+02  1.526E+02
    8         -2.474E+04  8.250E+01 -3.486E+02 -1.848E+03 -2.482E+02 -1.406E+02
 
 STRESS of ELEMENT :  546
 ----------------------------------------------
  Position       Sxx        Syy        Szz        Sxy        Syz        Szx     
    1         -2.897E+04 -7.040E+01  5.527E+02 -3.238E+03  2.767E+02  1.489E+02
    2         -2.899E+04 -8.806E+01  5.418E+02 -3.308E+03 -2.830E+02 -1.970E+02
    3         -2.381E+04  1.663E+03  1.166E+03 -3.564E+03  2.733E+02  1.432E+02
    4         -2.382E+04  1.647E+03  1.158E+03 -3.633E+03 -2.864E+02 -1.500E+02
    5         -2.998E+04 -1.730E+03 -1.147E+03 -1.522E+03  2.511E+02  1.450E+02
    6         -3.000E+04 -1.746E+03 -1.157E+03 -1.591E+03 -2.559E+02 -2.009E+02
    7         -2.474E+04  8.250E+01 -3.486E+02 -1.848E+03  2.482E+02  1.406E+02
    8         -2.475E+04  6.859E+01 -3.567E+02 -1.916E+03 -2.588E+02 -1.526E+02
 
 STRESS of ELEMENT :  547
 ----------------------------------------------
  Position       Sxx        Syy        Szz        Sxy        Syz        Szx     
    1         -2.143E+04 -3.766E+02  2.222E+02 -7.526E+03  2.623E+02  1.246E+02
    2         -2.141E+04 -3.576E+02  2.315E+02 -7.435E+03 -2.776E+02 -1.308E+02
    3         -1.617E+04  1.412E+03  9.307E+02 -7.776E+03  2.672E+02  1.023E+02
    4         -1.617E+04  1.428E+03  9.374E+02 -7.686E+03 -2.728E+02 -1.027E+02
    5         -2.219E+04 -1.636E+03 -1.047E+03 -5.794E+03  2.377E+02  1.260E+02
    6         -2.217E+04 -1.617E+03 -1.038E+03 -5.705E+03 -2.518E+02 -1.294E+02
    7         -1.686E+04  2.276E+02 -1.625E+02 -6.044E+03  2.426E+02  1.020E+02
    8         -1.685E+04  2.443E+02 -1.556E+02 -5.955E+03 -2.469E+02 -1.030E+02
 
 STRESS of ELEMENT :  548
 ----------------------------------------------
  Position       Sxx        Syy        Szz        Sxy        Syz        Szx     
    1         -2.141E+04 -3.576E+02  2.315E+02 -7.435E+03  2.776E+02  1.308E+02
    2         -2.143E+04 -3.766E+02  2.222E+02 -7.526E+03 -2.623E+02 -1.246E+02
    3         -1.617E+04  1.428E+03  9.374E+02 -7.686E+03  2.728E+02  1.027E+02
    4         -1.617E+04  1.412E+03  9.307E+02 -7.776E+03 -2.672E+02 -1.023E+02
    5         -2.217E+04 -1.617E+03 -1.038E+03 -5.705E+03  2.518E+02  1.294E+02
    6         -2.219E+04 -1.636E+03 -1.047E+03 -5.794E+03 -2.377E+02 -1.260E+02
    7         -1.685E+04  2.443E+02 -1.556E+02 -5.955E+03  2.469E+02  1.030E+02
    8         -1.686E+04  2.276E+02 -1.625E+02 -6.044E+03 -2.426E+02 -1.020E+02
 
 STRESS of ELEMENT :  549
 ----------------------------------------------
  Position       Sxx        Syy        Szz        Sxy        Syz        Szx     
    1         -1.378E+04 -5.925E+02  2.193E+01 -1.042E+04  2.682E+02  8.444E+01
    2         -1.378E+04 -5.888E+02  2.260E+01 -1.033E+04 -2.708E+02 -8.278E+01
    3         -8.616E+03  1.157E+03  6.936E+02 -1.058E+04  2.698E+02  5.793E+01
    4         -8.619E+03  1.160E+03  6.939E+02 -1.049E+04 -2.692E+02 -5.650E+01
    5         -1.428E+04 -1.424E+03 -8.120E+02 -8.713E+03  2.410E+02  8.335E+01
    6         -1.428E+04 -1.415E+03 -8.092E+02 -8.623E+03 -2.452E+02 -8.386E+01
    7         -9.037E+03  4.052E+02  4.442E+01 -8.879E+03  2.439E+02  5.660E+01
    8         -9.037E+03  4.135E+02  4.682E+01 -8.787E+03 -2.423E+02 -5.783E+01
 
 STRESS of ELEMENT :  550
 ----------------------------------------------
  Position       Sxx        Syy        Szz        Sxy        Syz        Szx     
    1         -1.378E+04 -5.888E+02  2.260E+01 -1.033E+04  2.708E+02  8.278E+01
    2         -1.378E+04 -5.925E+02  2.193E+01 -1.042E+04 -2.682E+02 -8.444E+01
    3         -8.619E+03  1.160E+03  6.939E+02 -1.049E+04  2.692E+02  5.650E+01
    4         -8.616E+03  1.157E+03  6.936E+02 -1.058E+04 -2.698E+02 -5.793E+01
    5         -1.428E+04 -1.415E+03 -8.092E+02 -8.623E+03  2.452E+02  8.386E+01
    6         -1.428E+04 -1.424E+03 -8.120E+02 -8.713E+03 -2.410E+02 -8.335E+01
    7         -9.037E+03  4.135E+02  4.682E+01 -8.787E+03  2.423E+02  5.783E+01
    8         -9.037E+03  4.052E+02  4.442E+01 -8.879E+03 -2.439E+02 -5.660E+01
 
 STRESS of ELEMENT :  551
 ----------------------------------------------
  Position       Sxx        Syy        Szz        Sxy        Syz        Szx     
    1         -6.242E+03 -7.679E+02 -1.958E+02 -1.194E+04  2.679E+02  3.803E+01
    2         -6.245E+03 -7.673E+02 -1.965E+02 -1.184E+04 -2.692E+02 -3.697E+01
    3         -1.181E+03  9.409E+02  4.390E+02 -1.199E+04  2.685E+02  1.019E+01
    4         -1.181E+03  9.427E+02  4.395E+02 -1.190E+04 -2.685E+02 -9.907E+00
    5         -6.443E+03 -1.085E+03 -5.460E+02 -1.026E+04  2.398E+02  3.691E+01
    6         -6.445E+03 -1.083E+03 -5.459E+02 -1.016E+04 -2.423E+02 -3.809E+01
    7         -1.299E+03  7.061E+02  2.809E+02 -1.032E+04  2.410E+02  9.891E+00
    8         -1.298E+03  7.097E+02  2.822E+02 -1.022E+04 -2.411E+02 -1.021E+01
 
 STRESS of ELEMENT :  552
 ----------------------------------------------
  Position       Sxx        Syy        Szz        Sxy        Syz        Szx     
    1         -6.245E+03 -7.673E+02 -1.965E+02 -1.184E+04  2.692E+02  3.697E+01
    2         -6.242E+03 -7.679E+02 -1.958E+02 -1.194E+04 -2.679E+02 -3.803E+01
    3         -1.181E+03  9.427E+02  4.395E+02 -1.190E+04  2.685E+02  9.907E+00
    4         -1.181E+03  9.409E+02  4.390E+02 -1.199E+04 -2.685E+02 -1.019E+01
    5         -6.445E+03 -1.083E+03 -5.459E+02 -1.016E+04  2.423E+02  3.809E+01
    6         -6.443E+03 -1.085E+03 -5.460E+02 -1.026E+04 -2.398E+02 -3.691E+01
    7         -1.298E+03  7.097E+02  2.822E+02 -1.022E+04  2.411E+02  1.021E+01
    8         -1.299E+03  7.061E+02  2.809E+02 -1.032E+04 -2.410E+02 -9.891E+00
 
 STRESS of ELEMENT :  553
 ----------------------------------------------
  Position       Sxx        Syy        Szz        Sxy        Syz        Szx     
    1          1.181E+03 -9.409E+02 -4.390E+02 -1.199E+04  2.685E+02 -1.019E+01
    2          1.181E+03 -9.427E+02 -4.395E+02 -1.190E+04 -2.685E+02  9.907E+00
    3          6.242E+03  7.679E+02  1.958E+02 -1.194E+04  2.679E+02 -3.803E+01
    4          6.245E+03  7.673E+02  1.965E+02 -1.184E+04 -2.692E+02  3.697E+01
    5          1.299E+03 -7.061E+02 -2.809E+02 -1.032E+04  2.410E+02 -9.891E+00
    6          1.298E+03 -7.097E+02 -2.822E+02 -1.022E+04 -2.411E+02  1.021E+01
    7          6.443E+03  1.085E+03  5.460E+02 -1.026E+04  2.398E+02 -3.691E+01
    8          6.445E+03  1.083E+03  5.459E+02 -1.016E+04 -2.423E+02  3.809E+01
 
 STRESS of ELEMENT :  554
 ----------------------------------------------
  Position       Sxx        Syy        Szz        Sxy        Syz        Szx     
    1          1.181E+03 -9.427E+02 -4.395E+02 -1.190E+04  2.685E+02 -9.907E+00
    2          1.181E+03 -9.409E+02 -4.390E+02 -1.199E+04 -2.685E+02  1.019E+01
    3          6.245E+03  7.673E+02  1.965E+02 -1.184E+04  2.692E+02 -3.697E+01
    4          6.242E+03  7.679E+02  1.958E+02 -1.194E+04 -2.679E+02  3.803E+01
    5          1.298E+03 -7.097E+02 -2.822E+02 -1.022E+04  2.411E+02 -1.021E+01
    6          1.299E+03 -7.061E+02 -2.809E+02 -1.032E+04 -2.410E+02  9.891E+00
    7          6.445E+03  1.083E+03  5.459E+02 -1.016E+04  2.423E+02 -3.809E+01
    8          6.443E+03  1.085E+03  5.460E+02 -1.026E+04 -2.398E+02  3.691E+01
 
 STRESS of ELEMENT :  555
 ----------------------------------------------
  Position       Sxx        Syy        Szz        Sxy        Syz        Szx     
    1          8.616E+03 -1.157E+03 -6.936E+02 -1.058E+04  2.698E+02 -5.793E+01
    2          8.619E+03 -1.160E+03 -6.939E+02 -1.049E+04 -2.692E+02  5.650E+01
    3          1.378E+04  5.925E+02 -2.193E+01 -1.042E+04  2.682E+02 -8.444E+01
    4          1.378E+04  5.888E+02 -2.260E+01 -1.033E+04 -2.708E+02  8.278E+01
    5          9.037E+03 -4.052E+02 -4.442E+01 -8.879E+03  2.439E+02 -5.660E+01
    6          9.037E+03 -4.135E+02 -4.682E+01 -8.787E+03 -2.423E+02  5.783E+01
    7          1.428E+04  1.424E+03  8.120E+02 -8.713E+03  2.410E+02 -8.335E+01
    8          1.428E+04  1.415E+03  8.092E+02 -8.623E+03 -2.452E+02  8.386E+01
 
 STRESS of ELEMENT :  556
 ----------------------------------------------
  Position       Sxx        Syy        Szz        Sxy        Syz        Szx     
    1          8.619E+03 -1.160E+03 -6.939E+02 -1.049E+04  2.692E+02 -5.650E+01
    2          8.616E+03 -1.157E+03 -6.936E+02 -1.058E+04 -2.698E+02  5.793E+01
    3          1.378E+04  5.888E+02 -2.260E+01 -1.033E+04  2.708E+02 -8.278E+01
    4          1.378E+04  5.925E+02 -2.193E+01 -1.042E+04 -2.682E+02  8.444E+01
    5          9.037E+03 -4.135E+02 -4.682E+01 -8.787E+03  2.423E+02 -5.783E+01
    6          9.037E+03 -4.052E+02 -4.442E+01 -8.879E+03 -2.439E+02  5.660E+01
    7          1.428E+04  1.415E+03  8.092E+02 -8.623E+03  2.452E+02 -8.386E+01
    8          1.428E+04  1.424E+03  8.120E+02 -8.713E+03 -2.410E+02  8.335E+01
 
 STRESS of ELEMENT :  557
 ----------------------------------------------
  Position       Sxx        Syy        Szz        Sxy        Syz        Szx     
    1          1.617E+04 -1.412E+03 -9.307E+02 -7.776E+03  2.672E+02 -1.023E+02
    2          1.617E+04 -1.428E+03 -9.374E+02 -7.686E+03 -2.728E+02  1.027E+02
    3          2.143E+04  3.766E+02 -2.222E+02 -7.526E+03  2.623E+02 -1.246E+02
    4          2.141E+04  3.576E+02 -2.315E+02 -7.435E+03 -2.776E+02  1.308E+02
    5          1.686E+04 -2.276E+02  1.625E+02 -6.044E+03  2.426E+02 -1.020E+02
    6          1.685E+04 -2.443E+02  1.556E+02 -5.955E+03 -2.469E+02  1.030E+02
    7          2.219E+04  1.636E+03  1.047E+03 -5.794E+03  2.377E+02 -1.260E+02
    8          2.217E+04  1.617E+03  1.038E+03 -5.705E+03 -2.518E+02  1.294E+02
 
 STRESS of ELEMENT :  558
 ----------------------------------------------
  Position       Sxx        Syy        Szz        Sxy        Syz        Szx     
    1          1.617E+04 -1.428E+03 -9.374E+02 -7.686E+03  2.728E+02 -1.027E+02
    2          1.617E+04 -1.412E+03 -9.307E+02 -7.776E+03 -2.672E+02  1.023E+02
    3          2.141E+04  3.576E+02 -2.315E+02 -7.435E+03  2.776E+02 -1.308E+02
    4          2.143E+04  3.766E+02 -2.222E+02 -7.526E+03 -2.623E+02  1.246E+02
    5          1.685E+04 -2.443E+02  1.556E+02 -5.955E+03  2.469E+02 -1.030E+02
    6          1.686E+04 -2.276E+02  1.625E+02 -6.044E+03 -2.426E+02  1.020E+02
    7          2.217E+04  1.617E+03  1.038E+03 -5.705E+03  2.518E+02 -1.294E+02
    8          2.219E+04  1.636E+03  1.047E+03 -5.794E+03 -2.377E+02  1.260E+02
 
 STRESS of ELEMENT :  559
 ----------------------------------------------
  Position       Sxx        Syy        Szz        Sxy        Syz        Szx     
    1          2.382E+04 -1.647E+03 -1.158E+03 -3.633E+03  2.864E+02 -1.500E+02
    2          2.381E+04 -1.663E+03 -1.166E+03 -3.564E+03 -2.733E+02  1.432E+02
    3          2.899E+04  8.806E+01 -5.418E+02 -3.308E+03  2.830E+02 -1.970E+02
    4          2.897E+04  7.040E+01 -5.527E+02 -3.238E+03 -2.767E+02  1.489E+02
    5          2.475E+04 -6.859E+01  3.567E+02 -1.916E+03  2.588E+02 -1.526E+02
    6          2.474E+04 -8.250E+01  3.486E+02 -1.848E+03 -2.482E+02  1.406E+02
    7          3.000E+04  1.746E+03  1.157E+03 -1.591E+03  2.559E+02 -2.009E+02
    8          2.998E+04  1.730E+03  1.147E+03 -1.522E+03 -2.511E+02  1.450E+02
 
 STRESS of ELEMENT :  560
 ----------------------------------------------
  Position       Sxx        Syy        Szz        Sxy        Syz        Szx     
    1          2.381E+04 -1.663E+03 -1.166E+03 -3.564E+03  2.733E+02 -1.432E+02
    2          2.382E+04 -1.647E+03 -1.158E+03 -3.633E+03 -2.864E+02  1.500E+02
    3          2.897E+04  7.040E+01 -5.527E+02 -3.238E+03  2.767E+02 -1.489E+02
    4          2.899E+04  8.806E+01 -5.418E+02 -3.308E+03 -2.830E+02  1.970E+02
    5          2.474E+04 -8.250E+01  3.486E+02 -1.848E+03  2.482E+02 -1.406E+02
    6          2.475E+04 -6.859E+01  3.567E+02 -1.916E+03 -2.588E+02  1.526E+02
    7          2.998E+04  1.730E+03  1.147E+03 -1.522E+03  2.511E+02 -1.450E+02
    8          3.000E+04  1.746E+03  1.157E+03 -1.591E+03 -2.559E+02  2.009E+02
 
 STRESS of ELEMENT :  561
 ----------------------------------------------
  Position       Sxx        Syy        Szz        Sxy        Syz        Szx     
    1         -2.384E+04  1.249E+00  5.695E+02 -3.090E+03  2.380E+02  1.844E+02
    2         -2.381E+04  2.110E+01  5.848E+02 -3.030E+03 -2.337E+02 -1.463E+02
    3         -1.946E+04  1.474E+03  1.099E+03 -3.414E+03  2.403E+02  1.466E+02
    4         -1.944E+04  1.488E+03  1.108E+03 -3.355E+03 -2.314E+02 -1.404E+02
    5         -2.482E+04 -1.626E+03 -1.073E+03 -1.637E+03  2.164E+02  1.923E+02
    6         -2.479E+04 -1.610E+03 -1.059E+03 -1.581E+03 -2.116E+02 -1.384E+02
    7         -2.038E+04 -8.806E+01 -3.907E+02 -1.960E+03  2.175E+02  1.508E+02
    8         -2.036E+04 -7.787E+01 -3.826E+02 -1.905E+03 -2.105E+02 -1.362E+02
 
 STRESS of ELEMENT :  562
 ----------------------------------------------
  Position       Sxx        Syy        Szz        Sxy        Syz        Szx     
    1         -2.381E+04  2.110E+01  5.848E+02 -3.030E+03  2.337E+02  1.463E+02
    2         -2.384E+04  1.249E+00  5.695E+02 -3.090E+03 -2.380E+02 -1.844E+02
    3         -1.944E+04  1.488E+03  1.108E+03 -3.355E+03  2.314E+02  1.404E+02
    4         -1.946E+04  1.474E+03  1.099E+03 -3.414E+03 -2.403E+02 -1.466E+02
    5         -2.479E+04 -1.610E+03 -1.059E+03 -1.581E+03  2.116E+02  1.384E+02
    6         -2.482E+04 -1.626E+03 -1.073E+03 -1.637E+03 -2.164E+02 -1.923E+02
    7         -2.036E+04 -7.787E+01 -3.826E+02 -1.905E+03  2.105E+02  1.362E+02
    8         -2.038E+04 -8.806E+01 -3.907E+02 -1.960E+03 -2.175E+02 -1.508E+02
 
 STRESS of ELEMENT :  563
 ----------------------------------------------
  Position       Sxx        Syy        Szz        Sxy        Syz        Szx     
    1         -1.747E+04 -3.200E+02  2.784E+02 -7.287E+03  2.197E+02  1.255E+02
    2         -1.745E+04 -2.959E+02  2.898E+02 -7.207E+03 -2.346E+02 -1.288E+02
    3         -1.301E+04  1.202E+03  8.918E+02 -7.559E+03  2.261E+02  1.057E+02
    4         -1.301E+04  1.219E+03  8.963E+02 -7.475E+03 -2.282E+02 -1.030E+02
    5         -1.826E+04 -1.654E+03 -1.020E+03 -5.818E+03  1.953E+02  1.267E+02
    6         -1.824E+04 -1.617E+03 -1.003E+03 -5.742E+03 -2.134E+02 -1.276E+02
    7         -1.373E+04 -6.382E+01 -2.471E+02 -6.090E+03  2.056E+02  1.023E+02
    8         -1.372E+04 -3.302E+01 -2.368E+02 -6.010E+03 -2.032E+02 -1.064E+02
 
 STRESS of ELEMENT :  564
 ----------------------------------------------
  Position       Sxx        Syy        Szz        Sxy        Syz        Szx     
    1         -1.745E+04 -2.959E+02  2.898E+02 -7.207E+03  2.346E+02  1.288E+02
    2         -1.747E+04 -3.200E+02  2.784E+02 -7.287E+03 -2.197E+02 -1.255E+02
    3         -1.301E+04  1.219E+03  8.963E+02 -7.475E+03  2.282E+02  1.030E+02
    4         -1.301E+04  1.202E+03  8.918E+02 -7.559E+03 -2.261E+02 -1.057E+02
    5         -1.824E+04 -1.617E+03 -1.003E+03 -5.742E+03  2.134E+02  1.276E+02
    6         -1.826E+04 -1.654E+03 -1.020E+03 -5.818E+03 -1.953E+02 -1.267E+02
    7         -1.372E+04 -3.302E+01 -2.368E+02 -6.010E+03  2.032E+02  1.064E+02
    8         -1.373E+04 -6.382E+01 -2.471E+02 -6.090E+03 -2.056E+02 -1.023E+02
 
 STRESS of ELEMENT :  565
 ----------------------------------------------
  Position       Sxx        Syy        Szz        Sxy        Syz        Szx     
    1         -1.103E+04 -5.094E+02  1.127E+02 -1.028E+04  2.208E+02  8.864E+01
    2         -1.104E+04 -5.006E+02  1.124E+02 -1.019E+04 -2.267E+02 -8.401E+01
    3         -6.830E+03  9.069E+02  6.339E+02 -1.047E+04  2.253E+02  6.188E+01
    4         -6.837E+03  9.168E+02  6.348E+02 -1.038E+04 -2.222E+02 -5.783E+01
    5         -1.157E+04 -1.428E+03 -7.742E+02 -8.891E+03  1.927E+02  8.389E+01
    6         -1.158E+04 -1.409E+03 -7.701E+02 -8.800E+03 -2.019E+02 -8.877E+01
    7         -7.293E+03  6.773E+01 -6.771E+01 -9.079E+03  2.002E+02  5.792E+01
    8         -7.295E+03  8.821E+01 -6.233E+01 -8.986E+03 -1.943E+02 -6.179E+01
 
 STRESS of ELEMENT :  566
 ----------------------------------------------
  Position       Sxx        Syy        Szz        Sxy        Syz        Szx     
    1         -1.104E+04 -5.006E+02  1.124E+02 -1.019E+04  2.267E+02  8.401E+01
    2         -1.103E+04 -5.094E+02  1.127E+02 -1.028E+04 -2.208E+02 -8.864E+01
    3         -6.837E+03  9.168E+02  6.348E+02 -1.038E+04  2.222E+02  5.783E+01
    4         -6.830E+03  9.069E+02  6.339E+02 -1.047E+04 -2.253E+02 -6.188E+01
    5         -1.158E+04 -1.409E+03 -7.701E+02 -8.800E+03  2.019E+02  8.877E+01
    6         -1.157E+04 -1.428E+03 -7.742E+02 -8.891E+03 -1.927E+02 -8.389E+01
    7         -7.295E+03  8.821E+01 -6.233E+01 -8.986E+03  1.943E+02  6.179E+01
    8         -7.293E+03  6.773E+01 -6.771E+01 -9.079E+03 -2.002E+02 -5.792E+01
 
 STRESS of ELEMENT :  567
 ----------------------------------------------
  Position       Sxx        Syy        Szz        Sxy        Syz        Szx     
    1         -4.919E+03 -6.129E+02 -9.397E+01 -1.190E+04  2.185E+02  4.108E+01
    2         -4.926E+03 -6.106E+02 -9.547E+01 -1.180E+04 -2.223E+02 -3.805E+01
    3         -9.418E+02  7.138E+02  3.511E+02 -1.197E+04  2.204E+02  1.101E+01
    4         -9.416E+02  7.192E+02  3.528E+02 -1.187E+04 -2.204E+02 -1.020E+01
    5         -5.140E+03 -9.705E+02 -4.733E+02 -1.057E+04  1.883E+02  3.819E+01
    6         -5.145E+03 -9.630E+02 -4.726E+02 -1.047E+04 -1.946E+02 -4.094E+01
    7         -1.076E+03  4.431E+02  1.745E+02 -1.064E+04  1.917E+02  1.023E+01
    8         -1.074E+03  4.538E+02  1.785E+02 -1.054E+04 -1.912E+02 -1.097E+01
 
 STRESS of ELEMENT :  568
 ----------------------------------------------
  Position       Sxx        Syy        Szz        Sxy        Syz        Szx     
    1         -4.926E+03 -6.106E+02 -9.547E+01 -1.180E+04  2.223E+02  3.805E+01
    2         -4.919E+03 -6.129E+02 -9.397E+01 -1.190E+04 -2.185E+02 -4.108E+01
    3         -9.416E+02  7.192E+02  3.528E+02 -1.187E+04  2.204E+02  1.020E+01
    4         -9.418E+02  7.138E+02  3.511E+02 -1.197E+04 -2.204E+02 -1.101E+01
    5         -5.145E+03 -9.630E+02 -4.726E+02 -1.047E+04  1.946E+02  4.094E+01
    6         -5.140E+03 -9.705E+02 -4.733E+02 -1.057E+04 -1.883E+02 -3.819E+01
    7         -1.074E+03  4.538E+02  1.785E+02 -1.054E+04  1.912E+02  1.097E+01
    8         -1.076E+03  4.431E+02  1.745E+02 -1.064E+04 -1.917E+02 -1.023E+01
 
 STRESS of ELEMENT :  569
 ----------------------------------------------
  Position       Sxx        Syy        Szz        Sxy        Syz        Szx     
    1          9.418E+02 -7.138E+02 -3.511E+02 -1.197E+04  2.204E+02 -1.101E+01
    2          9.416E+02 -7.192E+02 -3.528E+02 -1.187E+04 -2.204E+02  1.020E+01
    3          4.919E+03  6.129E+02  9.397E+01 -1.190E+04  2.185E+02 -4.108E+01
    4          4.926E+03  6.106E+02  9.547E+01 -1.180E+04 -2.223E+02  3.805E+01
    5          1.076E+03 -4.431E+02 -1.745E+02 -1.064E+04  1.917E+02 -1.023E+01
    6          1.074E+03 -4.538E+02 -1.785E+02 -1.054E+04 -1.912E+02  1.097E+01
    7          5.140E+03  9.705E+02  4.733E+02 -1.057E+04  1.883E+02 -3.819E+01
    8          5.145E+03  9.630E+02  4.726E+02 -1.047E+04 -1.946E+02  4.094E+01
 
 STRESS of ELEMENT :  570
 ----------------------------------------------
  Position       Sxx        Syy        Szz        Sxy        Syz        Szx     
    1          9.416E+02 -7.192E+02 -3.528E+02 -1.187E+04  2.204E+02 -1.020E+01
    2          9.418E+02 -7.138E+02 -3.511E+02 -1.197E+04 -2.204E+02  1.101E+01
    3          4.926E+03  6.106E+02  9.547E+01 -1.180E+04  2.223E+02 -3.805E+01
    4          4.919E+03  6.129E+02  9.397E+01 -1.190E+04 -2.185E+02  4.108E+01
    5          1.074E+03 -4.538E+02 -1.785E+02 -1.054E+04  1.912E+02 -1.097E+01
    6          1.076E+03 -4.431E+02 -1.745E+02 -1.064E+04 -1.917E+02  1.023E+01
    7          5.145E+03  9.630E+02  4.726E+02 -1.047E+04  1.946E+02 -4.094E+01
    8          5.140E+03  9.705E+02  4.733E+02 -1.057E+04 -1.883E+02  3.819E+01
 
 STRESS of ELEMENT :  571
 ----------------------------------------------
  Position       Sxx        Syy        Szz        Sxy        Syz        Szx     
    1          6.830E+03 -9.069E+02 -6.339E+02 -1.047E+04  2.253E+02 -6.188E+01
    2          6.837E+03 -9.168E+02 -6.348E+02 -1.038E+04 -2.222E+02  5.783E+01
    3          1.103E+04  5.094E+02 -1.127E+02 -1.028E+04  2.208E+02 -8.864E+01
    4          1.104E+04  5.006E+02 -1.124E+02 -1.019E+04 -2.267E+02  8.401E+01
    5          7.293E+03 -6.773E+01  6.771E+01 -9.079E+03  2.002E+02 -5.792E+01
    6          7.295E+03 -8.821E+01  6.233E+01 -8.986E+03 -1.943E+02  6.179E+01
    7          1.157E+04  1.428E+03  7.742E+02 -8.891E+03  1.927E+02 -8.389E+01
    8          1.158E+04  1.409E+03  7.701E+02 -8.800E+03 -2.019E+02  8.877E+01
 
 STRESS of ELEMENT :  572
 ----------------------------------------------
  Position       Sxx        Syy        Szz        Sxy        Syz        Szx     
    1          6.837E+03 -9.168E+02 -6.348E+02 -1.038E+04  2.222E+02 -5.783E+01
    2          6.830E+03 -9.069E+02 -6.339E+02 -1.047E+04 -2.253E+02  6.188E+01
    3          1.104E+04  5.006E+02 -1.124E+02 -1.019E+04  2.267E+02 -8.401E+01
    4          1.103E+04  5.094E+02 -1.127E+02 -1.028E+04 -2.208E+02  8.864E+01
    5          7.295E+03 -8.821E+01  6.233E+01 -8.986E+03  1.943E+02 -6.179E+01
    6          7.293E+03 -6.773E+01  6.771E+01 -9.079E+03 -2.002E+02  5.792E+01
    7          1.158E+04  1.409E+03  7.701E+02 -8.800E+03  2.019E+02 -8.877E+01
    8          1.157E+04  1.428E+03  7.742E+02 -8.891E+03 -1.927E+02  8.389E+01
 
 STRESS of ELEMENT :  573
 ----------------------------------------------
  Position       Sxx        Syy        Szz        Sxy        Syz        Szx     
    1          1.301E+04 -1.202E+03 -8.918E+02 -7.559E+03  2.261E+02 -1.057E+02
    2          1.301E+04 -1.219E+03 -8.963E+02 -7.475E+03 -2.282E+02  1.030E+02
    3          1.747E+04  3.200E+02 -2.784E+02 -7.287E+03  2.197E+02 -1.255E+02
    4          1.745E+04  2.959E+02 -2.898E+02 -7.207E+03 -2.346E+02  1.288E+02
    5          1.373E+04  6.382E+01  2.471E+02 -6.090E+03  2.056E+02 -1.023E+02
    6          1.372E+04  3.302E+01  2.368E+02 -6.010E+03 -2.032E+02  1.064E+02
    7          1.826E+04  1.654E+03  1.020E+03 -5.818E+03  1.953E+02 -1.267E+02
    8          1.824E+04  1.617E+03  1.003E+03 -5.742E+03 -2.134E+02  1.276E+02
 
 STRESS of ELEMENT :  574
 ----------------------------------------------
  Position       Sxx        Syy        Szz        Sxy        Syz        Szx     
    1          1.301E+04 -1.219E+03 -8.963E+02 -7.475E+03  2.282E+02 -1.030E+02
    2          1.301E+04 -1.202E+03 -8.918E+02 -7.559E+03 -2.261E+02  1.057E+02
    3          1.745E+04  2.959E+02 -2.898E+02 -7.207E+03  2.346E+02 -1.288E+02
    4          1.747E+04  3.200E+02 -2.784E+02 -7.287E+03 -2.197E+02  1.255E+02
    5          1.372E+04  3.302E+01  2.368E+02 -6.010E+03  2.032E+02 -1.064E+02
    6          1.373E+04  6.382E+01  2.471E+02 -6.090E+03 -2.056E+02  1.023E+02
    7          1.824E+04  1.617E+03  1.003E+03 -5.742E+03  2.134E+02 -1.276E+02
    8          1.826E+04  1.654E+03  1.020E+03 -5.818E+03 -1.953E+02  1.267E+02
 
 STRESS of ELEMENT :  575
 ----------------------------------------------
  Position       Sxx        Syy        Szz        Sxy        Syz        Szx     
    1          1.946E+04 -1.474E+03 -1.099E+03 -3.414E+03  2.403E+02 -1.466E+02
    2          1.944E+04 -1.488E+03 -1.108E+03 -3.355E+03 -2.314E+02  1.404E+02
    3          2.384E+04 -1.249E+00 -5.695E+02 -3.090E+03  2.380E+02 -1.844E+02
    4          2.381E+04 -2.110E+01 -5.848E+02 -3.030E+03 -2.337E+02  1.463E+02
    5          2.038E+04  8.806E+01  3.907E+02 -1.960E+03  2.175E+02 -1.508E+02
    6          2.036E+04  7.787E+01  3.826E+02 -1.905E+03 -2.105E+02  1.362E+02
    7          2.482E+04  1.626E+03  1.073E+03 -1.637E+03  2.164E+02 -1.923E+02
    8          2.479E+04  1.610E+03  1.059E+03 -1.581E+03 -2.116E+02  1.384E+02
 
 STRESS of ELEMENT :  576
 ----------------------------------------------
  Position       Sxx        Syy        Szz        Sxy        Syz        Szx     
    1          1.944E+04 -1.488E+03 -1.108E+03 -3.355E+03  2.314E+02 -1.404E+02
    2          1.946E+04 -1.474E+03 -1.099E+03 -3.414E+03 -2.403E+02  1.466E+02
    3          2.381E+04 -2.110E+01 -5.848E+02 -3.030E+03  2.337E+02 -1.463E+02
    4          2.384E+04 -1.249E+00 -5.695E+02 -3.090E+03 -2.380E+02  1.844E+02
    5          2.036E+04  7.787E+01  3.826E+02 -1.905E+03  2.105E+02 -1.362E+02
    6          2.038E+04  8.806E+01  3.907E+02 -1.960E+03 -2.175E+02  1.508E+02
    7          2.479E+04  1.610E+03  1.059E+03 -1.581E+03  2.116E+02 -1.384E+02
    8          2.482E+04  1.626E+03  1.073E+03 -1.637E+03 -2.164E+02  1.923E+02
 
 STRESS of ELEMENT :  577
 ----------------------------------------------
  Position       Sxx        Syy        Szz        Sxy        Syz        Szx     
    1         -1.900E+04 -1.068E+01  5.605E+02 -2.799E+03  2.016E+02  1.536E+02
    2         -1.896E+04  2.124E+01  5.812E+02 -2.780E+03 -2.035E+02 -1.444E+02
    3         -1.512E+04  1.307E+03  1.067E+03 -3.129E+03  2.072E+02  1.402E+02
    4         -1.512E+04  1.320E+03  1.070E+03 -3.096E+03 -1.979E+02 -1.389E+02
    5         -1.994E+04 -1.611E+03 -9.769E+02 -1.516E+03  1.827E+02  1.618E+02
    6         -1.988E+04 -1.532E+03 -9.359E+02 -1.508E+03 -2.035E+02 -1.362E+02
    7         -1.603E+04 -2.656E+02 -4.037E+02 -1.845E+03  2.017E+02  1.364E+02
    8         -1.601E+04 -2.046E+02 -3.808E+02 -1.825E+03 -1.845E+02 -1.427E+02
 
 STRESS of ELEMENT :  578
 ----------------------------------------------
  Position       Sxx        Syy        Szz        Sxy        Syz        Szx     
    1         -1.896E+04  2.124E+01  5.812E+02 -2.780E+03  2.035E+02  1.444E+02
    2         -1.900E+04 -1.068E+01  5.605E+02 -2.799E+03 -2.016E+02 -1.536E+02
    3         -1.512E+04  1.320E+03  1.070E+03 -3.096E+03  1.979E+02  1.389E+02
    4         -1.512E+04  1.307E+03  1.067E+03 -3.129E+03 -2.072E+02 -1.402E+02
    5         -1.988E+04 -1.532E+03 -9.359E+02 -1.508E+03  2.035E+02  1.362E+02
    6         -1.994E+04 -1.611E+03 -9.769E+02 -1.516E+03 -1.827E+02 -1.618E+02
    7         -1.601E+04 -2.046E+02 -3.808E+02 -1.825E+03  1.845E+02  1.427E+02
    8         -1.603E+04 -2.656E+02 -4.037E+02 -1.845E+03 -2.017E+02 -1.364E+02
 
 STRESS of ELEMENT :  579
 ----------------------------------------------
  Position       Sxx        Syy        Szz        Sxy        Syz        Szx     
    1         -1.342E+04 -3.326E+02  3.370E+02 -7.004E+03  1.790E+02  1.306E+02
    2         -1.344E+04 -2.970E+02  3.443E+02 -6.941E+03 -2.002E+02 -1.287E+02
    3         -9.647E+03  9.612E+02  8.724E+02 -7.294E+03  1.931E+02  1.176E+02
    4         -9.669E+03  9.924E+02  8.753E+02 -7.224E+03 -1.860E+02 -1.065E+02
    5         -1.425E+04 -1.735E+03 -1.005E+03 -5.763E+03  1.587E+02  1.213E+02
    6         -1.425E+04 -1.676E+03 -9.874E+02 -5.703E+03 -1.853E+02 -1.380E+02
    7         -1.042E+04 -3.887E+02 -3.464E+02 -6.052E+03  1.797E+02  1.054E+02
    8         -1.043E+04 -3.336E+02 -3.333E+02 -5.986E+03 -1.643E+02 -1.187E+02
 
 STRESS of ELEMENT :  580
 ----------------------------------------------
  Position       Sxx        Syy        Szz        Sxy        Syz        Szx     
    1         -1.344E+04 -2.970E+02  3.443E+02 -6.941E+03  2.002E+02  1.287E+02
    2         -1.342E+04 -3.326E+02  3.370E+02 -7.004E+03 -1.790E+02 -1.306E+02
    3         -9.669E+03  9.924E+02  8.753E+02 -7.224E+03  1.860E+02  1.065E+02
    4         -9.647E+03  9.612E+02  8.724E+02 -7.294E+03 -1.931E+02 -1.176E+02
    5         -1.425E+04 -1.676E+03 -9.874E+02 -5.703E+03  1.853E+02  1.380E+02
    6         -1.425E+04 -1.735E+03 -1.005E+03 -5.763E+03 -1.587E+02 -1.213E+02
    7         -1.043E+04 -3.336E+02 -3.333E+02 -5.986E+03  1.643E+02  1.187E+02
    8         -1.042E+04 -3.887E+02 -3.464E+02 -6.052E+03 -1.797E+02 -1.054E+02
 
 STRESS of ELEMENT :  581
 ----------------------------------------------
  Position       Sxx        Syy        Szz        Sxy        Syz        Szx     
    1         -8.074E+03 -4.485E+02  2.234E+02 -1.020E+04  1.686E+02  1.016E+02
    2         -8.101E+03 -4.257E+02  2.223E+02 -1.011E+04 -1.856E+02 -8.869E+01
    3         -4.895E+03  6.102E+02  5.736E+02 -1.040E+04  1.806E+02  7.077E+01
    4         -4.916E+03  6.355E+02  5.750E+02 -1.030E+04 -1.737E+02 -6.235E+01
    5         -8.659E+03 -1.432E+03 -7.418E+02 -9.140E+03  1.310E+02  8.891E+01
    6         -8.672E+03 -1.378E+03 -7.294E+02 -9.051E+03 -1.661E+02 -1.014E+02
    7         -5.394E+03 -2.875E+02 -1.915E+02 -9.340E+03  1.519E+02  5.976E+01
    8         -5.401E+03 -2.307E+02 -1.766E+02 -9.241E+03 -1.452E+02 -7.336E+01
 
 STRESS of ELEMENT :  582
 ----------------------------------------------
  Position       Sxx        Syy        Szz        Sxy        Syz        Szx     
    1         -8.101E+03 -4.257E+02  2.223E+02 -1.011E+04  1.856E+02  8.869E+01
    2         -8.074E+03 -4.485E+02  2.234E+02 -1.020E+04 -1.686E+02 -1.016E+02
    3         -4.916E+03  6.355E+02  5.750E+02 -1.030E+04  1.737E+02  6.235E+01
    4         -4.895E+03  6.102E+02  5.736E+02 -1.040E+04 -1.806E+02 -7.077E+01
    5         -8.672E+03 -1.378E+03 -7.294E+02 -9.051E+03  1.661E+02  1.014E+02
    6         -8.659E+03 -1.432E+03 -7.418E+02 -9.140E+03 -1.310E+02 -8.891E+01
    7         -5.401E+03 -2.307E+02 -1.766E+02 -9.241E+03  1.452E+02  7.336E+01
    8         -5.394E+03 -2.875E+02 -1.915E+02 -9.340E+03 -1.519E+02 -5.976E+01
 
 STRESS of ELEMENT :  583
 ----------------------------------------------
  Position       Sxx        Syy        Szz        Sxy        Syz        Szx     
    1         -3.472E+03 -4.467E+02  2.478E+01 -1.196E+04  1.644E+02  4.691E+01
    2         -3.494E+03 -4.430E+02  1.938E+01 -1.186E+04 -1.736E+02 -4.157E+01
    3         -6.822E+02  4.591E+02  2.547E+02 -1.203E+04  1.690E+02  1.257E+01
    4         -6.830E+02  4.719E+02  2.583E+02 -1.192E+04 -1.690E+02 -1.114E+01
    5         -3.701E+03 -8.044E+02 -3.813E+02 -1.102E+04  1.293E+02  3.872E+01
    6         -3.720E+03 -7.944E+02 -3.841E+02 -1.091E+04 -1.439E+02 -4.977E+01
    7         -8.142E+02  1.987E+02  7.534E+01 -1.109E+04  1.356E+02  1.037E+01
    8         -8.123E+02  2.176E+02  8.157E+01 -1.097E+04 -1.376E+02 -1.334E+01
 
 STRESS of ELEMENT :  584
 ----------------------------------------------
  Position       Sxx        Syy        Szz        Sxy        Syz        Szx     
    1         -3.494E+03 -4.430E+02  1.938E+01 -1.186E+04  1.736E+02  4.157E+01
    2         -3.472E+03 -4.467E+02  2.478E+01 -1.196E+04 -1.644E+02 -4.691E+01
    3         -6.830E+02  4.719E+02  2.583E+02 -1.192E+04  1.690E+02  1.114E+01
    4         -6.822E+02  4.591E+02  2.547E+02 -1.203E+04 -1.690E+02 -1.257E+01
    5         -3.720E+03 -7.944E+02 -3.841E+02 -1.091E+04  1.439E+02  4.977E+01
    6         -3.701E+03 -8.044E+02 -3.813E+02 -1.102E+04 -1.293E+02 -3.872E+01
    7         -8.123E+02  2.176E+02  8.157E+01 -1.097E+04  1.376E+02  1.334E+01
    8         -8.142E+02  1.987E+02  7.534E+01 -1.109E+04 -1.356E+02 -1.037E+01
 
 STRESS of ELEMENT :  585
 ----------------------------------------------
  Position       Sxx        Syy        Szz        Sxy        Syz        Szx     
    1          6.822E+02 -4.591E+02 -2.547E+02 -1.203E+04  1.690E+02 -1.257E+01
    2          6.830E+02 -4.719E+02 -2.583E+02 -1.192E+04 -1.690E+02  1.114E+01
    3          3.472E+03  4.467E+02 -2.478E+01 -1.196E+04  1.644E+02 -4.691E+01
    4          3.494E+03  4.430E+02 -1.938E+01 -1.186E+04 -1.736E+02  4.157E+01
    5          8.142E+02 -1.987E+02 -7.534E+01 -1.109E+04  1.356E+02 -1.037E+01
    6          8.123E+02 -2.176E+02 -8.157E+01 -1.097E+04 -1.376E+02  1.334E+01
    7          3.701E+03  8.044E+02  3.813E+02 -1.102E+04  1.293E+02 -3.872E+01
    8          3.720E+03  7.944E+02  3.841E+02 -1.091E+04 -1.439E+02  4.977E+01
 
 STRESS of ELEMENT :  586
 ----------------------------------------------
  Position       Sxx        Syy        Szz        Sxy        Syz        Szx     
    1          6.830E+02 -4.719E+02 -2.583E+02 -1.192E+04  1.690E+02 -1.114E+01
    2          6.822E+02 -4.591E+02 -2.547E+02 -1.203E+04 -1.690E+02  1.257E+01
    3          3.494E+03  4.430E+02 -1.938E+01 -1.186E+04  1.736E+02 -4.157E+01
    4          3.472E+03  4.467E+02 -2.478E+01 -1.196E+04 -1.644E+02  4.691E+01
    5          8.123E+02 -2.176E+02 -8.157E+01 -1.097E+04  1.376E+02 -1.334E+01
    6          8.142E+02 -1.987E+02 -7.534E+01 -1.109E+04 -1.356E+02  1.037E+01
    7          3.720E+03  7.944E+02  3.841E+02 -1.091E+04  1.439E+02 -4.977E+01
    8          3.701E+03  8.044E+02  3.813E+02 -1.102E+04 -1.293E+02  3.872E+01
 
 STRESS of ELEMENT :  587
 ----------------------------------------------
  Position       Sxx        Syy        Szz        Sxy        Syz        Szx     
    1          4.895E+03 -6.102E+02 -5.736E+02 -1.040E+04  1.806E+02 -7.077E+01
    2          4.916E+03 -6.355E+02 -5.750E+02 -1.030E+04 -1.737E+02  6.235E+01
    3          8.074E+03  4.485E+02 -2.234E+02 -1.020E+04  1.686E+02 -1.016E+02
    4          8.101E+03  4.257E+02 -2.223E+02 -1.011E+04 -1.856E+02  8.869E+01
    5          5.394E+03  2.875E+02  1.915E+02 -9.340E+03  1.519E+02 -5.976E+01
    6          5.401E+03  2.307E+02  1.766E+02 -9.241E+03 -1.452E+02  7.336E+01
    7          8.659E+03  1.432E+03  7.418E+02 -9.140E+03  1.310E+02 -8.891E+01
    8          8.672E+03  1.378E+03  7.294E+02 -9.051E+03 -1.661E+02  1.014E+02
 
 STRESS of ELEMENT :  588
 ----------------------------------------------
  Position       Sxx        Syy        Szz        Sxy        Syz        Szx     
    1          4.916E+03 -6.355E+02 -5.750E+02 -1.030E+04  1.737E+02 -6.235E+01
    2          4.895E+03 -6.102E+02 -5.736E+02 -1.040E+04 -1.806E+02  7.077E+01
    3          8.101E+03  4.257E+02 -2.223E+02 -1.011E+04  1.856E+02 -8.869E+01
    4          8.074E+03  4.485E+02 -2.234E+02 -1.020E+04 -1.686E+02  1.016E+02
    5          5.401E+03  2.307E+02  1.766E+02 -9.241E+03  1.452E+02 -7.336E+01
    6          5.394E+03  2.875E+02  1.915E+02 -9.340E+03 -1.519E+02  5.976E+01
    7          8.672E+03  1.378E+03  7.294E+02 -9.051E+03  1.661E+02 -1.014E+02
    8          8.659E+03  1.432E+03  7.418E+02 -9.140E+03 -1.310E+02  8.891E+01
 
 STRESS of ELEMENT :  589
 ----------------------------------------------
  Position       Sxx        Syy        Szz        Sxy        Syz        Szx     
    1          9.647E+03 -9.612E+02 -8.724E+02 -7.294E+03  1.931E+02 -1.176E+02
    2          9.669E+03 -9.924E+02 -8.753E+02 -7.224E+03 -1.860E+02  1.065E+02
    3          1.342E+04  3.326E+02 -3.370E+02 -7.004E+03  1.790E+02 -1.306E+02
    4          1.344E+04  2.970E+02 -3.443E+02 -6.941E+03 -2.002E+02  1.287E+02
    5          1.042E+04  3.887E+02  3.464E+02 -6.052E+03  1.797E+02 -1.054E+02
    6          1.043E+04  3.336E+02  3.333E+02 -5.986E+03 -1.643E+02  1.187E+02
    7          1.425E+04  1.735E+03  1.005E+03 -5.763E+03  1.587E+02 -1.213E+02
    8          1.425E+04  1.676E+03  9.874E+02 -5.703E+03 -1.853E+02  1.380E+02
 
 STRESS of ELEMENT :  590
 ----------------------------------------------
  Position       Sxx        Syy        Szz        Sxy        Syz        Szx     
    1          9.669E+03 -9.924E+02 -8.753E+02 -7.224E+03  1.860E+02 -1.065E+02
    2          9.647E+03 -9.612E+02 -8.724E+02 -7.294E+03 -1.931E+02  1.176E+02
    3          1.344E+04  2.970E+02 -3.443E+02 -6.941E+03  2.002E+02 -1.287E+02
    4          1.342E+04  3.326E+02 -3.370E+02 -7.004E+03 -1.790E+02  1.306E+02
    5          1.043E+04  3.336E+02  3.333E+02 -5.986E+03  1.643E+02 -1.187E+02
    6          1.042E+04  3.887E+02  3.464E+02 -6.052E+03 -1.797E+02  1.054E+02
    7          1.425E+04  1.676E+03  9.874E+02 -5.703E+03  1.853E+02 -1.380E+02
    8          1.425E+04  1.735E+03  1.005E+03 -5.763E+03 -1.587E+02  1.213E+02
 
 STRESS of ELEMENT :  591
 ----------------------------------------------
  Position       Sxx        Syy        Szz        Sxy        Syz        Szx     
    1          1.512E+04 -1.307E+03 -1.067E+03 -3.129E+03  2.072E+02 -1.402E+02
    2          1.512E+04 -1.320E+03 -1.070E+03 -3.096E+03 -1.979E+02  1.389E+02
    3          1.900E+04  1.068E+01 -5.605E+02 -2.799E+03  2.016E+02 -1.536E+02
    4          1.896E+04 -2.124E+01 -5.812E+02 -2.780E+03 -2.035E+02  1.444E+02
    5          1.603E+04  2.656E+02  4.037E+02 -1.845E+03  2.017E+02 -1.364E+02
    6          1.601E+04  2.046E+02  3.808E+02 -1.825E+03 -1.845E+02  1.427E+02
    7          1.994E+04  1.611E+03  9.769E+02 -1.516E+03  1.827E+02 -1.618E+02
    8          1.988E+04  1.532E+03  9.359E+02 -1.508E+03 -2.035E+02  1.362E+02
 
 STRESS of ELEMENT :  592
 ----------------------------------------------
  Position       Sxx        Syy        Szz        Sxy        Syz        Szx     
    1          1.512E+04 -1.320E+03 -1.070E+03 -3.096E+03  1.979E+02 -1.389E+02
    2          1.512E+04 -1.307E+03 -1.067E+03 -3.129E+03 -2.072E+02  1.402E+02
    3          1.896E+04 -2.124E+01 -5.812E+02 -2.780E+03  2.035E+02 -1.444E+02
    4          1.900E+04  1.068E+01 -5.605E+02 -2.799E+03 -2.016E+02  1.536E+02
    5          1.601E+04  2.046E+02  3.808E+02 -1.825E+03  1.845E+02 -1.427E+02
    6          1.603E+04  2.656E+02  4.037E+02 -1.845E+03 -2.017E+02  1.364E+02
    7          1.988E+04  1.532E+03  9.359E+02 -1.508E+03  2.035E+02 -1.362E+02
    8          1.994E+04  1.611E+03  9.769E+02 -1.516E+03 -1.827E+02  1.618E+02
 
 STRESS of ELEMENT :  593
 ----------------------------------------------
  Position       Sxx        Syy        Szz        Sxy        Syz        Szx     
    1         -1.470E+04 -1.538E+02  5.232E+02 -2.518E+03  2.079E+02  5.957E+01
    2         -1.488E+04 -1.642E+02  4.650E+02 -2.510E+03 -1.937E+02 -1.782E+02
    3         -1.068E+04  1.226E+03  1.100E+03 -2.782E+03  2.319E+02  1.464E+02
    4         -1.079E+04  1.246E+03  1.072E+03 -2.774E+03 -1.698E+02 -1.523E+02
    5         -1.545E+04 -1.436E+03 -7.055E+02 -1.196E+03  2.957E+02 -3.175E+00
    6         -1.564E+04 -1.447E+03 -7.639E+02 -1.168E+03 -1.669E+02 -2.409E+02
    7         -1.152E+04 -1.476E+02 -3.426E+02 -1.461E+03  3.196E+02  1.041E+02
    8         -1.163E+04 -1.277E+02 -3.704E+02 -1.432E+03 -1.431E+02 -1.946E+02
 
 STRESS of ELEMENT :  594
 ----------------------------------------------
  Position       Sxx        Syy        Szz        Sxy        Syz        Szx     
    1         -1.488E+04 -1.642E+02  4.650E+02 -2.510E+03  1.937E+02  1.782E+02
    2         -1.470E+04 -1.538E+02  5.232E+02 -2.518E+03 -2.079E+02 -5.957E+01
    3         -1.079E+04  1.246E+03  1.072E+03 -2.774E+03  1.698E+02  1.523E+02
    4         -1.068E+04  1.226E+03  1.100E+03 -2.782E+03 -2.319E+02 -1.464E+02
    5         -1.564E+04 -1.447E+03 -7.639E+02 -1.168E+03  1.669E+02  2.409E+02
    6         -1.545E+04 -1.436E+03 -7.055E+02 -1.196E+03 -2.957E+02  3.175E+00
    7         -1.163E+04 -1.277E+02 -3.704E+02 -1.432E+03  1.431E+02  1.946E+02
    8         -1.152E+04 -1.476E+02 -3.426E+02 -1.461E+03 -3.196E+02 -1.041E+02
 
 STRESS of ELEMENT :  595
 ----------------------------------------------
  Position       Sxx        Syy        Szz        Sxy        Syz        Szx     
    1         -9.109E+03 -2.980E+02  4.288E+02 -6.796E+03  1.390E+02  1.696E+02
    2         -9.182E+03 -2.209E+02  4.300E+02 -6.748E+03 -1.781E+02 -1.375E+02
    3         -6.024E+03  7.523E+02  8.449E+02 -7.068E+03  1.769E+02  1.460E+02
    4         -6.119E+03  8.201E+02  8.369E+02 -6.981E+03 -1.402E+02 -1.227E+02
    5         -9.978E+03 -1.710E+03 -1.054E+03 -5.778E+03  1.053E+02  1.325E+02
    6         -9.991E+03 -1.495E+03 -9.935E+02 -5.737E+03 -1.734E+02 -1.746E+02
    7         -6.835E+03 -6.024E+02 -5.034E+02 -6.050E+03  1.827E+02  1.027E+02
    8         -6.871E+03 -3.965E+02 -4.523E+02 -5.969E+03 -9.604E+01 -1.660E+02
 
 STRESS of ELEMENT :  596
 ----------------------------------------------
  Position       Sxx        Syy        Szz        Sxy        Syz        Szx     
    1         -9.182E+03 -2.209E+02  4.300E+02 -6.748E+03  1.781E+02  1.375E+02
    2         -9.109E+03 -2.980E+02  4.288E+02 -6.796E+03 -1.390E+02 -1.696E+02
    3         -6.119E+03  8.201E+02  8.369E+02 -6.981E+03  1.402E+02  1.227E+02
    4         -6.024E+03  7.523E+02  8.449E+02 -7.068E+03 -1.769E+02 -1.460E+02
    5         -9.991E+03 -1.495E+03 -9.935E+02 -5.737E+03  1.734E+02  1.746E+02
    6         -9.978E+03 -1.710E+03 -1.054E+03 -5.778E+03 -1.053E+02 -1.325E+02
    7         -6.871E+03 -3.965E+02 -4.523E+02 -5.969E+03  9.604E+01  1.660E+02
    8         -6.835E+03 -6.024E+02 -5.034E+02 -6.050E+03 -1.827E+02 -1.027E+02
 
 STRESS of ELEMENT :  597
 ----------------------------------------------
  Position       Sxx        Syy        Szz        Sxy        Syz        Szx     
    1         -4.857E+03 -2.167E+02  3.627E+02 -1.030E+04  1.116E+02  1.245E+02
    2         -4.958E+03 -1.839E+02  3.424E+02 -1.017E+04 -1.404E+02 -1.060E+02
    3         -2.903E+03  4.048E+02  4.803E+02 -1.037E+04  1.382E+02  8.923E+01
    4         -2.952E+03  4.599E+02  4.822E+02 -1.023E+04 -1.138E+02 -7.521E+01
    5         -5.308E+03 -8.080E+02 -5.492E+02 -9.630E+03  9.634E+01  8.433E+01
    6         -5.399E+03 -7.526E+02 -5.599E+02 -9.485E+03 -8.958E+01 -1.462E+02
    7         -3.255E+03 -8.734E+01 -2.004E+02 -9.700E+03  1.294E+02  6.389E+01
    8         -3.294E+03 -9.763E+00 -1.889E+02 -9.549E+03 -5.656E+01 -1.005E+02
 
 STRESS of ELEMENT :  598
 ----------------------------------------------
  Position       Sxx        Syy        Szz        Sxy        Syz        Szx     
    1         -4.958E+03 -1.839E+02  3.424E+02 -1.017E+04  1.404E+02  1.060E+02
    2         -4.857E+03 -2.167E+02  3.627E+02 -1.030E+04 -1.116E+02 -1.245E+02
    3         -2.952E+03  4.599E+02  4.822E+02 -1.023E+04  1.138E+02  7.521E+01
    4         -2.903E+03  4.048E+02  4.803E+02 -1.037E+04 -1.382E+02 -8.923E+01
    5         -5.399E+03 -7.526E+02 -5.599E+02 -9.485E+03  8.958E+01  1.462E+02
    6         -5.308E+03 -8.080E+02 -5.492E+02 -9.630E+03 -9.634E+01 -8.433E+01
    7         -3.294E+03 -9.763E+00 -1.889E+02 -9.549E+03  5.656E+01  1.005E+02
    8         -3.255E+03 -8.734E+01 -2.004E+02 -9.700E+03 -1.294E+02 -6.389E+01
 
 STRESS of ELEMENT :  599
 ----------------------------------------------
  Position       Sxx        Syy        Szz        Sxy        Syz        Szx     
    1         -2.035E+03 -2.241E+02  1.030E+02 -1.206E+04  1.071E+02  6.020E+01
    2         -2.078E+03 -2.188E+02  9.180E+01 -1.191E+04 -1.128E+02 -5.042E+01
    3         -3.952E+02  2.903E+02  1.778E+02 -1.206E+04  1.153E+02  1.613E+01
    4         -3.975E+02  3.129E+02  1.838E+02 -1.191E+04 -1.045E+02 -1.351E+01
    5         -2.207E+03 -4.033E+02 -2.899E+02 -1.150E+04  8.144E+01  4.449E+01
    6         -2.244E+03 -3.860E+02 -2.959E+02 -1.133E+04 -5.742E+01 -6.612E+01
    7         -4.453E+02  2.326E+02  6.834E+01 -1.150E+04  9.313E+01  1.192E+01
    8         -4.425E+02  2.672E+02  7.955E+01 -1.133E+04 -4.574E+01 -1.772E+01
 
 STRESS of ELEMENT :  600
 ----------------------------------------------
  Position       Sxx        Syy        Szz        Sxy        Syz        Szx     
    1         -2.078E+03 -2.188E+02  9.180E+01 -1.191E+04  1.128E+02  5.042E+01
    2         -2.035E+03 -2.241E+02  1.030E+02 -1.206E+04 -1.071E+02 -6.020E+01
    3         -3.975E+02  3.129E+02  1.838E+02 -1.191E+04  1.045E+02  1.351E+01
    4         -3.952E+02  2.903E+02  1.778E+02 -1.206E+04 -1.153E+02 -1.613E+01
    5         -2.244E+03 -3.860E+02 -2.959E+02 -1.133E+04  5.742E+01  6.612E+01
    6         -2.207E+03 -4.033E+02 -2.899E+02 -1.150E+04 -8.144E+01 -4.449E+01
    7         -4.425E+02  2.672E+02  7.955E+01 -1.133E+04  4.574E+01  1.772E+01
    8         -4.453E+02  2.326E+02  6.834E+01 -1.150E+04 -9.313E+01 -1.192E+01
 
 STRESS of ELEMENT :  601
 ----------------------------------------------
  Position       Sxx        Syy        Szz        Sxy        Syz        Szx     
    1          3.952E+02 -2.903E+02 -1.778E+02 -1.206E+04  1.153E+02 -1.613E+01
    2          3.975E+02 -3.129E+02 -1.838E+02 -1.191E+04 -1.045E+02  1.351E+01
    3          2.035E+03  2.241E+02 -1.030E+02 -1.206E+04  1.071E+02 -6.020E+01
    4          2.078E+03  2.188E+02 -9.180E+01 -1.191E+04 -1.128E+02  5.042E+01
    5          4.453E+02 -2.326E+02 -6.834E+01 -1.150E+04  9.313E+01 -1.192E+01
    6          4.425E+02 -2.672E+02 -7.955E+01 -1.133E+04 -4.574E+01  1.772E+01
    7          2.207E+03  4.033E+02  2.899E+02 -1.150E+04  8.144E+01 -4.449E+01
    8          2.244E+03  3.860E+02  2.959E+02 -1.133E+04 -5.742E+01  6.612E+01
 
 STRESS of ELEMENT :  602
 ----------------------------------------------
  Position       Sxx        Syy        Szz        Sxy        Syz        Szx     
    1          3.975E+02 -3.129E+02 -1.838E+02 -1.191E+04  1.045E+02 -1.351E+01
    2          3.952E+02 -2.903E+02 -1.778E+02 -1.206E+04 -1.153E+02  1.613E+01
    3          2.078E+03  2.188E+02 -9.180E+01 -1.191E+04  1.128E+02 -5.042E+01
    4          2.035E+03  2.241E+02 -1.030E+02 -1.206E+04 -1.071E+02  6.020E+01
    5          4.425E+02 -2.672E+02 -7.955E+01 -1.133E+04  4.574E+01 -1.772E+01
    6          4.453E+02 -2.326E+02 -6.834E+01 -1.150E+04 -9.313E+01  1.192E+01
    7          2.244E+03  3.860E+02  2.959E+02 -1.133E+04  5.742E+01 -6.612E+01
    8          2.207E+03  4.033E+02  2.899E+02 -1.150E+04 -8.144E+01  4.449E+01
 
 STRESS of ELEMENT :  603
 ----------------------------------------------
  Position       Sxx        Syy        Szz        Sxy        Syz        Szx     
    1          2.903E+03 -4.048E+02 -4.803E+02 -1.037E+04  1.382E+02 -8.923E+01
    2          2.952E+03 -4.599E+02 -4.822E+02 -1.023E+04 -1.138E+02  7.521E+01
    3          4.857E+03  2.167E+02 -3.627E+02 -1.030E+04  1.116E+02 -1.245E+02
    4          4.958E+03  1.839E+02 -3.424E+02 -1.017E+04 -1.404E+02  1.060E+02
    5          3.255E+03  8.734E+01  2.004E+02 -9.700E+03  1.294E+02 -6.389E+01
    6          3.294E+03  9.763E+00  1.889E+02 -9.549E+03 -5.656E+01  1.005E+02
    7          5.308E+03  8.080E+02  5.492E+02 -9.630E+03  9.634E+01 -8.433E+01
    8          5.399E+03  7.526E+02  5.599E+02 -9.485E+03 -8.958E+01  1.462E+02
 
 STRESS of ELEMENT :  604
 ----------------------------------------------
  Position       Sxx        Syy        Szz        Sxy        Syz        Szx     
    1          2.952E+03 -4.599E+02 -4.822E+02 -1.023E+04  1.138E+02 -7.521E+01
    2          2.903E+03 -4.048E+02 -4.803E+02 -1.037E+04 -1.382E+02  8.923E+01
    3          4.958E+03  1.839E+02 -3.424E+02 -1.017E+04  1.404E+02 -1.060E+02
    4          4.857E+03  2.167E+02 -3.627E+02 -1.030E+04 -1.116E+02  1.245E+02
    5          3.294E+03  9.763E+00  1.889E+02 -9.549E+03  5.656E+01 -1.005E+02
    6          3.255E+03  8.734E+01  2.004E+02 -9.700E+03 -1.294E+02  6.389E+01
    7          5.399E+03  7.526E+02  5.599E+02 -9.485E+03  8.958E+01 -1.462E+02
    8          5.308E+03  8.080E+02  5.492E+02 -9.630E+03 -9.634E+01  8.433E+01
 
 STRESS of ELEMENT :  605
 ----------------------------------------------
  Position       Sxx        Syy        Szz        Sxy        Syz        Szx     
    1          6.024E+03 -7.523E+02 -8.449E+02 -7.068E+03  1.769E+02 -1.460E+02
    2          6.119E+03 -8.201E+02 -8.369E+02 -6.981E+03 -1.402E+02  1.227E+02
    3          9.109E+03  2.980E+02 -4.288E+02 -6.796E+03  1.390E+02 -1.696E+02
    4          9.182E+03  2.209E+02 -4.300E+02 -6.748E+03 -1.781E+02  1.375E+02
    5          6.835E+03  6.024E+02  5.034E+02 -6.050E+03  1.827E+02 -1.027E+02
    6          6.871E+03  3.965E+02  4.523E+02 -5.969E+03 -9.604E+01  1.660E+02
    7          9.978E+03  1.710E+03  1.054E+03 -5.778E+03  1.053E+02 -1.325E+02
    8          9.991E+03  1.495E+03  9.935E+02 -5.737E+03 -1.734E+02  1.746E+02
 
 STRESS of ELEMENT :  606
 ----------------------------------------------
  Position       Sxx        Syy        Szz        Sxy        Syz        Szx     
    1          6.119E+03 -8.201E+02 -8.369E+02 -6.981E+03  1.402E+02 -1.227E+02
    2          6.024E+03 -7.523E+02 -8.449E+02 -7.068E+03 -1.769E+02  1.460E+02
    3          9.182E+03  2.209E+02 -4.300E+02 -6.748E+03  1.781E+02 -1.375E+02
    4          9.109E+03  2.980E+02 -4.288E+02 -6.796E+03 -1.390E+02  1.696E+02
    5          6.871E+03  3.965E+02  4.523E+02 -5.969E+03  9.604E+01 -1.660E+02
    6          6.835E+03  6.024E+02  5.034E+02 -6.050E+03 -1.827E+02  1.027E+02
    7          9.991E+03  1.495E+03  9.935E+02 -5.737E+03  1.734E+02 -1.746E+02
    8          9.978E+03  1.710E+03  1.054E+03 -5.778E+03 -1.053E+02  1.325E+02
 
 STRESS of ELEMENT :  607
 ----------------------------------------------
  Position       Sxx        Syy        Szz        Sxy        Syz        Szx     
    1          1.068E+04 -1.226E+03 -1.100E+03 -2.782E+03  2.319E+02 -1.464E+02
    2          1.079E+04 -1.246E+03 -1.072E+03 -2.774E+03 -1.698E+02  1.523E+02
    3          1.470E+04  1.538E+02 -5.232E+02 -2.518E+03  2.079E+02 -5.957E+01
    4          1.488E+04  1.642E+02 -4.650E+02 -2.510E+03 -1.937E+02  1.782E+02
    5          1.152E+04  1.476E+02  3.426E+02 -1.461E+03  3.196E+02 -1.041E+02
    6          1.163E+04  1.277E+02  3.704E+02 -1.432E+03 -1.431E+02  1.946E+02
    7          1.545E+04  1.436E+03  7.055E+02 -1.196E+03  2.957E+02  3.175E+00
    8          1.564E+04  1.447E+03  7.639E+02 -1.168E+03 -1.669E+02  2.409E+02
 
 STRESS of ELEMENT :  608
 ----------------------------------------------
  Position       Sxx        Syy        Szz        Sxy        Syz        Szx     
    1          1.079E+04 -1.246E+03 -1.072E+03 -2.774E+03  1.698E+02 -1.523E+02
    2          1.068E+04 -1.226E+03 -1.100E+03 -2.782E+03 -2.319E+02  1.464E+02
    3          1.488E+04  1.642E+02 -4.650E+02 -2.510E+03  1.937E+02 -1.782E+02
    4          1.470E+04  1.538E+02 -5.232E+02 -2.518E+03 -2.079E+02  5.957E+01
    5          1.163E+04  1.277E+02  3.704E+02 -1.432E+03  1.431E+02 -1.946E+02
    6          1.152E+04  1.476E+02  3.426E+02 -1.461E+03 -3.196E+02  1.041E+02
    7          1.564E+04  1.447E+03  7.639E+02 -1.168E+03  1.669E+02 -2.409E+02
    8          1.545E+04  1.436E+03  7.055E+02 -1.196E+03 -2.957E+02 -3.175E+00
 
 STRESS of ELEMENT :  609
 ----------------------------------------------
  Position       Sxx        Syy        Szz        Sxy        Syz        Szx     
    1         -1.090E+04 -3.496E+02  2.635E+02 -2.285E+03  1.860E+02  3.256E+02
    2         -1.112E+04 -1.953E+02  2.440E+02 -2.606E+03 -2.799E+02 -1.964E+02
    3         -5.641E+03  1.505E+03  1.186E+03 -2.620E+03  2.728E+02  2.494E+02
    4         -6.203E+03  1.512E+03  1.020E+03 -2.768E+03 -1.930E+02 -2.201E+02
    5         -1.218E+04 -2.305E+03 -2.066E+03 -5.833E+02 -2.017E+02  2.257E+02
    6         -1.214E+04 -1.547E+03 -1.827E+03 -1.002E+03 -6.151E+02 -2.962E+02
    7         -6.847E+03 -3.720E+02 -9.597E+02 -9.183E+02  5.752E+01  5.151E+01
    8         -7.151E+03  2.385E+02 -8.676E+02 -1.165E+03 -3.559E+02 -4.180E+02
 
 STRESS of ELEMENT :  610
 ----------------------------------------------
  Position       Sxx        Syy        Szz        Sxy        Syz        Szx     
    1         -1.112E+04 -1.953E+02  2.440E+02 -2.606E+03  2.799E+02  1.964E+02
    2         -1.090E+04 -3.496E+02  2.635E+02 -2.285E+03 -1.860E+02 -3.256E+02
    3         -6.203E+03  1.512E+03  1.020E+03 -2.768E+03  1.930E+02  2.201E+02
    4         -5.641E+03  1.505E+03  1.186E+03 -2.620E+03 -2.728E+02 -2.494E+02
    5         -1.214E+04 -1.547E+03 -1.827E+03 -1.002E+03  6.151E+02  2.962E+02
    6         -1.218E+04 -2.305E+03 -2.066E+03 -5.833E+02  2.017E+02 -2.257E+02
    7         -7.151E+03  2.385E+02 -8.676E+02 -1.165E+03  3.559E+02  4.180E+02
    8         -6.847E+03 -3.720E+02 -9.597E+02 -9.183E+02 -5.752E+01 -5.151E+01
 
 STRESS of ELEMENT :  611
 ----------------------------------------------
  Position       Sxx        Syy        Szz        Sxy        Syz        Szx     
    1         -3.959E+03  6.864E+02  7.679E+02 -7.316E+03  3.638E+01  2.165E+02
    2         -4.516E+03  7.012E+02  6.052E+02 -7.342E+03 -2.093E+02 -2.149E+02
    3         -2.736E+03  9.999E+02  5.902E+02 -6.997E+03  1.251E+02  2.025E+02
    4         -2.944E+03  1.165E+03  5.773E+02 -7.032E+03 -1.205E+02 -1.769E+02
    5         -4.128E+03  1.155E+03 -2.635E+02 -6.861E+03 -1.181E+02  1.922E+01
    6         -4.698E+03  1.141E+03 -4.388E+02 -6.788E+03 -3.119E+02 -4.121E+02
    7         -2.827E+03  1.547E+03 -2.598E+02 -6.542E+03 -3.773E+01  1.052E+02
    8         -3.047E+03  1.682E+03 -2.852E+02 -6.477E+03 -2.315E+02 -2.742E+02
 
 STRESS of ELEMENT :  612
 ----------------------------------------------
  Position       Sxx        Syy        Szz        Sxy        Syz        Szx     
    1         -4.516E+03  7.012E+02  6.052E+02 -7.342E+03  2.093E+02  2.149E+02
    2         -3.959E+03  6.864E+02  7.679E+02 -7.316E+03 -3.638E+01 -2.165E+02
    3         -2.944E+03  1.165E+03  5.773E+02 -7.032E+03  1.205E+02  1.769E+02
    4         -2.736E+03  9.999E+02  5.902E+02 -6.997E+03 -1.251E+02 -2.025E+02
    5         -4.698E+03  1.141E+03 -4.388E+02 -6.788E+03  3.119E+02  4.121E+02
    6         -4.128E+03  1.155E+03 -2.635E+02 -6.861E+03  1.181E+02 -1.922E+01
    7         -3.047E+03  1.682E+03 -2.852E+02 -6.477E+03  2.315E+02  2.742E+02
    8         -2.827E+03  1.547E+03 -2.598E+02 -6.542E+03  3.773E+01 -1.052E+02
 
 STRESS of ELEMENT :  613
 ----------------------------------------------
  Position       Sxx        Syy        Szz        Sxy        Syz        Szx     
    1         -2.167E+03  7.100E+02  3.179E+02 -1.037E+04  1.163E+01  1.812E+02
    2         -2.302E+03  7.641E+02  2.937E+02 -1.038E+04 -1.167E+02 -1.458E+02
    3         -1.239E+03  9.979E+02  3.493E+02 -9.964E+03  5.084E+01  1.369E+02
    4         -1.323E+03  1.074E+03  3.470E+02 -9.964E+03 -7.745E+01 -9.868E+01
    5         -2.055E+03  1.625E+03 -2.241E+02 -1.005E+04 -2.045E+02  1.258E+02
    6         -2.175E+03  1.716E+03 -2.326E+02 -1.004E+04 -2.414E+02 -2.012E+02
    7         -9.898E+02  2.050E+03  1.273E+02 -9.644E+03 -1.549E+02  9.617E+01
    8         -1.058E+03  2.163E+03  1.407E+02 -9.629E+03 -1.917E+02 -1.394E+02
 
 STRESS of ELEMENT :  614
 ----------------------------------------------
  Position       Sxx        Syy        Szz        Sxy        Syz        Szx     
    1         -2.302E+03  7.641E+02  2.937E+02 -1.038E+04  1.167E+02  1.458E+02
    2         -2.167E+03  7.100E+02  3.179E+02 -1.037E+04 -1.163E+01 -1.812E+02
    3         -1.323E+03  1.074E+03  3.470E+02 -9.964E+03  7.745E+01  9.868E+01
    4         -1.239E+03  9.979E+02  3.493E+02 -9.964E+03 -5.084E+01 -1.369E+02
    5         -2.175E+03  1.716E+03 -2.326E+02 -1.004E+04  2.414E+02  2.012E+02
    6         -2.055E+03  1.625E+03 -2.241E+02 -1.005E+04  2.045E+02 -1.258E+02
    7         -1.058E+03  2.163E+03  1.407E+02 -9.629E+03  1.917E+02  1.394E+02
    8         -9.898E+02  2.050E+03  1.273E+02 -9.644E+03  1.549E+02 -9.617E+01
 
 STRESS of ELEMENT :  615
 ----------------------------------------------
  Position       Sxx        Syy        Szz        Sxy        Syz        Szx     
    1         -1.001E+03  1.896E+02 -7.112E+00 -1.157E+04 -1.360E+01  9.518E+01
    2         -1.075E+03  2.013E+02 -2.603E+01 -1.156E+04 -8.011E+01 -6.423E+01
    3         -6.037E+01  5.356E+02  2.059E+02 -1.142E+04  1.696E+00  2.550E+01
    4         -6.360E+01  5.779E+02  2.176E+02 -1.140E+04 -6.482E+01 -1.721E+01
    5         -1.004E+03  5.017E+02 -3.288E+02 -1.128E+04 -2.476E+02  6.728E+01
    6         -1.069E+03  5.358E+02 -3.381E+02 -1.124E+04 -1.975E+02 -9.213E+01
    7          1.118E+02  1.023E+03  2.926E+02 -1.112E+04 -2.259E+02  1.803E+01
    8          1.182E+02  1.088E+03  3.140E+02 -1.108E+04 -1.757E+02 -2.469E+01
 
 STRESS of ELEMENT :  616
 ----------------------------------------------
  Position       Sxx        Syy        Szz        Sxy        Syz        Szx     
    1         -1.075E+03  2.013E+02 -2.603E+01 -1.156E+04  8.011E+01  6.423E+01
    2         -1.001E+03  1.896E+02 -7.112E+00 -1.157E+04  1.360E+01 -9.518E+01
    3         -6.360E+01  5.779E+02  2.176E+02 -1.140E+04  6.482E+01  1.721E+01
    4         -6.037E+01  5.356E+02  2.059E+02 -1.142E+04 -1.696E+00 -2.550E+01
    5         -1.069E+03  5.358E+02 -3.381E+02 -1.124E+04  1.975E+02  9.213E+01
    6         -1.004E+03  5.017E+02 -3.288E+02 -1.128E+04  2.476E+02 -6.728E+01
    7          1.182E+02  1.088E+03  3.140E+02 -1.108E+04  1.757E+02  2.469E+01
    8          1.118E+02  1.023E+03  2.926E+02 -1.112E+04  2.259E+02 -1.803E+01
 
 STRESS of ELEMENT :  617
 ----------------------------------------------
  Position       Sxx        Syy        Szz        Sxy        Syz        Szx     
    1          6.037E+01 -5.356E+02 -2.059E+02 -1.142E+04  1.696E+00 -2.550E+01
    2          6.360E+01 -5.779E+02 -2.176E+02 -1.140E+04 -6.482E+01  1.721E+01
    3          1.001E+03 -1.896E+02  7.112E+00 -1.157E+04 -1.360E+01 -9.518E+01
    4          1.075E+03 -2.013E+02  2.603E+01 -1.156E+04 -8.011E+01  6.423E+01
    5         -1.118E+02 -1.023E+03 -2.926E+02 -1.112E+04 -2.259E+02 -1.803E+01
    6         -1.182E+02 -1.088E+03 -3.140E+02 -1.108E+04 -1.757E+02  2.469E+01
    7          1.004E+03 -5.017E+02  3.288E+02 -1.128E+04 -2.476E+02 -6.728E+01
    8          1.069E+03 -5.358E+02  3.381E+02 -1.124E+04 -1.975E+02  9.213E+01
 
 STRESS of ELEMENT :  618
 ----------------------------------------------
  Position       Sxx        Syy        Szz        Sxy        Syz        Szx     
    1          6.360E+01 -5.779E+02 -2.176E+02 -1.140E+04  6.482E+01 -1.721E+01
    2          6.037E+01 -5.356E+02 -2.059E+02 -1.142E+04 -1.696E+00  2.550E+01
    3          1.075E+03 -2.013E+02  2.603E+01 -1.156E+04  8.011E+01 -6.423E+01
    4          1.001E+03 -1.896E+02  7.112E+00 -1.157E+04  1.360E+01  9.518E+01
    5         -1.182E+02 -1.088E+03 -3.140E+02 -1.108E+04  1.757E+02 -2.469E+01
    6         -1.118E+02 -1.023E+03 -2.926E+02 -1.112E+04  2.259E+02  1.803E+01
    7          1.069E+03 -5.358E+02  3.381E+02 -1.124E+04  1.975E+02 -9.213E+01
    8          1.004E+03 -5.017E+02  3.288E+02 -1.128E+04  2.476E+02  6.728E+01
 
 STRESS of ELEMENT :  619
 ----------------------------------------------
  Position       Sxx        Syy        Szz        Sxy        Syz        Szx     
    1          1.239E+03 -9.979E+02 -3.493E+02 -9.964E+03  5.084E+01 -1.369E+02
    2          1.323E+03 -1.074E+03 -3.470E+02 -9.964E+03 -7.745E+01  9.868E+01
    3          2.167E+03 -7.100E+02 -3.179E+02 -1.037E+04  1.163E+01 -1.812E+02
    4          2.302E+03 -7.641E+02 -2.937E+02 -1.038E+04 -1.167E+02  1.458E+02
    5          9.898E+02 -2.050E+03 -1.273E+02 -9.644E+03 -1.549E+02 -9.617E+01
    6          1.058E+03 -2.163E+03 -1.407E+02 -9.629E+03 -1.917E+02  1.394E+02
    7          2.055E+03 -1.625E+03  2.241E+02 -1.005E+04 -2.045E+02 -1.258E+02
    8          2.175E+03 -1.716E+03  2.326E+02 -1.004E+04 -2.414E+02  2.012E+02
 
 STRESS of ELEMENT :  620
 ----------------------------------------------
  Position       Sxx        Syy        Szz        Sxy        Syz        Szx     
    1          1.323E+03 -1.074E+03 -3.470E+02 -9.964E+03  7.745E+01 -9.868E+01
    2          1.239E+03 -9.979E+02 -3.493E+02 -9.964E+03 -5.084E+01  1.369E+02
    3          2.302E+03 -7.641E+02 -2.937E+02 -1.038E+04  1.167E+02 -1.458E+02
    4          2.167E+03 -7.100E+02 -3.179E+02 -1.037E+04 -1.163E+01  1.812E+02
    5          1.058E+03 -2.163E+03 -1.407E+02 -9.629E+03  1.917E+02 -1.394E+02
    6          9.898E+02 -2.050E+03 -1.273E+02 -9.644E+03  1.549E+02  9.617E+01
    7          2.175E+03 -1.716E+03  2.326E+02 -1.004E+04  2.414E+02 -2.012E+02
    8          2.055E+03 -1.625E+03  2.241E+02 -1.005E+04  2.045E+02  1.258E+02
 
 STRESS of ELEMENT :  621
 ----------------------------------------------
  Position       Sxx        Syy        Szz        Sxy        Syz        Szx     
    1          2.736E+03 -9.999E+02 -5.902E+02 -6.997E+03  1.251E+02 -2.025E+02
    2          2.944E+03 -1.165E+03 -5.773E+02 -7.032E+03 -1.205E+02  1.769E+02
    3          3.959E+03 -6.864E+02 -7.679E+02 -7.316E+03  3.638E+01 -2.165E+02
    4          4.516E+03 -7.012E+02 -6.052E+02 -7.342E+03 -2.093E+02  2.149E+02
    5          2.827E+03 -1.547E+03  2.598E+02 -6.542E+03 -3.773E+01 -1.052E+02
    6          3.047E+03 -1.682E+03  2.852E+02 -6.477E+03 -2.315E+02  2.742E+02
    7          4.128E+03 -1.155E+03  2.635E+02 -6.861E+03 -1.181E+02 -1.922E+01
    8          4.698E+03 -1.141E+03  4.388E+02 -6.788E+03 -3.119E+02  4.121E+02
 
 STRESS of ELEMENT :  622
 ----------------------------------------------
  Position       Sxx        Syy        Szz        Sxy        Syz        Szx     
    1          2.944E+03 -1.165E+03 -5.773E+02 -7.032E+03  1.205E+02 -1.769E+02
    2          2.736E+03 -9.999E+02 -5.902E+02 -6.997E+03 -1.251E+02  2.025E+02
    3          4.516E+03 -7.012E+02 -6.052E+02 -7.342E+03  2.093E+02 -2.149E+02
    4          3.959E+03 -6.864E+02 -7.679E+02 -7.316E+03 -3.638E+01  2.165E+02
    5          3.047E+03 -1.682E+03  2.852E+02 -6.477E+03  2.315E+02 -2.742E+02
    6          2.827E+03 -1.547E+03  2.598E+02 -6.542E+03  3.773E+01  1.052E+02
    7          4.698E+03 -1.141E+03  4.388E+02 -6.788E+03  3.119E+02 -4.121E+02
    8          4.128E+03 -1.155E+03  2.635E+02 -6.861E+03  1.181E+02  1.922E+01
 
 STRESS of ELEMENT :  623
 ----------------------------------------------
  Position       Sxx        Syy        Szz        Sxy        Syz        Szx     
    1          5.641E+03 -1.505E+03 -1.186E+03 -2.620E+03  2.728E+02 -2.494E+02
    2          6.203E+03 -1.512E+03 -1.020E+03 -2.768E+03 -1.930E+02  2.201E+02
    3          1.090E+04  3.496E+02 -2.635E+02 -2.285E+03  1.860E+02 -3.256E+02
    4          1.112E+04  1.953E+02 -2.440E+02 -2.606E+03 -2.799E+02  1.964E+02
    5          6.847E+03  3.720E+02  9.597E+02 -9.183E+02  5.752E+01 -5.151E+01
    6          7.151E+03 -2.385E+02  8.676E+02 -1.165E+03 -3.559E+02  4.180E+02
    7          1.218E+04  2.305E+03  2.066E+03 -5.833E+02 -2.017E+02 -2.257E+02
    8          1.214E+04  1.547E+03  1.827E+03 -1.002E+03 -6.151E+02  2.962E+02
 
 STRESS of ELEMENT :  624
 ----------------------------------------------
  Position       Sxx        Syy        Szz        Sxy        Syz        Szx     
    1          6.203E+03 -1.512E+03 -1.020E+03 -2.768E+03  1.930E+02 -2.201E+02
    2          5.641E+03 -1.505E+03 -1.186E+03 -2.620E+03 -2.728E+02  2.494E+02
    3          1.112E+04  1.953E+02 -2.440E+02 -2.606E+03  2.799E+02 -1.964E+02
    4          1.090E+04  3.496E+02 -2.635E+02 -2.285E+03 -1.860E+02  3.256E+02
    5          7.151E+03 -2.385E+02  8.676E+02 -1.165E+03  3.559E+02 -4.180E+02
    6          6.847E+03  3.720E+02  9.597E+02 -9.183E+02 -5.752E+01  5.151E+01
    7          1.214E+04  1.547E+03  1.827E+03 -1.002E+03  6.151E+02 -2.962E+02
    8          1.218E+04  2.305E+03  2.066E+03 -5.833E+02  2.017E+02  2.257E+02
 
 STRESS of ELEMENT :  625
 ----------------------------------------------
  Position       Sxx        Syy        Szz        Sxy        Syz        Szx     
    1         -6.094E+03  2.382E+03 -6.745E+02 -7.829E+03  6.422E+02  1.498E+03
    2         -5.351E+03  2.456E+03 -4.293E+02 -4.585E+03  4.553E+02  8.481E+01
    3         -3.058E+03  3.524E+03  9.275E+01 -4.926E+03  5.564E+02  5.016E+02
    4         -3.124E+03  3.250E+03 -9.245E+00 -2.798E+03  3.695E+02 -3.456E+02
    5         -3.862E+03  1.042E+04 -1.269E+03 -6.881E+03  3.336E+03  1.748E+03
    6         -4.790E+03  6.591E+03 -2.696E+03 -3.869E+03  3.715E+03  3.341E+02
    7          2.434E+01  1.241E+04  1.480E+03 -3.979E+03  2.135E+03  5.194E+02
    8         -1.715E+03  8.234E+03 -2.941E+02 -2.082E+03  2.514E+03 -3.279E+02
 
 STRESS of ELEMENT :  626
 ----------------------------------------------
  Position       Sxx        Syy        Szz        Sxy        Syz        Szx     
    1         -5.351E+03  2.456E+03 -4.293E+02 -4.585E+03 -4.553E+02 -8.481E+01
    2         -6.094E+03  2.382E+03 -6.745E+02 -7.829E+03 -6.422E+02 -1.498E+03
    3         -3.124E+03  3.250E+03 -9.245E+00 -2.798E+03 -3.695E+02  3.456E+02
    4         -3.058E+03  3.524E+03  9.275E+01 -4.926E+03 -5.564E+02 -5.016E+02
    5         -4.790E+03  6.591E+03 -2.696E+03 -3.869E+03 -3.715E+03 -3.341E+02
    6         -3.862E+03  1.042E+04 -1.269E+03 -6.881E+03 -3.336E+03 -1.748E+03
    7         -1.715E+03  8.234E+03 -2.941E+02 -2.082E+03 -2.514E+03  3.279E+02
    8          2.434E+01  1.241E+04  1.480E+03 -3.979E+03 -2.135E+03 -5.194E+02
 
 STRESS of ELEMENT :  627
 ----------------------------------------------
  Position       Sxx        Syy        Szz        Sxy        Syz        Szx     
    1         -1.632E+03  4.378E+03  4.409E+02 -9.788E+03  5.102E+02  1.968E+02
    2         -1.799E+03  4.413E+03  4.014E+02 -7.688E+03  3.442E+02 -4.344E+02
    3         -1.281E+03  4.386E+03  1.168E+02 -7.729E+03  5.476E+02  3.607E+02
    4         -1.417E+03  4.435E+03  9.067E+01 -5.738E+03  3.816E+02 -2.466E+02
    5          5.092E+02  1.064E+04  1.320E+03 -9.617E+03  2.381E+03  1.331E+02
    6          1.789E+02  1.029E+04  1.117E+03 -7.507E+03  2.239E+03 -4.982E+02
    7          8.960E+02  1.068E+04  1.080E+03 -7.558E+03  2.310E+03  3.059E+02
    8          5.968E+02  1.035E+04  8.901E+02 -5.557E+03  2.168E+03 -3.014E+02
 
 STRESS of ELEMENT :  628
 ----------------------------------------------
  Position       Sxx        Syy        Szz        Sxy        Syz        Szx     
    1         -1.799E+03  4.413E+03  4.014E+02 -7.688E+03 -3.442E+02  4.344E+02
    2         -1.632E+03  4.378E+03  4.409E+02 -9.788E+03 -5.102E+02 -1.968E+02
    3         -1.417E+03  4.435E+03  9.067E+01 -5.738E+03 -3.816E+02  2.466E+02
    4         -1.281E+03  4.386E+03  1.168E+02 -7.729E+03 -5.476E+02 -3.607E+02
    5          1.789E+02  1.029E+04  1.117E+03 -7.507E+03 -2.239E+03  4.982E+02
    6          5.092E+02  1.064E+04  1.320E+03 -9.617E+03 -2.381E+03 -1.331E+02
    7          5.968E+02  1.035E+04  8.901E+02 -5.557E+03 -2.168E+03  3.014E+02
    8          8.960E+02  1.068E+04  1.080E+03 -7.558E+03 -2.310E+03 -3.059E+02
 
 STRESS of ELEMENT :  629
 ----------------------------------------------
  Position       Sxx        Syy        Szz        Sxy        Syz        Szx     
    1         -1.314E+03  3.338E+03 -3.049E+02 -1.032E+04  2.712E+02  3.675E+02
    2         -1.383E+03  3.492E+03 -2.795E+02 -8.454E+03  3.348E+02 -1.640E+02
    3         -3.160E+02  3.820E+03  3.044E+02 -9.135E+03  3.356E+02  2.224E+02
    4         -3.461E+02  3.991E+03  3.466E+02 -7.235E+03  3.992E+02 -1.262E+02
    5         -3.268E+02  6.704E+03 -3.809E+02 -1.007E+04  1.787E+03  3.201E+02
    6         -3.517E+02  6.962E+03 -3.110E+02 -8.185E+03  2.034E+03 -2.114E+02
    7          9.454E+02  7.461E+03  8.686E+02 -8.877E+03  1.881E+03  1.862E+02
    8          9.599E+02  7.735E+03  9.554E+02 -6.966E+03  2.128E+03 -1.624E+02
 
 STRESS of ELEMENT :  630
 ----------------------------------------------
  Position       Sxx        Syy        Szz        Sxy        Syz        Szx     
    1         -1.383E+03  3.492E+03 -2.795E+02 -8.454E+03 -3.348E+02  1.640E+02
    2         -1.314E+03  3.338E+03 -3.049E+02 -1.032E+04 -2.712E+02 -3.675E+02
    3         -3.461E+02  3.991E+03  3.466E+02 -7.235E+03 -3.992E+02  1.262E+02
    4         -3.160E+02  3.820E+03  3.044E+02 -9.135E+03 -3.356E+02 -2.224E+02
    5         -3.517E+02  6.962E+03 -3.110E+02 -8.185E+03 -2.034E+03  2.114E+02
    6         -3.268E+02  6.704E+03 -3.809E+02 -1.007E+04 -1.787E+03 -3.201E+02
    7          9.599E+02  7.735E+03  9.554E+02 -6.966E+03 -2.128E+03  1.624E+02
    8          9.454E+02  7.461E+03  8.686E+02 -8.877E+03 -1.881E+03 -1.862E+02
 
 STRESS of ELEMENT :  631
 ----------------------------------------------
  Position       Sxx        Syy        Szz        Sxy        Syz        Szx     
    1         -8.768E+02  1.016E+03 -4.997E+02 -1.039E+04  2.461E+02  1.335E+02
    2         -9.313E+02  1.057E+03 -5.036E+02 -8.460E+03  3.985E+02 -8.865E+01
    3          3.684E+02  1.680E+03  4.694E+02 -9.994E+03  2.688E+02  3.576E+01
    4          3.787E+02  1.749E+03  4.933E+02 -8.068E+03  4.212E+02 -2.375E+01
    5         -6.154E+02  2.070E+03 -6.826E+02 -1.010E+04  1.829E+03  1.082E+02
    6         -6.755E+02  2.098E+03 -6.921E+02 -8.152E+03  2.144E+03 -1.139E+02
    7          8.736E+02  2.978E+03  8.556E+02 -9.703E+03  1.848E+03  2.898E+01
    8          8.783E+02  3.034E+03  8.739E+02 -7.759E+03  2.163E+03 -3.053E+01
 
 STRESS of ELEMENT :  632
 ----------------------------------------------
  Position       Sxx        Syy        Szz        Sxy        Syz        Szx     
    1         -9.313E+02  1.057E+03 -5.036E+02 -8.460E+03 -3.985E+02  8.865E+01
    2         -8.768E+02  1.016E+03 -4.997E+02 -1.039E+04 -2.461E+02 -1.335E+02
    3          3.787E+02  1.749E+03  4.933E+02 -8.068E+03 -4.212E+02  2.375E+01
    4          3.684E+02  1.680E+03  4.694E+02 -9.994E+03 -2.688E+02 -3.576E+01
    5         -6.755E+02  2.098E+03 -6.921E+02 -8.152E+03 -2.144E+03  1.139E+02
    6         -6.154E+02  2.070E+03 -6.826E+02 -1.010E+04 -1.829E+03 -1.082E+02
    7          8.783E+02  3.034E+03  8.739E+02 -7.759E+03 -2.163E+03  3.053E+01
    8          8.736E+02  2.978E+03  8.556E+02 -9.703E+03 -1.848E+03 -2.898E+01
 
 STRESS of ELEMENT :  633
 ----------------------------------------------
  Position       Sxx        Syy        Szz        Sxy        Syz        Szx     
    1         -3.684E+02 -1.680E+03 -4.694E+02 -9.994E+03  2.688E+02 -3.576E+01
    2         -3.787E+02 -1.749E+03 -4.933E+02 -8.068E+03  4.212E+02  2.375E+01
    3          8.768E+02 -1.016E+03  4.997E+02 -1.039E+04  2.461E+02 -1.335E+02
    4          9.313E+02 -1.057E+03  5.036E+02 -8.460E+03  3.985E+02  8.865E+01
    5         -8.736E+02 -2.978E+03 -8.556E+02 -9.703E+03  1.848E+03 -2.898E+01
    6         -8.783E+02 -3.034E+03 -8.739E+02 -7.759E+03  2.163E+03  3.053E+01
    7          6.154E+02 -2.070E+03  6.826E+02 -1.010E+04  1.829E+03 -1.082E+02
    8          6.755E+02 -2.098E+03  6.921E+02 -8.152E+03  2.144E+03  1.139E+02
 
 STRESS of ELEMENT :  634
 ----------------------------------------------
  Position       Sxx        Syy        Szz        Sxy        Syz        Szx     
    1         -3.787E+02 -1.749E+03 -4.933E+02 -8.068E+03 -4.212E+02 -2.375E+01
    2         -3.684E+02 -1.680E+03 -4.694E+02 -9.994E+03 -2.688E+02  3.576E+01
    3          9.313E+02 -1.057E+03  5.036E+02 -8.460E+03 -3.985E+02 -8.865E+01
    4          8.768E+02 -1.016E+03  4.997E+02 -1.039E+04 -2.461E+02  1.335E+02
    5         -8.783E+02 -3.034E+03 -8.739E+02 -7.759E+03 -2.163E+03 -3.053E+01
    6         -8.736E+02 -2.978E+03 -8.556E+02 -9.703E+03 -1.848E+03  2.898E+01
    7          6.755E+02 -2.098E+03  6.921E+02 -8.152E+03 -2.144E+03 -1.139E+02
    8          6.154E+02 -2.070E+03  6.826E+02 -1.010E+04 -1.829E+03  1.082E+02
 
 STRESS of ELEMENT :  635
 ----------------------------------------------
  Position       Sxx        Syy        Szz        Sxy        Syz        Szx     
    1          3.160E+02 -3.820E+03 -3.044E+02 -9.135E+03  3.356E+02 -2.224E+02
    2          3.461E+02 -3.991E+03 -3.466E+02 -7.235E+03  3.992E+02  1.262E+02
    3          1.314E+03 -3.338E+03  3.049E+02 -1.032E+04  2.712E+02 -3.675E+02
    4          1.383E+03 -3.492E+03  2.795E+02 -8.454E+03  3.348E+02  1.640E+02
    5         -9.454E+02 -7.461E+03 -8.686E+02 -8.877E+03  1.881E+03 -1.862E+02
    6         -9.599E+02 -7.735E+03 -9.554E+02 -6.966E+03  2.128E+03  1.624E+02
    7          3.268E+02 -6.704E+03  3.809E+02 -1.007E+04  1.787E+03 -3.201E+02
    8          3.517E+02 -6.962E+03  3.110E+02 -8.185E+03  2.034E+03  2.114E+02
 
 STRESS of ELEMENT :  636
 ----------------------------------------------
  Position       Sxx        Syy        Szz        Sxy        Syz        Szx     
    1          3.461E+02 -3.991E+03 -3.466E+02 -7.235E+03 -3.992E+02 -1.262E+02
    2          3.160E+02 -3.820E+03 -3.044E+02 -9.135E+03 -3.356E+02  2.224E+02
    3          1.383E+03 -3.492E+03  2.795E+02 -8.454E+03 -3.348E+02 -1.640E+02
    4          1.314E+03 -3.338E+03  3.049E+02 -1.032E+04 -2.712E+02  3.675E+02
    5         -9.599E+02 -7.735E+03 -9.554E+02 -6.966E+03 -2.128E+03 -1.624E+02
    6         -9.454E+02 -7.461E+03 -8.686E+02 -8.877E+03 -1.881E+03  1.862E+02
    7          3.517E+02 -6.962E+03  3.110E+02 -8.185E+03 -2.034E+03 -2.114E+02
    8          3.268E+02 -6.704E+03  3.809E+02 -1.007E+04 -1.787E+03  3.201E+02
 
 STRESS of ELEMENT :  637
 ----------------------------------------------
  Position       Sxx        Syy        Szz        Sxy        Syz        Szx     
    1          1.281E+03 -4.386E+03 -1.168E+02 -7.729E+03  5.476E+02 -3.607E+02
    2          1.417E+03 -4.435E+03 -9.067E+01 -5.738E+03  3.816E+02  2.466E+02
    3          1.632E+03 -4.378E+03 -4.409E+02 -9.788E+03  5.102E+02 -1.968E+02
    4          1.799E+03 -4.413E+03 -4.014E+02 -7.688E+03  3.442E+02  4.344E+02
    5         -8.960E+02 -1.068E+04 -1.080E+03 -7.558E+03  2.310E+03 -3.059E+02
    6         -5.968E+02 -1.035E+04 -8.901E+02 -5.557E+03  2.168E+03  3.014E+02
    7         -5.092E+02 -1.064E+04 -1.320E+03 -9.617E+03  2.381E+03 -1.331E+02
    8         -1.789E+02 -1.029E+04 -1.117E+03 -7.507E+03  2.239E+03  4.982E+02
 
 STRESS of ELEMENT :  638
 ----------------------------------------------
  Position       Sxx        Syy        Szz        Sxy        Syz        Szx     
    1          1.417E+03 -4.435E+03 -9.067E+01 -5.738E+03 -3.816E+02 -2.466E+02
    2          1.281E+03 -4.386E+03 -1.168E+02 -7.729E+03 -5.476E+02  3.607E+02
    3          1.799E+03 -4.413E+03 -4.014E+02 -7.688E+03 -3.442E+02 -4.344E+02
    4          1.632E+03 -4.378E+03 -4.409E+02 -9.788E+03 -5.102E+02  1.968E+02
    5         -5.968E+02 -1.035E+04 -8.901E+02 -5.557E+03 -2.168E+03 -3.014E+02
    6         -8.960E+02 -1.068E+04 -1.080E+03 -7.558E+03 -2.310E+03  3.059E+02
    7         -1.789E+02 -1.029E+04 -1.117E+03 -7.507E+03 -2.239E+03 -4.982E+02
    8         -5.092E+02 -1.064E+04 -1.320E+03 -9.617E+03 -2.381E+03  1.331E+02
 
 STRESS of ELEMENT :  639
 ----------------------------------------------
  Position       Sxx        Syy        Szz        Sxy        Syz        Szx     
    1          3.058E+03 -3.524E+03 -9.275E+01 -4.926E+03  5.564E+02 -5.016E+02
    2          3.124E+03 -3.250E+03  9.245E+00 -2.798E+03  3.695E+02  3.456E+02
    3          6.094E+03 -2.382E+03  6.745E+02 -7.829E+03  6.422E+02 -1.498E+03
    4          5.351E+03 -2.456E+03  4.293E+02 -4.585E+03  4.553E+02 -8.481E+01
    5         -2.434E+01 -1.241E+04 -1.480E+03 -3.979E+03  2.135E+03 -5.194E+02
    6          1.715E+03 -8.234E+03  2.941E+02 -2.082E+03  2.514E+03  3.279E+02
    7          3.862E+03 -1.042E+04  1.269E+03 -6.881E+03  3.336E+03 -1.748E+03
    8          4.790E+03 -6.591E+03  2.696E+03 -3.869E+03  3.715E+03 -3.341E+02
 
 STRESS of ELEMENT :  640
 ----------------------------------------------
  Position       Sxx        Syy        Szz        Sxy        Syz        Szx     
    1          3.124E+03 -3.250E+03  9.245E+00 -2.798E+03 -3.695E+02 -3.456E+02
    2          3.058E+03 -3.524E+03 -9.275E+01 -4.926E+03 -5.564E+02  5.016E+02
    3          5.351E+03 -2.456E+03  4.293E+02 -4.585E+03 -4.553E+02  8.481E+01
    4          6.094E+03 -2.382E+03  6.745E+02 -7.829E+03 -6.422E+02  1.498E+03
    5          1.715E+03 -8.234E+03  2.941E+02 -2.082E+03 -2.514E+03 -3.279E+02
    6         -2.434E+01 -1.241E+04 -1.480E+03 -3.979E+03 -2.135E+03  5.194E+02
    7          4.790E+03 -6.591E+03  2.696E+03 -3.869E+03 -3.715E+03  3.341E+02
    8          3.862E+03 -1.042E+04  1.269E+03 -6.881E+03 -3.336E+03  1.748E+03
 
